[2026-08-03 13:56:44.311] *                          graph_start  (13 steps)
[2026-08-03 13:56:44.311] configure                  check_pre  (pass)
[2026-08-03 13:56:44.313] configure                  cmd  (test -d canary/examples/tiny/scenarios/_cache/app_over_binding_ocaml/workspace/c/build || { echo 'lib_dir missing: canary/examples/tiny/scenarios/_cache/app_over_binding_ocaml/workspace/c/build'; exit 1; } && echo 'ok' > /home/red/code/research/tola/_out/canary/projects/tiny-full/configure/conf_workspace.ok)
[2026-08-03 13:56:44.314] configure                  detect  (ok, output present)
[2026-08-03 13:56:44.314] configure                  check_post  (pass)
[2026-08-03 13:56:44.314] configure                  done
[2026-08-03 13:56:44.314] scan_sources               check_pre  (pass)
[2026-08-03 13:56:44.316] scan_sources               cmd  (python3 canary/scripts/inspect_tiny_typed.py --layer header --path canary/examples/tiny/scenarios/_cache/app_over_binding_ocaml/workspace/c/include/tiny.h > /home/red/code/research/tola/_out/canary/projects/tiny-full/scan_sources/inspect_typed_header_workspace.json && python3 canary/scripts/inspect_tiny_typed.py --layer stub_ocaml --path canary/examples/tiny/scenarios/_cache/app_over_binding_ocaml/workspace/ocaml/tiny_raw.mli > /home/red/code/research/tola/_out/canary/projects/tiny-full/scan_sources/inspect_typed_binding_stub_ocaml_workspace.json && python3 canary/scripts/inspect_tiny_typed.py --layer user_ocaml --path canary/examples/tiny/scenarios/_cache/app_over_binding_ocaml/workspace/ocaml/tiny.mli > /home/red/code/research/tola/_out/canary/projects/tiny-full/scan_sources/inspect_typed_binding_user_ocaml_workspace.json && python3 canary/scripts/inspect_tiny_typed.py --layer stub_python --path canary/examples/tiny/scenarios/_cache/app_over_binding_ocaml/workspace/python_cext/tiny_cext/_native.c > /home/red/code/research/tola/_out/canary/projects/tiny-full/scan_sources/inspect_typed_binding_stub_python_workspace.json && python3 canary/scripts/inspect_tiny_typed.py --layer user_python --path canary/examples/tiny/scenarios/_cache/app_over_binding_ocaml/workspace/python_cext/tiny_cext/__init__.py > /home/red/code/research/tola/_out/canary/projects/tiny-full/scan_sources/inspect_typed_binding_user_python_workspace.json && echo 'ok' > /home/red/code/research/tola/_out/canary/projects/tiny-full/scan_sources/scan_workspace.ok)
[2026-08-03 13:56:44.478] scan_sources               detect  (ok, output present)
[2026-08-03 13:56:44.478] scan_sources               check_post  (pass)
[2026-08-03 13:56:44.478] scan_sources               done
[2026-08-03 13:56:44.478] build_lib                  check_pre  (pass)
[2026-08-03 13:56:44.480] build_lib                  cmd  (test -f canary/examples/tiny/scenarios/_cache/app_over_binding_ocaml/workspace/c/build/libtiny.so.1 || { mkdir -p canary/examples/tiny/scenarios/_cache/app_over_binding_ocaml/workspace/c/build && gcc -c -fPIC -Icanary/examples/tiny/scenarios/_cache/app_over_binding_ocaml/workspace/c/include canary/examples/tiny/scenarios/_cache/app_over_binding_ocaml/workspace/c/src/tiny.c -o canary/examples/tiny/scenarios/_cache/app_over_binding_ocaml/workspace/c/build/tiny.o && gcc -shared -fPIC -Wl,-soname,libtiny.so.1 -Wl,--version-script=canary/examples/tiny/scenarios/_cache/app_over_binding_ocaml/workspace/c/tiny.map canary/examples/tiny/scenarios/_cache/app_over_binding_ocaml/workspace/c/build/tiny.o -o canary/examples/tiny/scenarios/_cache/app_over_binding_ocaml/workspace/c/build/libtiny.so.1.0 && ln -sf libtiny.so.1.0 canary/examples/tiny/scenarios/_cache/app_over_binding_ocaml/workspace/c/build/libtiny.so.1 && ln -sf libtiny.so.1 canary/examples/tiny/scenarios/_cache/app_over_binding_ocaml/workspace/c/build/libtiny.so ; } && echo 'ok' > /home/red/code/research/tola/_out/canary/projects/tiny-full/build_lib/build_workspace.ok)
[2026-08-03 13:56:44.481] build_lib                  detect  (ok, output present)
[2026-08-03 13:56:44.481] build_lib                  check_post  (pass)
[2026-08-03 13:56:44.481] build_lib                  done
[2026-08-03 13:56:44.481] build_lib_inspect          check_pre  (pass)
[2026-08-03 13:56:44.483] build_lib_inspect          cmd  (nm -D "canary/examples/tiny/scenarios/_cache/app_over_binding_ocaml/workspace/c/build/libtiny.so.1" 2>/dev/null \
  | python3 canary/scripts/inspect_native.py --emit-symbols --elf --path "canary/examples/tiny/scenarios/_cache/app_over_binding_ocaml/workspace/c/build/libtiny.so.1" --prefixes 'tiny_' --watchlist 'tiny_sum,tiny_diff,tiny_offset' \
  > /home/red/code/research/tola/_out/canary/projects/tiny-full/build_lib/inspect_workspace.json)
[2026-08-03 13:56:44.540] build_lib_inspect          detect  (ok, output present)
[2026-08-03 13:56:44.540] build_lib_inspect          check_post  (pass)
[2026-08-03 13:56:44.540] build_lib_inspect          done
[2026-08-03 13:56:44.540] build_binding_ocaml        check_pre  (pass)
[2026-08-03 13:56:44.543] build_binding_ocaml        cmd  ((LIBRARY_PATH=$PWD/canary/examples/tiny/scenarios/_cache/app_over_binding_ocaml/workspace/c/build LD_RUN_PATH=$PWD/canary/examples/tiny/scenarios/_cache/app_over_binding_ocaml/workspace/c/build dune build --root canary/examples/tiny/scenarios/_cache/app_over_binding_ocaml/workspace ocaml/tiny.cmxa ocaml/libtiny_stubs.a) > /home/red/code/research/tola/_out/canary/projects/tiny-full/build_binding/ocaml/build_workspace.log 2>&1 && echo 'ok' > /home/red/code/research/tola/_out/canary/projects/tiny-full/build_binding/ocaml/build_workspace.ok)
[2026-08-03 13:56:44.578] build_binding_ocaml        detect  (ok, output present)
[2026-08-03 13:56:44.578] build_binding_ocaml        done  (no compat failure predicted; success expected)
[2026-08-03 13:56:44.578] build_binding_ocaml_inspect  check_pre  (pass)
[2026-08-03 13:56:44.580] build_binding_ocaml_inspect  cmd  (python3 canary/scripts/inspect_binding.py --kind stub --path canary/examples/tiny/scenarios/_cache/app_over_binding_ocaml/workspace/_build/default/ocaml/libtiny_stubs.a --prefix tiny_ > /home/red/code/research/tola/_out/canary/projects/tiny-full/build_binding/ocaml/inspect_workspace.json && python3 canary/scripts/inspect_binding.py --kind mli --module-prefix Tiny --path canary/examples/tiny/scenarios/_cache/app_over_binding_ocaml/workspace/ocaml/tiny.mli --watchlist 'Tiny,Tiny.sum,Tiny.diff,Tiny.offset' > /home/red/code/research/tola/_out/canary/projects/tiny-full/build_binding/ocaml/inspect_mli_workspace.json)
[2026-08-03 13:56:44.704] build_binding_ocaml_inspect  detect  (ok, output present)
[2026-08-03 13:56:44.704] build_binding_ocaml_inspect  check_post  (pass)
[2026-08-03 13:56:44.704] build_binding_ocaml_inspect  done
[2026-08-03 13:56:44.704] probe_binding_ocaml        check_pre  (pass)
[2026-08-03 13:56:44.707] probe_binding_ocaml        cmd  ((LIBRARY_PATH=$PWD/canary/examples/tiny/scenarios/_cache/app_over_binding_ocaml/workspace/c/build LD_RUN_PATH=$PWD/canary/examples/tiny/scenarios/_cache/app_over_binding_ocaml/workspace/c/build dune build --root canary/examples/tiny/scenarios/_cache/app_over_binding_ocaml/workspace ocaml/examples/probe_baseline.exe && LD_LIBRARY_PATH=$PWD/canary/examples/tiny/scenarios/_cache/app_over_binding_ocaml/workspace/c/build canary/examples/tiny/scenarios/_cache/app_over_binding_ocaml/workspace/_build/default/ocaml/examples/probe_baseline.exe) > /home/red/code/research/tola/_out/canary/projects/tiny-full/probe_binding/ocaml/probe_workspace.log 2>&1)
[2026-08-03 13:56:44.745] probe_binding_ocaml        detect  (ok, output present)
[2026-08-03 13:56:44.745] probe_binding_ocaml        done  (no compat failure predicted; success expected)
[2026-08-03 13:56:44.745] probe_binding_ocaml_inspect  check_pre  (pass)
[2026-08-03 13:56:44.748] probe_binding_ocaml_inspect  cmd  (python3 canary/scripts/inspect_binding.py --kind mli --module-prefix Tiny --path canary/examples/tiny/scenarios/_cache/app_over_binding_ocaml/workspace/ocaml/tiny.mli --watchlist 'Tiny,Tiny.sum,Tiny.diff,Tiny.offset' > /home/red/code/research/tola/_out/canary/projects/tiny-full/probe_binding/ocaml/inspect_workspace.json)
[2026-08-03 13:56:44.788] probe_binding_ocaml_inspect  detect  (ok, output present)
[2026-08-03 13:56:44.788] probe_binding_ocaml_inspect  check_post  (pass)
[2026-08-03 13:56:44.788] probe_binding_ocaml_inspect  done
[2026-08-03 13:56:44.788] build_binding_python       check_pre  (pass)
[2026-08-03 13:56:44.791] build_binding_python       cmd  (ls canary/examples/tiny/scenarios/_cache/app_over_binding_ocaml/workspace/python_cext/tiny_cext/_native.cpython-*.so > /dev/null && echo 'ok' > /home/red/code/research/tola/_out/canary/projects/tiny-full/build_binding/python/build_workspace.ok)
[2026-08-03 13:56:44.793] build_binding_python       detect  (ok, output present)
[2026-08-03 13:56:44.793] build_binding_python       check_post  (pass)
[2026-08-03 13:56:44.793] build_binding_python       done
[2026-08-03 13:56:44.793] build_binding_python_inspect  check_pre  (pass)
[2026-08-03 13:56:44.794] build_binding_python_inspect  cmd  (python3 canary/scripts/inspect_binding.py --kind stub --path canary/examples/tiny/scenarios/_cache/app_over_binding_ocaml/workspace/python_cext/tiny_cext/_native.cpython-*.so --prefix tiny_ > /home/red/code/research/tola/_out/canary/projects/tiny-full/build_binding/python/inspect_workspace.json && LD_LIBRARY_PATH=$PWD/canary/examples/tiny/scenarios/_cache/app_over_binding_ocaml/workspace/c/build PYTHONPATH=canary/examples/tiny/scenarios/_cache/app_over_binding_ocaml/workspace/python_cext python3 canary/scripts/inspect_python.py --pkg tiny_cext --watchlist 'sum,diff,offset' > /home/red/code/research/tola/_out/canary/projects/tiny-full/build_binding/python/inspect_attrs_workspace.json)
[2026-08-03 13:56:44.907] build_binding_python_inspect  detect  (ok, output present)
[2026-08-03 13:56:44.907] build_binding_python_inspect  check_post  (pass)
[2026-08-03 13:56:44.907] build_binding_python_inspect  done
[2026-08-03 13:56:44.907] probe_binding_python       check_pre  (pass)
[2026-08-03 13:56:44.910] probe_binding_python       cmd  (LD_LIBRARY_PATH=$PWD/canary/examples/tiny/scenarios/_cache/app_over_binding_ocaml/workspace/c/build PYTHONPATH=canary/examples/tiny/scenarios/_cache/app_over_binding_ocaml/workspace/python_cext python3 canary/examples/tiny/scenarios/_cache/app_over_binding_ocaml/workspace/python_cext/examples/probe_baseline.py > /home/red/code/research/tola/_out/canary/projects/tiny-full/probe_binding/python/probe_workspace.log 2>&1)
[2026-08-03 13:56:44.921] probe_binding_python       detect  (ok, output present)
[2026-08-03 13:56:44.922] probe_binding_python       done  (no compat failure predicted; success expected)
[2026-08-03 13:56:44.922] probe_binding_python_inspect  check_pre  (pass)
[2026-08-03 13:56:44.924] probe_binding_python_inspect  cmd  (LD_LIBRARY_PATH=$PWD/canary/examples/tiny/scenarios/_cache/app_over_binding_ocaml/workspace/c/build PYTHONPATH=canary/examples/tiny/scenarios/_cache/app_over_binding_ocaml/workspace/python_cext python3 canary/scripts/inspect_python.py --pkg tiny_cext --watchlist 'sum,diff,offset' > /home/red/code/research/tola/_out/canary/projects/tiny-full/probe_binding/python/inspect_workspace.json)
[2026-08-03 13:56:44.958] probe_binding_python_inspect  detect  (ok, output present)
[2026-08-03 13:56:44.958] probe_binding_python_inspect  check_post  (pass)
[2026-08-03 13:56:44.958] probe_binding_python_inspect  done
[2026-08-03 13:56:44.958] probe_lib                  check_pre  (pass)
[2026-08-03 13:56:44.960] probe_lib                  cmd  (nm -D canary/examples/tiny/scenarios/_cache/app_over_binding_ocaml/workspace/c/build/libtiny.so.1 | grep -E '^[0-9a-f]+ T tiny_' > /home/red/code/research/tola/_out/canary/projects/tiny-full/probe_lib/probe_workspace.log 2>&1)
[2026-08-03 13:56:45.000] probe_lib                  detect  (ok, output present)
[2026-08-03 13:56:45.000] probe_lib                  check_post  (pass)
[2026-08-03 13:56:45.000] probe_lib                  done
[2026-08-03 13:56:45.000] *                          graph_end  (13/13 completed)
[2026-08-03 13:56:45.000] *                          diagram  (_out/canary/projects/tiny-full/-run/diagrams/all.mmd)
[2026-08-03 13:56:45.001] *                          diagram  (_out/canary/projects/tiny-full/-run/diagrams/full.mmd)
[2026-08-03 13:56:45.002] *                          view  (lib (2 steps))
[2026-08-03 13:56:45.002] *                          view  (probes (5 steps))
[2026-08-03 13:56:45.002] *                          view  (binding_ocaml (4 steps))
[2026-08-03 13:56:45.002] *                          view  (binding_python (4 steps))
[2026-08-03 13:56:45.003] *                          html  (_out/canary/projects/tiny-full/-run/result.html)
[2026-08-03 13:56:45.006] *                          index  (_out/canary/projects/index.html)
[2026-08-03 13:56:45.006] !                          invariant  (full.mmd: connectivity errors:
  [3]→[5]: no edge A_build_lib→A_build_binding_ocaml
  [3]→[13]: no edge A_build_lib→A_probe_lib
  [5]→[7]: no edge A_build_binding_ocaml→A_probe_binding_ocaml
  [3]→[7]: no edge A_build_lib→A_probe_binding_ocaml
  [1]→[2]: no edge A_configure→A_scan_sources
  [9]→[11]: no edge A_build_binding_python→A_probe_binding_python
  [3]→[11]: no edge A_build_lib→A_probe_binding_python
  [3]→[9]: no edge A_build_lib→A_build_binding_python)
[2026-08-03 13:56:45.006] !                          invariant  (SOME FAILED)
[2026-08-03 13:56:45.098] *                          graph_start  (13 steps)
[2026-08-03 13:56:45.098] configure                  check_pre  (pass)
[2026-08-03 13:56:45.100] configure                  cmd  (test -d canary/examples/tiny/scenarios/_cache/assembled/positive-built-lib/c/build || { echo 'lib_dir missing: canary/examples/tiny/scenarios/_cache/assembled/positive-built-lib/c/build'; exit 1; } && echo 'ok' > /home/red/code/research/tola/_out/canary/projects/tiny-full/configure/conf_positive-built-lib.ok)
[2026-08-03 13:56:45.101] configure                  detect  (ok, output present)
[2026-08-03 13:56:45.101] configure                  check_post  (pass)
[2026-08-03 13:56:45.101] configure                  done
[2026-08-03 13:56:45.101] scan_sources               check_pre  (pass)
[2026-08-03 13:56:45.103] scan_sources               cmd  (python3 canary/scripts/inspect_tiny_typed.py --layer header --path canary/examples/tiny/scenarios/_cache/assembled/positive-built-lib/c/include/tiny.h > /home/red/code/research/tola/_out/canary/projects/tiny-full/scan_sources/inspect_typed_header_positive-built-lib.json && python3 canary/scripts/inspect_tiny_typed.py --layer stub_ocaml --path canary/examples/tiny/scenarios/_cache/assembled/positive-built-lib/ocaml/tiny_raw.mli > /home/red/code/research/tola/_out/canary/projects/tiny-full/scan_sources/inspect_typed_binding_stub_ocaml_positive-built-lib.json && python3 canary/scripts/inspect_tiny_typed.py --layer user_ocaml --path canary/examples/tiny/scenarios/_cache/assembled/positive-built-lib/ocaml/tiny.mli > /home/red/code/research/tola/_out/canary/projects/tiny-full/scan_sources/inspect_typed_binding_user_ocaml_positive-built-lib.json && python3 canary/scripts/inspect_tiny_typed.py --layer stub_python --path canary/examples/tiny/scenarios/_cache/assembled/positive-built-lib/python_cext/tiny_cext/_native.c > /home/red/code/research/tola/_out/canary/projects/tiny-full/scan_sources/inspect_typed_binding_stub_python_positive-built-lib.json && python3 canary/scripts/inspect_tiny_typed.py --layer user_python --path canary/examples/tiny/scenarios/_cache/assembled/positive-built-lib/python_cext/tiny_cext/__init__.py > /home/red/code/research/tola/_out/canary/projects/tiny-full/scan_sources/inspect_typed_binding_user_python_positive-built-lib.json && echo 'ok' > /home/red/code/research/tola/_out/canary/projects/tiny-full/scan_sources/scan_positive-built-lib.ok)
[2026-08-03 13:56:45.264] scan_sources               detect  (ok, output present)
[2026-08-03 13:56:45.264] scan_sources               check_post  (pass)
[2026-08-03 13:56:45.264] scan_sources               done
[2026-08-03 13:56:45.264] build_lib                  check_pre  (pass)
[2026-08-03 13:56:45.266] build_lib                  cmd  (test -f canary/examples/tiny/scenarios/_cache/assembled/positive-built-lib/c/build/libtiny.so.1 || { mkdir -p canary/examples/tiny/scenarios/_cache/assembled/positive-built-lib/c/build && gcc -c -fPIC -Icanary/examples/tiny/scenarios/_cache/assembled/positive-built-lib/c/include canary/examples/tiny/scenarios/_cache/assembled/positive-built-lib/c/src/tiny.c -o canary/examples/tiny/scenarios/_cache/assembled/positive-built-lib/c/build/tiny.o && gcc -shared -fPIC -Wl,-soname,libtiny.so.1 -Wl,--version-script=canary/examples/tiny/scenarios/_cache/assembled/positive-built-lib/c/tiny.map canary/examples/tiny/scenarios/_cache/assembled/positive-built-lib/c/build/tiny.o -o canary/examples/tiny/scenarios/_cache/assembled/positive-built-lib/c/build/libtiny.so.1.0 && ln -sf libtiny.so.1.0 canary/examples/tiny/scenarios/_cache/assembled/positive-built-lib/c/build/libtiny.so.1 && ln -sf libtiny.so.1 canary/examples/tiny/scenarios/_cache/assembled/positive-built-lib/c/build/libtiny.so ; } && echo 'ok' > /home/red/code/research/tola/_out/canary/projects/tiny-full/build_lib/build_positive-built-lib.ok)
[2026-08-03 13:56:45.327] build_lib                  detect  (ok, output present)
[2026-08-03 13:56:45.327] build_lib                  check_post  (pass)
[2026-08-03 13:56:45.327] build_lib                  done
[2026-08-03 13:56:45.327] build_lib_inspect          check_pre  (pass)
[2026-08-03 13:56:45.329] build_lib_inspect          cmd  (nm -D "canary/examples/tiny/scenarios/_cache/assembled/positive-built-lib/c/build/libtiny.so.1" 2>/dev/null \
  | python3 canary/scripts/inspect_native.py --emit-symbols --elf --path "canary/examples/tiny/scenarios/_cache/assembled/positive-built-lib/c/build/libtiny.so.1" --prefixes 'tiny_' --watchlist 'tiny_sum,tiny_diff,tiny_offset' \
  > /home/red/code/research/tola/_out/canary/projects/tiny-full/build_lib/inspect_positive-built-lib.json)
[2026-08-03 13:56:45.376] build_lib_inspect          detect  (ok, output present)
[2026-08-03 13:56:45.376] build_lib_inspect          check_post  (pass)
[2026-08-03 13:56:45.376] build_lib_inspect          done
[2026-08-03 13:56:45.376] build_binding_ocaml        check_pre  (pass)
[2026-08-03 13:56:45.378] build_binding_ocaml        cmd  ((LIBRARY_PATH=$PWD/canary/examples/tiny/scenarios/_cache/assembled/positive-built-lib/c/build LD_RUN_PATH=$PWD/canary/examples/tiny/scenarios/_cache/assembled/positive-built-lib/c/build dune build --root canary/examples/tiny/scenarios/_cache/assembled/positive-built-lib ocaml/tiny.cmxa ocaml/libtiny_stubs.a) > /home/red/code/research/tola/_out/canary/projects/tiny-full/build_binding/ocaml/build_positive-built-lib.log 2>&1 && echo 'ok' > /home/red/code/research/tola/_out/canary/projects/tiny-full/build_binding/ocaml/build_positive-built-lib.ok)
[2026-08-03 13:56:45.407] build_binding_ocaml        detect  (ok, output present)
[2026-08-03 13:56:45.407] build_binding_ocaml        done  (no compat failure predicted; success expected)
[2026-08-03 13:56:45.407] build_binding_ocaml_inspect  check_pre  (pass)
[2026-08-03 13:56:45.409] build_binding_ocaml_inspect  cmd  (python3 canary/scripts/inspect_binding.py --kind stub --path canary/examples/tiny/scenarios/_cache/assembled/positive-built-lib/_build/default/ocaml/libtiny_stubs.a --prefix tiny_ > /home/red/code/research/tola/_out/canary/projects/tiny-full/build_binding/ocaml/inspect_positive-built-lib.json && python3 canary/scripts/inspect_binding.py --kind mli --module-prefix Tiny --path canary/examples/tiny/scenarios/_cache/assembled/positive-built-lib/ocaml/tiny.mli --watchlist 'Tiny,Tiny.sum,Tiny.diff,Tiny.offset' > /home/red/code/research/tola/_out/canary/projects/tiny-full/build_binding/ocaml/inspect_mli_positive-built-lib.json)
[2026-08-03 13:56:45.529] build_binding_ocaml_inspect  detect  (ok, output present)
[2026-08-03 13:56:45.529] build_binding_ocaml_inspect  check_post  (pass)
[2026-08-03 13:56:45.529] build_binding_ocaml_inspect  done
[2026-08-03 13:56:45.529] probe_binding_ocaml        check_pre  (pass)
[2026-08-03 13:56:45.531] probe_binding_ocaml        cmd  ((LIBRARY_PATH=$PWD/canary/examples/tiny/scenarios/_cache/assembled/positive-built-lib/c/build LD_RUN_PATH=$PWD/canary/examples/tiny/scenarios/_cache/assembled/positive-built-lib/c/build dune build --root canary/examples/tiny/scenarios/_cache/assembled/positive-built-lib ocaml/examples/probe_baseline.exe && LD_LIBRARY_PATH=$PWD/canary/examples/tiny/scenarios/_cache/assembled/positive-built-lib/c/build canary/examples/tiny/scenarios/_cache/assembled/positive-built-lib/_build/default/ocaml/examples/probe_baseline.exe) > /home/red/code/research/tola/_out/canary/projects/tiny-full/probe_binding/ocaml/probe_positive-built-lib.log 2>&1)
[2026-08-03 13:56:45.562] probe_binding_ocaml        detect  (ok, output present)
[2026-08-03 13:56:45.562] probe_binding_ocaml        done  (no compat failure predicted; success expected)
[2026-08-03 13:56:45.562] probe_binding_ocaml_inspect  check_pre  (pass)
[2026-08-03 13:56:45.564] probe_binding_ocaml_inspect  cmd  (python3 canary/scripts/inspect_binding.py --kind mli --module-prefix Tiny --path canary/examples/tiny/scenarios/_cache/assembled/positive-built-lib/ocaml/tiny.mli --watchlist 'Tiny,Tiny.sum,Tiny.diff,Tiny.offset' > /home/red/code/research/tola/_out/canary/projects/tiny-full/probe_binding/ocaml/inspect_positive-built-lib.json)
[2026-08-03 13:56:45.602] probe_binding_ocaml_inspect  detect  (ok, output present)
[2026-08-03 13:56:45.602] probe_binding_ocaml_inspect  check_post  (pass)
[2026-08-03 13:56:45.602] probe_binding_ocaml_inspect  done
[2026-08-03 13:56:45.602] build_binding_python       check_pre  (pass)
[2026-08-03 13:56:45.604] build_binding_python       cmd  (ls canary/examples/tiny/scenarios/_cache/assembled/positive-built-lib/python_cext/tiny_cext/_native.cpython-*.so > /dev/null && echo 'ok' > /home/red/code/research/tola/_out/canary/projects/tiny-full/build_binding/python/build_positive-built-lib.ok)
[2026-08-03 13:56:45.606] build_binding_python       detect  (ok, output present)
[2026-08-03 13:56:45.606] build_binding_python       check_post  (pass)
[2026-08-03 13:56:45.606] build_binding_python       done
[2026-08-03 13:56:45.606] build_binding_python_inspect  check_pre  (pass)
[2026-08-03 13:56:45.608] build_binding_python_inspect  cmd  (python3 canary/scripts/inspect_binding.py --kind stub --path canary/examples/tiny/scenarios/_cache/assembled/positive-built-lib/python_cext/tiny_cext/_native.cpython-*.so --prefix tiny_ > /home/red/code/research/tola/_out/canary/projects/tiny-full/build_binding/python/inspect_positive-built-lib.json && LD_LIBRARY_PATH=$PWD/canary/examples/tiny/scenarios/_cache/assembled/positive-built-lib/c/build PYTHONPATH=canary/examples/tiny/scenarios/_cache/assembled/positive-built-lib/python_cext python3 canary/scripts/inspect_python.py --pkg tiny_cext --watchlist 'sum,diff,offset' > /home/red/code/research/tola/_out/canary/projects/tiny-full/build_binding/python/inspect_attrs_positive-built-lib.json)
[2026-08-03 13:56:45.724] build_binding_python_inspect  detect  (ok, output present)
[2026-08-03 13:56:45.724] build_binding_python_inspect  check_post  (pass)
[2026-08-03 13:56:45.724] build_binding_python_inspect  done
[2026-08-03 13:56:45.724] probe_binding_python       check_pre  (pass)
[2026-08-03 13:56:45.726] probe_binding_python       cmd  (LD_LIBRARY_PATH=$PWD/canary/examples/tiny/scenarios/_cache/assembled/positive-built-lib/c/build PYTHONPATH=canary/examples/tiny/scenarios/_cache/assembled/positive-built-lib/python_cext python3 canary/examples/tiny/scenarios/_cache/assembled/positive-built-lib/python_cext/examples/probe_baseline.py > /home/red/code/research/tola/_out/canary/projects/tiny-full/probe_binding/python/probe_positive-built-lib.log 2>&1)
[2026-08-03 13:56:45.739] probe_binding_python       detect  (ok, output present)
[2026-08-03 13:56:45.739] probe_binding_python       done  (no compat failure predicted; success expected)
[2026-08-03 13:56:45.739] probe_binding_python_inspect  check_pre  (pass)
[2026-08-03 13:56:45.741] probe_binding_python_inspect  cmd  (LD_LIBRARY_PATH=$PWD/canary/examples/tiny/scenarios/_cache/assembled/positive-built-lib/c/build PYTHONPATH=canary/examples/tiny/scenarios/_cache/assembled/positive-built-lib/python_cext python3 canary/scripts/inspect_python.py --pkg tiny_cext --watchlist 'sum,diff,offset' > /home/red/code/research/tola/_out/canary/projects/tiny-full/probe_binding/python/inspect_positive-built-lib.json)
[2026-08-03 13:56:45.776] probe_binding_python_inspect  detect  (ok, output present)
[2026-08-03 13:56:45.776] probe_binding_python_inspect  check_post  (pass)
[2026-08-03 13:56:45.776] probe_binding_python_inspect  done
[2026-08-03 13:56:45.776] probe_lib                  check_pre  (pass)
[2026-08-03 13:56:45.778] probe_lib                  cmd  (nm -D canary/examples/tiny/scenarios/_cache/assembled/positive-built-lib/c/build/libtiny.so.1 | grep -E '^[0-9a-f]+ T tiny_' > /home/red/code/research/tola/_out/canary/projects/tiny-full/probe_lib/probe_positive-built-lib.log 2>&1)
[2026-08-03 13:56:45.818] probe_lib                  detect  (ok, output present)
[2026-08-03 13:56:45.819] probe_lib                  check_post  (pass)
[2026-08-03 13:56:45.819] probe_lib                  done
[2026-08-03 13:56:45.819] *                          graph_end  (13/13 completed)
[2026-08-03 13:56:45.819] *                          diagram  (_out/canary/projects/tiny-full/-run/diagrams/all.mmd)
[2026-08-03 13:56:45.819] *                          diagram  (_out/canary/projects/tiny-full/-run/diagrams/full.mmd)
[2026-08-03 13:56:45.819] *                          view  (lib (2 steps))
[2026-08-03 13:56:45.819] *                          view  (probes (5 steps))
[2026-08-03 13:56:45.820] *                          view  (binding_ocaml (4 steps))
[2026-08-03 13:56:45.820] *                          view  (binding_python (4 steps))
[2026-08-03 13:56:45.821] *                          html  (_out/canary/projects/tiny-full/-run/result.html)
[2026-08-03 13:56:45.821] *                          index  (_out/canary/projects/index.html)
[2026-08-03 13:56:45.821] !                          invariant  (full.mmd: connectivity errors:
  [3]→[5]: no edge A_build_lib→A_build_binding_ocaml
  [3]→[13]: no edge A_build_lib→A_probe_lib
  [5]→[7]: no edge A_build_binding_ocaml→A_probe_binding_ocaml
  [3]→[7]: no edge A_build_lib→A_probe_binding_ocaml
  [1]→[2]: no edge A_configure→A_scan_sources
  [9]→[11]: no edge A_build_binding_python→A_probe_binding_python
  [3]→[11]: no edge A_build_lib→A_probe_binding_python
  [3]→[9]: no edge A_build_lib→A_build_binding_python)
[2026-08-03 13:56:45.821] !                          invariant  (SOME FAILED)
[2026-08-03 13:56:45.916] *                          graph_start  (13 steps)
[2026-08-03 13:56:45.916] configure                  check_pre  (pass)
[2026-08-03 13:56:45.918] configure                  cmd  (test -d canary/examples/tiny/scenarios/_cache/assembled/lib#Bs.1/c/build || { echo 'lib_dir missing: canary/examples/tiny/scenarios/_cache/assembled/lib#Bs.1/c/build'; exit 1; } && echo 'ok' > /home/red/code/research/tola/_out/canary/projects/tiny-full/configure/conf_lib-Bs.1.ok)
[2026-08-03 13:56:45.919] configure                  detect  (ok, output present)
[2026-08-03 13:56:45.919] configure                  check_post  (pass)
[2026-08-03 13:56:45.919] configure                  done
[2026-08-03 13:56:45.919] scan_sources               check_pre  (pass)
[2026-08-03 13:56:45.920] scan_sources               cmd  (python3 canary/scripts/inspect_tiny_typed.py --layer header --path canary/examples/tiny/scenarios/_cache/assembled/lib#Bs.1/c/include/tiny.h > /home/red/code/research/tola/_out/canary/projects/tiny-full/scan_sources/inspect_typed_header_lib-Bs.1.json && python3 canary/scripts/inspect_tiny_typed.py --layer stub_ocaml --path canary/examples/tiny/scenarios/_cache/assembled/lib#Bs.1/ocaml/tiny_raw.mli > /home/red/code/research/tola/_out/canary/projects/tiny-full/scan_sources/inspect_typed_binding_stub_ocaml_lib-Bs.1.json && python3 canary/scripts/inspect_tiny_typed.py --layer user_ocaml --path canary/examples/tiny/scenarios/_cache/assembled/lib#Bs.1/ocaml/tiny.mli > /home/red/code/research/tola/_out/canary/projects/tiny-full/scan_sources/inspect_typed_binding_user_ocaml_lib-Bs.1.json && python3 canary/scripts/inspect_tiny_typed.py --layer stub_python --path canary/examples/tiny/scenarios/_cache/assembled/lib#Bs.1/python_cext/tiny_cext/_native.c > /home/red/code/research/tola/_out/canary/projects/tiny-full/scan_sources/inspect_typed_binding_stub_python_lib-Bs.1.json && python3 canary/scripts/inspect_tiny_typed.py --layer user_python --path canary/examples/tiny/scenarios/_cache/assembled/lib#Bs.1/python_cext/tiny_cext/__init__.py > /home/red/code/research/tola/_out/canary/projects/tiny-full/scan_sources/inspect_typed_binding_user_python_lib-Bs.1.json && echo 'ok' > /home/red/code/research/tola/_out/canary/projects/tiny-full/scan_sources/scan_lib-Bs.1.ok)
[2026-08-03 13:56:46.084] scan_sources               detect  (ok, output present)
[2026-08-03 13:56:46.084] scan_sources               check_post  (pass)
[2026-08-03 13:56:46.084] scan_sources               done
[2026-08-03 13:56:46.084] build_lib                  check_pre  (pass)
[2026-08-03 13:56:46.086] build_lib                  cmd  (test -f canary/examples/tiny/scenarios/_cache/assembled/lib#Bs.1/c/build/libtiny.so.1 || { mkdir -p canary/examples/tiny/scenarios/_cache/assembled/lib#Bs.1/c/build && gcc -c -fPIC -Icanary/examples/tiny/scenarios/_cache/assembled/lib#Bs.1/c/include canary/examples/tiny/scenarios/_cache/assembled/lib#Bs.1/c/src/tiny.c -o canary/examples/tiny/scenarios/_cache/assembled/lib#Bs.1/c/build/tiny.o && gcc -shared -fPIC -Wl,-soname,libtiny.so.1 -Wl,--version-script=canary/examples/tiny/scenarios/_cache/assembled/lib#Bs.1/c/tiny.map canary/examples/tiny/scenarios/_cache/assembled/lib#Bs.1/c/build/tiny.o -o canary/examples/tiny/scenarios/_cache/assembled/lib#Bs.1/c/build/libtiny.so.1.0 && ln -sf libtiny.so.1.0 canary/examples/tiny/scenarios/_cache/assembled/lib#Bs.1/c/build/libtiny.so.1 && ln -sf libtiny.so.1 canary/examples/tiny/scenarios/_cache/assembled/lib#Bs.1/c/build/libtiny.so ; } && echo 'ok' > /home/red/code/research/tola/_out/canary/projects/tiny-full/build_lib/build_lib-Bs.1.ok)
[2026-08-03 13:56:46.087] build_lib                  detect  (ok, output present)
[2026-08-03 13:56:46.087] build_lib                  check_post  (pass)
[2026-08-03 13:56:46.087] build_lib                  done
[2026-08-03 13:56:46.087] build_lib_inspect          check_pre  (pass)
[2026-08-03 13:56:46.089] build_lib_inspect          cmd  (nm -D "canary/examples/tiny/scenarios/_cache/assembled/lib#Bs.1/c/build/libtiny.so.1" 2>/dev/null \
  | python3 canary/scripts/inspect_native.py --emit-symbols --elf --path "canary/examples/tiny/scenarios/_cache/assembled/lib#Bs.1/c/build/libtiny.so.1" --prefixes 'tiny_' --watchlist 'tiny_sum,tiny_diff,tiny_offset' \
  > /home/red/code/research/tola/_out/canary/projects/tiny-full/build_lib/inspect_lib-Bs.1.json)
[2026-08-03 13:56:46.137] build_lib_inspect          detect  (ok, output present)
[2026-08-03 13:56:46.137] build_lib_inspect          check_post  (pass)
[2026-08-03 13:56:46.137] build_lib_inspect          done
[2026-08-03 13:56:46.137] build_binding_ocaml        check_pre  (pass)
[2026-08-03 13:56:46.139] build_binding_ocaml        cmd  ((LIBRARY_PATH=$PWD/canary/examples/tiny/scenarios/_cache/assembled/lib#Bs.1/c/build LD_RUN_PATH=$PWD/canary/examples/tiny/scenarios/_cache/assembled/lib#Bs.1/c/build dune build --root canary/examples/tiny/scenarios/_cache/assembled/lib#Bs.1 ocaml/tiny.cmxa ocaml/libtiny_stubs.a) > /home/red/code/research/tola/_out/canary/projects/tiny-full/build_binding/ocaml/build_lib-Bs.1.log 2>&1 && echo 'ok' > /home/red/code/research/tola/_out/canary/projects/tiny-full/build_binding/ocaml/build_lib-Bs.1.ok)
[2026-08-03 13:56:46.168] build_binding_ocaml        detect  (ok, output present)
[2026-08-03 13:56:46.168] build_binding_ocaml        done  (no compat failure predicted; success expected)
[2026-08-03 13:56:46.168] build_binding_ocaml_inspect  check_pre  (pass)
[2026-08-03 13:56:46.170] build_binding_ocaml_inspect  cmd  (python3 canary/scripts/inspect_binding.py --kind stub --path canary/examples/tiny/scenarios/_cache/assembled/lib#Bs.1/_build/default/ocaml/libtiny_stubs.a --prefix tiny_ > /home/red/code/research/tola/_out/canary/projects/tiny-full/build_binding/ocaml/inspect_lib-Bs.1.json && python3 canary/scripts/inspect_binding.py --kind mli --module-prefix Tiny --path canary/examples/tiny/scenarios/_cache/assembled/lib#Bs.1/ocaml/tiny.mli --watchlist 'Tiny,Tiny.sum,Tiny.diff,Tiny.offset' > /home/red/code/research/tola/_out/canary/projects/tiny-full/build_binding/ocaml/inspect_mli_lib-Bs.1.json)
[2026-08-03 13:56:46.287] build_binding_ocaml_inspect  detect  (ok, output present)
[2026-08-03 13:56:46.287] build_binding_ocaml_inspect  check_post  (pass)
[2026-08-03 13:56:46.287] build_binding_ocaml_inspect  done
[2026-08-03 13:56:46.287] probe_binding_ocaml        check_pre  (pass)
[2026-08-03 13:56:46.289] probe_binding_ocaml        cmd  ((LIBRARY_PATH=$PWD/canary/examples/tiny/scenarios/_cache/assembled/lib#Bs.1/c/build LD_RUN_PATH=$PWD/canary/examples/tiny/scenarios/_cache/assembled/lib#Bs.1/c/build dune build --root canary/examples/tiny/scenarios/_cache/assembled/lib#Bs.1 ocaml/examples/probe_baseline.exe && LD_LIBRARY_PATH=$PWD/canary/examples/tiny/scenarios/_cache/assembled/lib#Bs.1/c/build canary/examples/tiny/scenarios/_cache/assembled/lib#Bs.1/_build/default/ocaml/examples/probe_baseline.exe) > /home/red/code/research/tola/_out/canary/projects/tiny-full/probe_binding/ocaml/probe_lib-Bs.1.log 2>&1)
[2026-08-03 13:56:46.321] probe_binding_ocaml        cmd_fail  (exit 127)
[2026-08-03 13:56:46.321] probe_binding_ocaml        detect  (error, output present)
[2026-08-03 13:56:46.321] probe_binding_ocaml        done  (expected failure confirmed (derived))
[2026-08-03 13:56:46.321] probe_binding_ocaml_inspect  check_pre  (pass)
[2026-08-03 13:56:46.323] probe_binding_ocaml_inspect  cmd  (python3 canary/scripts/inspect_binding.py --kind mli --module-prefix Tiny --path canary/examples/tiny/scenarios/_cache/assembled/lib#Bs.1/ocaml/tiny.mli --watchlist 'Tiny,Tiny.sum,Tiny.diff,Tiny.offset' > /home/red/code/research/tola/_out/canary/projects/tiny-full/probe_binding/ocaml/inspect_lib-Bs.1.json)
[2026-08-03 13:56:46.364] probe_binding_ocaml_inspect  detect  (ok, output present)
[2026-08-03 13:56:46.364] probe_binding_ocaml_inspect  check_post  (pass)
[2026-08-03 13:56:46.364] probe_binding_ocaml_inspect  done
[2026-08-03 13:56:46.364] build_binding_python       check_pre  (pass)
[2026-08-03 13:56:46.366] build_binding_python       cmd  (ls canary/examples/tiny/scenarios/_cache/assembled/lib#Bs.1/python_cext/tiny_cext/_native.cpython-*.so > /dev/null && echo 'ok' > /home/red/code/research/tola/_out/canary/projects/tiny-full/build_binding/python/build_lib-Bs.1.ok)
[2026-08-03 13:56:46.368] build_binding_python       detect  (ok, output present)
[2026-08-03 13:56:46.368] build_binding_python       check_post  (pass)
[2026-08-03 13:56:46.368] build_binding_python       done
[2026-08-03 13:56:46.368] build_binding_python_inspect  check_pre  (pass)
[2026-08-03 13:56:46.370] build_binding_python_inspect  cmd  (python3 canary/scripts/inspect_binding.py --kind stub --path canary/examples/tiny/scenarios/_cache/assembled/lib#Bs.1/python_cext/tiny_cext/_native.cpython-*.so --prefix tiny_ > /home/red/code/research/tola/_out/canary/projects/tiny-full/build_binding/python/inspect_lib-Bs.1.json && LD_LIBRARY_PATH=$PWD/canary/examples/tiny/scenarios/_cache/assembled/lib#Bs.1/c/build PYTHONPATH=canary/examples/tiny/scenarios/_cache/assembled/lib#Bs.1/python_cext python3 canary/scripts/inspect_python.py --pkg tiny_cext --watchlist 'sum,diff,offset' > /home/red/code/research/tola/_out/canary/projects/tiny-full/build_binding/python/inspect_attrs_lib-Bs.1.json)
[2026-08-03 13:56:46.484] build_binding_python_inspect  detect  (ok, output present)
[2026-08-03 13:56:46.484] build_binding_python_inspect  check_post  (pass)
[2026-08-03 13:56:46.484] build_binding_python_inspect  done
[2026-08-03 13:56:46.484] probe_binding_python       check_pre  (pass)
[2026-08-03 13:56:46.486] probe_binding_python       cmd  (LD_LIBRARY_PATH=$PWD/canary/examples/tiny/scenarios/_cache/assembled/lib#Bs.1/c/build PYTHONPATH=canary/examples/tiny/scenarios/_cache/assembled/lib#Bs.1/python_cext python3 canary/examples/tiny/scenarios/_cache/assembled/lib#Bs.1/python_cext/examples/probe_baseline.py > /home/red/code/research/tola/_out/canary/projects/tiny-full/probe_binding/python/probe_lib-Bs.1.log 2>&1)
[2026-08-03 13:56:46.520] probe_binding_python       cmd_fail  (exit 1)
[2026-08-03 13:56:46.520] probe_binding_python       detect  (error, output present)
[2026-08-03 13:56:46.520] probe_binding_python       done  (expected failure confirmed (derived))
[2026-08-03 13:56:46.520] probe_binding_python_inspect  check_pre  (pass)
[2026-08-03 13:56:46.522] probe_binding_python_inspect  cmd  (LD_LIBRARY_PATH=$PWD/canary/examples/tiny/scenarios/_cache/assembled/lib#Bs.1/c/build PYTHONPATH=canary/examples/tiny/scenarios/_cache/assembled/lib#Bs.1/python_cext python3 canary/scripts/inspect_python.py --pkg tiny_cext --watchlist 'sum,diff,offset' > /home/red/code/research/tola/_out/canary/projects/tiny-full/probe_binding/python/inspect_lib-Bs.1.json)
[2026-08-03 13:56:46.556] probe_binding_python_inspect  detect  (ok, output present)
[2026-08-03 13:56:46.556] probe_binding_python_inspect  check_post  (pass)
[2026-08-03 13:56:46.556] probe_binding_python_inspect  done
[2026-08-03 13:56:46.556] probe_lib                  check_pre  (pass)
[2026-08-03 13:56:46.558] probe_lib                  cmd  (nm -D canary/examples/tiny/scenarios/_cache/assembled/lib#Bs.1/c/build/libtiny.so.1 | grep -E '^[0-9a-f]+ T tiny_' > /home/red/code/research/tola/_out/canary/projects/tiny-full/probe_lib/probe_lib-Bs.1.log 2>&1)
[2026-08-03 13:56:46.598] probe_lib                  detect  (ok, output present)
[2026-08-03 13:56:46.598] probe_lib                  check_post  (pass)
[2026-08-03 13:56:46.598] probe_lib                  done
[2026-08-03 13:56:46.598] *                          graph_end  (13/13 completed)
[2026-08-03 13:56:46.598] *                          diagram  (_out/canary/projects/tiny-full/-run/diagrams/all.mmd)
[2026-08-03 13:56:46.598] *                          diagram  (_out/canary/projects/tiny-full/-run/diagrams/full.mmd)
[2026-08-03 13:56:46.598] *                          view  (lib (2 steps))
[2026-08-03 13:56:46.598] *                          view  (probes (5 steps))
[2026-08-03 13:56:46.599] *                          view  (binding_ocaml (4 steps))
[2026-08-03 13:56:46.599] *                          view  (binding_python (4 steps))
[2026-08-03 13:56:46.600] *                          html  (_out/canary/projects/tiny-full/-run/result.html)
[2026-08-03 13:56:46.600] *                          index  (_out/canary/projects/index.html)
[2026-08-03 13:56:46.601] !                          invariant  (full.mmd: connectivity errors:
  [3]→[5]: no edge A_build_lib→A_build_binding_ocaml
  [3]→[13]: no edge A_build_lib→A_probe_lib
  [5]→[7]: no edge A_build_binding_ocaml→A_probe_binding_ocaml
  [3]→[7]: no edge A_build_lib→A_probe_binding_ocaml
  [1]→[2]: no edge A_configure→A_scan_sources
  [9]→[11]: no edge A_build_binding_python→A_probe_binding_python
  [3]→[11]: no edge A_build_lib→A_probe_binding_python
  [3]→[9]: no edge A_build_lib→A_build_binding_python)
[2026-08-03 13:56:46.601] !                          invariant  (SOME FAILED)
[2026-08-03 13:56:46.694] *                          graph_start  (13 steps)
[2026-08-03 13:56:46.695] configure                  check_pre  (pass)
[2026-08-03 13:56:46.696] configure                  cmd  (test -d canary/examples/tiny/scenarios/_cache/assembled/lib#Bs.2/c/build || { echo 'lib_dir missing: canary/examples/tiny/scenarios/_cache/assembled/lib#Bs.2/c/build'; exit 1; } && echo 'ok' > /home/red/code/research/tola/_out/canary/projects/tiny-full/configure/conf_lib-Bs.2.ok)
[2026-08-03 13:56:46.697] configure                  detect  (ok, output present)
[2026-08-03 13:56:46.697] configure                  check_post  (pass)
[2026-08-03 13:56:46.697] configure                  done
[2026-08-03 13:56:46.697] scan_sources               check_pre  (pass)
[2026-08-03 13:56:46.699] scan_sources               cmd  (python3 canary/scripts/inspect_tiny_typed.py --layer header --path canary/examples/tiny/scenarios/_cache/assembled/lib#Bs.2/c/include/tiny.h > /home/red/code/research/tola/_out/canary/projects/tiny-full/scan_sources/inspect_typed_header_lib-Bs.2.json && python3 canary/scripts/inspect_tiny_typed.py --layer stub_ocaml --path canary/examples/tiny/scenarios/_cache/assembled/lib#Bs.2/ocaml/tiny_raw.mli > /home/red/code/research/tola/_out/canary/projects/tiny-full/scan_sources/inspect_typed_binding_stub_ocaml_lib-Bs.2.json && python3 canary/scripts/inspect_tiny_typed.py --layer user_ocaml --path canary/examples/tiny/scenarios/_cache/assembled/lib#Bs.2/ocaml/tiny.mli > /home/red/code/research/tola/_out/canary/projects/tiny-full/scan_sources/inspect_typed_binding_user_ocaml_lib-Bs.2.json && python3 canary/scripts/inspect_tiny_typed.py --layer stub_python --path canary/examples/tiny/scenarios/_cache/assembled/lib#Bs.2/python_cext/tiny_cext/_native.c > /home/red/code/research/tola/_out/canary/projects/tiny-full/scan_sources/inspect_typed_binding_stub_python_lib-Bs.2.json && python3 canary/scripts/inspect_tiny_typed.py --layer user_python --path canary/examples/tiny/scenarios/_cache/assembled/lib#Bs.2/python_cext/tiny_cext/__init__.py > /home/red/code/research/tola/_out/canary/projects/tiny-full/scan_sources/inspect_typed_binding_user_python_lib-Bs.2.json && echo 'ok' > /home/red/code/research/tola/_out/canary/projects/tiny-full/scan_sources/scan_lib-Bs.2.ok)
[2026-08-03 13:56:46.864] scan_sources               detect  (ok, output present)
[2026-08-03 13:56:46.864] scan_sources               check_post  (pass)
[2026-08-03 13:56:46.864] scan_sources               done
[2026-08-03 13:56:46.865] build_lib                  check_pre  (pass)
[2026-08-03 13:56:46.866] build_lib                  cmd  (test -f canary/examples/tiny/scenarios/_cache/assembled/lib#Bs.2/c/build/libtiny.so.1 || { mkdir -p canary/examples/tiny/scenarios/_cache/assembled/lib#Bs.2/c/build && gcc -c -fPIC -Icanary/examples/tiny/scenarios/_cache/assembled/lib#Bs.2/c/include canary/examples/tiny/scenarios/_cache/assembled/lib#Bs.2/c/src/tiny.c -o canary/examples/tiny/scenarios/_cache/assembled/lib#Bs.2/c/build/tiny.o && gcc -shared -fPIC -Wl,-soname,libtiny.so.1 -Wl,--version-script=canary/examples/tiny/scenarios/_cache/assembled/lib#Bs.2/c/tiny.map canary/examples/tiny/scenarios/_cache/assembled/lib#Bs.2/c/build/tiny.o -o canary/examples/tiny/scenarios/_cache/assembled/lib#Bs.2/c/build/libtiny.so.1.0 && ln -sf libtiny.so.1.0 canary/examples/tiny/scenarios/_cache/assembled/lib#Bs.2/c/build/libtiny.so.1 && ln -sf libtiny.so.1 canary/examples/tiny/scenarios/_cache/assembled/lib#Bs.2/c/build/libtiny.so ; } && echo 'ok' > /home/red/code/research/tola/_out/canary/projects/tiny-full/build_lib/build_lib-Bs.2.ok)
[2026-08-03 13:56:46.868] build_lib                  detect  (ok, output present)
[2026-08-03 13:56:46.868] build_lib                  check_post  (pass)
[2026-08-03 13:56:46.868] build_lib                  done
[2026-08-03 13:56:46.868] build_lib_inspect          check_pre  (pass)
[2026-08-03 13:56:46.869] build_lib_inspect          cmd  (nm -D "canary/examples/tiny/scenarios/_cache/assembled/lib#Bs.2/c/build/libtiny.so.1" 2>/dev/null \
  | python3 canary/scripts/inspect_native.py --emit-symbols --elf --path "canary/examples/tiny/scenarios/_cache/assembled/lib#Bs.2/c/build/libtiny.so.1" --prefixes 'tiny_' --watchlist 'tiny_sum,tiny_diff,tiny_offset' \
  > /home/red/code/research/tola/_out/canary/projects/tiny-full/build_lib/inspect_lib-Bs.2.json)
[2026-08-03 13:56:46.918] build_lib_inspect          detect  (ok, output present)
[2026-08-03 13:56:46.918] build_lib_inspect          check_post  (pass)
[2026-08-03 13:56:46.918] build_lib_inspect          done
[2026-08-03 13:56:46.918] build_binding_ocaml        check_pre  (pass)
[2026-08-03 13:56:46.920] build_binding_ocaml        cmd  ((LIBRARY_PATH=$PWD/canary/examples/tiny/scenarios/_cache/assembled/lib#Bs.2/c/build LD_RUN_PATH=$PWD/canary/examples/tiny/scenarios/_cache/assembled/lib#Bs.2/c/build dune build --root canary/examples/tiny/scenarios/_cache/assembled/lib#Bs.2 ocaml/tiny.cmxa ocaml/libtiny_stubs.a) > /home/red/code/research/tola/_out/canary/projects/tiny-full/build_binding/ocaml/build_lib-Bs.2.log 2>&1 && echo 'ok' > /home/red/code/research/tola/_out/canary/projects/tiny-full/build_binding/ocaml/build_lib-Bs.2.ok)
[2026-08-03 13:56:46.948] build_binding_ocaml        detect  (ok, output present)
[2026-08-03 13:56:46.948] build_binding_ocaml        done  (no compat failure predicted; success expected)
[2026-08-03 13:56:46.948] build_binding_ocaml_inspect  check_pre  (pass)
[2026-08-03 13:56:46.950] build_binding_ocaml_inspect  cmd  (python3 canary/scripts/inspect_binding.py --kind stub --path canary/examples/tiny/scenarios/_cache/assembled/lib#Bs.2/_build/default/ocaml/libtiny_stubs.a --prefix tiny_ > /home/red/code/research/tola/_out/canary/projects/tiny-full/build_binding/ocaml/inspect_lib-Bs.2.json && python3 canary/scripts/inspect_binding.py --kind mli --module-prefix Tiny --path canary/examples/tiny/scenarios/_cache/assembled/lib#Bs.2/ocaml/tiny.mli --watchlist 'Tiny,Tiny.sum,Tiny.diff,Tiny.offset' > /home/red/code/research/tola/_out/canary/projects/tiny-full/build_binding/ocaml/inspect_mli_lib-Bs.2.json)
[2026-08-03 13:56:47.068] build_binding_ocaml_inspect  detect  (ok, output present)
[2026-08-03 13:56:47.068] build_binding_ocaml_inspect  check_post  (pass)
[2026-08-03 13:56:47.068] build_binding_ocaml_inspect  done
[2026-08-03 13:56:47.068] probe_binding_ocaml        check_pre  (pass)
[2026-08-03 13:56:47.070] probe_binding_ocaml        cmd  ((LIBRARY_PATH=$PWD/canary/examples/tiny/scenarios/_cache/assembled/lib#Bs.2/c/build LD_RUN_PATH=$PWD/canary/examples/tiny/scenarios/_cache/assembled/lib#Bs.2/c/build dune build --root canary/examples/tiny/scenarios/_cache/assembled/lib#Bs.2 ocaml/examples/probe_baseline.exe && LD_LIBRARY_PATH=$PWD/canary/examples/tiny/scenarios/_cache/assembled/lib#Bs.2/c/build canary/examples/tiny/scenarios/_cache/assembled/lib#Bs.2/_build/default/ocaml/examples/probe_baseline.exe) > /home/red/code/research/tola/_out/canary/projects/tiny-full/probe_binding/ocaml/probe_lib-Bs.2.log 2>&1)
[2026-08-03 13:56:47.101] probe_binding_ocaml        detect  (ok, output present)
[2026-08-03 13:56:47.101] probe_binding_ocaml        done  (no compat failure predicted; success expected)
[2026-08-03 13:56:47.101] probe_binding_ocaml_inspect  check_pre  (pass)
[2026-08-03 13:56:47.103] probe_binding_ocaml_inspect  cmd  (python3 canary/scripts/inspect_binding.py --kind mli --module-prefix Tiny --path canary/examples/tiny/scenarios/_cache/assembled/lib#Bs.2/ocaml/tiny.mli --watchlist 'Tiny,Tiny.sum,Tiny.diff,Tiny.offset' > /home/red/code/research/tola/_out/canary/projects/tiny-full/probe_binding/ocaml/inspect_lib-Bs.2.json)
[2026-08-03 13:56:47.141] probe_binding_ocaml_inspect  detect  (ok, output present)
[2026-08-03 13:56:47.141] probe_binding_ocaml_inspect  check_post  (pass)
[2026-08-03 13:56:47.142] probe_binding_ocaml_inspect  done
[2026-08-03 13:56:47.142] build_binding_python       check_pre  (pass)
[2026-08-03 13:56:47.143] build_binding_python       cmd  (ls canary/examples/tiny/scenarios/_cache/assembled/lib#Bs.2/python_cext/tiny_cext/_native.cpython-*.so > /dev/null && echo 'ok' > /home/red/code/research/tola/_out/canary/projects/tiny-full/build_binding/python/build_lib-Bs.2.ok)
[2026-08-03 13:56:47.145] build_binding_python       detect  (ok, output present)
[2026-08-03 13:56:47.145] build_binding_python       check_post  (pass)
[2026-08-03 13:56:47.145] build_binding_python       done
[2026-08-03 13:56:47.145] build_binding_python_inspect  check_pre  (pass)
[2026-08-03 13:56:47.147] build_binding_python_inspect  cmd  (python3 canary/scripts/inspect_binding.py --kind stub --path canary/examples/tiny/scenarios/_cache/assembled/lib#Bs.2/python_cext/tiny_cext/_native.cpython-*.so --prefix tiny_ > /home/red/code/research/tola/_out/canary/projects/tiny-full/build_binding/python/inspect_lib-Bs.2.json && LD_LIBRARY_PATH=$PWD/canary/examples/tiny/scenarios/_cache/assembled/lib#Bs.2/c/build PYTHONPATH=canary/examples/tiny/scenarios/_cache/assembled/lib#Bs.2/python_cext python3 canary/scripts/inspect_python.py --pkg tiny_cext --watchlist 'sum,diff,offset' > /home/red/code/research/tola/_out/canary/projects/tiny-full/build_binding/python/inspect_attrs_lib-Bs.2.json)
[2026-08-03 13:56:47.260] build_binding_python_inspect  detect  (ok, output present)
[2026-08-03 13:56:47.260] build_binding_python_inspect  check_post  (pass)
[2026-08-03 13:56:47.260] build_binding_python_inspect  done
[2026-08-03 13:56:47.260] probe_binding_python       check_pre  (pass)
[2026-08-03 13:56:47.262] probe_binding_python       cmd  (LD_LIBRARY_PATH=$PWD/canary/examples/tiny/scenarios/_cache/assembled/lib#Bs.2/c/build PYTHONPATH=canary/examples/tiny/scenarios/_cache/assembled/lib#Bs.2/python_cext python3 canary/examples/tiny/scenarios/_cache/assembled/lib#Bs.2/python_cext/examples/probe_baseline.py > /home/red/code/research/tola/_out/canary/projects/tiny-full/probe_binding/python/probe_lib-Bs.2.log 2>&1)
[2026-08-03 13:56:47.274] probe_binding_python       detect  (ok, output present)
[2026-08-03 13:56:47.274] probe_binding_python       done  (no compat failure predicted; success expected)
[2026-08-03 13:56:47.274] probe_binding_python_inspect  check_pre  (pass)
[2026-08-03 13:56:47.276] probe_binding_python_inspect  cmd  (LD_LIBRARY_PATH=$PWD/canary/examples/tiny/scenarios/_cache/assembled/lib#Bs.2/c/build PYTHONPATH=canary/examples/tiny/scenarios/_cache/assembled/lib#Bs.2/python_cext python3 canary/scripts/inspect_python.py --pkg tiny_cext --watchlist 'sum,diff,offset' > /home/red/code/research/tola/_out/canary/projects/tiny-full/probe_binding/python/inspect_lib-Bs.2.json)
[2026-08-03 13:56:47.310] probe_binding_python_inspect  detect  (ok, output present)
[2026-08-03 13:56:47.310] probe_binding_python_inspect  check_post  (pass)
[2026-08-03 13:56:47.310] probe_binding_python_inspect  done
[2026-08-03 13:56:47.310] probe_lib                  check_pre  (pass)
[2026-08-03 13:56:47.312] probe_lib                  cmd  (nm -D canary/examples/tiny/scenarios/_cache/assembled/lib#Bs.2/c/build/libtiny.so.1 | grep -E '^[0-9a-f]+ T tiny_' > /home/red/code/research/tola/_out/canary/projects/tiny-full/probe_lib/probe_lib-Bs.2.log 2>&1)
[2026-08-03 13:56:47.354] probe_lib                  detect  (ok, output present)
[2026-08-03 13:56:47.354] probe_lib                  check_post  (pass)
[2026-08-03 13:56:47.354] probe_lib                  done
[2026-08-03 13:56:47.354] *                          graph_end  (13/13 completed)
[2026-08-03 13:56:47.354] *                          diagram  (_out/canary/projects/tiny-full/-run/diagrams/all.mmd)
[2026-08-03 13:56:47.354] *                          diagram  (_out/canary/projects/tiny-full/-run/diagrams/full.mmd)
[2026-08-03 13:56:47.354] *                          view  (lib (2 steps))
[2026-08-03 13:56:47.354] *                          view  (probes (5 steps))
[2026-08-03 13:56:47.354] *                          view  (binding_ocaml (4 steps))
[2026-08-03 13:56:47.355] *                          view  (binding_python (4 steps))
[2026-08-03 13:56:47.355] *                          html  (_out/canary/projects/tiny-full/-run/result.html)
[2026-08-03 13:56:47.356] *                          index  (_out/canary/projects/index.html)
[2026-08-03 13:56:47.356] !                          invariant  (full.mmd: connectivity errors:
  [3]→[5]: no edge A_build_lib→A_build_binding_ocaml
  [3]→[13]: no edge A_build_lib→A_probe_lib
  [5]→[7]: no edge A_build_binding_ocaml→A_probe_binding_ocaml
  [3]→[7]: no edge A_build_lib→A_probe_binding_ocaml
  [1]→[2]: no edge A_configure→A_scan_sources
  [9]→[11]: no edge A_build_binding_python→A_probe_binding_python
  [3]→[11]: no edge A_build_lib→A_probe_binding_python
  [3]→[9]: no edge A_build_lib→A_build_binding_python)
[2026-08-03 13:56:47.356] !                          invariant  (SOME FAILED)
[2026-08-03 13:56:47.451] *                          graph_start  (13 steps)
[2026-08-03 13:56:47.452] configure                  check_pre  (pass)
[2026-08-03 13:56:47.454] configure                  cmd  (test -d canary/examples/tiny/scenarios/_cache/assembled/lib#Bs.3/c/build || { echo 'lib_dir missing: canary/examples/tiny/scenarios/_cache/assembled/lib#Bs.3/c/build'; exit 1; } && echo 'ok' > /home/red/code/research/tola/_out/canary/projects/tiny-full/configure/conf_lib-Bs.3.ok)
[2026-08-03 13:56:47.454] configure                  detect  (ok, output present)
[2026-08-03 13:56:47.454] configure                  check_post  (pass)
[2026-08-03 13:56:47.454] configure                  done
[2026-08-03 13:56:47.454] scan_sources               check_pre  (pass)
[2026-08-03 13:56:47.456] scan_sources               cmd  (python3 canary/scripts/inspect_tiny_typed.py --layer header --path canary/examples/tiny/scenarios/_cache/assembled/lib#Bs.3/c/include/tiny.h > /home/red/code/research/tola/_out/canary/projects/tiny-full/scan_sources/inspect_typed_header_lib-Bs.3.json && python3 canary/scripts/inspect_tiny_typed.py --layer stub_ocaml --path canary/examples/tiny/scenarios/_cache/assembled/lib#Bs.3/ocaml/tiny_raw.mli > /home/red/code/research/tola/_out/canary/projects/tiny-full/scan_sources/inspect_typed_binding_stub_ocaml_lib-Bs.3.json && python3 canary/scripts/inspect_tiny_typed.py --layer user_ocaml --path canary/examples/tiny/scenarios/_cache/assembled/lib#Bs.3/ocaml/tiny.mli > /home/red/code/research/tola/_out/canary/projects/tiny-full/scan_sources/inspect_typed_binding_user_ocaml_lib-Bs.3.json && python3 canary/scripts/inspect_tiny_typed.py --layer stub_python --path canary/examples/tiny/scenarios/_cache/assembled/lib#Bs.3/python_cext/tiny_cext/_native.c > /home/red/code/research/tola/_out/canary/projects/tiny-full/scan_sources/inspect_typed_binding_stub_python_lib-Bs.3.json && python3 canary/scripts/inspect_tiny_typed.py --layer user_python --path canary/examples/tiny/scenarios/_cache/assembled/lib#Bs.3/python_cext/tiny_cext/__init__.py > /home/red/code/research/tola/_out/canary/projects/tiny-full/scan_sources/inspect_typed_binding_user_python_lib-Bs.3.json && echo 'ok' > /home/red/code/research/tola/_out/canary/projects/tiny-full/scan_sources/scan_lib-Bs.3.ok)
[2026-08-03 13:56:47.633] scan_sources               detect  (ok, output present)
[2026-08-03 13:56:47.633] scan_sources               check_post  (pass)
[2026-08-03 13:56:47.633] scan_sources               done
[2026-08-03 13:56:47.633] build_lib                  check_pre  (pass)
[2026-08-03 13:56:47.635] build_lib                  cmd  (test -f canary/examples/tiny/scenarios/_cache/assembled/lib#Bs.3/c/build/libtiny.so.1 || { mkdir -p canary/examples/tiny/scenarios/_cache/assembled/lib#Bs.3/c/build && gcc -c -fPIC -Icanary/examples/tiny/scenarios/_cache/assembled/lib#Bs.3/c/include canary/examples/tiny/scenarios/_cache/assembled/lib#Bs.3/c/src/tiny.c -o canary/examples/tiny/scenarios/_cache/assembled/lib#Bs.3/c/build/tiny.o && gcc -shared -fPIC -Wl,-soname,libtiny.so.1 -Wl,--version-script=canary/examples/tiny/scenarios/_cache/assembled/lib#Bs.3/c/tiny.map canary/examples/tiny/scenarios/_cache/assembled/lib#Bs.3/c/build/tiny.o -o canary/examples/tiny/scenarios/_cache/assembled/lib#Bs.3/c/build/libtiny.so.1.0 && ln -sf libtiny.so.1.0 canary/examples/tiny/scenarios/_cache/assembled/lib#Bs.3/c/build/libtiny.so.1 && ln -sf libtiny.so.1 canary/examples/tiny/scenarios/_cache/assembled/lib#Bs.3/c/build/libtiny.so ; } && echo 'ok' > /home/red/code/research/tola/_out/canary/projects/tiny-full/build_lib/build_lib-Bs.3.ok)
[2026-08-03 13:56:47.636] build_lib                  detect  (ok, output present)
[2026-08-03 13:56:47.636] build_lib                  check_post  (pass)
[2026-08-03 13:56:47.636] build_lib                  done
[2026-08-03 13:56:47.636] build_lib_inspect          check_pre  (pass)
[2026-08-03 13:56:47.638] build_lib_inspect          cmd  (nm -D "canary/examples/tiny/scenarios/_cache/assembled/lib#Bs.3/c/build/libtiny.so.1" 2>/dev/null \
  | python3 canary/scripts/inspect_native.py --emit-symbols --elf --path "canary/examples/tiny/scenarios/_cache/assembled/lib#Bs.3/c/build/libtiny.so.1" --prefixes 'tiny_' --watchlist 'tiny_sum,tiny_diff,tiny_offset' \
  > /home/red/code/research/tola/_out/canary/projects/tiny-full/build_lib/inspect_lib-Bs.3.json)
[2026-08-03 13:56:47.689] build_lib_inspect          detect  (ok, output present)
[2026-08-03 13:56:47.689] build_lib_inspect          check_post  (pass)
[2026-08-03 13:56:47.689] build_lib_inspect          done
[2026-08-03 13:56:47.689] build_binding_ocaml        check_pre  (pass)
[2026-08-03 13:56:47.691] build_binding_ocaml        cmd  ((LIBRARY_PATH=$PWD/canary/examples/tiny/scenarios/_cache/assembled/lib#Bs.3/c/build LD_RUN_PATH=$PWD/canary/examples/tiny/scenarios/_cache/assembled/lib#Bs.3/c/build dune build --root canary/examples/tiny/scenarios/_cache/assembled/lib#Bs.3 ocaml/tiny.cmxa ocaml/libtiny_stubs.a) > /home/red/code/research/tola/_out/canary/projects/tiny-full/build_binding/ocaml/build_lib-Bs.3.log 2>&1 && echo 'ok' > /home/red/code/research/tola/_out/canary/projects/tiny-full/build_binding/ocaml/build_lib-Bs.3.ok)
[2026-08-03 13:56:47.720] build_binding_ocaml        detect  (ok, output present)
[2026-08-03 13:56:47.720] build_binding_ocaml        done  (no compat failure predicted; success expected)
[2026-08-03 13:56:47.720] build_binding_ocaml_inspect  check_pre  (pass)
[2026-08-03 13:56:47.722] build_binding_ocaml_inspect  cmd  (python3 canary/scripts/inspect_binding.py --kind stub --path canary/examples/tiny/scenarios/_cache/assembled/lib#Bs.3/_build/default/ocaml/libtiny_stubs.a --prefix tiny_ > /home/red/code/research/tola/_out/canary/projects/tiny-full/build_binding/ocaml/inspect_lib-Bs.3.json && python3 canary/scripts/inspect_binding.py --kind mli --module-prefix Tiny --path canary/examples/tiny/scenarios/_cache/assembled/lib#Bs.3/ocaml/tiny.mli --watchlist 'Tiny,Tiny.sum,Tiny.diff,Tiny.offset' > /home/red/code/research/tola/_out/canary/projects/tiny-full/build_binding/ocaml/inspect_mli_lib-Bs.3.json)
[2026-08-03 13:56:47.840] build_binding_ocaml_inspect  detect  (ok, output present)
[2026-08-03 13:56:47.840] build_binding_ocaml_inspect  check_post  (pass)
[2026-08-03 13:56:47.840] build_binding_ocaml_inspect  done
[2026-08-03 13:56:47.840] probe_binding_ocaml        check_pre  (pass)
[2026-08-03 13:56:47.843] probe_binding_ocaml        cmd  ((LIBRARY_PATH=$PWD/canary/examples/tiny/scenarios/_cache/assembled/lib#Bs.3/c/build LD_RUN_PATH=$PWD/canary/examples/tiny/scenarios/_cache/assembled/lib#Bs.3/c/build dune build --root canary/examples/tiny/scenarios/_cache/assembled/lib#Bs.3 ocaml/examples/probe_baseline.exe && LD_LIBRARY_PATH=$PWD/canary/examples/tiny/scenarios/_cache/assembled/lib#Bs.3/c/build canary/examples/tiny/scenarios/_cache/assembled/lib#Bs.3/_build/default/ocaml/examples/probe_baseline.exe) > /home/red/code/research/tola/_out/canary/projects/tiny-full/probe_binding/ocaml/probe_lib-Bs.3.log 2>&1)
[2026-08-03 13:56:47.875] probe_binding_ocaml        cmd_fail  (exit 1)
[2026-08-03 13:56:47.875] probe_binding_ocaml        detect  (error, output present)
[2026-08-03 13:56:47.875] probe_binding_ocaml        failed  (no compat failure predicted but command failed)
[2026-08-03 13:56:47.875] build_binding_python       check_pre  (pass)
[2026-08-03 13:56:47.877] build_binding_python       cmd  (ls canary/examples/tiny/scenarios/_cache/assembled/lib#Bs.3/python_cext/tiny_cext/_native.cpython-*.so > /dev/null && echo 'ok' > /home/red/code/research/tola/_out/canary/projects/tiny-full/build_binding/python/build_lib-Bs.3.ok)
[2026-08-03 13:56:47.879] build_binding_python       detect  (ok, output present)
[2026-08-03 13:56:47.879] build_binding_python       check_post  (pass)
[2026-08-03 13:56:47.879] build_binding_python       done
[2026-08-03 13:56:47.879] build_binding_python_inspect  check_pre  (pass)
[2026-08-03 13:56:47.881] build_binding_python_inspect  cmd  (python3 canary/scripts/inspect_binding.py --kind stub --path canary/examples/tiny/scenarios/_cache/assembled/lib#Bs.3/python_cext/tiny_cext/_native.cpython-*.so --prefix tiny_ > /home/red/code/research/tola/_out/canary/projects/tiny-full/build_binding/python/inspect_lib-Bs.3.json && LD_LIBRARY_PATH=$PWD/canary/examples/tiny/scenarios/_cache/assembled/lib#Bs.3/c/build PYTHONPATH=canary/examples/tiny/scenarios/_cache/assembled/lib#Bs.3/python_cext python3 canary/scripts/inspect_python.py --pkg tiny_cext --watchlist 'sum,diff,offset' > /home/red/code/research/tola/_out/canary/projects/tiny-full/build_binding/python/inspect_attrs_lib-Bs.3.json)
[2026-08-03 13:56:48.002] build_binding_python_inspect  detect  (ok, output present)
[2026-08-03 13:56:48.002] build_binding_python_inspect  check_post  (pass)
[2026-08-03 13:56:48.002] build_binding_python_inspect  done
[2026-08-03 13:56:48.002] probe_binding_python       check_pre  (pass)
[2026-08-03 13:56:48.004] probe_binding_python       cmd  (LD_LIBRARY_PATH=$PWD/canary/examples/tiny/scenarios/_cache/assembled/lib#Bs.3/c/build PYTHONPATH=canary/examples/tiny/scenarios/_cache/assembled/lib#Bs.3/python_cext python3 canary/examples/tiny/scenarios/_cache/assembled/lib#Bs.3/python_cext/examples/probe_baseline.py > /home/red/code/research/tola/_out/canary/projects/tiny-full/probe_binding/python/probe_lib-Bs.3.log 2>&1)
[2026-08-03 13:56:48.037] probe_binding_python       cmd_fail  (exit 1)
[2026-08-03 13:56:48.037] probe_binding_python       detect  (error, output present)
[2026-08-03 13:56:48.037] probe_binding_python       done  (expected failure confirmed (derived))
[2026-08-03 13:56:48.037] probe_binding_python_inspect  check_pre  (pass)
[2026-08-03 13:56:48.039] probe_binding_python_inspect  cmd  (LD_LIBRARY_PATH=$PWD/canary/examples/tiny/scenarios/_cache/assembled/lib#Bs.3/c/build PYTHONPATH=canary/examples/tiny/scenarios/_cache/assembled/lib#Bs.3/python_cext python3 canary/scripts/inspect_python.py --pkg tiny_cext --watchlist 'sum,diff,offset' > /home/red/code/research/tola/_out/canary/projects/tiny-full/probe_binding/python/inspect_lib-Bs.3.json)
[2026-08-03 13:56:48.077] probe_binding_python_inspect  detect  (ok, output present)
[2026-08-03 13:56:48.077] probe_binding_python_inspect  check_post  (pass)
[2026-08-03 13:56:48.077] probe_binding_python_inspect  done
[2026-08-03 13:56:48.077] probe_lib                  check_pre  (pass)
[2026-08-03 13:56:48.079] probe_lib                  cmd  (nm -D canary/examples/tiny/scenarios/_cache/assembled/lib#Bs.3/c/build/libtiny.so.1 | grep -E '^[0-9a-f]+ T tiny_' > /home/red/code/research/tola/_out/canary/projects/tiny-full/probe_lib/probe_lib-Bs.3.log 2>&1)
[2026-08-03 13:56:48.119] probe_lib                  detect  (ok, output present)
[2026-08-03 13:56:48.119] probe_lib                  check_post  (pass)
[2026-08-03 13:56:48.119] probe_lib                  done
[2026-08-03 13:56:48.119] *                          graph_end  (11/13 completed)
[2026-08-03 13:56:48.119] probe_binding_ocaml        failed
[2026-08-03 13:56:48.119] probe_binding_ocaml_inspect  skipped
[2026-08-03 13:56:48.120] *                          diagram  (_out/canary/projects/tiny-full/-run/diagrams/all.mmd)
[2026-08-03 13:56:48.120] *                          diagram  (_out/canary/projects/tiny-full/-run/diagrams/full.mmd)
[2026-08-03 13:56:48.120] *                          view  (lib (2 steps))
[2026-08-03 13:56:48.120] *                          view  (probes (5 steps))
[2026-08-03 13:56:48.120] *                          view  (binding_ocaml (4 steps))
[2026-08-03 13:56:48.120] *                          view  (binding_python (4 steps))
[2026-08-03 13:56:48.122] *                          html  (_out/canary/projects/tiny-full/-run/result.html)
[2026-08-03 13:56:48.122] *                          index  (_out/canary/projects/index.html)
[2026-08-03 13:56:48.122] !                          invariant  (full.mmd: connectivity errors:
  [3]→[5]: no edge A_build_lib→A_build_binding_ocaml
  [3]→[13]: no edge A_build_lib→A_probe_lib
  [5]→[7]: no edge A_build_binding_ocaml→A_probe_binding_ocaml
  [3]→[7]: no edge A_build_lib→A_probe_binding_ocaml
  [1]→[2]: no edge A_configure→A_scan_sources
  [9]→[11]: no edge A_build_binding_python→A_probe_binding_python
  [3]→[11]: no edge A_build_lib→A_probe_binding_python
  [3]→[9]: no edge A_build_lib→A_build_binding_python)
[2026-08-03 13:56:48.122] !                          invariant  (SOME FAILED)
[2026-08-03 13:56:48.223] *                          graph_start  (13 steps)
[2026-08-03 13:56:48.223] configure                  check_pre  (pass)
[2026-08-03 13:56:48.225] configure                  cmd  (test -d canary/examples/tiny/scenarios/_cache/assembled/lib#Bs.5/c/build || { echo 'lib_dir missing: canary/examples/tiny/scenarios/_cache/assembled/lib#Bs.5/c/build'; exit 1; } && echo 'ok' > /home/red/code/research/tola/_out/canary/projects/tiny-full/configure/conf_lib-Bs.5.ok)
[2026-08-03 13:56:48.226] configure                  detect  (ok, output present)
[2026-08-03 13:56:48.226] configure                  check_post  (pass)
[2026-08-03 13:56:48.226] configure                  done
[2026-08-03 13:56:48.226] scan_sources               check_pre  (pass)
[2026-08-03 13:56:48.228] scan_sources               cmd  (python3 canary/scripts/inspect_tiny_typed.py --layer header --path canary/examples/tiny/scenarios/_cache/assembled/lib#Bs.5/c/include/tiny.h > /home/red/code/research/tola/_out/canary/projects/tiny-full/scan_sources/inspect_typed_header_lib-Bs.5.json && python3 canary/scripts/inspect_tiny_typed.py --layer stub_ocaml --path canary/examples/tiny/scenarios/_cache/assembled/lib#Bs.5/ocaml/tiny_raw.mli > /home/red/code/research/tola/_out/canary/projects/tiny-full/scan_sources/inspect_typed_binding_stub_ocaml_lib-Bs.5.json && python3 canary/scripts/inspect_tiny_typed.py --layer user_ocaml --path canary/examples/tiny/scenarios/_cache/assembled/lib#Bs.5/ocaml/tiny.mli > /home/red/code/research/tola/_out/canary/projects/tiny-full/scan_sources/inspect_typed_binding_user_ocaml_lib-Bs.5.json && python3 canary/scripts/inspect_tiny_typed.py --layer stub_python --path canary/examples/tiny/scenarios/_cache/assembled/lib#Bs.5/python_cext/tiny_cext/_native.c > /home/red/code/research/tola/_out/canary/projects/tiny-full/scan_sources/inspect_typed_binding_stub_python_lib-Bs.5.json && python3 canary/scripts/inspect_tiny_typed.py --layer user_python --path canary/examples/tiny/scenarios/_cache/assembled/lib#Bs.5/python_cext/tiny_cext/__init__.py > /home/red/code/research/tola/_out/canary/projects/tiny-full/scan_sources/inspect_typed_binding_user_python_lib-Bs.5.json && echo 'ok' > /home/red/code/research/tola/_out/canary/projects/tiny-full/scan_sources/scan_lib-Bs.5.ok)
[2026-08-03 13:56:48.401] scan_sources               detect  (ok, output present)
[2026-08-03 13:56:48.401] scan_sources               check_post  (pass)
[2026-08-03 13:56:48.401] scan_sources               done
[2026-08-03 13:56:48.401] build_lib                  check_pre  (pass)
[2026-08-03 13:56:48.403] build_lib                  cmd  (test -f canary/examples/tiny/scenarios/_cache/assembled/lib#Bs.5/c/build/libtiny.so.1 || { mkdir -p canary/examples/tiny/scenarios/_cache/assembled/lib#Bs.5/c/build && gcc -c -fPIC -Icanary/examples/tiny/scenarios/_cache/assembled/lib#Bs.5/c/include canary/examples/tiny/scenarios/_cache/assembled/lib#Bs.5/c/src/tiny.c -o canary/examples/tiny/scenarios/_cache/assembled/lib#Bs.5/c/build/tiny.o && gcc -shared -fPIC -Wl,-soname,libtiny.so.1 -Wl,--version-script=canary/examples/tiny/scenarios/_cache/assembled/lib#Bs.5/c/tiny.map canary/examples/tiny/scenarios/_cache/assembled/lib#Bs.5/c/build/tiny.o -o canary/examples/tiny/scenarios/_cache/assembled/lib#Bs.5/c/build/libtiny.so.1.0 && ln -sf libtiny.so.1.0 canary/examples/tiny/scenarios/_cache/assembled/lib#Bs.5/c/build/libtiny.so.1 && ln -sf libtiny.so.1 canary/examples/tiny/scenarios/_cache/assembled/lib#Bs.5/c/build/libtiny.so ; } && echo 'ok' > /home/red/code/research/tola/_out/canary/projects/tiny-full/build_lib/build_lib-Bs.5.ok)
[2026-08-03 13:56:48.404] build_lib                  detect  (ok, output present)
[2026-08-03 13:56:48.404] build_lib                  check_post  (pass)
[2026-08-03 13:56:48.404] build_lib                  done
[2026-08-03 13:56:48.404] build_lib_inspect          check_pre  (pass)
[2026-08-03 13:56:48.406] build_lib_inspect          cmd  (nm -D "canary/examples/tiny/scenarios/_cache/assembled/lib#Bs.5/c/build/libtiny.so.1" 2>/dev/null \
  | python3 canary/scripts/inspect_native.py --emit-symbols --elf --path "canary/examples/tiny/scenarios/_cache/assembled/lib#Bs.5/c/build/libtiny.so.1" --prefixes 'tiny_' --watchlist 'tiny_sum,tiny_diff,tiny_offset' \
  > /home/red/code/research/tola/_out/canary/projects/tiny-full/build_lib/inspect_lib-Bs.5.json)
[2026-08-03 13:56:48.456] build_lib_inspect          detect  (ok, output present)
[2026-08-03 13:56:48.456] build_lib_inspect          check_post  (pass)
[2026-08-03 13:56:48.456] build_lib_inspect          done
[2026-08-03 13:56:48.456] build_binding_ocaml        check_pre  (pass)
[2026-08-03 13:56:48.458] build_binding_ocaml        cmd  ((LIBRARY_PATH=$PWD/canary/examples/tiny/scenarios/_cache/assembled/lib#Bs.5/c/build LD_RUN_PATH=$PWD/canary/examples/tiny/scenarios/_cache/assembled/lib#Bs.5/c/build dune build --root canary/examples/tiny/scenarios/_cache/assembled/lib#Bs.5 ocaml/tiny.cmxa ocaml/libtiny_stubs.a) > /home/red/code/research/tola/_out/canary/projects/tiny-full/build_binding/ocaml/build_lib-Bs.5.log 2>&1 && echo 'ok' > /home/red/code/research/tola/_out/canary/projects/tiny-full/build_binding/ocaml/build_lib-Bs.5.ok)
[2026-08-03 13:56:48.486] build_binding_ocaml        detect  (ok, output present)
[2026-08-03 13:56:48.486] build_binding_ocaml        done  (no compat failure predicted; success expected)
[2026-08-03 13:56:48.486] build_binding_ocaml_inspect  check_pre  (pass)
[2026-08-03 13:56:48.488] build_binding_ocaml_inspect  cmd  (python3 canary/scripts/inspect_binding.py --kind stub --path canary/examples/tiny/scenarios/_cache/assembled/lib#Bs.5/_build/default/ocaml/libtiny_stubs.a --prefix tiny_ > /home/red/code/research/tola/_out/canary/projects/tiny-full/build_binding/ocaml/inspect_lib-Bs.5.json && python3 canary/scripts/inspect_binding.py --kind mli --module-prefix Tiny --path canary/examples/tiny/scenarios/_cache/assembled/lib#Bs.5/ocaml/tiny.mli --watchlist 'Tiny,Tiny.sum,Tiny.diff,Tiny.offset' > /home/red/code/research/tola/_out/canary/projects/tiny-full/build_binding/ocaml/inspect_mli_lib-Bs.5.json)
[2026-08-03 13:56:48.608] build_binding_ocaml_inspect  detect  (ok, output present)
[2026-08-03 13:56:48.608] build_binding_ocaml_inspect  check_post  (pass)
[2026-08-03 13:56:48.608] build_binding_ocaml_inspect  done
[2026-08-03 13:56:48.608] probe_binding_ocaml        check_pre  (pass)
[2026-08-03 13:56:48.610] probe_binding_ocaml        cmd  ((LIBRARY_PATH=$PWD/canary/examples/tiny/scenarios/_cache/assembled/lib#Bs.5/c/build LD_RUN_PATH=$PWD/canary/examples/tiny/scenarios/_cache/assembled/lib#Bs.5/c/build dune build --root canary/examples/tiny/scenarios/_cache/assembled/lib#Bs.5 ocaml/examples/probe_baseline.exe && LD_LIBRARY_PATH=$PWD/canary/examples/tiny/scenarios/_cache/assembled/lib#Bs.5/c/build canary/examples/tiny/scenarios/_cache/assembled/lib#Bs.5/_build/default/ocaml/examples/probe_baseline.exe) > /home/red/code/research/tola/_out/canary/projects/tiny-full/probe_binding/ocaml/probe_lib-Bs.5.log 2>&1)
[2026-08-03 13:56:48.642] probe_binding_ocaml        cmd_fail  (exit 1)
[2026-08-03 13:56:48.642] probe_binding_ocaml        detect  (error, output present)
[2026-08-03 13:56:48.642] probe_binding_ocaml        failed  (no compat failure predicted but command failed)
[2026-08-03 13:56:48.642] build_binding_python       check_pre  (pass)
[2026-08-03 13:56:48.644] build_binding_python       cmd  (ls canary/examples/tiny/scenarios/_cache/assembled/lib#Bs.5/python_cext/tiny_cext/_native.cpython-*.so > /dev/null && echo 'ok' > /home/red/code/research/tola/_out/canary/projects/tiny-full/build_binding/python/build_lib-Bs.5.ok)
[2026-08-03 13:56:48.646] build_binding_python       detect  (ok, output present)
[2026-08-03 13:56:48.646] build_binding_python       check_post  (pass)
[2026-08-03 13:56:48.646] build_binding_python       done
[2026-08-03 13:56:48.646] build_binding_python_inspect  check_pre  (pass)
[2026-08-03 13:56:48.647] build_binding_python_inspect  cmd  (python3 canary/scripts/inspect_binding.py --kind stub --path canary/examples/tiny/scenarios/_cache/assembled/lib#Bs.5/python_cext/tiny_cext/_native.cpython-*.so --prefix tiny_ > /home/red/code/research/tola/_out/canary/projects/tiny-full/build_binding/python/inspect_lib-Bs.5.json && LD_LIBRARY_PATH=$PWD/canary/examples/tiny/scenarios/_cache/assembled/lib#Bs.5/c/build PYTHONPATH=canary/examples/tiny/scenarios/_cache/assembled/lib#Bs.5/python_cext python3 canary/scripts/inspect_python.py --pkg tiny_cext --watchlist 'sum,diff,offset' > /home/red/code/research/tola/_out/canary/projects/tiny-full/build_binding/python/inspect_attrs_lib-Bs.5.json)
[2026-08-03 13:56:48.765] build_binding_python_inspect  detect  (ok, output present)
[2026-08-03 13:56:48.765] build_binding_python_inspect  check_post  (pass)
[2026-08-03 13:56:48.765] build_binding_python_inspect  done
[2026-08-03 13:56:48.765] probe_binding_python       check_pre  (pass)
[2026-08-03 13:56:48.767] probe_binding_python       cmd  (LD_LIBRARY_PATH=$PWD/canary/examples/tiny/scenarios/_cache/assembled/lib#Bs.5/c/build PYTHONPATH=canary/examples/tiny/scenarios/_cache/assembled/lib#Bs.5/python_cext python3 canary/examples/tiny/scenarios/_cache/assembled/lib#Bs.5/python_cext/examples/probe_baseline.py > /home/red/code/research/tola/_out/canary/projects/tiny-full/probe_binding/python/probe_lib-Bs.5.log 2>&1)
[2026-08-03 13:56:48.779] probe_binding_python       cmd_fail  (exit 1)
[2026-08-03 13:56:48.779] probe_binding_python       detect  (error, output present)
[2026-08-03 13:56:48.779] probe_binding_python       failed  (no compat failure predicted but command failed)
[2026-08-03 13:56:48.779] probe_lib                  check_pre  (pass)
[2026-08-03 13:56:48.781] probe_lib                  cmd  (nm -D canary/examples/tiny/scenarios/_cache/assembled/lib#Bs.5/c/build/libtiny.so.1 | grep -E '^[0-9a-f]+ T tiny_' > /home/red/code/research/tola/_out/canary/projects/tiny-full/probe_lib/probe_lib-Bs.5.log 2>&1)
[2026-08-03 13:56:48.821] probe_lib                  detect  (ok, output present)
[2026-08-03 13:56:48.821] probe_lib                  check_post  (pass)
[2026-08-03 13:56:48.821] probe_lib                  done
[2026-08-03 13:56:48.821] *                          graph_end  (9/13 completed)
[2026-08-03 13:56:48.821] probe_binding_ocaml        failed
[2026-08-03 13:56:48.821] probe_binding_ocaml_inspect  skipped
[2026-08-03 13:56:48.821] probe_binding_python       failed
[2026-08-03 13:56:48.821] probe_binding_python_inspect  skipped
[2026-08-03 13:56:48.821] *                          diagram  (_out/canary/projects/tiny-full/-run/diagrams/all.mmd)
[2026-08-03 13:56:48.821] *                          diagram  (_out/canary/projects/tiny-full/-run/diagrams/full.mmd)
[2026-08-03 13:56:48.822] *                          view  (lib (2 steps))
[2026-08-03 13:56:48.822] *                          view  (probes (5 steps))
[2026-08-03 13:56:48.822] *                          view  (binding_ocaml (4 steps))
[2026-08-03 13:56:48.822] *                          view  (binding_python (4 steps))
[2026-08-03 13:56:48.823] *                          html  (_out/canary/projects/tiny-full/-run/result.html)
[2026-08-03 13:56:48.823] *                          index  (_out/canary/projects/index.html)
[2026-08-03 13:56:48.823] !                          invariant  (full.mmd: connectivity errors:
  [3]→[5]: no edge A_build_lib→A_build_binding_ocaml
  [3]→[13]: no edge A_build_lib→A_probe_lib
  [5]→[7]: no edge A_build_binding_ocaml→A_probe_binding_ocaml
  [3]→[7]: no edge A_build_lib→A_probe_binding_ocaml
  [1]→[2]: no edge A_configure→A_scan_sources
  [9]→[11]: no edge A_build_binding_python→A_probe_binding_python
  [3]→[11]: no edge A_build_lib→A_probe_binding_python
  [3]→[9]: no edge A_build_lib→A_build_binding_python)
[2026-08-03 13:56:48.823] !                          invariant  (SOME FAILED)
[2026-08-03 13:56:48.921] *                          graph_start  (13 steps)
[2026-08-03 13:56:48.921] configure                  check_pre  (pass)
[2026-08-03 13:56:48.923] configure                  cmd  (test -d canary/examples/tiny/scenarios/_cache/assembled/lib#Bs.6/c/build || { echo 'lib_dir missing: canary/examples/tiny/scenarios/_cache/assembled/lib#Bs.6/c/build'; exit 1; } && echo 'ok' > /home/red/code/research/tola/_out/canary/projects/tiny-full/configure/conf_lib-Bs.6.ok)
[2026-08-03 13:56:48.924] configure                  detect  (ok, output present)
[2026-08-03 13:56:48.924] configure                  check_post  (pass)
[2026-08-03 13:56:48.924] configure                  done
[2026-08-03 13:56:48.924] scan_sources               check_pre  (pass)
[2026-08-03 13:56:48.926] scan_sources               cmd  (python3 canary/scripts/inspect_tiny_typed.py --layer header --path canary/examples/tiny/scenarios/_cache/assembled/lib#Bs.6/c/include/tiny.h > /home/red/code/research/tola/_out/canary/projects/tiny-full/scan_sources/inspect_typed_header_lib-Bs.6.json && python3 canary/scripts/inspect_tiny_typed.py --layer stub_ocaml --path canary/examples/tiny/scenarios/_cache/assembled/lib#Bs.6/ocaml/tiny_raw.mli > /home/red/code/research/tola/_out/canary/projects/tiny-full/scan_sources/inspect_typed_binding_stub_ocaml_lib-Bs.6.json && python3 canary/scripts/inspect_tiny_typed.py --layer user_ocaml --path canary/examples/tiny/scenarios/_cache/assembled/lib#Bs.6/ocaml/tiny.mli > /home/red/code/research/tola/_out/canary/projects/tiny-full/scan_sources/inspect_typed_binding_user_ocaml_lib-Bs.6.json && python3 canary/scripts/inspect_tiny_typed.py --layer stub_python --path canary/examples/tiny/scenarios/_cache/assembled/lib#Bs.6/python_cext/tiny_cext/_native.c > /home/red/code/research/tola/_out/canary/projects/tiny-full/scan_sources/inspect_typed_binding_stub_python_lib-Bs.6.json && python3 canary/scripts/inspect_tiny_typed.py --layer user_python --path canary/examples/tiny/scenarios/_cache/assembled/lib#Bs.6/python_cext/tiny_cext/__init__.py > /home/red/code/research/tola/_out/canary/projects/tiny-full/scan_sources/inspect_typed_binding_user_python_lib-Bs.6.json && echo 'ok' > /home/red/code/research/tola/_out/canary/projects/tiny-full/scan_sources/scan_lib-Bs.6.ok)
[2026-08-03 13:56:49.093] scan_sources               detect  (ok, output present)
[2026-08-03 13:56:49.093] scan_sources               check_post  (pass)
[2026-08-03 13:56:49.093] scan_sources               done
[2026-08-03 13:56:49.093] build_lib                  check_pre  (pass)
[2026-08-03 13:56:49.095] build_lib                  cmd  (test -f canary/examples/tiny/scenarios/_cache/assembled/lib#Bs.6/c/build/libtiny.so.1 || { mkdir -p canary/examples/tiny/scenarios/_cache/assembled/lib#Bs.6/c/build && gcc -c -fPIC -Icanary/examples/tiny/scenarios/_cache/assembled/lib#Bs.6/c/include canary/examples/tiny/scenarios/_cache/assembled/lib#Bs.6/c/src/tiny.c -o canary/examples/tiny/scenarios/_cache/assembled/lib#Bs.6/c/build/tiny.o && gcc -shared -fPIC -Wl,-soname,libtiny.so.1 -Wl,--version-script=canary/examples/tiny/scenarios/_cache/assembled/lib#Bs.6/c/tiny.map canary/examples/tiny/scenarios/_cache/assembled/lib#Bs.6/c/build/tiny.o -o canary/examples/tiny/scenarios/_cache/assembled/lib#Bs.6/c/build/libtiny.so.1.0 && ln -sf libtiny.so.1.0 canary/examples/tiny/scenarios/_cache/assembled/lib#Bs.6/c/build/libtiny.so.1 && ln -sf libtiny.so.1 canary/examples/tiny/scenarios/_cache/assembled/lib#Bs.6/c/build/libtiny.so ; } && echo 'ok' > /home/red/code/research/tola/_out/canary/projects/tiny-full/build_lib/build_lib-Bs.6.ok)
[2026-08-03 13:56:49.096] build_lib                  detect  (ok, output present)
[2026-08-03 13:56:49.096] build_lib                  check_post  (pass)
[2026-08-03 13:56:49.096] build_lib                  done
[2026-08-03 13:56:49.096] build_lib_inspect          check_pre  (pass)
[2026-08-03 13:56:49.097] build_lib_inspect          cmd  (nm -D "canary/examples/tiny/scenarios/_cache/assembled/lib#Bs.6/c/build/libtiny.so.1" 2>/dev/null \
  | python3 canary/scripts/inspect_native.py --emit-symbols --elf --path "canary/examples/tiny/scenarios/_cache/assembled/lib#Bs.6/c/build/libtiny.so.1" --prefixes 'tiny_' --watchlist 'tiny_sum,tiny_diff,tiny_offset' \
  > /home/red/code/research/tola/_out/canary/projects/tiny-full/build_lib/inspect_lib-Bs.6.json)
[2026-08-03 13:56:49.148] build_lib_inspect          detect  (ok, output present)
[2026-08-03 13:56:49.148] build_lib_inspect          check_post  (pass)
[2026-08-03 13:56:49.148] build_lib_inspect          done
[2026-08-03 13:56:49.148] build_binding_ocaml        check_pre  (pass)
[2026-08-03 13:56:49.150] build_binding_ocaml        cmd  ((LIBRARY_PATH=$PWD/canary/examples/tiny/scenarios/_cache/assembled/lib#Bs.6/c/build LD_RUN_PATH=$PWD/canary/examples/tiny/scenarios/_cache/assembled/lib#Bs.6/c/build dune build --root canary/examples/tiny/scenarios/_cache/assembled/lib#Bs.6 ocaml/tiny.cmxa ocaml/libtiny_stubs.a) > /home/red/code/research/tola/_out/canary/projects/tiny-full/build_binding/ocaml/build_lib-Bs.6.log 2>&1 && echo 'ok' > /home/red/code/research/tola/_out/canary/projects/tiny-full/build_binding/ocaml/build_lib-Bs.6.ok)
[2026-08-03 13:56:49.179] build_binding_ocaml        detect  (ok, output present)
[2026-08-03 13:56:49.179] build_binding_ocaml        done  (no compat failure predicted; success expected)
[2026-08-03 13:56:49.179] build_binding_ocaml_inspect  check_pre  (pass)
[2026-08-03 13:56:49.181] build_binding_ocaml_inspect  cmd  (python3 canary/scripts/inspect_binding.py --kind stub --path canary/examples/tiny/scenarios/_cache/assembled/lib#Bs.6/_build/default/ocaml/libtiny_stubs.a --prefix tiny_ > /home/red/code/research/tola/_out/canary/projects/tiny-full/build_binding/ocaml/inspect_lib-Bs.6.json && python3 canary/scripts/inspect_binding.py --kind mli --module-prefix Tiny --path canary/examples/tiny/scenarios/_cache/assembled/lib#Bs.6/ocaml/tiny.mli --watchlist 'Tiny,Tiny.sum,Tiny.diff,Tiny.offset' > /home/red/code/research/tola/_out/canary/projects/tiny-full/build_binding/ocaml/inspect_mli_lib-Bs.6.json)
[2026-08-03 13:56:49.298] build_binding_ocaml_inspect  detect  (ok, output present)
[2026-08-03 13:56:49.298] build_binding_ocaml_inspect  check_post  (pass)
[2026-08-03 13:56:49.298] build_binding_ocaml_inspect  done
[2026-08-03 13:56:49.298] probe_binding_ocaml        check_pre  (pass)
[2026-08-03 13:56:49.301] probe_binding_ocaml        cmd  ((LIBRARY_PATH=$PWD/canary/examples/tiny/scenarios/_cache/assembled/lib#Bs.6/c/build LD_RUN_PATH=$PWD/canary/examples/tiny/scenarios/_cache/assembled/lib#Bs.6/c/build dune build --root canary/examples/tiny/scenarios/_cache/assembled/lib#Bs.6 ocaml/examples/probe_baseline.exe && LD_LIBRARY_PATH=$PWD/canary/examples/tiny/scenarios/_cache/assembled/lib#Bs.6/c/build canary/examples/tiny/scenarios/_cache/assembled/lib#Bs.6/_build/default/ocaml/examples/probe_baseline.exe) > /home/red/code/research/tola/_out/canary/projects/tiny-full/probe_binding/ocaml/probe_lib-Bs.6.log 2>&1)
[2026-08-03 13:56:49.333] probe_binding_ocaml        detect  (ok, output present)
[2026-08-03 13:56:49.333] probe_binding_ocaml        done  (no compat failure predicted; success expected)
[2026-08-03 13:56:49.333] probe_binding_ocaml_inspect  check_pre  (pass)
[2026-08-03 13:56:49.335] probe_binding_ocaml_inspect  cmd  (python3 canary/scripts/inspect_binding.py --kind mli --module-prefix Tiny --path canary/examples/tiny/scenarios/_cache/assembled/lib#Bs.6/ocaml/tiny.mli --watchlist 'Tiny,Tiny.sum,Tiny.diff,Tiny.offset' > /home/red/code/research/tola/_out/canary/projects/tiny-full/probe_binding/ocaml/inspect_lib-Bs.6.json)
[2026-08-03 13:56:49.376] probe_binding_ocaml_inspect  detect  (ok, output present)
[2026-08-03 13:56:49.376] probe_binding_ocaml_inspect  check_post  (pass)
[2026-08-03 13:56:49.376] probe_binding_ocaml_inspect  done
[2026-08-03 13:56:49.376] build_binding_python       check_pre  (pass)
[2026-08-03 13:56:49.378] build_binding_python       cmd  (ls canary/examples/tiny/scenarios/_cache/assembled/lib#Bs.6/python_cext/tiny_cext/_native.cpython-*.so > /dev/null && echo 'ok' > /home/red/code/research/tola/_out/canary/projects/tiny-full/build_binding/python/build_lib-Bs.6.ok)
[2026-08-03 13:56:49.380] build_binding_python       detect  (ok, output present)
[2026-08-03 13:56:49.380] build_binding_python       check_post  (pass)
[2026-08-03 13:56:49.380] build_binding_python       done
[2026-08-03 13:56:49.380] build_binding_python_inspect  check_pre  (pass)
[2026-08-03 13:56:49.382] build_binding_python_inspect  cmd  (python3 canary/scripts/inspect_binding.py --kind stub --path canary/examples/tiny/scenarios/_cache/assembled/lib#Bs.6/python_cext/tiny_cext/_native.cpython-*.so --prefix tiny_ > /home/red/code/research/tola/_out/canary/projects/tiny-full/build_binding/python/inspect_lib-Bs.6.json && LD_LIBRARY_PATH=$PWD/canary/examples/tiny/scenarios/_cache/assembled/lib#Bs.6/c/build PYTHONPATH=canary/examples/tiny/scenarios/_cache/assembled/lib#Bs.6/python_cext python3 canary/scripts/inspect_python.py --pkg tiny_cext --watchlist 'sum,diff,offset' > /home/red/code/research/tola/_out/canary/projects/tiny-full/build_binding/python/inspect_attrs_lib-Bs.6.json)
[2026-08-03 13:56:49.502] build_binding_python_inspect  detect  (ok, output present)
[2026-08-03 13:56:49.502] build_binding_python_inspect  check_post  (pass)
[2026-08-03 13:56:49.502] build_binding_python_inspect  done
[2026-08-03 13:56:49.502] probe_binding_python       check_pre  (pass)
[2026-08-03 13:56:49.504] probe_binding_python       cmd  (LD_LIBRARY_PATH=$PWD/canary/examples/tiny/scenarios/_cache/assembled/lib#Bs.6/c/build PYTHONPATH=canary/examples/tiny/scenarios/_cache/assembled/lib#Bs.6/python_cext python3 canary/examples/tiny/scenarios/_cache/assembled/lib#Bs.6/python_cext/examples/probe_baseline.py > /home/red/code/research/tola/_out/canary/projects/tiny-full/probe_binding/python/probe_lib-Bs.6.log 2>&1)
[2026-08-03 13:56:49.517] probe_binding_python       detect  (ok, output present)
[2026-08-03 13:56:49.517] probe_binding_python       done  (no compat failure predicted; success expected)
[2026-08-03 13:56:49.517] probe_binding_python_inspect  check_pre  (pass)
[2026-08-03 13:56:49.519] probe_binding_python_inspect  cmd  (LD_LIBRARY_PATH=$PWD/canary/examples/tiny/scenarios/_cache/assembled/lib#Bs.6/c/build PYTHONPATH=canary/examples/tiny/scenarios/_cache/assembled/lib#Bs.6/python_cext python3 canary/scripts/inspect_python.py --pkg tiny_cext --watchlist 'sum,diff,offset' > /home/red/code/research/tola/_out/canary/projects/tiny-full/probe_binding/python/inspect_lib-Bs.6.json)
[2026-08-03 13:56:49.554] probe_binding_python_inspect  detect  (ok, output present)
[2026-08-03 13:56:49.554] probe_binding_python_inspect  check_post  (pass)
[2026-08-03 13:56:49.554] probe_binding_python_inspect  done
[2026-08-03 13:56:49.554] probe_lib                  check_pre  (pass)
[2026-08-03 13:56:49.556] probe_lib                  cmd  (nm -D canary/examples/tiny/scenarios/_cache/assembled/lib#Bs.6/c/build/libtiny.so.1 | grep -E '^[0-9a-f]+ T tiny_' > /home/red/code/research/tola/_out/canary/projects/tiny-full/probe_lib/probe_lib-Bs.6.log 2>&1)
[2026-08-03 13:56:49.596] probe_lib                  detect  (ok, output present)
[2026-08-03 13:56:49.596] probe_lib                  check_post  (pass)
[2026-08-03 13:56:49.596] probe_lib                  done
[2026-08-03 13:56:49.596] *                          graph_end  (13/13 completed)
[2026-08-03 13:56:49.596] *                          diagram  (_out/canary/projects/tiny-full/-run/diagrams/all.mmd)
[2026-08-03 13:56:49.597] *                          diagram  (_out/canary/projects/tiny-full/-run/diagrams/full.mmd)
[2026-08-03 13:56:49.597] *                          view  (lib (2 steps))
[2026-08-03 13:56:49.597] *                          view  (probes (5 steps))
[2026-08-03 13:56:49.597] *                          view  (binding_ocaml (4 steps))
[2026-08-03 13:56:49.597] *                          view  (binding_python (4 steps))
[2026-08-03 13:56:49.598] *                          html  (_out/canary/projects/tiny-full/-run/result.html)
[2026-08-03 13:56:49.599] *                          index  (_out/canary/projects/index.html)
[2026-08-03 13:56:49.599] !                          invariant  (full.mmd: connectivity errors:
  [3]→[5]: no edge A_build_lib→A_build_binding_ocaml
  [3]→[13]: no edge A_build_lib→A_probe_lib
  [5]→[7]: no edge A_build_binding_ocaml→A_probe_binding_ocaml
  [3]→[7]: no edge A_build_lib→A_probe_binding_ocaml
  [1]→[2]: no edge A_configure→A_scan_sources
  [9]→[11]: no edge A_build_binding_python→A_probe_binding_python
  [3]→[11]: no edge A_build_lib→A_probe_binding_python
  [3]→[9]: no edge A_build_lib→A_build_binding_python)
[2026-08-03 13:56:49.599] !                          invariant  (SOME FAILED)
[2026-08-03 13:56:49.702] *                          graph_start  (13 steps)
[2026-08-03 13:56:49.702] configure                  check_pre  (pass)
[2026-08-03 13:56:49.704] configure                  cmd  (test -d canary/examples/tiny/scenarios/_cache/assembled/lib#Bs.7/c/build || { echo 'lib_dir missing: canary/examples/tiny/scenarios/_cache/assembled/lib#Bs.7/c/build'; exit 1; } && echo 'ok' > /home/red/code/research/tola/_out/canary/projects/tiny-full/configure/conf_lib-Bs.7.ok)
[2026-08-03 13:56:49.705] configure                  detect  (ok, output present)
[2026-08-03 13:56:49.705] configure                  check_post  (pass)
[2026-08-03 13:56:49.705] configure                  done
[2026-08-03 13:56:49.705] scan_sources               check_pre  (pass)
[2026-08-03 13:56:49.707] scan_sources               cmd  (python3 canary/scripts/inspect_tiny_typed.py --layer header --path canary/examples/tiny/scenarios/_cache/assembled/lib#Bs.7/c/include/tiny.h > /home/red/code/research/tola/_out/canary/projects/tiny-full/scan_sources/inspect_typed_header_lib-Bs.7.json && python3 canary/scripts/inspect_tiny_typed.py --layer stub_ocaml --path canary/examples/tiny/scenarios/_cache/assembled/lib#Bs.7/ocaml/tiny_raw.mli > /home/red/code/research/tola/_out/canary/projects/tiny-full/scan_sources/inspect_typed_binding_stub_ocaml_lib-Bs.7.json && python3 canary/scripts/inspect_tiny_typed.py --layer user_ocaml --path canary/examples/tiny/scenarios/_cache/assembled/lib#Bs.7/ocaml/tiny.mli > /home/red/code/research/tola/_out/canary/projects/tiny-full/scan_sources/inspect_typed_binding_user_ocaml_lib-Bs.7.json && python3 canary/scripts/inspect_tiny_typed.py --layer stub_python --path canary/examples/tiny/scenarios/_cache/assembled/lib#Bs.7/python_cext/tiny_cext/_native.c > /home/red/code/research/tola/_out/canary/projects/tiny-full/scan_sources/inspect_typed_binding_stub_python_lib-Bs.7.json && python3 canary/scripts/inspect_tiny_typed.py --layer user_python --path canary/examples/tiny/scenarios/_cache/assembled/lib#Bs.7/python_cext/tiny_cext/__init__.py > /home/red/code/research/tola/_out/canary/projects/tiny-full/scan_sources/inspect_typed_binding_user_python_lib-Bs.7.json && echo 'ok' > /home/red/code/research/tola/_out/canary/projects/tiny-full/scan_sources/scan_lib-Bs.7.ok)
[2026-08-03 13:56:49.881] scan_sources               detect  (ok, output present)
[2026-08-03 13:56:49.881] scan_sources               check_post  (pass)
[2026-08-03 13:56:49.881] scan_sources               done
[2026-08-03 13:56:49.881] build_lib                  check_pre  (pass)
[2026-08-03 13:56:49.883] build_lib                  cmd  (test -f canary/examples/tiny/scenarios/_cache/assembled/lib#Bs.7/c/build/libtiny.so.1 || { mkdir -p canary/examples/tiny/scenarios/_cache/assembled/lib#Bs.7/c/build && gcc -c -fPIC -Icanary/examples/tiny/scenarios/_cache/assembled/lib#Bs.7/c/include canary/examples/tiny/scenarios/_cache/assembled/lib#Bs.7/c/src/tiny.c -o canary/examples/tiny/scenarios/_cache/assembled/lib#Bs.7/c/build/tiny.o && gcc -shared -fPIC -Wl,-soname,libtiny.so.1 -Wl,--version-script=canary/examples/tiny/scenarios/_cache/assembled/lib#Bs.7/c/tiny.map canary/examples/tiny/scenarios/_cache/assembled/lib#Bs.7/c/build/tiny.o -o canary/examples/tiny/scenarios/_cache/assembled/lib#Bs.7/c/build/libtiny.so.1.0 && ln -sf libtiny.so.1.0 canary/examples/tiny/scenarios/_cache/assembled/lib#Bs.7/c/build/libtiny.so.1 && ln -sf libtiny.so.1 canary/examples/tiny/scenarios/_cache/assembled/lib#Bs.7/c/build/libtiny.so ; } && echo 'ok' > /home/red/code/research/tola/_out/canary/projects/tiny-full/build_lib/build_lib-Bs.7.ok)
[2026-08-03 13:56:49.884] build_lib                  detect  (ok, output present)
[2026-08-03 13:56:49.884] build_lib                  check_post  (pass)
[2026-08-03 13:56:49.884] build_lib                  done
[2026-08-03 13:56:49.884] build_lib_inspect          check_pre  (pass)
[2026-08-03 13:56:49.885] build_lib_inspect          cmd  (nm -D "canary/examples/tiny/scenarios/_cache/assembled/lib#Bs.7/c/build/libtiny.so.1" 2>/dev/null \
  | python3 canary/scripts/inspect_native.py --emit-symbols --elf --path "canary/examples/tiny/scenarios/_cache/assembled/lib#Bs.7/c/build/libtiny.so.1" --prefixes 'tiny_' --watchlist 'tiny_sum,tiny_diff,tiny_offset' \
  > /home/red/code/research/tola/_out/canary/projects/tiny-full/build_lib/inspect_lib-Bs.7.json)
[2026-08-03 13:56:49.936] build_lib_inspect          detect  (ok, output present)
[2026-08-03 13:56:49.936] build_lib_inspect          check_post  (pass)
[2026-08-03 13:56:49.936] build_lib_inspect          done
[2026-08-03 13:56:49.936] build_binding_ocaml        check_pre  (pass)
[2026-08-03 13:56:49.938] build_binding_ocaml        cmd  ((LIBRARY_PATH=$PWD/canary/examples/tiny/scenarios/_cache/assembled/lib#Bs.7/c/build LD_RUN_PATH=$PWD/canary/examples/tiny/scenarios/_cache/assembled/lib#Bs.7/c/build dune build --root canary/examples/tiny/scenarios/_cache/assembled/lib#Bs.7 ocaml/tiny.cmxa ocaml/libtiny_stubs.a) > /home/red/code/research/tola/_out/canary/projects/tiny-full/build_binding/ocaml/build_lib-Bs.7.log 2>&1 && echo 'ok' > /home/red/code/research/tola/_out/canary/projects/tiny-full/build_binding/ocaml/build_lib-Bs.7.ok)
[2026-08-03 13:56:49.968] build_binding_ocaml        detect  (ok, output present)
[2026-08-03 13:56:49.968] build_binding_ocaml        done  (no compat failure predicted; success expected)
[2026-08-03 13:56:49.968] build_binding_ocaml_inspect  check_pre  (pass)
[2026-08-03 13:56:49.971] build_binding_ocaml_inspect  cmd  (python3 canary/scripts/inspect_binding.py --kind stub --path canary/examples/tiny/scenarios/_cache/assembled/lib#Bs.7/_build/default/ocaml/libtiny_stubs.a --prefix tiny_ > /home/red/code/research/tola/_out/canary/projects/tiny-full/build_binding/ocaml/inspect_lib-Bs.7.json && python3 canary/scripts/inspect_binding.py --kind mli --module-prefix Tiny --path canary/examples/tiny/scenarios/_cache/assembled/lib#Bs.7/ocaml/tiny.mli --watchlist 'Tiny,Tiny.sum,Tiny.diff,Tiny.offset' > /home/red/code/research/tola/_out/canary/projects/tiny-full/build_binding/ocaml/inspect_mli_lib-Bs.7.json)
[2026-08-03 13:56:50.094] build_binding_ocaml_inspect  detect  (ok, output present)
[2026-08-03 13:56:50.094] build_binding_ocaml_inspect  check_post  (pass)
[2026-08-03 13:56:50.094] build_binding_ocaml_inspect  done
[2026-08-03 13:56:50.094] probe_binding_ocaml        check_pre  (pass)
[2026-08-03 13:56:50.096] probe_binding_ocaml        cmd  ((LIBRARY_PATH=$PWD/canary/examples/tiny/scenarios/_cache/assembled/lib#Bs.7/c/build LD_RUN_PATH=$PWD/canary/examples/tiny/scenarios/_cache/assembled/lib#Bs.7/c/build dune build --root canary/examples/tiny/scenarios/_cache/assembled/lib#Bs.7 ocaml/examples/probe_baseline.exe && LD_LIBRARY_PATH=$PWD/canary/examples/tiny/scenarios/_cache/assembled/lib#Bs.7/c/build canary/examples/tiny/scenarios/_cache/assembled/lib#Bs.7/_build/default/ocaml/examples/probe_baseline.exe) > /home/red/code/research/tola/_out/canary/projects/tiny-full/probe_binding/ocaml/probe_lib-Bs.7.log 2>&1)
[2026-08-03 13:56:50.128] probe_binding_ocaml        cmd_fail  (exit 1)
[2026-08-03 13:56:50.128] probe_binding_ocaml        detect  (error, output present)
[2026-08-03 13:56:50.128] probe_binding_ocaml        failed  (no compat failure predicted but command failed)
[2026-08-03 13:56:50.128] build_binding_python       check_pre  (pass)
[2026-08-03 13:56:50.130] build_binding_python       cmd  (ls canary/examples/tiny/scenarios/_cache/assembled/lib#Bs.7/python_cext/tiny_cext/_native.cpython-*.so > /dev/null && echo 'ok' > /home/red/code/research/tola/_out/canary/projects/tiny-full/build_binding/python/build_lib-Bs.7.ok)
[2026-08-03 13:56:50.132] build_binding_python       detect  (ok, output present)
[2026-08-03 13:56:50.132] build_binding_python       check_post  (pass)
[2026-08-03 13:56:50.132] build_binding_python       done
[2026-08-03 13:56:50.132] build_binding_python_inspect  check_pre  (pass)
[2026-08-03 13:56:50.133] build_binding_python_inspect  cmd  (python3 canary/scripts/inspect_binding.py --kind stub --path canary/examples/tiny/scenarios/_cache/assembled/lib#Bs.7/python_cext/tiny_cext/_native.cpython-*.so --prefix tiny_ > /home/red/code/research/tola/_out/canary/projects/tiny-full/build_binding/python/inspect_lib-Bs.7.json && LD_LIBRARY_PATH=$PWD/canary/examples/tiny/scenarios/_cache/assembled/lib#Bs.7/c/build PYTHONPATH=canary/examples/tiny/scenarios/_cache/assembled/lib#Bs.7/python_cext python3 canary/scripts/inspect_python.py --pkg tiny_cext --watchlist 'sum,diff,offset' > /home/red/code/research/tola/_out/canary/projects/tiny-full/build_binding/python/inspect_attrs_lib-Bs.7.json)
[2026-08-03 13:56:50.252] build_binding_python_inspect  detect  (ok, output present)
[2026-08-03 13:56:50.252] build_binding_python_inspect  check_post  (pass)
[2026-08-03 13:56:50.252] build_binding_python_inspect  done
[2026-08-03 13:56:50.252] probe_binding_python       check_pre  (pass)
[2026-08-03 13:56:50.254] probe_binding_python       cmd  (LD_LIBRARY_PATH=$PWD/canary/examples/tiny/scenarios/_cache/assembled/lib#Bs.7/c/build PYTHONPATH=canary/examples/tiny/scenarios/_cache/assembled/lib#Bs.7/python_cext python3 canary/examples/tiny/scenarios/_cache/assembled/lib#Bs.7/python_cext/examples/probe_baseline.py > /home/red/code/research/tola/_out/canary/projects/tiny-full/probe_binding/python/probe_lib-Bs.7.log 2>&1)
[2026-08-03 13:56:50.265] probe_binding_python       cmd_fail  (exit 1)
[2026-08-03 13:56:50.265] probe_binding_python       detect  (error, output present)
[2026-08-03 13:56:50.266] probe_binding_python       failed  (no compat failure predicted but command failed)
[2026-08-03 13:56:50.266] probe_lib                  check_pre  (pass)
[2026-08-03 13:56:50.268] probe_lib                  cmd  (nm -D canary/examples/tiny/scenarios/_cache/assembled/lib#Bs.7/c/build/libtiny.so.1 | grep -E '^[0-9a-f]+ T tiny_' > /home/red/code/research/tola/_out/canary/projects/tiny-full/probe_lib/probe_lib-Bs.7.log 2>&1)
[2026-08-03 13:56:50.310] probe_lib                  detect  (ok, output present)
[2026-08-03 13:56:50.310] probe_lib                  check_post  (pass)
[2026-08-03 13:56:50.310] probe_lib                  done
[2026-08-03 13:56:50.310] *                          graph_end  (9/13 completed)
[2026-08-03 13:56:50.310] probe_binding_ocaml        failed
[2026-08-03 13:56:50.310] probe_binding_ocaml_inspect  skipped
[2026-08-03 13:56:50.310] probe_binding_python       failed
[2026-08-03 13:56:50.310] probe_binding_python_inspect  skipped
[2026-08-03 13:56:50.310] *                          diagram  (_out/canary/projects/tiny-full/-run/diagrams/all.mmd)
[2026-08-03 13:56:50.310] *                          diagram  (_out/canary/projects/tiny-full/-run/diagrams/full.mmd)
[2026-08-03 13:56:50.310] *                          view  (lib (2 steps))
[2026-08-03 13:56:50.310] *                          view  (probes (5 steps))
[2026-08-03 13:56:50.311] *                          view  (binding_ocaml (4 steps))
[2026-08-03 13:56:50.311] *                          view  (binding_python (4 steps))
[2026-08-03 13:56:50.311] *                          html  (_out/canary/projects/tiny-full/-run/result.html)
[2026-08-03 13:56:50.312] *                          index  (_out/canary/projects/index.html)
[2026-08-03 13:56:50.312] !                          invariant  (full.mmd: connectivity errors:
  [3]→[5]: no edge A_build_lib→A_build_binding_ocaml
  [3]→[13]: no edge A_build_lib→A_probe_lib
  [5]→[7]: no edge A_build_binding_ocaml→A_probe_binding_ocaml
  [3]→[7]: no edge A_build_lib→A_probe_binding_ocaml
  [1]→[2]: no edge A_configure→A_scan_sources
  [9]→[11]: no edge A_build_binding_python→A_probe_binding_python
  [3]→[11]: no edge A_build_lib→A_probe_binding_python
  [3]→[9]: no edge A_build_lib→A_build_binding_python)
[2026-08-03 13:56:50.312] !                          invariant  (SOME FAILED)
[2026-08-03 13:56:50.414] *                          graph_start  (13 steps)
[2026-08-03 13:56:50.414] configure                  check_pre  (pass)
[2026-08-03 13:56:50.416] configure                  cmd  (test -d canary/examples/tiny/scenarios/_cache/assembled/lib#Bs.4/c/build || { echo 'lib_dir missing: canary/examples/tiny/scenarios/_cache/assembled/lib#Bs.4/c/build'; exit 1; } && echo 'ok' > /home/red/code/research/tola/_out/canary/projects/tiny-full/configure/conf_lib-Bs.4.ok)
[2026-08-03 13:56:50.417] configure                  detect  (ok, output present)
[2026-08-03 13:56:50.417] configure                  check_post  (pass)
[2026-08-03 13:56:50.417] configure                  done
[2026-08-03 13:56:50.417] scan_sources               check_pre  (pass)
[2026-08-03 13:56:50.419] scan_sources               cmd  (python3 canary/scripts/inspect_tiny_typed.py --layer header --path canary/examples/tiny/scenarios/_cache/assembled/lib#Bs.4/c/include/tiny.h > /home/red/code/research/tola/_out/canary/projects/tiny-full/scan_sources/inspect_typed_header_lib-Bs.4.json && python3 canary/scripts/inspect_tiny_typed.py --layer stub_ocaml --path canary/examples/tiny/scenarios/_cache/assembled/lib#Bs.4/ocaml/tiny_raw.mli > /home/red/code/research/tola/_out/canary/projects/tiny-full/scan_sources/inspect_typed_binding_stub_ocaml_lib-Bs.4.json && python3 canary/scripts/inspect_tiny_typed.py --layer user_ocaml --path canary/examples/tiny/scenarios/_cache/assembled/lib#Bs.4/ocaml/tiny.mli > /home/red/code/research/tola/_out/canary/projects/tiny-full/scan_sources/inspect_typed_binding_user_ocaml_lib-Bs.4.json && python3 canary/scripts/inspect_tiny_typed.py --layer stub_python --path canary/examples/tiny/scenarios/_cache/assembled/lib#Bs.4/python_cext/tiny_cext/_native.c > /home/red/code/research/tola/_out/canary/projects/tiny-full/scan_sources/inspect_typed_binding_stub_python_lib-Bs.4.json && python3 canary/scripts/inspect_tiny_typed.py --layer user_python --path canary/examples/tiny/scenarios/_cache/assembled/lib#Bs.4/python_cext/tiny_cext/__init__.py > /home/red/code/research/tola/_out/canary/projects/tiny-full/scan_sources/inspect_typed_binding_user_python_lib-Bs.4.json && echo 'ok' > /home/red/code/research/tola/_out/canary/projects/tiny-full/scan_sources/scan_lib-Bs.4.ok)
[2026-08-03 13:56:50.592] scan_sources               detect  (ok, output present)
[2026-08-03 13:56:50.592] scan_sources               check_post  (pass)
[2026-08-03 13:56:50.592] scan_sources               done
[2026-08-03 13:56:50.592] build_lib                  check_pre  (pass)
[2026-08-03 13:56:50.594] build_lib                  cmd  (test -f canary/examples/tiny/scenarios/_cache/assembled/lib#Bs.4/c/build/libtiny.so.2 || { mkdir -p canary/examples/tiny/scenarios/_cache/assembled/lib#Bs.4/c/build && gcc -c -fPIC -Icanary/examples/tiny/scenarios/_cache/assembled/lib#Bs.4/c/include canary/examples/tiny/scenarios/_cache/assembled/lib#Bs.4/c/src/tiny.c -o canary/examples/tiny/scenarios/_cache/assembled/lib#Bs.4/c/build/tiny.o && gcc -shared -fPIC -Wl,-soname,libtiny.so.1 -Wl,--version-script=canary/examples/tiny/scenarios/_cache/assembled/lib#Bs.4/c/tiny.map canary/examples/tiny/scenarios/_cache/assembled/lib#Bs.4/c/build/tiny.o -o canary/examples/tiny/scenarios/_cache/assembled/lib#Bs.4/c/build/libtiny.so.1.0 && ln -sf libtiny.so.1.0 canary/examples/tiny/scenarios/_cache/assembled/lib#Bs.4/c/build/libtiny.so.1 && ln -sf libtiny.so.1 canary/examples/tiny/scenarios/_cache/assembled/lib#Bs.4/c/build/libtiny.so ; } && echo 'ok' > /home/red/code/research/tola/_out/canary/projects/tiny-full/build_lib/build_lib-Bs.4.ok)
[2026-08-03 13:56:50.595] build_lib                  detect  (ok, output present)
[2026-08-03 13:56:50.595] build_lib                  check_post  (pass)
[2026-08-03 13:56:50.595] build_lib                  done
[2026-08-03 13:56:50.595] build_lib_inspect          check_pre  (pass)
[2026-08-03 13:56:50.597] build_lib_inspect          cmd  (nm -D "canary/examples/tiny/scenarios/_cache/assembled/lib#Bs.4/c/build/libtiny.so.2" 2>/dev/null \
  | python3 canary/scripts/inspect_native.py --emit-symbols --elf --path "canary/examples/tiny/scenarios/_cache/assembled/lib#Bs.4/c/build/libtiny.so.2" --prefixes 'tiny_' --watchlist 'tiny_sum,tiny_diff,tiny_offset' \
  > /home/red/code/research/tola/_out/canary/projects/tiny-full/build_lib/inspect_lib-Bs.4.json)
[2026-08-03 13:56:50.648] build_lib_inspect          detect  (ok, output present)
[2026-08-03 13:56:50.648] build_lib_inspect          check_post  (pass)
[2026-08-03 13:56:50.648] build_lib_inspect          done
[2026-08-03 13:56:50.648] build_binding_ocaml        check_pre  (pass)
[2026-08-03 13:56:50.650] build_binding_ocaml        cmd  ((LIBRARY_PATH=$PWD/canary/examples/tiny/scenarios/_cache/assembled/lib#Bs.4/c/build LD_RUN_PATH=$PWD/canary/examples/tiny/scenarios/_cache/assembled/lib#Bs.4/c/build dune build --root canary/examples/tiny/scenarios/_cache/assembled/lib#Bs.4 ocaml/tiny.cmxa ocaml/libtiny_stubs.a) > /home/red/code/research/tola/_out/canary/projects/tiny-full/build_binding/ocaml/build_lib-Bs.4.log 2>&1 && echo 'ok' > /home/red/code/research/tola/_out/canary/projects/tiny-full/build_binding/ocaml/build_lib-Bs.4.ok)
[2026-08-03 13:56:50.681] build_binding_ocaml        detect  (ok, output present)
[2026-08-03 13:56:50.681] build_binding_ocaml        done  (no compat failure predicted; success expected)
[2026-08-03 13:56:50.681] build_binding_ocaml_inspect  check_pre  (pass)
[2026-08-03 13:56:50.683] build_binding_ocaml_inspect  cmd  (python3 canary/scripts/inspect_binding.py --kind stub --path canary/examples/tiny/scenarios/_cache/assembled/lib#Bs.4/_build/default/ocaml/libtiny_stubs.a --prefix tiny_ > /home/red/code/research/tola/_out/canary/projects/tiny-full/build_binding/ocaml/inspect_lib-Bs.4.json && python3 canary/scripts/inspect_binding.py --kind mli --module-prefix Tiny --path canary/examples/tiny/scenarios/_cache/assembled/lib#Bs.4/ocaml/tiny.mli --watchlist 'Tiny,Tiny.sum,Tiny.diff,Tiny.offset' > /home/red/code/research/tola/_out/canary/projects/tiny-full/build_binding/ocaml/inspect_mli_lib-Bs.4.json)
[2026-08-03 13:56:50.809] build_binding_ocaml_inspect  detect  (ok, output present)
[2026-08-03 13:56:50.809] build_binding_ocaml_inspect  check_post  (pass)
[2026-08-03 13:56:50.809] build_binding_ocaml_inspect  done
[2026-08-03 13:56:50.809] probe_binding_ocaml        check_pre  (pass)
[2026-08-03 13:56:50.811] probe_binding_ocaml        cmd  ((LIBRARY_PATH=$PWD/canary/examples/tiny/scenarios/_cache/assembled/lib#Bs.4/c/build LD_RUN_PATH=$PWD/canary/examples/tiny/scenarios/_cache/assembled/lib#Bs.4/c/build dune build --root canary/examples/tiny/scenarios/_cache/assembled/lib#Bs.4 ocaml/examples/probe_baseline.exe && LD_LIBRARY_PATH=$PWD/canary/examples/tiny/scenarios/_cache/assembled/lib#Bs.4/c/build canary/examples/tiny/scenarios/_cache/assembled/lib#Bs.4/_build/default/ocaml/examples/probe_baseline.exe) > /home/red/code/research/tola/_out/canary/projects/tiny-full/probe_binding/ocaml/probe_lib-Bs.4.log 2>&1)
[2026-08-03 13:56:50.844] probe_binding_ocaml        cmd_fail  (exit 127)
[2026-08-03 13:56:50.844] probe_binding_ocaml        detect  (error, output present)
[2026-08-03 13:56:50.844] probe_binding_ocaml        failed  (no compat failure predicted but command failed)
[2026-08-03 13:56:50.844] build_binding_python       check_pre  (pass)
[2026-08-03 13:56:50.846] build_binding_python       cmd  (ls canary/examples/tiny/scenarios/_cache/assembled/lib#Bs.4/python_cext/tiny_cext/_native.cpython-*.so > /dev/null && echo 'ok' > /home/red/code/research/tola/_out/canary/projects/tiny-full/build_binding/python/build_lib-Bs.4.ok)
[2026-08-03 13:56:50.848] build_binding_python       detect  (ok, output present)
[2026-08-03 13:56:50.848] build_binding_python       check_post  (pass)
[2026-08-03 13:56:50.848] build_binding_python       done
[2026-08-03 13:56:50.848] build_binding_python_inspect  check_pre  (pass)
[2026-08-03 13:56:50.850] build_binding_python_inspect  cmd  (python3 canary/scripts/inspect_binding.py --kind stub --path canary/examples/tiny/scenarios/_cache/assembled/lib#Bs.4/python_cext/tiny_cext/_native.cpython-*.so --prefix tiny_ > /home/red/code/research/tola/_out/canary/projects/tiny-full/build_binding/python/inspect_lib-Bs.4.json && LD_LIBRARY_PATH=$PWD/canary/examples/tiny/scenarios/_cache/assembled/lib#Bs.4/c/build PYTHONPATH=canary/examples/tiny/scenarios/_cache/assembled/lib#Bs.4/python_cext python3 canary/scripts/inspect_python.py --pkg tiny_cext --watchlist 'sum,diff,offset' > /home/red/code/research/tola/_out/canary/projects/tiny-full/build_binding/python/inspect_attrs_lib-Bs.4.json)
[2026-08-03 13:56:50.965] build_binding_python_inspect  detect  (ok, output present)
[2026-08-03 13:56:50.965] build_binding_python_inspect  check_post  (pass)
[2026-08-03 13:56:50.965] build_binding_python_inspect  done
[2026-08-03 13:56:50.965] probe_binding_python       check_pre  (pass)
[2026-08-03 13:56:50.967] probe_binding_python       cmd  (LD_LIBRARY_PATH=$PWD/canary/examples/tiny/scenarios/_cache/assembled/lib#Bs.4/c/build PYTHONPATH=canary/examples/tiny/scenarios/_cache/assembled/lib#Bs.4/python_cext python3 canary/examples/tiny/scenarios/_cache/assembled/lib#Bs.4/python_cext/examples/probe_baseline.py > /home/red/code/research/tola/_out/canary/projects/tiny-full/probe_binding/python/probe_lib-Bs.4.log 2>&1)
[2026-08-03 13:56:50.998] probe_binding_python       cmd_fail  (exit 1)
[2026-08-03 13:56:50.998] probe_binding_python       detect  (error, output present)
[2026-08-03 13:56:50.998] probe_binding_python       done  (expected failure confirmed (derived))
[2026-08-03 13:56:50.998] probe_binding_python_inspect  check_pre  (pass)
[2026-08-03 13:56:51.000] probe_binding_python_inspect  cmd  (LD_LIBRARY_PATH=$PWD/canary/examples/tiny/scenarios/_cache/assembled/lib#Bs.4/c/build PYTHONPATH=canary/examples/tiny/scenarios/_cache/assembled/lib#Bs.4/python_cext python3 canary/scripts/inspect_python.py --pkg tiny_cext --watchlist 'sum,diff,offset' > /home/red/code/research/tola/_out/canary/projects/tiny-full/probe_binding/python/inspect_lib-Bs.4.json)
[2026-08-03 13:56:51.035] probe_binding_python_inspect  detect  (ok, output present)
[2026-08-03 13:56:51.035] probe_binding_python_inspect  check_post  (pass)
[2026-08-03 13:56:51.035] probe_binding_python_inspect  done
[2026-08-03 13:56:51.035] probe_lib                  check_pre  (pass)
[2026-08-03 13:56:51.037] probe_lib                  cmd  (nm -D canary/examples/tiny/scenarios/_cache/assembled/lib#Bs.4/c/build/libtiny.so.2 | grep -E '^[0-9a-f]+ T tiny_' > /home/red/code/research/tola/_out/canary/projects/tiny-full/probe_lib/probe_lib-Bs.4.log 2>&1)
[2026-08-03 13:56:51.078] probe_lib                  detect  (ok, output present)
[2026-08-03 13:56:51.078] probe_lib                  check_post  (pass)
[2026-08-03 13:56:51.078] probe_lib                  done
[2026-08-03 13:56:51.078] *                          graph_end  (11/13 completed)
[2026-08-03 13:56:51.078] probe_binding_ocaml        failed
[2026-08-03 13:56:51.078] probe_binding_ocaml_inspect  skipped
[2026-08-03 13:56:51.078] *                          diagram  (_out/canary/projects/tiny-full/-run/diagrams/all.mmd)
[2026-08-03 13:56:51.078] *                          diagram  (_out/canary/projects/tiny-full/-run/diagrams/full.mmd)
[2026-08-03 13:56:51.078] *                          view  (lib (2 steps))
[2026-08-03 13:56:51.078] *                          view  (probes (5 steps))
[2026-08-03 13:56:51.078] *                          view  (binding_ocaml (4 steps))
[2026-08-03 13:56:51.079] *                          view  (binding_python (4 steps))
[2026-08-03 13:56:51.079] *                          html  (_out/canary/projects/tiny-full/-run/result.html)
[2026-08-03 13:56:51.080] *                          index  (_out/canary/projects/index.html)
[2026-08-03 13:56:51.080] !                          invariant  (full.mmd: connectivity errors:
  [3]→[5]: no edge A_build_lib→A_build_binding_ocaml
  [3]→[13]: no edge A_build_lib→A_probe_lib
  [5]→[7]: no edge A_build_binding_ocaml→A_probe_binding_ocaml
  [3]→[7]: no edge A_build_lib→A_probe_binding_ocaml
  [1]→[2]: no edge A_configure→A_scan_sources
  [9]→[11]: no edge A_build_binding_python→A_probe_binding_python
  [3]→[11]: no edge A_build_lib→A_probe_binding_python
  [3]→[9]: no edge A_build_lib→A_build_binding_python)
[2026-08-03 13:56:51.080] !                          invariant  (SOME FAILED)
[2026-08-03 13:56:51.185] *                          graph_start  (13 steps)
[2026-08-03 13:56:51.185] configure                  check_pre  (pass)
[2026-08-03 13:56:51.187] configure                  cmd  (test -d canary/examples/tiny/scenarios/_cache/assembled/lib#Dv.Sc.2.Python.lib.lib/c/build || { echo 'lib_dir missing: canary/examples/tiny/scenarios/_cache/assembled/lib#Dv.Sc.2.Python.lib.lib/c/build'; exit 1; } && echo 'ok' > /home/red/code/research/tola/_out/canary/projects/tiny-full/configure/conf_lib-Dv.Sc.2.Python.lib.lib.ok)
[2026-08-03 13:56:51.188] configure                  detect  (ok, output present)
[2026-08-03 13:56:51.188] configure                  check_post  (pass)
[2026-08-03 13:56:51.188] configure                  done
[2026-08-03 13:56:51.188] scan_sources               check_pre  (pass)
[2026-08-03 13:56:51.189] scan_sources               cmd  (python3 canary/scripts/inspect_tiny_typed.py --layer header --path canary/examples/tiny/scenarios/_cache/assembled/lib#Dv.Sc.2.Python.lib.lib/c/include/tiny.h > /home/red/code/research/tola/_out/canary/projects/tiny-full/scan_sources/inspect_typed_header_lib-Dv.Sc.2.Python.lib.lib.json && python3 canary/scripts/inspect_tiny_typed.py --layer stub_ocaml --path canary/examples/tiny/scenarios/_cache/assembled/lib#Dv.Sc.2.Python.lib.lib/ocaml/tiny_raw.mli > /home/red/code/research/tola/_out/canary/projects/tiny-full/scan_sources/inspect_typed_binding_stub_ocaml_lib-Dv.Sc.2.Python.lib.lib.json && python3 canary/scripts/inspect_tiny_typed.py --layer user_ocaml --path canary/examples/tiny/scenarios/_cache/assembled/lib#Dv.Sc.2.Python.lib.lib/ocaml/tiny.mli > /home/red/code/research/tola/_out/canary/projects/tiny-full/scan_sources/inspect_typed_binding_user_ocaml_lib-Dv.Sc.2.Python.lib.lib.json && python3 canary/scripts/inspect_tiny_typed.py --layer stub_python --path canary/examples/tiny/scenarios/_cache/assembled/lib#Dv.Sc.2.Python.lib.lib/python_cext/tiny_cext/_native.c > /home/red/code/research/tola/_out/canary/projects/tiny-full/scan_sources/inspect_typed_binding_stub_python_lib-Dv.Sc.2.Python.lib.lib.json && python3 canary/scripts/inspect_tiny_typed.py --layer user_python --path canary/examples/tiny/scenarios/_cache/assembled/lib#Dv.Sc.2.Python.lib.lib/python_cext/tiny_cext/__init__.py > /home/red/code/research/tola/_out/canary/projects/tiny-full/scan_sources/inspect_typed_binding_user_python_lib-Dv.Sc.2.Python.lib.lib.json && echo 'ok' > /home/red/code/research/tola/_out/canary/projects/tiny-full/scan_sources/scan_lib-Dv.Sc.2.Python.lib.lib.ok)
[2026-08-03 13:56:51.366] scan_sources               detect  (ok, output present)
[2026-08-03 13:56:51.366] scan_sources               check_post  (pass)
[2026-08-03 13:56:51.366] scan_sources               done
[2026-08-03 13:56:51.366] build_lib                  check_pre  (pass)
[2026-08-03 13:56:51.368] build_lib                  cmd  (test -f canary/examples/tiny/scenarios/_cache/assembled/lib#Dv.Sc.2.Python.lib.lib/c/build/libtiny.so.2 || { mkdir -p canary/examples/tiny/scenarios/_cache/assembled/lib#Dv.Sc.2.Python.lib.lib/c/build && gcc -c -fPIC -Icanary/examples/tiny/scenarios/_cache/assembled/lib#Dv.Sc.2.Python.lib.lib/c/include canary/examples/tiny/scenarios/_cache/assembled/lib#Dv.Sc.2.Python.lib.lib/c/src/tiny.c -o canary/examples/tiny/scenarios/_cache/assembled/lib#Dv.Sc.2.Python.lib.lib/c/build/tiny.o && gcc -shared -fPIC -Wl,-soname,libtiny.so.1 -Wl,--version-script=canary/examples/tiny/scenarios/_cache/assembled/lib#Dv.Sc.2.Python.lib.lib/c/tiny.map canary/examples/tiny/scenarios/_cache/assembled/lib#Dv.Sc.2.Python.lib.lib/c/build/tiny.o -o canary/examples/tiny/scenarios/_cache/assembled/lib#Dv.Sc.2.Python.lib.lib/c/build/libtiny.so.1.0 && ln -sf libtiny.so.1.0 canary/examples/tiny/scenarios/_cache/assembled/lib#Dv.Sc.2.Python.lib.lib/c/build/libtiny.so.1 && ln -sf libtiny.so.1 canary/examples/tiny/scenarios/_cache/assembled/lib#Dv.Sc.2.Python.lib.lib/c/build/libtiny.so ; } && echo 'ok' > /home/red/code/research/tola/_out/canary/projects/tiny-full/build_lib/build_lib-Dv.Sc.2.Python.lib.lib.ok)
[2026-08-03 13:56:51.369] build_lib                  detect  (ok, output present)
[2026-08-03 13:56:51.369] build_lib                  check_post  (pass)
[2026-08-03 13:56:51.369] build_lib                  done
[2026-08-03 13:56:51.369] build_lib_inspect          check_pre  (pass)
[2026-08-03 13:56:51.371] build_lib_inspect          cmd  (nm -D "canary/examples/tiny/scenarios/_cache/assembled/lib#Dv.Sc.2.Python.lib.lib/c/build/libtiny.so.2" 2>/dev/null \
  | python3 canary/scripts/inspect_native.py --emit-symbols --elf --path "canary/examples/tiny/scenarios/_cache/assembled/lib#Dv.Sc.2.Python.lib.lib/c/build/libtiny.so.2" --prefixes 'tiny_' --watchlist 'tiny_sum,tiny_diff,tiny_offset' \
  > /home/red/code/research/tola/_out/canary/projects/tiny-full/build_lib/inspect_lib-Dv.Sc.2.Python.lib.lib.json)
[2026-08-03 13:56:51.420] build_lib_inspect          detect  (ok, output present)
[2026-08-03 13:56:51.420] build_lib_inspect          check_post  (pass)
[2026-08-03 13:56:51.420] build_lib_inspect          done
[2026-08-03 13:56:51.420] build_binding_ocaml        check_pre  (pass)
[2026-08-03 13:56:51.422] build_binding_ocaml        cmd  ((LIBRARY_PATH=$PWD/canary/examples/tiny/scenarios/_cache/assembled/lib#Dv.Sc.2.Python.lib.lib/c/build LD_RUN_PATH=$PWD/canary/examples/tiny/scenarios/_cache/assembled/lib#Dv.Sc.2.Python.lib.lib/c/build dune build --root canary/examples/tiny/scenarios/_cache/assembled/lib#Dv.Sc.2.Python.lib.lib ocaml/tiny.cmxa ocaml/libtiny_stubs.a) > /home/red/code/research/tola/_out/canary/projects/tiny-full/build_binding/ocaml/build_lib-Dv.Sc.2.Python.lib.lib.log 2>&1 && echo 'ok' > /home/red/code/research/tola/_out/canary/projects/tiny-full/build_binding/ocaml/build_lib-Dv.Sc.2.Python.lib.lib.ok)
[2026-08-03 13:56:51.452] build_binding_ocaml        detect  (ok, output present)
[2026-08-03 13:56:51.453] build_binding_ocaml        done  (no compat failure predicted; success expected)
[2026-08-03 13:56:51.453] build_binding_ocaml_inspect  check_pre  (pass)
[2026-08-03 13:56:51.455] build_binding_ocaml_inspect  cmd  (python3 canary/scripts/inspect_binding.py --kind stub --path canary/examples/tiny/scenarios/_cache/assembled/lib#Dv.Sc.2.Python.lib.lib/_build/default/ocaml/libtiny_stubs.a --prefix tiny_ > /home/red/code/research/tola/_out/canary/projects/tiny-full/build_binding/ocaml/inspect_lib-Dv.Sc.2.Python.lib.lib.json && python3 canary/scripts/inspect_binding.py --kind mli --module-prefix Tiny --path canary/examples/tiny/scenarios/_cache/assembled/lib#Dv.Sc.2.Python.lib.lib/ocaml/tiny.mli --watchlist 'Tiny,Tiny.sum,Tiny.diff,Tiny.offset' > /home/red/code/research/tola/_out/canary/projects/tiny-full/build_binding/ocaml/inspect_mli_lib-Dv.Sc.2.Python.lib.lib.json)
[2026-08-03 13:56:51.573] build_binding_ocaml_inspect  detect  (ok, output present)
[2026-08-03 13:56:51.573] build_binding_ocaml_inspect  check_post  (pass)
[2026-08-03 13:56:51.573] build_binding_ocaml_inspect  done
[2026-08-03 13:56:51.573] probe_binding_ocaml        check_pre  (pass)
[2026-08-03 13:56:51.575] probe_binding_ocaml        cmd  ((LIBRARY_PATH=$PWD/canary/examples/tiny/scenarios/_cache/assembled/lib#Dv.Sc.2.Python.lib.lib/c/build LD_RUN_PATH=$PWD/canary/examples/tiny/scenarios/_cache/assembled/lib#Dv.Sc.2.Python.lib.lib/c/build dune build --root canary/examples/tiny/scenarios/_cache/assembled/lib#Dv.Sc.2.Python.lib.lib ocaml/examples/probe_baseline.exe && LD_LIBRARY_PATH=$PWD/canary/examples/tiny/scenarios/_cache/assembled/lib#Dv.Sc.2.Python.lib.lib/c/build canary/examples/tiny/scenarios/_cache/assembled/lib#Dv.Sc.2.Python.lib.lib/_build/default/ocaml/examples/probe_baseline.exe) > /home/red/code/research/tola/_out/canary/projects/tiny-full/probe_binding/ocaml/probe_lib-Dv.Sc.2.Python.lib.lib.log 2>&1)
[2026-08-03 13:56:51.606] probe_binding_ocaml        cmd_fail  (exit 127)
[2026-08-03 13:56:51.606] probe_binding_ocaml        detect  (error, output present)
[2026-08-03 13:56:51.606] probe_binding_ocaml        failed  (no compat failure predicted but command failed)
[2026-08-03 13:56:51.606] build_binding_python       check_pre  (pass)
[2026-08-03 13:56:51.608] build_binding_python       cmd  (ls canary/examples/tiny/scenarios/_cache/assembled/lib#Dv.Sc.2.Python.lib.lib/python_cext/tiny_cext/_native.cpython-*.so > /dev/null && echo 'ok' > /home/red/code/research/tola/_out/canary/projects/tiny-full/build_binding/python/build_lib-Dv.Sc.2.Python.lib.lib.ok)
[2026-08-03 13:56:51.610] build_binding_python       detect  (ok, output present)
[2026-08-03 13:56:51.610] build_binding_python       check_post  (pass)
[2026-08-03 13:56:51.610] build_binding_python       done
[2026-08-03 13:56:51.610] build_binding_python_inspect  check_pre  (pass)
[2026-08-03 13:56:51.612] build_binding_python_inspect  cmd  (python3 canary/scripts/inspect_binding.py --kind stub --path canary/examples/tiny/scenarios/_cache/assembled/lib#Dv.Sc.2.Python.lib.lib/python_cext/tiny_cext/_native.cpython-*.so --prefix tiny_ > /home/red/code/research/tola/_out/canary/projects/tiny-full/build_binding/python/inspect_lib-Dv.Sc.2.Python.lib.lib.json && LD_LIBRARY_PATH=$PWD/canary/examples/tiny/scenarios/_cache/assembled/lib#Dv.Sc.2.Python.lib.lib/c/build PYTHONPATH=canary/examples/tiny/scenarios/_cache/assembled/lib#Dv.Sc.2.Python.lib.lib/python_cext python3 canary/scripts/inspect_python.py --pkg tiny_cext --watchlist 'sum,diff,offset' > /home/red/code/research/tola/_out/canary/projects/tiny-full/build_binding/python/inspect_attrs_lib-Dv.Sc.2.Python.lib.lib.json)
[2026-08-03 13:56:51.728] build_binding_python_inspect  detect  (ok, output present)
[2026-08-03 13:56:51.728] build_binding_python_inspect  check_post  (pass)
[2026-08-03 13:56:51.728] build_binding_python_inspect  done
[2026-08-03 13:56:51.728] probe_binding_python       check_pre  (pass)
[2026-08-03 13:56:51.730] probe_binding_python       cmd  (LD_LIBRARY_PATH=$PWD/canary/examples/tiny/scenarios/_cache/assembled/lib#Dv.Sc.2.Python.lib.lib/c/build PYTHONPATH=canary/examples/tiny/scenarios/_cache/assembled/lib#Dv.Sc.2.Python.lib.lib/python_cext python3 canary/examples/tiny/scenarios/_cache/assembled/lib#Dv.Sc.2.Python.lib.lib/python_cext/examples/probe_baseline.py > /home/red/code/research/tola/_out/canary/projects/tiny-full/probe_binding/python/probe_lib-Dv.Sc.2.Python.lib.lib.log 2>&1)
[2026-08-03 13:56:51.761] probe_binding_python       cmd_fail  (exit 1)
[2026-08-03 13:56:51.761] probe_binding_python       detect  (error, output present)
[2026-08-03 13:56:51.761] probe_binding_python       done  (expected failure confirmed (derived))
[2026-08-03 13:56:51.761] probe_binding_python_inspect  check_pre  (pass)
[2026-08-03 13:56:51.763] probe_binding_python_inspect  cmd  (LD_LIBRARY_PATH=$PWD/canary/examples/tiny/scenarios/_cache/assembled/lib#Dv.Sc.2.Python.lib.lib/c/build PYTHONPATH=canary/examples/tiny/scenarios/_cache/assembled/lib#Dv.Sc.2.Python.lib.lib/python_cext python3 canary/scripts/inspect_python.py --pkg tiny_cext --watchlist 'sum,diff,offset' > /home/red/code/research/tola/_out/canary/projects/tiny-full/probe_binding/python/inspect_lib-Dv.Sc.2.Python.lib.lib.json)
[2026-08-03 13:56:51.799] probe_binding_python_inspect  detect  (ok, output present)
[2026-08-03 13:56:51.799] probe_binding_python_inspect  check_post  (pass)
[2026-08-03 13:56:51.799] probe_binding_python_inspect  done
[2026-08-03 13:56:51.799] probe_lib                  check_pre  (pass)
[2026-08-03 13:56:51.801] probe_lib                  cmd  (nm -D canary/examples/tiny/scenarios/_cache/assembled/lib#Dv.Sc.2.Python.lib.lib/c/build/libtiny.so.2 | grep -E '^[0-9a-f]+ T tiny_' > /home/red/code/research/tola/_out/canary/projects/tiny-full/probe_lib/probe_lib-Dv.Sc.2.Python.lib.lib.log 2>&1)
[2026-08-03 13:56:51.841] probe_lib                  detect  (ok, output present)
[2026-08-03 13:56:51.841] probe_lib                  check_post  (pass)
[2026-08-03 13:56:51.841] probe_lib                  done
[2026-08-03 13:56:51.841] *                          graph_end  (11/13 completed)
[2026-08-03 13:56:51.841] probe_binding_ocaml        failed
[2026-08-03 13:56:51.841] probe_binding_ocaml_inspect  skipped
[2026-08-03 13:56:51.841] *                          diagram  (_out/canary/projects/tiny-full/-run/diagrams/all.mmd)
[2026-08-03 13:56:51.841] *                          diagram  (_out/canary/projects/tiny-full/-run/diagrams/full.mmd)
[2026-08-03 13:56:51.842] *                          view  (lib (2 steps))
[2026-08-03 13:56:51.842] *                          view  (probes (5 steps))
[2026-08-03 13:56:51.842] *                          view  (binding_ocaml (4 steps))
[2026-08-03 13:56:51.842] *                          view  (binding_python (4 steps))
[2026-08-03 13:56:51.843] *                          html  (_out/canary/projects/tiny-full/-run/result.html)
[2026-08-03 13:56:51.843] *                          index  (_out/canary/projects/index.html)
[2026-08-03 13:56:51.843] !                          invariant  (full.mmd: connectivity errors:
  [3]→[5]: no edge A_build_lib→A_build_binding_ocaml
  [3]→[13]: no edge A_build_lib→A_probe_lib
  [5]→[7]: no edge A_build_binding_ocaml→A_probe_binding_ocaml
  [3]→[7]: no edge A_build_lib→A_probe_binding_ocaml
  [1]→[2]: no edge A_configure→A_scan_sources
  [9]→[11]: no edge A_build_binding_python→A_probe_binding_python
  [3]→[11]: no edge A_build_lib→A_probe_binding_python
  [3]→[9]: no edge A_build_lib→A_build_binding_python)
[2026-08-03 13:56:51.843] !                          invariant  (SOME FAILED)
[2026-08-03 13:56:51.949] *                          graph_start  (13 steps)
[2026-08-03 13:56:51.949] configure                  check_pre  (pass)
[2026-08-03 13:56:51.951] configure                  cmd  (test -d canary/examples/tiny/scenarios/_cache/assembled/lib#Dv.Sc.4.Python.lib.lib/c/build || { echo 'lib_dir missing: canary/examples/tiny/scenarios/_cache/assembled/lib#Dv.Sc.4.Python.lib.lib/c/build'; exit 1; } && echo 'ok' > /home/red/code/research/tola/_out/canary/projects/tiny-full/configure/conf_lib-Dv.Sc.4.Python.lib.lib.ok)
[2026-08-03 13:56:51.952] configure                  detect  (ok, output present)
[2026-08-03 13:56:51.952] configure                  check_post  (pass)
[2026-08-03 13:56:51.952] configure                  done
[2026-08-03 13:56:51.952] scan_sources               check_pre  (pass)
[2026-08-03 13:56:51.954] scan_sources               cmd  (python3 canary/scripts/inspect_tiny_typed.py --layer header --path canary/examples/tiny/scenarios/_cache/assembled/lib#Dv.Sc.4.Python.lib.lib/c/include/tiny.h > /home/red/code/research/tola/_out/canary/projects/tiny-full/scan_sources/inspect_typed_header_lib-Dv.Sc.4.Python.lib.lib.json && python3 canary/scripts/inspect_tiny_typed.py --layer stub_ocaml --path canary/examples/tiny/scenarios/_cache/assembled/lib#Dv.Sc.4.Python.lib.lib/ocaml/tiny_raw.mli > /home/red/code/research/tola/_out/canary/projects/tiny-full/scan_sources/inspect_typed_binding_stub_ocaml_lib-Dv.Sc.4.Python.lib.lib.json && python3 canary/scripts/inspect_tiny_typed.py --layer user_ocaml --path canary/examples/tiny/scenarios/_cache/assembled/lib#Dv.Sc.4.Python.lib.lib/ocaml/tiny.mli > /home/red/code/research/tola/_out/canary/projects/tiny-full/scan_sources/inspect_typed_binding_user_ocaml_lib-Dv.Sc.4.Python.lib.lib.json && python3 canary/scripts/inspect_tiny_typed.py --layer stub_python --path canary/examples/tiny/scenarios/_cache/assembled/lib#Dv.Sc.4.Python.lib.lib/python_cext/tiny_cext/_native.c > /home/red/code/research/tola/_out/canary/projects/tiny-full/scan_sources/inspect_typed_binding_stub_python_lib-Dv.Sc.4.Python.lib.lib.json && python3 canary/scripts/inspect_tiny_typed.py --layer user_python --path canary/examples/tiny/scenarios/_cache/assembled/lib#Dv.Sc.4.Python.lib.lib/python_cext/tiny_cext/__init__.py > /home/red/code/research/tola/_out/canary/projects/tiny-full/scan_sources/inspect_typed_binding_user_python_lib-Dv.Sc.4.Python.lib.lib.json && echo 'ok' > /home/red/code/research/tola/_out/canary/projects/tiny-full/scan_sources/scan_lib-Dv.Sc.4.Python.lib.lib.ok)
[2026-08-03 13:56:52.124] scan_sources               detect  (ok, output present)
[2026-08-03 13:56:52.124] scan_sources               check_post  (pass)
[2026-08-03 13:56:52.124] scan_sources               done
[2026-08-03 13:56:52.124] build_lib                  check_pre  (pass)
[2026-08-03 13:56:52.126] build_lib                  cmd  (test -f canary/examples/tiny/scenarios/_cache/assembled/lib#Dv.Sc.4.Python.lib.lib/c/build/libtiny.so.2 || { mkdir -p canary/examples/tiny/scenarios/_cache/assembled/lib#Dv.Sc.4.Python.lib.lib/c/build && gcc -c -fPIC -Icanary/examples/tiny/scenarios/_cache/assembled/lib#Dv.Sc.4.Python.lib.lib/c/include canary/examples/tiny/scenarios/_cache/assembled/lib#Dv.Sc.4.Python.lib.lib/c/src/tiny.c -o canary/examples/tiny/scenarios/_cache/assembled/lib#Dv.Sc.4.Python.lib.lib/c/build/tiny.o && gcc -shared -fPIC -Wl,-soname,libtiny.so.1 -Wl,--version-script=canary/examples/tiny/scenarios/_cache/assembled/lib#Dv.Sc.4.Python.lib.lib/c/tiny.map canary/examples/tiny/scenarios/_cache/assembled/lib#Dv.Sc.4.Python.lib.lib/c/build/tiny.o -o canary/examples/tiny/scenarios/_cache/assembled/lib#Dv.Sc.4.Python.lib.lib/c/build/libtiny.so.1.0 && ln -sf libtiny.so.1.0 canary/examples/tiny/scenarios/_cache/assembled/lib#Dv.Sc.4.Python.lib.lib/c/build/libtiny.so.1 && ln -sf libtiny.so.1 canary/examples/tiny/scenarios/_cache/assembled/lib#Dv.Sc.4.Python.lib.lib/c/build/libtiny.so ; } && echo 'ok' > /home/red/code/research/tola/_out/canary/projects/tiny-full/build_lib/build_lib-Dv.Sc.4.Python.lib.lib.ok)
[2026-08-03 13:56:52.127] build_lib                  detect  (ok, output present)
[2026-08-03 13:56:52.127] build_lib                  check_post  (pass)
[2026-08-03 13:56:52.127] build_lib                  done
[2026-08-03 13:56:52.127] build_lib_inspect          check_pre  (pass)
[2026-08-03 13:56:52.129] build_lib_inspect          cmd  (nm -D "canary/examples/tiny/scenarios/_cache/assembled/lib#Dv.Sc.4.Python.lib.lib/c/build/libtiny.so.2" 2>/dev/null \
  | python3 canary/scripts/inspect_native.py --emit-symbols --elf --path "canary/examples/tiny/scenarios/_cache/assembled/lib#Dv.Sc.4.Python.lib.lib/c/build/libtiny.so.2" --prefixes 'tiny_' --watchlist 'tiny_sum,tiny_diff,tiny_offset' \
  > /home/red/code/research/tola/_out/canary/projects/tiny-full/build_lib/inspect_lib-Dv.Sc.4.Python.lib.lib.json)
[2026-08-03 13:56:52.181] build_lib_inspect          detect  (ok, output present)
[2026-08-03 13:56:52.181] build_lib_inspect          check_post  (pass)
[2026-08-03 13:56:52.181] build_lib_inspect          done
[2026-08-03 13:56:52.181] build_binding_ocaml        check_pre  (pass)
[2026-08-03 13:56:52.183] build_binding_ocaml        cmd  ((LIBRARY_PATH=$PWD/canary/examples/tiny/scenarios/_cache/assembled/lib#Dv.Sc.4.Python.lib.lib/c/build LD_RUN_PATH=$PWD/canary/examples/tiny/scenarios/_cache/assembled/lib#Dv.Sc.4.Python.lib.lib/c/build dune build --root canary/examples/tiny/scenarios/_cache/assembled/lib#Dv.Sc.4.Python.lib.lib ocaml/tiny.cmxa ocaml/libtiny_stubs.a) > /home/red/code/research/tola/_out/canary/projects/tiny-full/build_binding/ocaml/build_lib-Dv.Sc.4.Python.lib.lib.log 2>&1 && echo 'ok' > /home/red/code/research/tola/_out/canary/projects/tiny-full/build_binding/ocaml/build_lib-Dv.Sc.4.Python.lib.lib.ok)
[2026-08-03 13:56:52.213] build_binding_ocaml        detect  (ok, output present)
[2026-08-03 13:56:52.213] build_binding_ocaml        done  (no compat failure predicted; success expected)
[2026-08-03 13:56:52.213] build_binding_ocaml_inspect  check_pre  (pass)
[2026-08-03 13:56:52.215] build_binding_ocaml_inspect  cmd  (python3 canary/scripts/inspect_binding.py --kind stub --path canary/examples/tiny/scenarios/_cache/assembled/lib#Dv.Sc.4.Python.lib.lib/_build/default/ocaml/libtiny_stubs.a --prefix tiny_ > /home/red/code/research/tola/_out/canary/projects/tiny-full/build_binding/ocaml/inspect_lib-Dv.Sc.4.Python.lib.lib.json && python3 canary/scripts/inspect_binding.py --kind mli --module-prefix Tiny --path canary/examples/tiny/scenarios/_cache/assembled/lib#Dv.Sc.4.Python.lib.lib/ocaml/tiny.mli --watchlist 'Tiny,Tiny.sum,Tiny.diff,Tiny.offset' > /home/red/code/research/tola/_out/canary/projects/tiny-full/build_binding/ocaml/inspect_mli_lib-Dv.Sc.4.Python.lib.lib.json)
[2026-08-03 13:56:52.336] build_binding_ocaml_inspect  detect  (ok, output present)
[2026-08-03 13:56:52.336] build_binding_ocaml_inspect  check_post  (pass)
[2026-08-03 13:56:52.336] build_binding_ocaml_inspect  done
[2026-08-03 13:56:52.336] probe_binding_ocaml        check_pre  (pass)
[2026-08-03 13:56:52.338] probe_binding_ocaml        cmd  ((LIBRARY_PATH=$PWD/canary/examples/tiny/scenarios/_cache/assembled/lib#Dv.Sc.4.Python.lib.lib/c/build LD_RUN_PATH=$PWD/canary/examples/tiny/scenarios/_cache/assembled/lib#Dv.Sc.4.Python.lib.lib/c/build dune build --root canary/examples/tiny/scenarios/_cache/assembled/lib#Dv.Sc.4.Python.lib.lib ocaml/examples/probe_baseline.exe && LD_LIBRARY_PATH=$PWD/canary/examples/tiny/scenarios/_cache/assembled/lib#Dv.Sc.4.Python.lib.lib/c/build canary/examples/tiny/scenarios/_cache/assembled/lib#Dv.Sc.4.Python.lib.lib/_build/default/ocaml/examples/probe_baseline.exe) > /home/red/code/research/tola/_out/canary/projects/tiny-full/probe_binding/ocaml/probe_lib-Dv.Sc.4.Python.lib.lib.log 2>&1)
[2026-08-03 13:56:52.368] probe_binding_ocaml        cmd_fail  (exit 127)
[2026-08-03 13:56:52.368] probe_binding_ocaml        detect  (error, output present)
[2026-08-03 13:56:52.368] probe_binding_ocaml        failed  (no compat failure predicted but command failed)
[2026-08-03 13:56:52.368] build_binding_python       check_pre  (pass)
[2026-08-03 13:56:52.370] build_binding_python       cmd  (ls canary/examples/tiny/scenarios/_cache/assembled/lib#Dv.Sc.4.Python.lib.lib/python_cext/tiny_cext/_native.cpython-*.so > /dev/null && echo 'ok' > /home/red/code/research/tola/_out/canary/projects/tiny-full/build_binding/python/build_lib-Dv.Sc.4.Python.lib.lib.ok)
[2026-08-03 13:56:52.372] build_binding_python       detect  (ok, output present)
[2026-08-03 13:56:52.372] build_binding_python       check_post  (pass)
[2026-08-03 13:56:52.372] build_binding_python       done
[2026-08-03 13:56:52.372] build_binding_python_inspect  check_pre  (pass)
[2026-08-03 13:56:52.373] build_binding_python_inspect  cmd  (python3 canary/scripts/inspect_binding.py --kind stub --path canary/examples/tiny/scenarios/_cache/assembled/lib#Dv.Sc.4.Python.lib.lib/python_cext/tiny_cext/_native.cpython-*.so --prefix tiny_ > /home/red/code/research/tola/_out/canary/projects/tiny-full/build_binding/python/inspect_lib-Dv.Sc.4.Python.lib.lib.json && LD_LIBRARY_PATH=$PWD/canary/examples/tiny/scenarios/_cache/assembled/lib#Dv.Sc.4.Python.lib.lib/c/build PYTHONPATH=canary/examples/tiny/scenarios/_cache/assembled/lib#Dv.Sc.4.Python.lib.lib/python_cext python3 canary/scripts/inspect_python.py --pkg tiny_cext --watchlist 'sum,diff,offset' > /home/red/code/research/tola/_out/canary/projects/tiny-full/build_binding/python/inspect_attrs_lib-Dv.Sc.4.Python.lib.lib.json)
[2026-08-03 13:56:52.487] build_binding_python_inspect  detect  (ok, output present)
[2026-08-03 13:56:52.487] build_binding_python_inspect  check_post  (pass)
[2026-08-03 13:56:52.487] build_binding_python_inspect  done
[2026-08-03 13:56:52.487] probe_binding_python       check_pre  (pass)
[2026-08-03 13:56:52.489] probe_binding_python       cmd  (LD_LIBRARY_PATH=$PWD/canary/examples/tiny/scenarios/_cache/assembled/lib#Dv.Sc.4.Python.lib.lib/c/build PYTHONPATH=canary/examples/tiny/scenarios/_cache/assembled/lib#Dv.Sc.4.Python.lib.lib/python_cext python3 canary/examples/tiny/scenarios/_cache/assembled/lib#Dv.Sc.4.Python.lib.lib/python_cext/examples/probe_baseline.py > /home/red/code/research/tola/_out/canary/projects/tiny-full/probe_binding/python/probe_lib-Dv.Sc.4.Python.lib.lib.log 2>&1)
[2026-08-03 13:56:52.519] probe_binding_python       cmd_fail  (exit 1)
[2026-08-03 13:56:52.519] probe_binding_python       detect  (error, output present)
[2026-08-03 13:56:52.519] probe_binding_python       done  (expected failure confirmed (derived))
[2026-08-03 13:56:52.519] probe_binding_python_inspect  check_pre  (pass)
[2026-08-03 13:56:52.521] probe_binding_python_inspect  cmd  (LD_LIBRARY_PATH=$PWD/canary/examples/tiny/scenarios/_cache/assembled/lib#Dv.Sc.4.Python.lib.lib/c/build PYTHONPATH=canary/examples/tiny/scenarios/_cache/assembled/lib#Dv.Sc.4.Python.lib.lib/python_cext python3 canary/scripts/inspect_python.py --pkg tiny_cext --watchlist 'sum,diff,offset' > /home/red/code/research/tola/_out/canary/projects/tiny-full/probe_binding/python/inspect_lib-Dv.Sc.4.Python.lib.lib.json)
[2026-08-03 13:56:52.555] probe_binding_python_inspect  detect  (ok, output present)
[2026-08-03 13:56:52.555] probe_binding_python_inspect  check_post  (pass)
[2026-08-03 13:56:52.555] probe_binding_python_inspect  done
[2026-08-03 13:56:52.555] probe_lib                  check_pre  (pass)
[2026-08-03 13:56:52.557] probe_lib                  cmd  (nm -D canary/examples/tiny/scenarios/_cache/assembled/lib#Dv.Sc.4.Python.lib.lib/c/build/libtiny.so.2 | grep -E '^[0-9a-f]+ T tiny_' > /home/red/code/research/tola/_out/canary/projects/tiny-full/probe_lib/probe_lib-Dv.Sc.4.Python.lib.lib.log 2>&1)
[2026-08-03 13:56:52.597] probe_lib                  detect  (ok, output present)
[2026-08-03 13:56:52.597] probe_lib                  check_post  (pass)
[2026-08-03 13:56:52.597] probe_lib                  done
[2026-08-03 13:56:52.597] *                          graph_end  (11/13 completed)
[2026-08-03 13:56:52.597] probe_binding_ocaml        failed
[2026-08-03 13:56:52.597] probe_binding_ocaml_inspect  skipped
[2026-08-03 13:56:52.597] *                          diagram  (_out/canary/projects/tiny-full/-run/diagrams/all.mmd)
[2026-08-03 13:56:52.597] *                          diagram  (_out/canary/projects/tiny-full/-run/diagrams/full.mmd)
[2026-08-03 13:56:52.597] *                          view  (lib (2 steps))
[2026-08-03 13:56:52.597] *                          view  (probes (5 steps))
[2026-08-03 13:56:52.598] *                          view  (binding_ocaml (4 steps))
[2026-08-03 13:56:52.598] *                          view  (binding_python (4 steps))
[2026-08-03 13:56:52.599] *                          html  (_out/canary/projects/tiny-full/-run/result.html)
[2026-08-03 13:56:52.599] *                          index  (_out/canary/projects/index.html)
[2026-08-03 13:56:52.599] !                          invariant  (full.mmd: connectivity errors:
  [3]→[5]: no edge A_build_lib→A_build_binding_ocaml
  [3]→[13]: no edge A_build_lib→A_probe_lib
  [5]→[7]: no edge A_build_binding_ocaml→A_probe_binding_ocaml
  [3]→[7]: no edge A_build_lib→A_probe_binding_ocaml
  [1]→[2]: no edge A_configure→A_scan_sources
  [9]→[11]: no edge A_build_binding_python→A_probe_binding_python
  [3]→[11]: no edge A_build_lib→A_probe_binding_python
  [3]→[9]: no edge A_build_lib→A_build_binding_python)
[2026-08-03 13:56:52.599] !                          invariant  (SOME FAILED)
[2026-08-03 13:56:52.742] *                          graph_start  (13 steps)
[2026-08-03 13:56:52.742] configure                  check_pre  (pass)
[2026-08-03 13:56:52.744] configure                  cmd  (test -d canary/examples/tiny/scenarios/_cache/assembled/binding:ocaml:cstubs#Bs.8/c/build || { echo 'lib_dir missing: canary/examples/tiny/scenarios/_cache/assembled/binding:ocaml:cstubs#Bs.8/c/build'; exit 1; } && echo 'ok' > /home/red/code/research/tola/_out/canary/projects/tiny-full/configure/conf_binding-ocaml-cstubs-Bs.8.ok)
[2026-08-03 13:56:52.745] configure                  detect  (ok, output present)
[2026-08-03 13:56:52.745] configure                  check_post  (pass)
[2026-08-03 13:56:52.745] configure                  done
[2026-08-03 13:56:52.745] scan_sources               check_pre  (pass)
[2026-08-03 13:56:52.746] scan_sources               cmd  (python3 canary/scripts/inspect_tiny_typed.py --layer header --path canary/examples/tiny/scenarios/_cache/assembled/binding:ocaml:cstubs#Bs.8/c/include/tiny.h > /home/red/code/research/tola/_out/canary/projects/tiny-full/scan_sources/inspect_typed_header_binding-ocaml-cstubs-Bs.8.json && python3 canary/scripts/inspect_tiny_typed.py --layer stub_ocaml --path canary/examples/tiny/scenarios/_cache/assembled/binding:ocaml:cstubs#Bs.8/ocaml/tiny_raw.mli > /home/red/code/research/tola/_out/canary/projects/tiny-full/scan_sources/inspect_typed_binding_stub_ocaml_binding-ocaml-cstubs-Bs.8.json && python3 canary/scripts/inspect_tiny_typed.py --layer user_ocaml --path canary/examples/tiny/scenarios/_cache/assembled/binding:ocaml:cstubs#Bs.8/ocaml/tiny.mli > /home/red/code/research/tola/_out/canary/projects/tiny-full/scan_sources/inspect_typed_binding_user_ocaml_binding-ocaml-cstubs-Bs.8.json && python3 canary/scripts/inspect_tiny_typed.py --layer stub_python --path canary/examples/tiny/scenarios/_cache/assembled/binding:ocaml:cstubs#Bs.8/python_cext/tiny_cext/_native.c > /home/red/code/research/tola/_out/canary/projects/tiny-full/scan_sources/inspect_typed_binding_stub_python_binding-ocaml-cstubs-Bs.8.json && python3 canary/scripts/inspect_tiny_typed.py --layer user_python --path canary/examples/tiny/scenarios/_cache/assembled/binding:ocaml:cstubs#Bs.8/python_cext/tiny_cext/__init__.py > /home/red/code/research/tola/_out/canary/projects/tiny-full/scan_sources/inspect_typed_binding_user_python_binding-ocaml-cstubs-Bs.8.json && echo 'ok' > /home/red/code/research/tola/_out/canary/projects/tiny-full/scan_sources/scan_binding-ocaml-cstubs-Bs.8.ok)
[2026-08-03 13:56:52.913] scan_sources               detect  (ok, output present)
[2026-08-03 13:56:52.913] scan_sources               check_post  (pass)
[2026-08-03 13:56:52.913] scan_sources               done
[2026-08-03 13:56:52.913] build_lib                  check_pre  (pass)
[2026-08-03 13:56:52.915] build_lib                  cmd  (test -f canary/examples/tiny/scenarios/_cache/assembled/binding:ocaml:cstubs#Bs.8/c/build/libtiny.so.1 || { mkdir -p canary/examples/tiny/scenarios/_cache/assembled/binding:ocaml:cstubs#Bs.8/c/build && gcc -c -fPIC -Icanary/examples/tiny/scenarios/_cache/assembled/binding:ocaml:cstubs#Bs.8/c/include canary/examples/tiny/scenarios/_cache/assembled/binding:ocaml:cstubs#Bs.8/c/src/tiny.c -o canary/examples/tiny/scenarios/_cache/assembled/binding:ocaml:cstubs#Bs.8/c/build/tiny.o && gcc -shared -fPIC -Wl,-soname,libtiny.so.1 -Wl,--version-script=canary/examples/tiny/scenarios/_cache/assembled/binding:ocaml:cstubs#Bs.8/c/tiny.map canary/examples/tiny/scenarios/_cache/assembled/binding:ocaml:cstubs#Bs.8/c/build/tiny.o -o canary/examples/tiny/scenarios/_cache/assembled/binding:ocaml:cstubs#Bs.8/c/build/libtiny.so.1.0 && ln -sf libtiny.so.1.0 canary/examples/tiny/scenarios/_cache/assembled/binding:ocaml:cstubs#Bs.8/c/build/libtiny.so.1 && ln -sf libtiny.so.1 canary/examples/tiny/scenarios/_cache/assembled/binding:ocaml:cstubs#Bs.8/c/build/libtiny.so ; } && echo 'ok' > /home/red/code/research/tola/_out/canary/projects/tiny-full/build_lib/build_binding-ocaml-cstubs-Bs.8.ok)
[2026-08-03 13:56:52.916] build_lib                  detect  (ok, output present)
[2026-08-03 13:56:52.916] build_lib                  check_post  (pass)
[2026-08-03 13:56:52.916] build_lib                  done
[2026-08-03 13:56:52.916] build_lib_inspect          check_pre  (pass)
[2026-08-03 13:56:52.918] build_lib_inspect          cmd  (nm -D "canary/examples/tiny/scenarios/_cache/assembled/binding:ocaml:cstubs#Bs.8/c/build/libtiny.so.1" 2>/dev/null \
  | python3 canary/scripts/inspect_native.py --emit-symbols --elf --path "canary/examples/tiny/scenarios/_cache/assembled/binding:ocaml:cstubs#Bs.8/c/build/libtiny.so.1" --prefixes 'tiny_' --watchlist 'tiny_sum,tiny_diff,tiny_offset' \
  > /home/red/code/research/tola/_out/canary/projects/tiny-full/build_lib/inspect_binding-ocaml-cstubs-Bs.8.json)
[2026-08-03 13:56:52.966] build_lib_inspect          detect  (ok, output present)
[2026-08-03 13:56:52.966] build_lib_inspect          check_post  (pass)
[2026-08-03 13:56:52.966] build_lib_inspect          done
[2026-08-03 13:56:52.966] build_binding_ocaml        check_pre  (pass)
[2026-08-03 13:56:52.968] build_binding_ocaml        cmd  ((LIBRARY_PATH=$PWD/canary/examples/tiny/scenarios/_cache/assembled/binding:ocaml:cstubs#Bs.8/c/build LD_RUN_PATH=$PWD/canary/examples/tiny/scenarios/_cache/assembled/binding:ocaml:cstubs#Bs.8/c/build dune build --root canary/examples/tiny/scenarios/_cache/assembled/binding:ocaml:cstubs#Bs.8 ocaml/tiny.cmxa ocaml/libtiny_stubs.a) > /home/red/code/research/tola/_out/canary/projects/tiny-full/build_binding/ocaml/build_binding-ocaml-cstubs-Bs.8.log 2>&1 && echo 'ok' > /home/red/code/research/tola/_out/canary/projects/tiny-full/build_binding/ocaml/build_binding-ocaml-cstubs-Bs.8.ok)
[2026-08-03 13:56:52.996] build_binding_ocaml        detect  (ok, output present)
[2026-08-03 13:56:52.996] build_binding_ocaml        done  (no compat failure predicted; success expected)
[2026-08-03 13:56:52.996] build_binding_ocaml_inspect  check_pre  (pass)
[2026-08-03 13:56:52.997] build_binding_ocaml_inspect  cmd  (python3 canary/scripts/inspect_binding.py --kind stub --path canary/examples/tiny/scenarios/_cache/assembled/binding:ocaml:cstubs#Bs.8/_build/default/ocaml/libtiny_stubs.a --prefix tiny_ > /home/red/code/research/tola/_out/canary/projects/tiny-full/build_binding/ocaml/inspect_binding-ocaml-cstubs-Bs.8.json && python3 canary/scripts/inspect_binding.py --kind mli --module-prefix Tiny --path canary/examples/tiny/scenarios/_cache/assembled/binding:ocaml:cstubs#Bs.8/ocaml/tiny.mli --watchlist 'Tiny,Tiny.sum,Tiny.diff,Tiny.offset' > /home/red/code/research/tola/_out/canary/projects/tiny-full/build_binding/ocaml/inspect_mli_binding-ocaml-cstubs-Bs.8.json)
[2026-08-03 13:56:53.117] build_binding_ocaml_inspect  detect  (ok, output present)
[2026-08-03 13:56:53.117] build_binding_ocaml_inspect  check_post  (pass)
[2026-08-03 13:56:53.117] build_binding_ocaml_inspect  done
[2026-08-03 13:56:53.117] probe_binding_ocaml        check_pre  (pass)
[2026-08-03 13:56:53.119] probe_binding_ocaml        cmd  ((LIBRARY_PATH=$PWD/canary/examples/tiny/scenarios/_cache/assembled/binding:ocaml:cstubs#Bs.8/c/build LD_RUN_PATH=$PWD/canary/examples/tiny/scenarios/_cache/assembled/binding:ocaml:cstubs#Bs.8/c/build dune build --root canary/examples/tiny/scenarios/_cache/assembled/binding:ocaml:cstubs#Bs.8 ocaml/examples/probe_baseline.exe && LD_LIBRARY_PATH=$PWD/canary/examples/tiny/scenarios/_cache/assembled/binding:ocaml:cstubs#Bs.8/c/build canary/examples/tiny/scenarios/_cache/assembled/binding:ocaml:cstubs#Bs.8/_build/default/ocaml/examples/probe_baseline.exe) > /home/red/code/research/tola/_out/canary/projects/tiny-full/probe_binding/ocaml/probe_binding-ocaml-cstubs-Bs.8.log 2>&1)
[2026-08-03 13:56:53.149] probe_binding_ocaml        cmd_fail  (exit 127)
[2026-08-03 13:56:53.149] probe_binding_ocaml        detect  (error, output present)
[2026-08-03 13:56:53.149] probe_binding_ocaml        failed  (no compat failure predicted but command failed)
[2026-08-03 13:56:53.149] build_binding_python       check_pre  (pass)
[2026-08-03 13:56:53.151] build_binding_python       cmd  (ls canary/examples/tiny/scenarios/_cache/assembled/binding:ocaml:cstubs#Bs.8/python_cext/tiny_cext/_native.cpython-*.so > /dev/null && echo 'ok' > /home/red/code/research/tola/_out/canary/projects/tiny-full/build_binding/python/build_binding-ocaml-cstubs-Bs.8.ok)
[2026-08-03 13:56:53.153] build_binding_python       detect  (ok, output present)
[2026-08-03 13:56:53.153] build_binding_python       check_post  (pass)
[2026-08-03 13:56:53.153] build_binding_python       done
[2026-08-03 13:56:53.153] build_binding_python_inspect  check_pre  (pass)
[2026-08-03 13:56:53.155] build_binding_python_inspect  cmd  (python3 canary/scripts/inspect_binding.py --kind stub --path canary/examples/tiny/scenarios/_cache/assembled/binding:ocaml:cstubs#Bs.8/python_cext/tiny_cext/_native.cpython-*.so --prefix tiny_ > /home/red/code/research/tola/_out/canary/projects/tiny-full/build_binding/python/inspect_binding-ocaml-cstubs-Bs.8.json && LD_LIBRARY_PATH=$PWD/canary/examples/tiny/scenarios/_cache/assembled/binding:ocaml:cstubs#Bs.8/c/build PYTHONPATH=canary/examples/tiny/scenarios/_cache/assembled/binding:ocaml:cstubs#Bs.8/python_cext python3 canary/scripts/inspect_python.py --pkg tiny_cext --watchlist 'sum,diff,offset' > /home/red/code/research/tola/_out/canary/projects/tiny-full/build_binding/python/inspect_attrs_binding-ocaml-cstubs-Bs.8.json)
[2026-08-03 13:56:53.268] build_binding_python_inspect  detect  (ok, output present)
[2026-08-03 13:56:53.268] build_binding_python_inspect  check_post  (pass)
[2026-08-03 13:56:53.268] build_binding_python_inspect  done
[2026-08-03 13:56:53.268] probe_binding_python       check_pre  (pass)
[2026-08-03 13:56:53.271] probe_binding_python       cmd  (LD_LIBRARY_PATH=$PWD/canary/examples/tiny/scenarios/_cache/assembled/binding:ocaml:cstubs#Bs.8/c/build PYTHONPATH=canary/examples/tiny/scenarios/_cache/assembled/binding:ocaml:cstubs#Bs.8/python_cext python3 canary/examples/tiny/scenarios/_cache/assembled/binding:ocaml:cstubs#Bs.8/python_cext/examples/probe_baseline.py > /home/red/code/research/tola/_out/canary/projects/tiny-full/probe_binding/python/probe_binding-ocaml-cstubs-Bs.8.log 2>&1)
[2026-08-03 13:56:53.301] probe_binding_python       cmd_fail  (exit 1)
[2026-08-03 13:56:53.301] probe_binding_python       detect  (error, output present)
[2026-08-03 13:56:53.301] probe_binding_python       failed  (no compat failure predicted but command failed)
[2026-08-03 13:56:53.301] probe_lib                  check_pre  (pass)
[2026-08-03 13:56:53.303] probe_lib                  cmd  (nm -D canary/examples/tiny/scenarios/_cache/assembled/binding:ocaml:cstubs#Bs.8/c/build/libtiny.so.1 | grep -E '^[0-9a-f]+ T tiny_' > /home/red/code/research/tola/_out/canary/projects/tiny-full/probe_lib/probe_binding-ocaml-cstubs-Bs.8.log 2>&1)
[2026-08-03 13:56:53.344] probe_lib                  detect  (ok, output present)
[2026-08-03 13:56:53.344] probe_lib                  check_post  (pass)
[2026-08-03 13:56:53.344] probe_lib                  done
[2026-08-03 13:56:53.344] *                          graph_end  (9/13 completed)
[2026-08-03 13:56:53.344] probe_binding_ocaml        failed
[2026-08-03 13:56:53.344] probe_binding_ocaml_inspect  skipped
[2026-08-03 13:56:53.344] probe_binding_python       failed
[2026-08-03 13:56:53.344] probe_binding_python_inspect  skipped
[2026-08-03 13:56:53.344] *                          diagram  (_out/canary/projects/tiny-full/-run/diagrams/all.mmd)
[2026-08-03 13:56:53.345] *                          diagram  (_out/canary/projects/tiny-full/-run/diagrams/full.mmd)
[2026-08-03 13:56:53.345] *                          view  (lib (2 steps))
[2026-08-03 13:56:53.345] *                          view  (probes (5 steps))
[2026-08-03 13:56:53.345] *                          view  (binding_ocaml (4 steps))
[2026-08-03 13:56:53.345] *                          view  (binding_python (4 steps))
[2026-08-03 13:56:53.346] *                          html  (_out/canary/projects/tiny-full/-run/result.html)
[2026-08-03 13:56:53.346] *                          index  (_out/canary/projects/index.html)
[2026-08-03 13:56:53.347] !                          invariant  (full.mmd: connectivity errors:
  [3]→[5]: no edge A_build_lib→A_build_binding_ocaml
  [3]→[13]: no edge A_build_lib→A_probe_lib
  [5]→[7]: no edge A_build_binding_ocaml→A_probe_binding_ocaml
  [3]→[7]: no edge A_build_lib→A_probe_binding_ocaml
  [1]→[2]: no edge A_configure→A_scan_sources
  [9]→[11]: no edge A_build_binding_python→A_probe_binding_python
  [3]→[11]: no edge A_build_lib→A_probe_binding_python
  [3]→[9]: no edge A_build_lib→A_build_binding_python)
[2026-08-03 13:56:53.347] !                          invariant  (SOME FAILED)
[2026-08-03 13:56:53.474] *                          graph_start  (13 steps)
[2026-08-03 13:56:53.475] configure                  check_pre  (pass)
[2026-08-03 13:56:53.476] configure                  cmd  (test -d canary/examples/tiny/scenarios/_cache/assembled/binding:ocaml:cstubs#Bs.9/c/build || { echo 'lib_dir missing: canary/examples/tiny/scenarios/_cache/assembled/binding:ocaml:cstubs#Bs.9/c/build'; exit 1; } && echo 'ok' > /home/red/code/research/tola/_out/canary/projects/tiny-full/configure/conf_binding-ocaml-cstubs-Bs.9.ok)
[2026-08-03 13:56:53.477] configure                  detect  (ok, output present)
[2026-08-03 13:56:53.477] configure                  check_post  (pass)
[2026-08-03 13:56:53.477] configure                  done
[2026-08-03 13:56:53.477] scan_sources               check_pre  (pass)
[2026-08-03 13:56:53.479] scan_sources               cmd  (python3 canary/scripts/inspect_tiny_typed.py --layer header --path canary/examples/tiny/scenarios/_cache/assembled/binding:ocaml:cstubs#Bs.9/c/include/tiny.h > /home/red/code/research/tola/_out/canary/projects/tiny-full/scan_sources/inspect_typed_header_binding-ocaml-cstubs-Bs.9.json && python3 canary/scripts/inspect_tiny_typed.py --layer stub_ocaml --path canary/examples/tiny/scenarios/_cache/assembled/binding:ocaml:cstubs#Bs.9/ocaml/tiny_raw.mli > /home/red/code/research/tola/_out/canary/projects/tiny-full/scan_sources/inspect_typed_binding_stub_ocaml_binding-ocaml-cstubs-Bs.9.json && python3 canary/scripts/inspect_tiny_typed.py --layer user_ocaml --path canary/examples/tiny/scenarios/_cache/assembled/binding:ocaml:cstubs#Bs.9/ocaml/tiny.mli > /home/red/code/research/tola/_out/canary/projects/tiny-full/scan_sources/inspect_typed_binding_user_ocaml_binding-ocaml-cstubs-Bs.9.json && python3 canary/scripts/inspect_tiny_typed.py --layer stub_python --path canary/examples/tiny/scenarios/_cache/assembled/binding:ocaml:cstubs#Bs.9/python_cext/tiny_cext/_native.c > /home/red/code/research/tola/_out/canary/projects/tiny-full/scan_sources/inspect_typed_binding_stub_python_binding-ocaml-cstubs-Bs.9.json && python3 canary/scripts/inspect_tiny_typed.py --layer user_python --path canary/examples/tiny/scenarios/_cache/assembled/binding:ocaml:cstubs#Bs.9/python_cext/tiny_cext/__init__.py > /home/red/code/research/tola/_out/canary/projects/tiny-full/scan_sources/inspect_typed_binding_user_python_binding-ocaml-cstubs-Bs.9.json && echo 'ok' > /home/red/code/research/tola/_out/canary/projects/tiny-full/scan_sources/scan_binding-ocaml-cstubs-Bs.9.ok)
[2026-08-03 13:56:53.654] scan_sources               detect  (ok, output present)
[2026-08-03 13:56:53.654] scan_sources               check_post  (pass)
[2026-08-03 13:56:53.654] scan_sources               done
[2026-08-03 13:56:53.654] build_lib                  check_pre  (pass)
[2026-08-03 13:56:53.656] build_lib                  cmd  (test -f canary/examples/tiny/scenarios/_cache/assembled/binding:ocaml:cstubs#Bs.9/c/build/libtiny.so.1 || { mkdir -p canary/examples/tiny/scenarios/_cache/assembled/binding:ocaml:cstubs#Bs.9/c/build && gcc -c -fPIC -Icanary/examples/tiny/scenarios/_cache/assembled/binding:ocaml:cstubs#Bs.9/c/include canary/examples/tiny/scenarios/_cache/assembled/binding:ocaml:cstubs#Bs.9/c/src/tiny.c -o canary/examples/tiny/scenarios/_cache/assembled/binding:ocaml:cstubs#Bs.9/c/build/tiny.o && gcc -shared -fPIC -Wl,-soname,libtiny.so.1 -Wl,--version-script=canary/examples/tiny/scenarios/_cache/assembled/binding:ocaml:cstubs#Bs.9/c/tiny.map canary/examples/tiny/scenarios/_cache/assembled/binding:ocaml:cstubs#Bs.9/c/build/tiny.o -o canary/examples/tiny/scenarios/_cache/assembled/binding:ocaml:cstubs#Bs.9/c/build/libtiny.so.1.0 && ln -sf libtiny.so.1.0 canary/examples/tiny/scenarios/_cache/assembled/binding:ocaml:cstubs#Bs.9/c/build/libtiny.so.1 && ln -sf libtiny.so.1 canary/examples/tiny/scenarios/_cache/assembled/binding:ocaml:cstubs#Bs.9/c/build/libtiny.so ; } && echo 'ok' > /home/red/code/research/tola/_out/canary/projects/tiny-full/build_lib/build_binding-ocaml-cstubs-Bs.9.ok)
[2026-08-03 13:56:53.657] build_lib                  detect  (ok, output present)
[2026-08-03 13:56:53.657] build_lib                  check_post  (pass)
[2026-08-03 13:56:53.657] build_lib                  done
[2026-08-03 13:56:53.657] build_lib_inspect          check_pre  (pass)
[2026-08-03 13:56:53.659] build_lib_inspect          cmd  (nm -D "canary/examples/tiny/scenarios/_cache/assembled/binding:ocaml:cstubs#Bs.9/c/build/libtiny.so.1" 2>/dev/null \
  | python3 canary/scripts/inspect_native.py --emit-symbols --elf --path "canary/examples/tiny/scenarios/_cache/assembled/binding:ocaml:cstubs#Bs.9/c/build/libtiny.so.1" --prefixes 'tiny_' --watchlist 'tiny_sum,tiny_diff,tiny_offset' \
  > /home/red/code/research/tola/_out/canary/projects/tiny-full/build_lib/inspect_binding-ocaml-cstubs-Bs.9.json)
[2026-08-03 13:56:53.707] build_lib_inspect          detect  (ok, output present)
[2026-08-03 13:56:53.707] build_lib_inspect          check_post  (pass)
[2026-08-03 13:56:53.707] build_lib_inspect          done
[2026-08-03 13:56:53.707] build_binding_ocaml        check_pre  (pass)
[2026-08-03 13:56:53.709] build_binding_ocaml        cmd  ((LIBRARY_PATH=$PWD/canary/examples/tiny/scenarios/_cache/assembled/binding:ocaml:cstubs#Bs.9/c/build LD_RUN_PATH=$PWD/canary/examples/tiny/scenarios/_cache/assembled/binding:ocaml:cstubs#Bs.9/c/build dune build --root canary/examples/tiny/scenarios/_cache/assembled/binding:ocaml:cstubs#Bs.9 ocaml/tiny.cmxa ocaml/libtiny_stubs.a) > /home/red/code/research/tola/_out/canary/projects/tiny-full/build_binding/ocaml/build_binding-ocaml-cstubs-Bs.9.log 2>&1 && echo 'ok' > /home/red/code/research/tola/_out/canary/projects/tiny-full/build_binding/ocaml/build_binding-ocaml-cstubs-Bs.9.ok)
[2026-08-03 13:56:53.738] build_binding_ocaml        detect  (ok, output present)
[2026-08-03 13:56:53.738] build_binding_ocaml        done  (no compat failure predicted; success expected)
[2026-08-03 13:56:53.738] build_binding_ocaml_inspect  check_pre  (pass)
[2026-08-03 13:56:53.740] build_binding_ocaml_inspect  cmd  (python3 canary/scripts/inspect_binding.py --kind stub --path canary/examples/tiny/scenarios/_cache/assembled/binding:ocaml:cstubs#Bs.9/_build/default/ocaml/libtiny_stubs.a --prefix tiny_ > /home/red/code/research/tola/_out/canary/projects/tiny-full/build_binding/ocaml/inspect_binding-ocaml-cstubs-Bs.9.json && python3 canary/scripts/inspect_binding.py --kind mli --module-prefix Tiny --path canary/examples/tiny/scenarios/_cache/assembled/binding:ocaml:cstubs#Bs.9/ocaml/tiny.mli --watchlist 'Tiny,Tiny.sum,Tiny.diff,Tiny.offset' > /home/red/code/research/tola/_out/canary/projects/tiny-full/build_binding/ocaml/inspect_mli_binding-ocaml-cstubs-Bs.9.json)
[2026-08-03 13:56:53.861] build_binding_ocaml_inspect  detect  (ok, output present)
[2026-08-03 13:56:53.861] build_binding_ocaml_inspect  check_post  (pass)
[2026-08-03 13:56:53.861] build_binding_ocaml_inspect  done
[2026-08-03 13:56:53.861] probe_binding_ocaml        check_pre  (pass)
[2026-08-03 13:56:53.863] probe_binding_ocaml        cmd  ((LIBRARY_PATH=$PWD/canary/examples/tiny/scenarios/_cache/assembled/binding:ocaml:cstubs#Bs.9/c/build LD_RUN_PATH=$PWD/canary/examples/tiny/scenarios/_cache/assembled/binding:ocaml:cstubs#Bs.9/c/build dune build --root canary/examples/tiny/scenarios/_cache/assembled/binding:ocaml:cstubs#Bs.9 ocaml/examples/probe_baseline.exe && LD_LIBRARY_PATH=$PWD/canary/examples/tiny/scenarios/_cache/assembled/binding:ocaml:cstubs#Bs.9/c/build canary/examples/tiny/scenarios/_cache/assembled/binding:ocaml:cstubs#Bs.9/_build/default/ocaml/examples/probe_baseline.exe) > /home/red/code/research/tola/_out/canary/projects/tiny-full/probe_binding/ocaml/probe_binding-ocaml-cstubs-Bs.9.log 2>&1)
[2026-08-03 13:56:53.895] probe_binding_ocaml        cmd_fail  (exit 127)
[2026-08-03 13:56:53.895] probe_binding_ocaml        detect  (error, output present)
[2026-08-03 13:56:53.895] probe_binding_ocaml        failed  (no compat failure predicted but command failed)
[2026-08-03 13:56:53.895] build_binding_python       check_pre  (pass)
[2026-08-03 13:56:53.897] build_binding_python       cmd  (ls canary/examples/tiny/scenarios/_cache/assembled/binding:ocaml:cstubs#Bs.9/python_cext/tiny_cext/_native.cpython-*.so > /dev/null && echo 'ok' > /home/red/code/research/tola/_out/canary/projects/tiny-full/build_binding/python/build_binding-ocaml-cstubs-Bs.9.ok)
[2026-08-03 13:56:53.899] build_binding_python       detect  (ok, output present)
[2026-08-03 13:56:53.899] build_binding_python       check_post  (pass)
[2026-08-03 13:56:53.899] build_binding_python       done
[2026-08-03 13:56:53.899] build_binding_python_inspect  check_pre  (pass)
[2026-08-03 13:56:53.901] build_binding_python_inspect  cmd  (python3 canary/scripts/inspect_binding.py --kind stub --path canary/examples/tiny/scenarios/_cache/assembled/binding:ocaml:cstubs#Bs.9/python_cext/tiny_cext/_native.cpython-*.so --prefix tiny_ > /home/red/code/research/tola/_out/canary/projects/tiny-full/build_binding/python/inspect_binding-ocaml-cstubs-Bs.9.json && LD_LIBRARY_PATH=$PWD/canary/examples/tiny/scenarios/_cache/assembled/binding:ocaml:cstubs#Bs.9/c/build PYTHONPATH=canary/examples/tiny/scenarios/_cache/assembled/binding:ocaml:cstubs#Bs.9/python_cext python3 canary/scripts/inspect_python.py --pkg tiny_cext --watchlist 'sum,diff,offset' > /home/red/code/research/tola/_out/canary/projects/tiny-full/build_binding/python/inspect_attrs_binding-ocaml-cstubs-Bs.9.json)
[2026-08-03 13:56:54.014] build_binding_python_inspect  detect  (ok, output present)
[2026-08-03 13:56:54.014] build_binding_python_inspect  check_post  (pass)
[2026-08-03 13:56:54.014] build_binding_python_inspect  done
[2026-08-03 13:56:54.014] probe_binding_python       check_pre  (pass)
[2026-08-03 13:56:54.016] probe_binding_python       cmd  (LD_LIBRARY_PATH=$PWD/canary/examples/tiny/scenarios/_cache/assembled/binding:ocaml:cstubs#Bs.9/c/build PYTHONPATH=canary/examples/tiny/scenarios/_cache/assembled/binding:ocaml:cstubs#Bs.9/python_cext python3 canary/examples/tiny/scenarios/_cache/assembled/binding:ocaml:cstubs#Bs.9/python_cext/examples/probe_baseline.py > /home/red/code/research/tola/_out/canary/projects/tiny-full/probe_binding/python/probe_binding-ocaml-cstubs-Bs.9.log 2>&1)
[2026-08-03 13:56:54.046] probe_binding_python       cmd_fail  (exit 1)
[2026-08-03 13:56:54.046] probe_binding_python       detect  (error, output present)
[2026-08-03 13:56:54.046] probe_binding_python       failed  (no compat failure predicted but command failed)
[2026-08-03 13:56:54.046] probe_lib                  check_pre  (pass)
[2026-08-03 13:56:54.048] probe_lib                  cmd  (nm -D canary/examples/tiny/scenarios/_cache/assembled/binding:ocaml:cstubs#Bs.9/c/build/libtiny.so.1 | grep -E '^[0-9a-f]+ T tiny_' > /home/red/code/research/tola/_out/canary/projects/tiny-full/probe_lib/probe_binding-ocaml-cstubs-Bs.9.log 2>&1)
[2026-08-03 13:56:54.088] probe_lib                  detect  (ok, output present)
[2026-08-03 13:56:54.088] probe_lib                  check_post  (pass)
[2026-08-03 13:56:54.088] probe_lib                  done
[2026-08-03 13:56:54.088] *                          graph_end  (9/13 completed)
[2026-08-03 13:56:54.088] probe_binding_ocaml        failed
[2026-08-03 13:56:54.088] probe_binding_ocaml_inspect  skipped
[2026-08-03 13:56:54.088] probe_binding_python       failed
[2026-08-03 13:56:54.088] probe_binding_python_inspect  skipped
[2026-08-03 13:56:54.089] *                          diagram  (_out/canary/projects/tiny-full/-run/diagrams/all.mmd)
[2026-08-03 13:56:54.089] *                          diagram  (_out/canary/projects/tiny-full/-run/diagrams/full.mmd)
[2026-08-03 13:56:54.089] *                          view  (lib (2 steps))
[2026-08-03 13:56:54.089] *                          view  (probes (5 steps))
[2026-08-03 13:56:54.089] *                          view  (binding_ocaml (4 steps))
[2026-08-03 13:56:54.089] *                          view  (binding_python (4 steps))
[2026-08-03 13:56:54.090] *                          html  (_out/canary/projects/tiny-full/-run/result.html)
[2026-08-03 13:56:54.090] *                          index  (_out/canary/projects/index.html)
[2026-08-03 13:56:54.090] !                          invariant  (full.mmd: connectivity errors:
  [3]→[5]: no edge A_build_lib→A_build_binding_ocaml
  [3]→[13]: no edge A_build_lib→A_probe_lib
  [5]→[7]: no edge A_build_binding_ocaml→A_probe_binding_ocaml
  [3]→[7]: no edge A_build_lib→A_probe_binding_ocaml
  [1]→[2]: no edge A_configure→A_scan_sources
  [9]→[11]: no edge A_build_binding_python→A_probe_binding_python
  [3]→[11]: no edge A_build_lib→A_probe_binding_python
  [3]→[9]: no edge A_build_lib→A_build_binding_python)
[2026-08-03 13:56:54.090] !                          invariant  (SOME FAILED)
[2026-08-03 13:56:54.219] *                          graph_start  (13 steps)
[2026-08-03 13:56:54.219] configure                  check_pre  (pass)
[2026-08-03 13:56:54.221] configure                  cmd  (test -d canary/examples/tiny/scenarios/_cache/assembled/binding:ocaml:cstubs#Bs.10/c/build || { echo 'lib_dir missing: canary/examples/tiny/scenarios/_cache/assembled/binding:ocaml:cstubs#Bs.10/c/build'; exit 1; } && echo 'ok' > /home/red/code/research/tola/_out/canary/projects/tiny-full/configure/conf_binding-ocaml-cstubs-Bs.10.ok)
[2026-08-03 13:56:54.222] configure                  detect  (ok, output present)
[2026-08-03 13:56:54.222] configure                  check_post  (pass)
[2026-08-03 13:56:54.222] configure                  done
[2026-08-03 13:56:54.222] scan_sources               check_pre  (pass)
[2026-08-03 13:56:54.224] scan_sources               cmd  (python3 canary/scripts/inspect_tiny_typed.py --layer header --path canary/examples/tiny/scenarios/_cache/assembled/binding:ocaml:cstubs#Bs.10/c/include/tiny.h > /home/red/code/research/tola/_out/canary/projects/tiny-full/scan_sources/inspect_typed_header_binding-ocaml-cstubs-Bs.10.json && python3 canary/scripts/inspect_tiny_typed.py --layer stub_ocaml --path canary/examples/tiny/scenarios/_cache/assembled/binding:ocaml:cstubs#Bs.10/ocaml/tiny_raw.mli > /home/red/code/research/tola/_out/canary/projects/tiny-full/scan_sources/inspect_typed_binding_stub_ocaml_binding-ocaml-cstubs-Bs.10.json && python3 canary/scripts/inspect_tiny_typed.py --layer user_ocaml --path canary/examples/tiny/scenarios/_cache/assembled/binding:ocaml:cstubs#Bs.10/ocaml/tiny.mli > /home/red/code/research/tola/_out/canary/projects/tiny-full/scan_sources/inspect_typed_binding_user_ocaml_binding-ocaml-cstubs-Bs.10.json && python3 canary/scripts/inspect_tiny_typed.py --layer stub_python --path canary/examples/tiny/scenarios/_cache/assembled/binding:ocaml:cstubs#Bs.10/python_cext/tiny_cext/_native.c > /home/red/code/research/tola/_out/canary/projects/tiny-full/scan_sources/inspect_typed_binding_stub_python_binding-ocaml-cstubs-Bs.10.json && python3 canary/scripts/inspect_tiny_typed.py --layer user_python --path canary/examples/tiny/scenarios/_cache/assembled/binding:ocaml:cstubs#Bs.10/python_cext/tiny_cext/__init__.py > /home/red/code/research/tola/_out/canary/projects/tiny-full/scan_sources/inspect_typed_binding_user_python_binding-ocaml-cstubs-Bs.10.json && echo 'ok' > /home/red/code/research/tola/_out/canary/projects/tiny-full/scan_sources/scan_binding-ocaml-cstubs-Bs.10.ok)
[2026-08-03 13:56:54.393] scan_sources               detect  (ok, output present)
[2026-08-03 13:56:54.394] scan_sources               check_post  (pass)
[2026-08-03 13:56:54.394] scan_sources               done
[2026-08-03 13:56:54.394] build_lib                  check_pre  (pass)
[2026-08-03 13:56:54.396] build_lib                  cmd  (test -f canary/examples/tiny/scenarios/_cache/assembled/binding:ocaml:cstubs#Bs.10/c/build/libtiny.so.1 || { mkdir -p canary/examples/tiny/scenarios/_cache/assembled/binding:ocaml:cstubs#Bs.10/c/build && gcc -c -fPIC -Icanary/examples/tiny/scenarios/_cache/assembled/binding:ocaml:cstubs#Bs.10/c/include canary/examples/tiny/scenarios/_cache/assembled/binding:ocaml:cstubs#Bs.10/c/src/tiny.c -o canary/examples/tiny/scenarios/_cache/assembled/binding:ocaml:cstubs#Bs.10/c/build/tiny.o && gcc -shared -fPIC -Wl,-soname,libtiny.so.1 -Wl,--version-script=canary/examples/tiny/scenarios/_cache/assembled/binding:ocaml:cstubs#Bs.10/c/tiny.map canary/examples/tiny/scenarios/_cache/assembled/binding:ocaml:cstubs#Bs.10/c/build/tiny.o -o canary/examples/tiny/scenarios/_cache/assembled/binding:ocaml:cstubs#Bs.10/c/build/libtiny.so.1.0 && ln -sf libtiny.so.1.0 canary/examples/tiny/scenarios/_cache/assembled/binding:ocaml:cstubs#Bs.10/c/build/libtiny.so.1 && ln -sf libtiny.so.1 canary/examples/tiny/scenarios/_cache/assembled/binding:ocaml:cstubs#Bs.10/c/build/libtiny.so ; } && echo 'ok' > /home/red/code/research/tola/_out/canary/projects/tiny-full/build_lib/build_binding-ocaml-cstubs-Bs.10.ok)
[2026-08-03 13:56:54.396] build_lib                  detect  (ok, output present)
[2026-08-03 13:56:54.396] build_lib                  check_post  (pass)
[2026-08-03 13:56:54.396] build_lib                  done
[2026-08-03 13:56:54.396] build_lib_inspect          check_pre  (pass)
[2026-08-03 13:56:54.398] build_lib_inspect          cmd  (nm -D "canary/examples/tiny/scenarios/_cache/assembled/binding:ocaml:cstubs#Bs.10/c/build/libtiny.so.1" 2>/dev/null \
  | python3 canary/scripts/inspect_native.py --emit-symbols --elf --path "canary/examples/tiny/scenarios/_cache/assembled/binding:ocaml:cstubs#Bs.10/c/build/libtiny.so.1" --prefixes 'tiny_' --watchlist 'tiny_sum,tiny_diff,tiny_offset' \
  > /home/red/code/research/tola/_out/canary/projects/tiny-full/build_lib/inspect_binding-ocaml-cstubs-Bs.10.json)
[2026-08-03 13:56:54.447] build_lib_inspect          detect  (ok, output present)
[2026-08-03 13:56:54.447] build_lib_inspect          check_post  (pass)
[2026-08-03 13:56:54.447] build_lib_inspect          done
[2026-08-03 13:56:54.447] build_binding_ocaml        check_pre  (pass)
[2026-08-03 13:56:54.449] build_binding_ocaml        cmd  ((LIBRARY_PATH=$PWD/canary/examples/tiny/scenarios/_cache/assembled/binding:ocaml:cstubs#Bs.10/c/build LD_RUN_PATH=$PWD/canary/examples/tiny/scenarios/_cache/assembled/binding:ocaml:cstubs#Bs.10/c/build dune build --root canary/examples/tiny/scenarios/_cache/assembled/binding:ocaml:cstubs#Bs.10 ocaml/tiny.cmxa ocaml/libtiny_stubs.a) > /home/red/code/research/tola/_out/canary/projects/tiny-full/build_binding/ocaml/build_binding-ocaml-cstubs-Bs.10.log 2>&1 && echo 'ok' > /home/red/code/research/tola/_out/canary/projects/tiny-full/build_binding/ocaml/build_binding-ocaml-cstubs-Bs.10.ok)
[2026-08-03 13:56:54.477] build_binding_ocaml        detect  (ok, output present)
[2026-08-03 13:56:54.477] build_binding_ocaml        done  (no compat failure predicted; success expected)
[2026-08-03 13:56:54.477] build_binding_ocaml_inspect  check_pre  (pass)
[2026-08-03 13:56:54.479] build_binding_ocaml_inspect  cmd  (python3 canary/scripts/inspect_binding.py --kind stub --path canary/examples/tiny/scenarios/_cache/assembled/binding:ocaml:cstubs#Bs.10/_build/default/ocaml/libtiny_stubs.a --prefix tiny_ > /home/red/code/research/tola/_out/canary/projects/tiny-full/build_binding/ocaml/inspect_binding-ocaml-cstubs-Bs.10.json && python3 canary/scripts/inspect_binding.py --kind mli --module-prefix Tiny --path canary/examples/tiny/scenarios/_cache/assembled/binding:ocaml:cstubs#Bs.10/ocaml/tiny.mli --watchlist 'Tiny,Tiny.sum,Tiny.diff,Tiny.offset' > /home/red/code/research/tola/_out/canary/projects/tiny-full/build_binding/ocaml/inspect_mli_binding-ocaml-cstubs-Bs.10.json)
[2026-08-03 13:56:54.597] build_binding_ocaml_inspect  detect  (ok, output present)
[2026-08-03 13:56:54.597] build_binding_ocaml_inspect  check_post  (pass)
[2026-08-03 13:56:54.597] build_binding_ocaml_inspect  done
[2026-08-03 13:56:54.597] probe_binding_ocaml        check_pre  (pass)
[2026-08-03 13:56:54.599] probe_binding_ocaml        cmd  ((LIBRARY_PATH=$PWD/canary/examples/tiny/scenarios/_cache/assembled/binding:ocaml:cstubs#Bs.10/c/build LD_RUN_PATH=$PWD/canary/examples/tiny/scenarios/_cache/assembled/binding:ocaml:cstubs#Bs.10/c/build dune build --root canary/examples/tiny/scenarios/_cache/assembled/binding:ocaml:cstubs#Bs.10 ocaml/examples/probe_baseline.exe && LD_LIBRARY_PATH=$PWD/canary/examples/tiny/scenarios/_cache/assembled/binding:ocaml:cstubs#Bs.10/c/build canary/examples/tiny/scenarios/_cache/assembled/binding:ocaml:cstubs#Bs.10/_build/default/ocaml/examples/probe_baseline.exe) > /home/red/code/research/tola/_out/canary/projects/tiny-full/probe_binding/ocaml/probe_binding-ocaml-cstubs-Bs.10.log 2>&1)
[2026-08-03 13:56:54.632] probe_binding_ocaml        cmd_fail  (exit 127)
[2026-08-03 13:56:54.632] probe_binding_ocaml        detect  (error, output present)
[2026-08-03 13:56:54.632] probe_binding_ocaml        failed  (command failed but output didn't match derived predictions)
[2026-08-03 13:56:54.633] build_binding_python       check_pre  (pass)
[2026-08-03 13:56:54.635] build_binding_python       cmd  (ls canary/examples/tiny/scenarios/_cache/assembled/binding:ocaml:cstubs#Bs.10/python_cext/tiny_cext/_native.cpython-*.so > /dev/null && echo 'ok' > /home/red/code/research/tola/_out/canary/projects/tiny-full/build_binding/python/build_binding-ocaml-cstubs-Bs.10.ok)
[2026-08-03 13:56:54.637] build_binding_python       detect  (ok, output present)
[2026-08-03 13:56:54.637] build_binding_python       check_post  (pass)
[2026-08-03 13:56:54.637] build_binding_python       done
[2026-08-03 13:56:54.637] build_binding_python_inspect  check_pre  (pass)
[2026-08-03 13:56:54.639] build_binding_python_inspect  cmd  (python3 canary/scripts/inspect_binding.py --kind stub --path canary/examples/tiny/scenarios/_cache/assembled/binding:ocaml:cstubs#Bs.10/python_cext/tiny_cext/_native.cpython-*.so --prefix tiny_ > /home/red/code/research/tola/_out/canary/projects/tiny-full/build_binding/python/inspect_binding-ocaml-cstubs-Bs.10.json && LD_LIBRARY_PATH=$PWD/canary/examples/tiny/scenarios/_cache/assembled/binding:ocaml:cstubs#Bs.10/c/build PYTHONPATH=canary/examples/tiny/scenarios/_cache/assembled/binding:ocaml:cstubs#Bs.10/python_cext python3 canary/scripts/inspect_python.py --pkg tiny_cext --watchlist 'sum,diff,offset' > /home/red/code/research/tola/_out/canary/projects/tiny-full/build_binding/python/inspect_attrs_binding-ocaml-cstubs-Bs.10.json)
[2026-08-03 13:56:54.756] build_binding_python_inspect  detect  (ok, output present)
[2026-08-03 13:56:54.756] build_binding_python_inspect  check_post  (pass)
[2026-08-03 13:56:54.756] build_binding_python_inspect  done
[2026-08-03 13:56:54.756] probe_binding_python       check_pre  (pass)
[2026-08-03 13:56:54.758] probe_binding_python       cmd  (LD_LIBRARY_PATH=$PWD/canary/examples/tiny/scenarios/_cache/assembled/binding:ocaml:cstubs#Bs.10/c/build PYTHONPATH=canary/examples/tiny/scenarios/_cache/assembled/binding:ocaml:cstubs#Bs.10/python_cext python3 canary/examples/tiny/scenarios/_cache/assembled/binding:ocaml:cstubs#Bs.10/python_cext/examples/probe_baseline.py > /home/red/code/research/tola/_out/canary/projects/tiny-full/probe_binding/python/probe_binding-ocaml-cstubs-Bs.10.log 2>&1)
[2026-08-03 13:56:54.795] probe_binding_python       cmd_fail  (exit 1)
[2026-08-03 13:56:54.795] probe_binding_python       detect  (error, output present)
[2026-08-03 13:56:54.795] probe_binding_python       failed  (no compat failure predicted but command failed)
[2026-08-03 13:56:54.795] probe_lib                  check_pre  (pass)
[2026-08-03 13:56:54.797] probe_lib                  cmd  (nm -D canary/examples/tiny/scenarios/_cache/assembled/binding:ocaml:cstubs#Bs.10/c/build/libtiny.so.1 | grep -E '^[0-9a-f]+ T tiny_' > /home/red/code/research/tola/_out/canary/projects/tiny-full/probe_lib/probe_binding-ocaml-cstubs-Bs.10.log 2>&1)
[2026-08-03 13:56:54.838] probe_lib                  detect  (ok, output present)
[2026-08-03 13:56:54.838] probe_lib                  check_post  (pass)
[2026-08-03 13:56:54.838] probe_lib                  done
[2026-08-03 13:56:54.838] *                          graph_end  (9/13 completed)
[2026-08-03 13:56:54.838] probe_binding_ocaml        failed
[2026-08-03 13:56:54.838] probe_binding_ocaml_inspect  skipped
[2026-08-03 13:56:54.838] probe_binding_python       failed
[2026-08-03 13:56:54.838] probe_binding_python_inspect  skipped
[2026-08-03 13:56:54.838] *                          diagram  (_out/canary/projects/tiny-full/-run/diagrams/all.mmd)
[2026-08-03 13:56:54.839] *                          diagram  (_out/canary/projects/tiny-full/-run/diagrams/full.mmd)
[2026-08-03 13:56:54.839] *                          view  (lib (2 steps))
[2026-08-03 13:56:54.839] *                          view  (probes (5 steps))
[2026-08-03 13:56:54.839] *                          view  (binding_ocaml (4 steps))
[2026-08-03 13:56:54.839] *                          view  (binding_python (4 steps))
[2026-08-03 13:56:54.840] *                          html  (_out/canary/projects/tiny-full/-run/result.html)
[2026-08-03 13:56:54.841] *                          index  (_out/canary/projects/index.html)
[2026-08-03 13:56:54.841] !                          invariant  (full.mmd: connectivity errors:
  [3]→[5]: no edge A_build_lib→A_build_binding_ocaml
  [3]→[13]: no edge A_build_lib→A_probe_lib
  [5]→[7]: no edge A_build_binding_ocaml→A_probe_binding_ocaml
  [3]→[7]: no edge A_build_lib→A_probe_binding_ocaml
  [1]→[2]: no edge A_configure→A_scan_sources
  [9]→[11]: no edge A_build_binding_python→A_probe_binding_python
  [3]→[11]: no edge A_build_lib→A_probe_binding_python
  [3]→[9]: no edge A_build_lib→A_build_binding_python)
[2026-08-03 13:56:54.841] !                          invariant  (SOME FAILED)
[2026-08-03 13:56:54.978] *                          graph_start  (13 steps)
[2026-08-03 13:56:54.978] configure                  check_pre  (pass)
[2026-08-03 13:56:54.980] configure                  cmd  (test -d canary/examples/tiny/scenarios/_cache/assembled/binding:ocaml:cstubs#Bs.13/c/build || { echo 'lib_dir missing: canary/examples/tiny/scenarios/_cache/assembled/binding:ocaml:cstubs#Bs.13/c/build'; exit 1; } && echo 'ok' > /home/red/code/research/tola/_out/canary/projects/tiny-full/configure/conf_binding-ocaml-cstubs-Bs.13.ok)
[2026-08-03 13:56:54.981] configure                  detect  (ok, output present)
[2026-08-03 13:56:54.981] configure                  check_post  (pass)
[2026-08-03 13:56:54.981] configure                  done
[2026-08-03 13:56:54.981] scan_sources               check_pre  (pass)
[2026-08-03 13:56:54.982] scan_sources               cmd  (python3 canary/scripts/inspect_tiny_typed.py --layer header --path canary/examples/tiny/scenarios/_cache/assembled/binding:ocaml:cstubs#Bs.13/c/include/tiny.h > /home/red/code/research/tola/_out/canary/projects/tiny-full/scan_sources/inspect_typed_header_binding-ocaml-cstubs-Bs.13.json && python3 canary/scripts/inspect_tiny_typed.py --layer stub_ocaml --path canary/examples/tiny/scenarios/_cache/assembled/binding:ocaml:cstubs#Bs.13/ocaml/tiny_raw.mli > /home/red/code/research/tola/_out/canary/projects/tiny-full/scan_sources/inspect_typed_binding_stub_ocaml_binding-ocaml-cstubs-Bs.13.json && python3 canary/scripts/inspect_tiny_typed.py --layer user_ocaml --path canary/examples/tiny/scenarios/_cache/assembled/binding:ocaml:cstubs#Bs.13/ocaml/tiny.mli > /home/red/code/research/tola/_out/canary/projects/tiny-full/scan_sources/inspect_typed_binding_user_ocaml_binding-ocaml-cstubs-Bs.13.json && python3 canary/scripts/inspect_tiny_typed.py --layer stub_python --path canary/examples/tiny/scenarios/_cache/assembled/binding:ocaml:cstubs#Bs.13/python_cext/tiny_cext/_native.c > /home/red/code/research/tola/_out/canary/projects/tiny-full/scan_sources/inspect_typed_binding_stub_python_binding-ocaml-cstubs-Bs.13.json && python3 canary/scripts/inspect_tiny_typed.py --layer user_python --path canary/examples/tiny/scenarios/_cache/assembled/binding:ocaml:cstubs#Bs.13/python_cext/tiny_cext/__init__.py > /home/red/code/research/tola/_out/canary/projects/tiny-full/scan_sources/inspect_typed_binding_user_python_binding-ocaml-cstubs-Bs.13.json && echo 'ok' > /home/red/code/research/tola/_out/canary/projects/tiny-full/scan_sources/scan_binding-ocaml-cstubs-Bs.13.ok)
[2026-08-03 13:56:55.146] scan_sources               detect  (ok, output present)
[2026-08-03 13:56:55.147] scan_sources               check_post  (pass)
[2026-08-03 13:56:55.147] scan_sources               done
[2026-08-03 13:56:55.147] build_lib                  check_pre  (pass)
[2026-08-03 13:56:55.149] build_lib                  cmd  (test -f canary/examples/tiny/scenarios/_cache/assembled/binding:ocaml:cstubs#Bs.13/c/build/libtiny.so.1 || { mkdir -p canary/examples/tiny/scenarios/_cache/assembled/binding:ocaml:cstubs#Bs.13/c/build && gcc -c -fPIC -Icanary/examples/tiny/scenarios/_cache/assembled/binding:ocaml:cstubs#Bs.13/c/include canary/examples/tiny/scenarios/_cache/assembled/binding:ocaml:cstubs#Bs.13/c/src/tiny.c -o canary/examples/tiny/scenarios/_cache/assembled/binding:ocaml:cstubs#Bs.13/c/build/tiny.o && gcc -shared -fPIC -Wl,-soname,libtiny.so.1 -Wl,--version-script=canary/examples/tiny/scenarios/_cache/assembled/binding:ocaml:cstubs#Bs.13/c/tiny.map canary/examples/tiny/scenarios/_cache/assembled/binding:ocaml:cstubs#Bs.13/c/build/tiny.o -o canary/examples/tiny/scenarios/_cache/assembled/binding:ocaml:cstubs#Bs.13/c/build/libtiny.so.1.0 && ln -sf libtiny.so.1.0 canary/examples/tiny/scenarios/_cache/assembled/binding:ocaml:cstubs#Bs.13/c/build/libtiny.so.1 && ln -sf libtiny.so.1 canary/examples/tiny/scenarios/_cache/assembled/binding:ocaml:cstubs#Bs.13/c/build/libtiny.so ; } && echo 'ok' > /home/red/code/research/tola/_out/canary/projects/tiny-full/build_lib/build_binding-ocaml-cstubs-Bs.13.ok)
[2026-08-03 13:56:55.150] build_lib                  detect  (ok, output present)
[2026-08-03 13:56:55.150] build_lib                  check_post  (pass)
[2026-08-03 13:56:55.150] build_lib                  done
[2026-08-03 13:56:55.150] build_lib_inspect          check_pre  (pass)
[2026-08-03 13:56:55.151] build_lib_inspect          cmd  (nm -D "canary/examples/tiny/scenarios/_cache/assembled/binding:ocaml:cstubs#Bs.13/c/build/libtiny.so.1" 2>/dev/null \
  | python3 canary/scripts/inspect_native.py --emit-symbols --elf --path "canary/examples/tiny/scenarios/_cache/assembled/binding:ocaml:cstubs#Bs.13/c/build/libtiny.so.1" --prefixes 'tiny_' --watchlist 'tiny_sum,tiny_diff,tiny_offset' \
  > /home/red/code/research/tola/_out/canary/projects/tiny-full/build_lib/inspect_binding-ocaml-cstubs-Bs.13.json)
[2026-08-03 13:56:55.200] build_lib_inspect          detect  (ok, output present)
[2026-08-03 13:56:55.200] build_lib_inspect          check_post  (pass)
[2026-08-03 13:56:55.200] build_lib_inspect          done
[2026-08-03 13:56:55.200] build_binding_ocaml        check_pre  (pass)
[2026-08-03 13:56:55.202] build_binding_ocaml        cmd  ((LIBRARY_PATH=$PWD/canary/examples/tiny/scenarios/_cache/assembled/binding:ocaml:cstubs#Bs.13/c/build LD_RUN_PATH=$PWD/canary/examples/tiny/scenarios/_cache/assembled/binding:ocaml:cstubs#Bs.13/c/build dune build --root canary/examples/tiny/scenarios/_cache/assembled/binding:ocaml:cstubs#Bs.13 ocaml/tiny.cmxa ocaml/libtiny_stubs.a) > /home/red/code/research/tola/_out/canary/projects/tiny-full/build_binding/ocaml/build_binding-ocaml-cstubs-Bs.13.log 2>&1 && echo 'ok' > /home/red/code/research/tola/_out/canary/projects/tiny-full/build_binding/ocaml/build_binding-ocaml-cstubs-Bs.13.ok)
[2026-08-03 13:56:55.230] build_binding_ocaml        detect  (ok, output present)
[2026-08-03 13:56:55.230] build_binding_ocaml        done  (no compat failure predicted; success expected)
[2026-08-03 13:56:55.230] build_binding_ocaml_inspect  check_pre  (pass)
[2026-08-03 13:56:55.232] build_binding_ocaml_inspect  cmd  (python3 canary/scripts/inspect_binding.py --kind stub --path canary/examples/tiny/scenarios/_cache/assembled/binding:ocaml:cstubs#Bs.13/_build/default/ocaml/libtiny_stubs.a --prefix tiny_ > /home/red/code/research/tola/_out/canary/projects/tiny-full/build_binding/ocaml/inspect_binding-ocaml-cstubs-Bs.13.json && python3 canary/scripts/inspect_binding.py --kind mli --module-prefix Tiny --path canary/examples/tiny/scenarios/_cache/assembled/binding:ocaml:cstubs#Bs.13/ocaml/tiny.mli --watchlist 'Tiny,Tiny.sum,Tiny.diff,Tiny.offset' > /home/red/code/research/tola/_out/canary/projects/tiny-full/build_binding/ocaml/inspect_mli_binding-ocaml-cstubs-Bs.13.json)
[2026-08-03 13:56:55.350] build_binding_ocaml_inspect  detect  (ok, output present)
[2026-08-03 13:56:55.350] build_binding_ocaml_inspect  check_post  (pass)
[2026-08-03 13:56:55.350] build_binding_ocaml_inspect  done
[2026-08-03 13:56:55.350] probe_binding_ocaml        check_pre  (pass)
[2026-08-03 13:56:55.352] probe_binding_ocaml        cmd  ((LIBRARY_PATH=$PWD/canary/examples/tiny/scenarios/_cache/assembled/binding:ocaml:cstubs#Bs.13/c/build LD_RUN_PATH=$PWD/canary/examples/tiny/scenarios/_cache/assembled/binding:ocaml:cstubs#Bs.13/c/build dune build --root canary/examples/tiny/scenarios/_cache/assembled/binding:ocaml:cstubs#Bs.13 ocaml/examples/probe_baseline.exe && LD_LIBRARY_PATH=$PWD/canary/examples/tiny/scenarios/_cache/assembled/binding:ocaml:cstubs#Bs.13/c/build canary/examples/tiny/scenarios/_cache/assembled/binding:ocaml:cstubs#Bs.13/_build/default/ocaml/examples/probe_baseline.exe) > /home/red/code/research/tola/_out/canary/projects/tiny-full/probe_binding/ocaml/probe_binding-ocaml-cstubs-Bs.13.log 2>&1)
[2026-08-03 13:56:55.382] probe_binding_ocaml        cmd_fail  (exit 127)
[2026-08-03 13:56:55.382] probe_binding_ocaml        detect  (error, output present)
[2026-08-03 13:56:55.382] probe_binding_ocaml        failed  (no compat failure predicted but command failed)
[2026-08-03 13:56:55.382] build_binding_python       check_pre  (pass)
[2026-08-03 13:56:55.384] build_binding_python       cmd  (ls canary/examples/tiny/scenarios/_cache/assembled/binding:ocaml:cstubs#Bs.13/python_cext/tiny_cext/_native.cpython-*.so > /dev/null && echo 'ok' > /home/red/code/research/tola/_out/canary/projects/tiny-full/build_binding/python/build_binding-ocaml-cstubs-Bs.13.ok)
[2026-08-03 13:56:55.386] build_binding_python       detect  (ok, output present)
[2026-08-03 13:56:55.386] build_binding_python       check_post  (pass)
[2026-08-03 13:56:55.386] build_binding_python       done
[2026-08-03 13:56:55.386] build_binding_python_inspect  check_pre  (pass)
[2026-08-03 13:56:55.388] build_binding_python_inspect  cmd  (python3 canary/scripts/inspect_binding.py --kind stub --path canary/examples/tiny/scenarios/_cache/assembled/binding:ocaml:cstubs#Bs.13/python_cext/tiny_cext/_native.cpython-*.so --prefix tiny_ > /home/red/code/research/tola/_out/canary/projects/tiny-full/build_binding/python/inspect_binding-ocaml-cstubs-Bs.13.json && LD_LIBRARY_PATH=$PWD/canary/examples/tiny/scenarios/_cache/assembled/binding:ocaml:cstubs#Bs.13/c/build PYTHONPATH=canary/examples/tiny/scenarios/_cache/assembled/binding:ocaml:cstubs#Bs.13/python_cext python3 canary/scripts/inspect_python.py --pkg tiny_cext --watchlist 'sum,diff,offset' > /home/red/code/research/tola/_out/canary/projects/tiny-full/build_binding/python/inspect_attrs_binding-ocaml-cstubs-Bs.13.json)
[2026-08-03 13:56:55.502] build_binding_python_inspect  detect  (ok, output present)
[2026-08-03 13:56:55.502] build_binding_python_inspect  check_post  (pass)
[2026-08-03 13:56:55.502] build_binding_python_inspect  done
[2026-08-03 13:56:55.502] probe_binding_python       check_pre  (pass)
[2026-08-03 13:56:55.504] probe_binding_python       cmd  (LD_LIBRARY_PATH=$PWD/canary/examples/tiny/scenarios/_cache/assembled/binding:ocaml:cstubs#Bs.13/c/build PYTHONPATH=canary/examples/tiny/scenarios/_cache/assembled/binding:ocaml:cstubs#Bs.13/python_cext python3 canary/examples/tiny/scenarios/_cache/assembled/binding:ocaml:cstubs#Bs.13/python_cext/examples/probe_baseline.py > /home/red/code/research/tola/_out/canary/projects/tiny-full/probe_binding/python/probe_binding-ocaml-cstubs-Bs.13.log 2>&1)
[2026-08-03 13:56:55.534] probe_binding_python       cmd_fail  (exit 1)
[2026-08-03 13:56:55.534] probe_binding_python       detect  (error, output present)
[2026-08-03 13:56:55.534] probe_binding_python       failed  (no compat failure predicted but command failed)
[2026-08-03 13:56:55.534] probe_lib                  check_pre  (pass)
[2026-08-03 13:56:55.537] probe_lib                  cmd  (nm -D canary/examples/tiny/scenarios/_cache/assembled/binding:ocaml:cstubs#Bs.13/c/build/libtiny.so.1 | grep -E '^[0-9a-f]+ T tiny_' > /home/red/code/research/tola/_out/canary/projects/tiny-full/probe_lib/probe_binding-ocaml-cstubs-Bs.13.log 2>&1)
[2026-08-03 13:56:55.577] probe_lib                  detect  (ok, output present)
[2026-08-03 13:56:55.577] probe_lib                  check_post  (pass)
[2026-08-03 13:56:55.577] probe_lib                  done
[2026-08-03 13:56:55.577] *                          graph_end  (9/13 completed)
[2026-08-03 13:56:55.577] probe_binding_ocaml        failed
[2026-08-03 13:56:55.577] probe_binding_ocaml_inspect  skipped
[2026-08-03 13:56:55.577] probe_binding_python       failed
[2026-08-03 13:56:55.577] probe_binding_python_inspect  skipped
[2026-08-03 13:56:55.578] *                          diagram  (_out/canary/projects/tiny-full/-run/diagrams/all.mmd)
[2026-08-03 13:56:55.578] *                          diagram  (_out/canary/projects/tiny-full/-run/diagrams/full.mmd)
[2026-08-03 13:56:55.578] *                          view  (lib (2 steps))
[2026-08-03 13:56:55.578] *                          view  (probes (5 steps))
[2026-08-03 13:56:55.578] *                          view  (binding_ocaml (4 steps))
[2026-08-03 13:56:55.578] *                          view  (binding_python (4 steps))
[2026-08-03 13:56:55.578] *                          html  (_out/canary/projects/tiny-full/-run/result.html)
[2026-08-03 13:56:55.579] *                          index  (_out/canary/projects/index.html)
[2026-08-03 13:56:55.579] !                          invariant  (full.mmd: connectivity errors:
  [3]→[5]: no edge A_build_lib→A_build_binding_ocaml
  [3]→[13]: no edge A_build_lib→A_probe_lib
  [5]→[7]: no edge A_build_binding_ocaml→A_probe_binding_ocaml
  [3]→[7]: no edge A_build_lib→A_probe_binding_ocaml
  [1]→[2]: no edge A_configure→A_scan_sources
  [9]→[11]: no edge A_build_binding_python→A_probe_binding_python
  [3]→[11]: no edge A_build_lib→A_probe_binding_python
  [3]→[9]: no edge A_build_lib→A_build_binding_python)
[2026-08-03 13:56:55.579] !                          invariant  (SOME FAILED)
[2026-08-03 13:56:55.712] *                          graph_start  (13 steps)
[2026-08-03 13:56:55.712] configure                  check_pre  (pass)
[2026-08-03 13:56:55.714] configure                  cmd  (test -d canary/examples/tiny/scenarios/_cache/assembled/binding:ocaml:cstubs#Dv.Sc.3.OCaml.ocaml_binding.ocaml_binding/c/build || { echo 'lib_dir missing: canary/examples/tiny/scenarios/_cache/assembled/binding:ocaml:cstubs#Dv.Sc.3.OCaml.ocaml_binding.ocaml_binding/c/build'; exit 1; } && echo 'ok' > /home/red/code/research/tola/_out/canary/projects/tiny-full/configure/conf_binding-ocaml-cstubs-Dv.Sc.3.OCaml.ocaml_binding.ocaml_binding.ok)
[2026-08-03 13:56:55.715] configure                  detect  (ok, output present)
[2026-08-03 13:56:55.715] configure                  check_post  (pass)
[2026-08-03 13:56:55.715] configure                  done
[2026-08-03 13:56:55.715] scan_sources               check_pre  (pass)
[2026-08-03 13:56:55.717] scan_sources               cmd  (python3 canary/scripts/inspect_tiny_typed.py --layer header --path canary/examples/tiny/scenarios/_cache/assembled/binding:ocaml:cstubs#Dv.Sc.3.OCaml.ocaml_binding.ocaml_binding/c/include/tiny.h > /home/red/code/research/tola/_out/canary/projects/tiny-full/scan_sources/inspect_typed_header_binding-ocaml-cstubs-Dv.Sc.3.OCaml.ocaml_binding.ocaml_binding.json && python3 canary/scripts/inspect_tiny_typed.py --layer stub_ocaml --path canary/examples/tiny/scenarios/_cache/assembled/binding:ocaml:cstubs#Dv.Sc.3.OCaml.ocaml_binding.ocaml_binding/ocaml/tiny_raw.mli > /home/red/code/research/tola/_out/canary/projects/tiny-full/scan_sources/inspect_typed_binding_stub_ocaml_binding-ocaml-cstubs-Dv.Sc.3.OCaml.ocaml_binding.ocaml_binding.json && python3 canary/scripts/inspect_tiny_typed.py --layer user_ocaml --path canary/examples/tiny/scenarios/_cache/assembled/binding:ocaml:cstubs#Dv.Sc.3.OCaml.ocaml_binding.ocaml_binding/ocaml/tiny.mli > /home/red/code/research/tola/_out/canary/projects/tiny-full/scan_sources/inspect_typed_binding_user_ocaml_binding-ocaml-cstubs-Dv.Sc.3.OCaml.ocaml_binding.ocaml_binding.json && python3 canary/scripts/inspect_tiny_typed.py --layer stub_python --path canary/examples/tiny/scenarios/_cache/assembled/binding:ocaml:cstubs#Dv.Sc.3.OCaml.ocaml_binding.ocaml_binding/python_cext/tiny_cext/_native.c > /home/red/code/research/tola/_out/canary/projects/tiny-full/scan_sources/inspect_typed_binding_stub_python_binding-ocaml-cstubs-Dv.Sc.3.OCaml.ocaml_binding.ocaml_binding.json && python3 canary/scripts/inspect_tiny_typed.py --layer user_python --path canary/examples/tiny/scenarios/_cache/assembled/binding:ocaml:cstubs#Dv.Sc.3.OCaml.ocaml_binding.ocaml_binding/python_cext/tiny_cext/__init__.py > /home/red/code/research/tola/_out/canary/projects/tiny-full/scan_sources/inspect_typed_binding_user_python_binding-ocaml-cstubs-Dv.Sc.3.OCaml.ocaml_binding.ocaml_binding.json && echo 'ok' > /home/red/code/research/tola/_out/canary/projects/tiny-full/scan_sources/scan_binding-ocaml-cstubs-Dv.Sc.3.OCaml.ocaml_binding.ocaml_binding.ok)
[2026-08-03 13:56:55.887] scan_sources               detect  (ok, output present)
[2026-08-03 13:56:55.887] scan_sources               check_post  (pass)
[2026-08-03 13:56:55.887] scan_sources               done
[2026-08-03 13:56:55.887] build_lib                  check_pre  (pass)
[2026-08-03 13:56:55.889] build_lib                  cmd  (test -f canary/examples/tiny/scenarios/_cache/assembled/binding:ocaml:cstubs#Dv.Sc.3.OCaml.ocaml_binding.ocaml_binding/c/build/libtiny.so.1 || { mkdir -p canary/examples/tiny/scenarios/_cache/assembled/binding:ocaml:cstubs#Dv.Sc.3.OCaml.ocaml_binding.ocaml_binding/c/build && gcc -c -fPIC -Icanary/examples/tiny/scenarios/_cache/assembled/binding:ocaml:cstubs#Dv.Sc.3.OCaml.ocaml_binding.ocaml_binding/c/include canary/examples/tiny/scenarios/_cache/assembled/binding:ocaml:cstubs#Dv.Sc.3.OCaml.ocaml_binding.ocaml_binding/c/src/tiny.c -o canary/examples/tiny/scenarios/_cache/assembled/binding:ocaml:cstubs#Dv.Sc.3.OCaml.ocaml_binding.ocaml_binding/c/build/tiny.o && gcc -shared -fPIC -Wl,-soname,libtiny.so.1 -Wl,--version-script=canary/examples/tiny/scenarios/_cache/assembled/binding:ocaml:cstubs#Dv.Sc.3.OCaml.ocaml_binding.ocaml_binding/c/tiny.map canary/examples/tiny/scenarios/_cache/assembled/binding:ocaml:cstubs#Dv.Sc.3.OCaml.ocaml_binding.ocaml_binding/c/build/tiny.o -o canary/examples/tiny/scenarios/_cache/assembled/binding:ocaml:cstubs#Dv.Sc.3.OCaml.ocaml_binding.ocaml_binding/c/build/libtiny.so.1.0 && ln -sf libtiny.so.1.0 canary/examples/tiny/scenarios/_cache/assembled/binding:ocaml:cstubs#Dv.Sc.3.OCaml.ocaml_binding.ocaml_binding/c/build/libtiny.so.1 && ln -sf libtiny.so.1 canary/examples/tiny/scenarios/_cache/assembled/binding:ocaml:cstubs#Dv.Sc.3.OCaml.ocaml_binding.ocaml_binding/c/build/libtiny.so ; } && echo 'ok' > /home/red/code/research/tola/_out/canary/projects/tiny-full/build_lib/build_binding-ocaml-cstubs-Dv.Sc.3.OCaml.ocaml_binding.ocaml_binding.ok)
[2026-08-03 13:56:55.889] build_lib                  detect  (ok, output present)
[2026-08-03 13:56:55.889] build_lib                  check_post  (pass)
[2026-08-03 13:56:55.889] build_lib                  done
[2026-08-03 13:56:55.889] build_lib_inspect          check_pre  (pass)
[2026-08-03 13:56:55.891] build_lib_inspect          cmd  (nm -D "canary/examples/tiny/scenarios/_cache/assembled/binding:ocaml:cstubs#Dv.Sc.3.OCaml.ocaml_binding.ocaml_binding/c/build/libtiny.so.1" 2>/dev/null \
  | python3 canary/scripts/inspect_native.py --emit-symbols --elf --path "canary/examples/tiny/scenarios/_cache/assembled/binding:ocaml:cstubs#Dv.Sc.3.OCaml.ocaml_binding.ocaml_binding/c/build/libtiny.so.1" --prefixes 'tiny_' --watchlist 'tiny_sum,tiny_diff,tiny_offset' \
  > /home/red/code/research/tola/_out/canary/projects/tiny-full/build_lib/inspect_binding-ocaml-cstubs-Dv.Sc.3.OCaml.ocaml_binding.ocaml_binding.json)
[2026-08-03 13:56:55.939] build_lib_inspect          detect  (ok, output present)
[2026-08-03 13:56:55.939] build_lib_inspect          check_post  (pass)
[2026-08-03 13:56:55.939] build_lib_inspect          done
[2026-08-03 13:56:55.940] build_binding_ocaml        check_pre  (pass)
[2026-08-03 13:56:55.941] build_binding_ocaml        cmd  ((LIBRARY_PATH=$PWD/canary/examples/tiny/scenarios/_cache/assembled/binding:ocaml:cstubs#Dv.Sc.3.OCaml.ocaml_binding.ocaml_binding/c/build LD_RUN_PATH=$PWD/canary/examples/tiny/scenarios/_cache/assembled/binding:ocaml:cstubs#Dv.Sc.3.OCaml.ocaml_binding.ocaml_binding/c/build dune build --root canary/examples/tiny/scenarios/_cache/assembled/binding:ocaml:cstubs#Dv.Sc.3.OCaml.ocaml_binding.ocaml_binding ocaml/tiny.cmxa ocaml/libtiny_stubs.a) > /home/red/code/research/tola/_out/canary/projects/tiny-full/build_binding/ocaml/build_binding-ocaml-cstubs-Dv.Sc.3.OCaml.ocaml_binding.ocaml_binding.log 2>&1 && echo 'ok' > /home/red/code/research/tola/_out/canary/projects/tiny-full/build_binding/ocaml/build_binding-ocaml-cstubs-Dv.Sc.3.OCaml.ocaml_binding.ocaml_binding.ok)
[2026-08-03 13:56:55.969] build_binding_ocaml        detect  (ok, output present)
[2026-08-03 13:56:55.969] build_binding_ocaml        done  (no compat failure predicted; success expected)
[2026-08-03 13:56:55.969] build_binding_ocaml_inspect  check_pre  (pass)
[2026-08-03 13:56:55.971] build_binding_ocaml_inspect  cmd  (python3 canary/scripts/inspect_binding.py --kind stub --path canary/examples/tiny/scenarios/_cache/assembled/binding:ocaml:cstubs#Dv.Sc.3.OCaml.ocaml_binding.ocaml_binding/_build/default/ocaml/libtiny_stubs.a --prefix tiny_ > /home/red/code/research/tola/_out/canary/projects/tiny-full/build_binding/ocaml/inspect_binding-ocaml-cstubs-Dv.Sc.3.OCaml.ocaml_binding.ocaml_binding.json && python3 canary/scripts/inspect_binding.py --kind mli --module-prefix Tiny --path canary/examples/tiny/scenarios/_cache/assembled/binding:ocaml:cstubs#Dv.Sc.3.OCaml.ocaml_binding.ocaml_binding/ocaml/tiny.mli --watchlist 'Tiny,Tiny.sum,Tiny.diff,Tiny.offset' > /home/red/code/research/tola/_out/canary/projects/tiny-full/build_binding/ocaml/inspect_mli_binding-ocaml-cstubs-Dv.Sc.3.OCaml.ocaml_binding.ocaml_binding.json)
[2026-08-03 13:56:56.092] build_binding_ocaml_inspect  detect  (ok, output present)
[2026-08-03 13:56:56.092] build_binding_ocaml_inspect  check_post  (pass)
[2026-08-03 13:56:56.092] build_binding_ocaml_inspect  done
[2026-08-03 13:56:56.092] probe_binding_ocaml        check_pre  (pass)
[2026-08-03 13:56:56.094] probe_binding_ocaml        cmd  ((LIBRARY_PATH=$PWD/canary/examples/tiny/scenarios/_cache/assembled/binding:ocaml:cstubs#Dv.Sc.3.OCaml.ocaml_binding.ocaml_binding/c/build LD_RUN_PATH=$PWD/canary/examples/tiny/scenarios/_cache/assembled/binding:ocaml:cstubs#Dv.Sc.3.OCaml.ocaml_binding.ocaml_binding/c/build dune build --root canary/examples/tiny/scenarios/_cache/assembled/binding:ocaml:cstubs#Dv.Sc.3.OCaml.ocaml_binding.ocaml_binding ocaml/examples/probe_baseline.exe && LD_LIBRARY_PATH=$PWD/canary/examples/tiny/scenarios/_cache/assembled/binding:ocaml:cstubs#Dv.Sc.3.OCaml.ocaml_binding.ocaml_binding/c/build canary/examples/tiny/scenarios/_cache/assembled/binding:ocaml:cstubs#Dv.Sc.3.OCaml.ocaml_binding.ocaml_binding/_build/default/ocaml/examples/probe_baseline.exe) > /home/red/code/research/tola/_out/canary/projects/tiny-full/probe_binding/ocaml/probe_binding-ocaml-cstubs-Dv.Sc.3.OCaml.ocaml_binding.ocaml_binding.log 2>&1)
[2026-08-03 13:56:56.125] probe_binding_ocaml        cmd_fail  (exit 127)
[2026-08-03 13:56:56.125] probe_binding_ocaml        detect  (error, output present)
[2026-08-03 13:56:56.126] probe_binding_ocaml        failed  (no compat failure predicted but command failed)
[2026-08-03 13:56:56.126] build_binding_python       check_pre  (pass)
[2026-08-03 13:56:56.128] build_binding_python       cmd  (ls canary/examples/tiny/scenarios/_cache/assembled/binding:ocaml:cstubs#Dv.Sc.3.OCaml.ocaml_binding.ocaml_binding/python_cext/tiny_cext/_native.cpython-*.so > /dev/null && echo 'ok' > /home/red/code/research/tola/_out/canary/projects/tiny-full/build_binding/python/build_binding-ocaml-cstubs-Dv.Sc.3.OCaml.ocaml_binding.ocaml_binding.ok)
[2026-08-03 13:56:56.130] build_binding_python       detect  (ok, output present)
[2026-08-03 13:56:56.130] build_binding_python       check_post  (pass)
[2026-08-03 13:56:56.130] build_binding_python       done
[2026-08-03 13:56:56.130] build_binding_python_inspect  check_pre  (pass)
[2026-08-03 13:56:56.131] build_binding_python_inspect  cmd  (python3 canary/scripts/inspect_binding.py --kind stub --path canary/examples/tiny/scenarios/_cache/assembled/binding:ocaml:cstubs#Dv.Sc.3.OCaml.ocaml_binding.ocaml_binding/python_cext/tiny_cext/_native.cpython-*.so --prefix tiny_ > /home/red/code/research/tola/_out/canary/projects/tiny-full/build_binding/python/inspect_binding-ocaml-cstubs-Dv.Sc.3.OCaml.ocaml_binding.ocaml_binding.json && LD_LIBRARY_PATH=$PWD/canary/examples/tiny/scenarios/_cache/assembled/binding:ocaml:cstubs#Dv.Sc.3.OCaml.ocaml_binding.ocaml_binding/c/build PYTHONPATH=canary/examples/tiny/scenarios/_cache/assembled/binding:ocaml:cstubs#Dv.Sc.3.OCaml.ocaml_binding.ocaml_binding/python_cext python3 canary/scripts/inspect_python.py --pkg tiny_cext --watchlist 'sum,diff,offset' > /home/red/code/research/tola/_out/canary/projects/tiny-full/build_binding/python/inspect_attrs_binding-ocaml-cstubs-Dv.Sc.3.OCaml.ocaml_binding.ocaml_binding.json)
[2026-08-03 13:56:56.251] build_binding_python_inspect  detect  (ok, output present)
[2026-08-03 13:56:56.251] build_binding_python_inspect  check_post  (pass)
[2026-08-03 13:56:56.251] build_binding_python_inspect  done
[2026-08-03 13:56:56.251] probe_binding_python       check_pre  (pass)
[2026-08-03 13:56:56.253] probe_binding_python       cmd  (LD_LIBRARY_PATH=$PWD/canary/examples/tiny/scenarios/_cache/assembled/binding:ocaml:cstubs#Dv.Sc.3.OCaml.ocaml_binding.ocaml_binding/c/build PYTHONPATH=canary/examples/tiny/scenarios/_cache/assembled/binding:ocaml:cstubs#Dv.Sc.3.OCaml.ocaml_binding.ocaml_binding/python_cext python3 canary/examples/tiny/scenarios/_cache/assembled/binding:ocaml:cstubs#Dv.Sc.3.OCaml.ocaml_binding.ocaml_binding/python_cext/examples/probe_baseline.py > /home/red/code/research/tola/_out/canary/projects/tiny-full/probe_binding/python/probe_binding-ocaml-cstubs-Dv.Sc.3.OCaml.ocaml_binding.ocaml_binding.log 2>&1)
[2026-08-03 13:56:56.285] probe_binding_python       cmd_fail  (exit 1)
[2026-08-03 13:56:56.285] probe_binding_python       detect  (error, output present)
[2026-08-03 13:56:56.286] probe_binding_python       failed  (no compat failure predicted but command failed)
[2026-08-03 13:56:56.286] probe_lib                  check_pre  (pass)
[2026-08-03 13:56:56.288] probe_lib                  cmd  (nm -D canary/examples/tiny/scenarios/_cache/assembled/binding:ocaml:cstubs#Dv.Sc.3.OCaml.ocaml_binding.ocaml_binding/c/build/libtiny.so.1 | grep -E '^[0-9a-f]+ T tiny_' > /home/red/code/research/tola/_out/canary/projects/tiny-full/probe_lib/probe_binding-ocaml-cstubs-Dv.Sc.3.OCaml.ocaml_binding.ocaml_binding.log 2>&1)
[2026-08-03 13:56:56.331] probe_lib                  detect  (ok, output present)
[2026-08-03 13:56:56.331] probe_lib                  check_post  (pass)
[2026-08-03 13:56:56.331] probe_lib                  done
[2026-08-03 13:56:56.331] *                          graph_end  (9/13 completed)
[2026-08-03 13:56:56.331] probe_binding_ocaml        failed
[2026-08-03 13:56:56.331] probe_binding_ocaml_inspect  skipped
[2026-08-03 13:56:56.331] probe_binding_python       failed
[2026-08-03 13:56:56.331] probe_binding_python_inspect  skipped
[2026-08-03 13:56:56.331] *                          diagram  (_out/canary/projects/tiny-full/-run/diagrams/all.mmd)
[2026-08-03 13:56:56.331] *                          diagram  (_out/canary/projects/tiny-full/-run/diagrams/full.mmd)
[2026-08-03 13:56:56.331] *                          view  (lib (2 steps))
[2026-08-03 13:56:56.331] *                          view  (probes (5 steps))
[2026-08-03 13:56:56.331] *                          view  (binding_ocaml (4 steps))
[2026-08-03 13:56:56.331] *                          view  (binding_python (4 steps))
[2026-08-03 13:56:56.332] *                          html  (_out/canary/projects/tiny-full/-run/result.html)
[2026-08-03 13:56:56.333] *                          index  (_out/canary/projects/index.html)
[2026-08-03 13:56:56.333] !                          invariant  (full.mmd: connectivity errors:
  [3]→[5]: no edge A_build_lib→A_build_binding_ocaml
  [3]→[13]: no edge A_build_lib→A_probe_lib
  [5]→[7]: no edge A_build_binding_ocaml→A_probe_binding_ocaml
  [3]→[7]: no edge A_build_lib→A_probe_binding_ocaml
  [1]→[2]: no edge A_configure→A_scan_sources
  [9]→[11]: no edge A_build_binding_python→A_probe_binding_python
  [3]→[11]: no edge A_build_lib→A_probe_binding_python
  [3]→[9]: no edge A_build_lib→A_build_binding_python)
[2026-08-03 13:56:56.333] !                          invariant  (SOME FAILED)
[2026-08-03 13:56:56.472] *                          graph_start  (13 steps)
[2026-08-03 13:56:56.472] configure                  check_pre  (pass)
[2026-08-03 13:56:56.474] configure                  cmd  (test -d canary/examples/tiny/scenarios/_cache/assembled/binding:ocaml:cstubs#Dv.Sc.4.OCaml.ocaml_binding.ocaml_binding/c/build || { echo 'lib_dir missing: canary/examples/tiny/scenarios/_cache/assembled/binding:ocaml:cstubs#Dv.Sc.4.OCaml.ocaml_binding.ocaml_binding/c/build'; exit 1; } && echo 'ok' > /home/red/code/research/tola/_out/canary/projects/tiny-full/configure/conf_binding-ocaml-cstubs-Dv.Sc.4.OCaml.ocaml_binding.ocaml_binding.ok)
[2026-08-03 13:56:56.475] configure                  detect  (ok, output present)
[2026-08-03 13:56:56.475] configure                  check_post  (pass)
[2026-08-03 13:56:56.475] configure                  done
[2026-08-03 13:56:56.475] scan_sources               check_pre  (pass)
[2026-08-03 13:56:56.477] scan_sources               cmd  (python3 canary/scripts/inspect_tiny_typed.py --layer header --path canary/examples/tiny/scenarios/_cache/assembled/binding:ocaml:cstubs#Dv.Sc.4.OCaml.ocaml_binding.ocaml_binding/c/include/tiny.h > /home/red/code/research/tola/_out/canary/projects/tiny-full/scan_sources/inspect_typed_header_binding-ocaml-cstubs-Dv.Sc.4.OCaml.ocaml_binding.ocaml_binding.json && python3 canary/scripts/inspect_tiny_typed.py --layer stub_ocaml --path canary/examples/tiny/scenarios/_cache/assembled/binding:ocaml:cstubs#Dv.Sc.4.OCaml.ocaml_binding.ocaml_binding/ocaml/tiny_raw.mli > /home/red/code/research/tola/_out/canary/projects/tiny-full/scan_sources/inspect_typed_binding_stub_ocaml_binding-ocaml-cstubs-Dv.Sc.4.OCaml.ocaml_binding.ocaml_binding.json && python3 canary/scripts/inspect_tiny_typed.py --layer user_ocaml --path canary/examples/tiny/scenarios/_cache/assembled/binding:ocaml:cstubs#Dv.Sc.4.OCaml.ocaml_binding.ocaml_binding/ocaml/tiny.mli > /home/red/code/research/tola/_out/canary/projects/tiny-full/scan_sources/inspect_typed_binding_user_ocaml_binding-ocaml-cstubs-Dv.Sc.4.OCaml.ocaml_binding.ocaml_binding.json && python3 canary/scripts/inspect_tiny_typed.py --layer stub_python --path canary/examples/tiny/scenarios/_cache/assembled/binding:ocaml:cstubs#Dv.Sc.4.OCaml.ocaml_binding.ocaml_binding/python_cext/tiny_cext/_native.c > /home/red/code/research/tola/_out/canary/projects/tiny-full/scan_sources/inspect_typed_binding_stub_python_binding-ocaml-cstubs-Dv.Sc.4.OCaml.ocaml_binding.ocaml_binding.json && python3 canary/scripts/inspect_tiny_typed.py --layer user_python --path canary/examples/tiny/scenarios/_cache/assembled/binding:ocaml:cstubs#Dv.Sc.4.OCaml.ocaml_binding.ocaml_binding/python_cext/tiny_cext/__init__.py > /home/red/code/research/tola/_out/canary/projects/tiny-full/scan_sources/inspect_typed_binding_user_python_binding-ocaml-cstubs-Dv.Sc.4.OCaml.ocaml_binding.ocaml_binding.json && echo 'ok' > /home/red/code/research/tola/_out/canary/projects/tiny-full/scan_sources/scan_binding-ocaml-cstubs-Dv.Sc.4.OCaml.ocaml_binding.ocaml_binding.ok)
[2026-08-03 13:56:56.655] scan_sources               detect  (ok, output present)
[2026-08-03 13:56:56.655] scan_sources               check_post  (pass)
[2026-08-03 13:56:56.655] scan_sources               done
[2026-08-03 13:56:56.655] build_lib                  check_pre  (pass)
[2026-08-03 13:56:56.657] build_lib                  cmd  (test -f canary/examples/tiny/scenarios/_cache/assembled/binding:ocaml:cstubs#Dv.Sc.4.OCaml.ocaml_binding.ocaml_binding/c/build/libtiny.so.1 || { mkdir -p canary/examples/tiny/scenarios/_cache/assembled/binding:ocaml:cstubs#Dv.Sc.4.OCaml.ocaml_binding.ocaml_binding/c/build && gcc -c -fPIC -Icanary/examples/tiny/scenarios/_cache/assembled/binding:ocaml:cstubs#Dv.Sc.4.OCaml.ocaml_binding.ocaml_binding/c/include canary/examples/tiny/scenarios/_cache/assembled/binding:ocaml:cstubs#Dv.Sc.4.OCaml.ocaml_binding.ocaml_binding/c/src/tiny.c -o canary/examples/tiny/scenarios/_cache/assembled/binding:ocaml:cstubs#Dv.Sc.4.OCaml.ocaml_binding.ocaml_binding/c/build/tiny.o && gcc -shared -fPIC -Wl,-soname,libtiny.so.1 -Wl,--version-script=canary/examples/tiny/scenarios/_cache/assembled/binding:ocaml:cstubs#Dv.Sc.4.OCaml.ocaml_binding.ocaml_binding/c/tiny.map canary/examples/tiny/scenarios/_cache/assembled/binding:ocaml:cstubs#Dv.Sc.4.OCaml.ocaml_binding.ocaml_binding/c/build/tiny.o -o canary/examples/tiny/scenarios/_cache/assembled/binding:ocaml:cstubs#Dv.Sc.4.OCaml.ocaml_binding.ocaml_binding/c/build/libtiny.so.1.0 && ln -sf libtiny.so.1.0 canary/examples/tiny/scenarios/_cache/assembled/binding:ocaml:cstubs#Dv.Sc.4.OCaml.ocaml_binding.ocaml_binding/c/build/libtiny.so.1 && ln -sf libtiny.so.1 canary/examples/tiny/scenarios/_cache/assembled/binding:ocaml:cstubs#Dv.Sc.4.OCaml.ocaml_binding.ocaml_binding/c/build/libtiny.so ; } && echo 'ok' > /home/red/code/research/tola/_out/canary/projects/tiny-full/build_lib/build_binding-ocaml-cstubs-Dv.Sc.4.OCaml.ocaml_binding.ocaml_binding.ok)
[2026-08-03 13:56:56.658] build_lib                  detect  (ok, output present)
[2026-08-03 13:56:56.658] build_lib                  check_post  (pass)
[2026-08-03 13:56:56.658] build_lib                  done
[2026-08-03 13:56:56.658] build_lib_inspect          check_pre  (pass)
[2026-08-03 13:56:56.660] build_lib_inspect          cmd  (nm -D "canary/examples/tiny/scenarios/_cache/assembled/binding:ocaml:cstubs#Dv.Sc.4.OCaml.ocaml_binding.ocaml_binding/c/build/libtiny.so.1" 2>/dev/null \
  | python3 canary/scripts/inspect_native.py --emit-symbols --elf --path "canary/examples/tiny/scenarios/_cache/assembled/binding:ocaml:cstubs#Dv.Sc.4.OCaml.ocaml_binding.ocaml_binding/c/build/libtiny.so.1" --prefixes 'tiny_' --watchlist 'tiny_sum,tiny_diff,tiny_offset' \
  > /home/red/code/research/tola/_out/canary/projects/tiny-full/build_lib/inspect_binding-ocaml-cstubs-Dv.Sc.4.OCaml.ocaml_binding.ocaml_binding.json)
[2026-08-03 13:56:56.710] build_lib_inspect          detect  (ok, output present)
[2026-08-03 13:56:56.710] build_lib_inspect          check_post  (pass)
[2026-08-03 13:56:56.710] build_lib_inspect          done
[2026-08-03 13:56:56.710] build_binding_ocaml        check_pre  (pass)
[2026-08-03 13:56:56.712] build_binding_ocaml        cmd  ((LIBRARY_PATH=$PWD/canary/examples/tiny/scenarios/_cache/assembled/binding:ocaml:cstubs#Dv.Sc.4.OCaml.ocaml_binding.ocaml_binding/c/build LD_RUN_PATH=$PWD/canary/examples/tiny/scenarios/_cache/assembled/binding:ocaml:cstubs#Dv.Sc.4.OCaml.ocaml_binding.ocaml_binding/c/build dune build --root canary/examples/tiny/scenarios/_cache/assembled/binding:ocaml:cstubs#Dv.Sc.4.OCaml.ocaml_binding.ocaml_binding ocaml/tiny.cmxa ocaml/libtiny_stubs.a) > /home/red/code/research/tola/_out/canary/projects/tiny-full/build_binding/ocaml/build_binding-ocaml-cstubs-Dv.Sc.4.OCaml.ocaml_binding.ocaml_binding.log 2>&1 && echo 'ok' > /home/red/code/research/tola/_out/canary/projects/tiny-full/build_binding/ocaml/build_binding-ocaml-cstubs-Dv.Sc.4.OCaml.ocaml_binding.ocaml_binding.ok)
[2026-08-03 13:56:56.741] build_binding_ocaml        detect  (ok, output present)
[2026-08-03 13:56:56.742] build_binding_ocaml        done  (no compat failure predicted; success expected)
[2026-08-03 13:56:56.742] build_binding_ocaml_inspect  check_pre  (pass)
[2026-08-03 13:56:56.744] build_binding_ocaml_inspect  cmd  (python3 canary/scripts/inspect_binding.py --kind stub --path canary/examples/tiny/scenarios/_cache/assembled/binding:ocaml:cstubs#Dv.Sc.4.OCaml.ocaml_binding.ocaml_binding/_build/default/ocaml/libtiny_stubs.a --prefix tiny_ > /home/red/code/research/tola/_out/canary/projects/tiny-full/build_binding/ocaml/inspect_binding-ocaml-cstubs-Dv.Sc.4.OCaml.ocaml_binding.ocaml_binding.json && python3 canary/scripts/inspect_binding.py --kind mli --module-prefix Tiny --path canary/examples/tiny/scenarios/_cache/assembled/binding:ocaml:cstubs#Dv.Sc.4.OCaml.ocaml_binding.ocaml_binding/ocaml/tiny.mli --watchlist 'Tiny,Tiny.sum,Tiny.diff,Tiny.offset' > /home/red/code/research/tola/_out/canary/projects/tiny-full/build_binding/ocaml/inspect_mli_binding-ocaml-cstubs-Dv.Sc.4.OCaml.ocaml_binding.ocaml_binding.json)
[2026-08-03 13:56:56.865] build_binding_ocaml_inspect  detect  (ok, output present)
[2026-08-03 13:56:56.866] build_binding_ocaml_inspect  check_post  (pass)
[2026-08-03 13:56:56.866] build_binding_ocaml_inspect  done
[2026-08-03 13:56:56.866] probe_binding_ocaml        check_pre  (pass)
[2026-08-03 13:56:56.868] probe_binding_ocaml        cmd  ((LIBRARY_PATH=$PWD/canary/examples/tiny/scenarios/_cache/assembled/binding:ocaml:cstubs#Dv.Sc.4.OCaml.ocaml_binding.ocaml_binding/c/build LD_RUN_PATH=$PWD/canary/examples/tiny/scenarios/_cache/assembled/binding:ocaml:cstubs#Dv.Sc.4.OCaml.ocaml_binding.ocaml_binding/c/build dune build --root canary/examples/tiny/scenarios/_cache/assembled/binding:ocaml:cstubs#Dv.Sc.4.OCaml.ocaml_binding.ocaml_binding ocaml/examples/probe_baseline.exe && LD_LIBRARY_PATH=$PWD/canary/examples/tiny/scenarios/_cache/assembled/binding:ocaml:cstubs#Dv.Sc.4.OCaml.ocaml_binding.ocaml_binding/c/build canary/examples/tiny/scenarios/_cache/assembled/binding:ocaml:cstubs#Dv.Sc.4.OCaml.ocaml_binding.ocaml_binding/_build/default/ocaml/examples/probe_baseline.exe) > /home/red/code/research/tola/_out/canary/projects/tiny-full/probe_binding/ocaml/probe_binding-ocaml-cstubs-Dv.Sc.4.OCaml.ocaml_binding.ocaml_binding.log 2>&1)
[2026-08-03 13:56:56.902] probe_binding_ocaml        cmd_fail  (exit 127)
[2026-08-03 13:56:56.902] probe_binding_ocaml        detect  (error, output present)
[2026-08-03 13:56:56.902] probe_binding_ocaml        failed  (no compat failure predicted but command failed)
[2026-08-03 13:56:56.902] build_binding_python       check_pre  (pass)
[2026-08-03 13:56:56.904] build_binding_python       cmd  (ls canary/examples/tiny/scenarios/_cache/assembled/binding:ocaml:cstubs#Dv.Sc.4.OCaml.ocaml_binding.ocaml_binding/python_cext/tiny_cext/_native.cpython-*.so > /dev/null && echo 'ok' > /home/red/code/research/tola/_out/canary/projects/tiny-full/build_binding/python/build_binding-ocaml-cstubs-Dv.Sc.4.OCaml.ocaml_binding.ocaml_binding.ok)
[2026-08-03 13:56:56.906] build_binding_python       detect  (ok, output present)
[2026-08-03 13:56:56.906] build_binding_python       check_post  (pass)
[2026-08-03 13:56:56.906] build_binding_python       done
[2026-08-03 13:56:56.906] build_binding_python_inspect  check_pre  (pass)
[2026-08-03 13:56:56.908] build_binding_python_inspect  cmd  (python3 canary/scripts/inspect_binding.py --kind stub --path canary/examples/tiny/scenarios/_cache/assembled/binding:ocaml:cstubs#Dv.Sc.4.OCaml.ocaml_binding.ocaml_binding/python_cext/tiny_cext/_native.cpython-*.so --prefix tiny_ > /home/red/code/research/tola/_out/canary/projects/tiny-full/build_binding/python/inspect_binding-ocaml-cstubs-Dv.Sc.4.OCaml.ocaml_binding.ocaml_binding.json && LD_LIBRARY_PATH=$PWD/canary/examples/tiny/scenarios/_cache/assembled/binding:ocaml:cstubs#Dv.Sc.4.OCaml.ocaml_binding.ocaml_binding/c/build PYTHONPATH=canary/examples/tiny/scenarios/_cache/assembled/binding:ocaml:cstubs#Dv.Sc.4.OCaml.ocaml_binding.ocaml_binding/python_cext python3 canary/scripts/inspect_python.py --pkg tiny_cext --watchlist 'sum,diff,offset' > /home/red/code/research/tola/_out/canary/projects/tiny-full/build_binding/python/inspect_attrs_binding-ocaml-cstubs-Dv.Sc.4.OCaml.ocaml_binding.ocaml_binding.json)
[2026-08-03 13:56:57.027] build_binding_python_inspect  detect  (ok, output present)
[2026-08-03 13:56:57.027] build_binding_python_inspect  check_post  (pass)
[2026-08-03 13:56:57.027] build_binding_python_inspect  done
[2026-08-03 13:56:57.027] probe_binding_python       check_pre  (pass)
[2026-08-03 13:56:57.029] probe_binding_python       cmd  (LD_LIBRARY_PATH=$PWD/canary/examples/tiny/scenarios/_cache/assembled/binding:ocaml:cstubs#Dv.Sc.4.OCaml.ocaml_binding.ocaml_binding/c/build PYTHONPATH=canary/examples/tiny/scenarios/_cache/assembled/binding:ocaml:cstubs#Dv.Sc.4.OCaml.ocaml_binding.ocaml_binding/python_cext python3 canary/examples/tiny/scenarios/_cache/assembled/binding:ocaml:cstubs#Dv.Sc.4.OCaml.ocaml_binding.ocaml_binding/python_cext/examples/probe_baseline.py > /home/red/code/research/tola/_out/canary/projects/tiny-full/probe_binding/python/probe_binding-ocaml-cstubs-Dv.Sc.4.OCaml.ocaml_binding.ocaml_binding.log 2>&1)
[2026-08-03 13:56:57.059] probe_binding_python       cmd_fail  (exit 1)
[2026-08-03 13:56:57.059] probe_binding_python       detect  (error, output present)
[2026-08-03 13:56:57.060] probe_binding_python       failed  (no compat failure predicted but command failed)
[2026-08-03 13:56:57.060] probe_lib                  check_pre  (pass)
[2026-08-03 13:56:57.062] probe_lib                  cmd  (nm -D canary/examples/tiny/scenarios/_cache/assembled/binding:ocaml:cstubs#Dv.Sc.4.OCaml.ocaml_binding.ocaml_binding/c/build/libtiny.so.1 | grep -E '^[0-9a-f]+ T tiny_' > /home/red/code/research/tola/_out/canary/projects/tiny-full/probe_lib/probe_binding-ocaml-cstubs-Dv.Sc.4.OCaml.ocaml_binding.ocaml_binding.log 2>&1)
[2026-08-03 13:56:57.104] probe_lib                  detect  (ok, output present)
[2026-08-03 13:56:57.104] probe_lib                  check_post  (pass)
[2026-08-03 13:56:57.104] probe_lib                  done
[2026-08-03 13:56:57.104] *                          graph_end  (9/13 completed)
[2026-08-03 13:56:57.104] probe_binding_ocaml        failed
[2026-08-03 13:56:57.104] probe_binding_ocaml_inspect  skipped
[2026-08-03 13:56:57.104] probe_binding_python       failed
[2026-08-03 13:56:57.104] probe_binding_python_inspect  skipped
[2026-08-03 13:56:57.105] *                          diagram  (_out/canary/projects/tiny-full/-run/diagrams/all.mmd)
[2026-08-03 13:56:57.105] *                          diagram  (_out/canary/projects/tiny-full/-run/diagrams/full.mmd)
[2026-08-03 13:56:57.105] *                          view  (lib (2 steps))
[2026-08-03 13:56:57.105] *                          view  (probes (5 steps))
[2026-08-03 13:56:57.105] *                          view  (binding_ocaml (4 steps))
[2026-08-03 13:56:57.105] *                          view  (binding_python (4 steps))
[2026-08-03 13:56:57.106] *                          html  (_out/canary/projects/tiny-full/-run/result.html)
[2026-08-03 13:56:57.106] *                          index  (_out/canary/projects/index.html)
[2026-08-03 13:56:57.106] !                          invariant  (full.mmd: connectivity errors:
  [3]→[5]: no edge A_build_lib→A_build_binding_ocaml
  [3]→[13]: no edge A_build_lib→A_probe_lib
  [5]→[7]: no edge A_build_binding_ocaml→A_probe_binding_ocaml
  [3]→[7]: no edge A_build_lib→A_probe_binding_ocaml
  [1]→[2]: no edge A_configure→A_scan_sources
  [9]→[11]: no edge A_build_binding_python→A_probe_binding_python
  [3]→[11]: no edge A_build_lib→A_probe_binding_python
  [3]→[9]: no edge A_build_lib→A_build_binding_python)
[2026-08-03 13:56:57.106] !                          invariant  (SOME FAILED)
[2026-08-03 13:56:57.240] *                          graph_start  (13 steps)
[2026-08-03 13:56:57.241] configure                  check_pre  (pass)
[2026-08-03 13:56:57.243] configure                  cmd  (test -d canary/examples/tiny/scenarios/_cache/assembled/binding:ocaml:cstubs#Dv.Sc.5.OCaml.ocaml_binding.ocaml_binding/c/build || { echo 'lib_dir missing: canary/examples/tiny/scenarios/_cache/assembled/binding:ocaml:cstubs#Dv.Sc.5.OCaml.ocaml_binding.ocaml_binding/c/build'; exit 1; } && echo 'ok' > /home/red/code/research/tola/_out/canary/projects/tiny-full/configure/conf_binding-ocaml-cstubs-Dv.Sc.5.OCaml.ocaml_binding.ocaml_binding.ok)
[2026-08-03 13:56:57.244] configure                  detect  (ok, output present)
[2026-08-03 13:56:57.244] configure                  check_post  (pass)
[2026-08-03 13:56:57.244] configure                  done
[2026-08-03 13:56:57.244] scan_sources               check_pre  (pass)
[2026-08-03 13:56:57.246] scan_sources               cmd  (python3 canary/scripts/inspect_tiny_typed.py --layer header --path canary/examples/tiny/scenarios/_cache/assembled/binding:ocaml:cstubs#Dv.Sc.5.OCaml.ocaml_binding.ocaml_binding/c/include/tiny.h > /home/red/code/research/tola/_out/canary/projects/tiny-full/scan_sources/inspect_typed_header_binding-ocaml-cstubs-Dv.Sc.5.OCaml.ocaml_binding.ocaml_binding.json && python3 canary/scripts/inspect_tiny_typed.py --layer stub_ocaml --path canary/examples/tiny/scenarios/_cache/assembled/binding:ocaml:cstubs#Dv.Sc.5.OCaml.ocaml_binding.ocaml_binding/ocaml/tiny_raw.mli > /home/red/code/research/tola/_out/canary/projects/tiny-full/scan_sources/inspect_typed_binding_stub_ocaml_binding-ocaml-cstubs-Dv.Sc.5.OCaml.ocaml_binding.ocaml_binding.json && python3 canary/scripts/inspect_tiny_typed.py --layer user_ocaml --path canary/examples/tiny/scenarios/_cache/assembled/binding:ocaml:cstubs#Dv.Sc.5.OCaml.ocaml_binding.ocaml_binding/ocaml/tiny.mli > /home/red/code/research/tola/_out/canary/projects/tiny-full/scan_sources/inspect_typed_binding_user_ocaml_binding-ocaml-cstubs-Dv.Sc.5.OCaml.ocaml_binding.ocaml_binding.json && python3 canary/scripts/inspect_tiny_typed.py --layer stub_python --path canary/examples/tiny/scenarios/_cache/assembled/binding:ocaml:cstubs#Dv.Sc.5.OCaml.ocaml_binding.ocaml_binding/python_cext/tiny_cext/_native.c > /home/red/code/research/tola/_out/canary/projects/tiny-full/scan_sources/inspect_typed_binding_stub_python_binding-ocaml-cstubs-Dv.Sc.5.OCaml.ocaml_binding.ocaml_binding.json && python3 canary/scripts/inspect_tiny_typed.py --layer user_python --path canary/examples/tiny/scenarios/_cache/assembled/binding:ocaml:cstubs#Dv.Sc.5.OCaml.ocaml_binding.ocaml_binding/python_cext/tiny_cext/__init__.py > /home/red/code/research/tola/_out/canary/projects/tiny-full/scan_sources/inspect_typed_binding_user_python_binding-ocaml-cstubs-Dv.Sc.5.OCaml.ocaml_binding.ocaml_binding.json && echo 'ok' > /home/red/code/research/tola/_out/canary/projects/tiny-full/scan_sources/scan_binding-ocaml-cstubs-Dv.Sc.5.OCaml.ocaml_binding.ocaml_binding.ok)
[2026-08-03 13:56:57.419] scan_sources               detect  (ok, output present)
[2026-08-03 13:56:57.419] scan_sources               check_post  (pass)
[2026-08-03 13:56:57.419] scan_sources               done
[2026-08-03 13:56:57.419] build_lib                  check_pre  (pass)
[2026-08-03 13:56:57.421] build_lib                  cmd  (test -f canary/examples/tiny/scenarios/_cache/assembled/binding:ocaml:cstubs#Dv.Sc.5.OCaml.ocaml_binding.ocaml_binding/c/build/libtiny.so.1 || { mkdir -p canary/examples/tiny/scenarios/_cache/assembled/binding:ocaml:cstubs#Dv.Sc.5.OCaml.ocaml_binding.ocaml_binding/c/build && gcc -c -fPIC -Icanary/examples/tiny/scenarios/_cache/assembled/binding:ocaml:cstubs#Dv.Sc.5.OCaml.ocaml_binding.ocaml_binding/c/include canary/examples/tiny/scenarios/_cache/assembled/binding:ocaml:cstubs#Dv.Sc.5.OCaml.ocaml_binding.ocaml_binding/c/src/tiny.c -o canary/examples/tiny/scenarios/_cache/assembled/binding:ocaml:cstubs#Dv.Sc.5.OCaml.ocaml_binding.ocaml_binding/c/build/tiny.o && gcc -shared -fPIC -Wl,-soname,libtiny.so.1 -Wl,--version-script=canary/examples/tiny/scenarios/_cache/assembled/binding:ocaml:cstubs#Dv.Sc.5.OCaml.ocaml_binding.ocaml_binding/c/tiny.map canary/examples/tiny/scenarios/_cache/assembled/binding:ocaml:cstubs#Dv.Sc.5.OCaml.ocaml_binding.ocaml_binding/c/build/tiny.o -o canary/examples/tiny/scenarios/_cache/assembled/binding:ocaml:cstubs#Dv.Sc.5.OCaml.ocaml_binding.ocaml_binding/c/build/libtiny.so.1.0 && ln -sf libtiny.so.1.0 canary/examples/tiny/scenarios/_cache/assembled/binding:ocaml:cstubs#Dv.Sc.5.OCaml.ocaml_binding.ocaml_binding/c/build/libtiny.so.1 && ln -sf libtiny.so.1 canary/examples/tiny/scenarios/_cache/assembled/binding:ocaml:cstubs#Dv.Sc.5.OCaml.ocaml_binding.ocaml_binding/c/build/libtiny.so ; } && echo 'ok' > /home/red/code/research/tola/_out/canary/projects/tiny-full/build_lib/build_binding-ocaml-cstubs-Dv.Sc.5.OCaml.ocaml_binding.ocaml_binding.ok)
[2026-08-03 13:56:57.422] build_lib                  detect  (ok, output present)
[2026-08-03 13:56:57.422] build_lib                  check_post  (pass)
[2026-08-03 13:56:57.422] build_lib                  done
[2026-08-03 13:56:57.422] build_lib_inspect          check_pre  (pass)
[2026-08-03 13:56:57.424] build_lib_inspect          cmd  (nm -D "canary/examples/tiny/scenarios/_cache/assembled/binding:ocaml:cstubs#Dv.Sc.5.OCaml.ocaml_binding.ocaml_binding/c/build/libtiny.so.1" 2>/dev/null \
  | python3 canary/scripts/inspect_native.py --emit-symbols --elf --path "canary/examples/tiny/scenarios/_cache/assembled/binding:ocaml:cstubs#Dv.Sc.5.OCaml.ocaml_binding.ocaml_binding/c/build/libtiny.so.1" --prefixes 'tiny_' --watchlist 'tiny_sum,tiny_diff,tiny_offset' \
  > /home/red/code/research/tola/_out/canary/projects/tiny-full/build_lib/inspect_binding-ocaml-cstubs-Dv.Sc.5.OCaml.ocaml_binding.ocaml_binding.json)
[2026-08-03 13:56:57.473] build_lib_inspect          detect  (ok, output present)
[2026-08-03 13:56:57.473] build_lib_inspect          check_post  (pass)
[2026-08-03 13:56:57.473] build_lib_inspect          done
[2026-08-03 13:56:57.473] build_binding_ocaml        check_pre  (pass)
[2026-08-03 13:56:57.475] build_binding_ocaml        cmd  ((LIBRARY_PATH=$PWD/canary/examples/tiny/scenarios/_cache/assembled/binding:ocaml:cstubs#Dv.Sc.5.OCaml.ocaml_binding.ocaml_binding/c/build LD_RUN_PATH=$PWD/canary/examples/tiny/scenarios/_cache/assembled/binding:ocaml:cstubs#Dv.Sc.5.OCaml.ocaml_binding.ocaml_binding/c/build dune build --root canary/examples/tiny/scenarios/_cache/assembled/binding:ocaml:cstubs#Dv.Sc.5.OCaml.ocaml_binding.ocaml_binding ocaml/tiny.cmxa ocaml/libtiny_stubs.a) > /home/red/code/research/tola/_out/canary/projects/tiny-full/build_binding/ocaml/build_binding-ocaml-cstubs-Dv.Sc.5.OCaml.ocaml_binding.ocaml_binding.log 2>&1 && echo 'ok' > /home/red/code/research/tola/_out/canary/projects/tiny-full/build_binding/ocaml/build_binding-ocaml-cstubs-Dv.Sc.5.OCaml.ocaml_binding.ocaml_binding.ok)
[2026-08-03 13:56:57.505] build_binding_ocaml        detect  (ok, output present)
[2026-08-03 13:56:57.506] build_binding_ocaml        done  (no compat failure predicted; success expected)
[2026-08-03 13:56:57.506] build_binding_ocaml_inspect  check_pre  (pass)
[2026-08-03 13:56:57.508] build_binding_ocaml_inspect  cmd  (python3 canary/scripts/inspect_binding.py --kind stub --path canary/examples/tiny/scenarios/_cache/assembled/binding:ocaml:cstubs#Dv.Sc.5.OCaml.ocaml_binding.ocaml_binding/_build/default/ocaml/libtiny_stubs.a --prefix tiny_ > /home/red/code/research/tola/_out/canary/projects/tiny-full/build_binding/ocaml/inspect_binding-ocaml-cstubs-Dv.Sc.5.OCaml.ocaml_binding.ocaml_binding.json && python3 canary/scripts/inspect_binding.py --kind mli --module-prefix Tiny --path canary/examples/tiny/scenarios/_cache/assembled/binding:ocaml:cstubs#Dv.Sc.5.OCaml.ocaml_binding.ocaml_binding/ocaml/tiny.mli --watchlist 'Tiny,Tiny.sum,Tiny.diff,Tiny.offset' > /home/red/code/research/tola/_out/canary/projects/tiny-full/build_binding/ocaml/inspect_mli_binding-ocaml-cstubs-Dv.Sc.5.OCaml.ocaml_binding.ocaml_binding.json)
[2026-08-03 13:56:57.636] build_binding_ocaml_inspect  detect  (ok, output present)
[2026-08-03 13:56:57.636] build_binding_ocaml_inspect  check_post  (pass)
[2026-08-03 13:56:57.636] build_binding_ocaml_inspect  done
[2026-08-03 13:56:57.636] probe_binding_ocaml        check_pre  (pass)
[2026-08-03 13:56:57.638] probe_binding_ocaml        cmd  ((LIBRARY_PATH=$PWD/canary/examples/tiny/scenarios/_cache/assembled/binding:ocaml:cstubs#Dv.Sc.5.OCaml.ocaml_binding.ocaml_binding/c/build LD_RUN_PATH=$PWD/canary/examples/tiny/scenarios/_cache/assembled/binding:ocaml:cstubs#Dv.Sc.5.OCaml.ocaml_binding.ocaml_binding/c/build dune build --root canary/examples/tiny/scenarios/_cache/assembled/binding:ocaml:cstubs#Dv.Sc.5.OCaml.ocaml_binding.ocaml_binding ocaml/examples/probe_baseline.exe && LD_LIBRARY_PATH=$PWD/canary/examples/tiny/scenarios/_cache/assembled/binding:ocaml:cstubs#Dv.Sc.5.OCaml.ocaml_binding.ocaml_binding/c/build canary/examples/tiny/scenarios/_cache/assembled/binding:ocaml:cstubs#Dv.Sc.5.OCaml.ocaml_binding.ocaml_binding/_build/default/ocaml/examples/probe_baseline.exe) > /home/red/code/research/tola/_out/canary/projects/tiny-full/probe_binding/ocaml/probe_binding-ocaml-cstubs-Dv.Sc.5.OCaml.ocaml_binding.ocaml_binding.log 2>&1)
[2026-08-03 13:56:57.670] probe_binding_ocaml        cmd_fail  (exit 127)
[2026-08-03 13:56:57.670] probe_binding_ocaml        detect  (error, output present)
[2026-08-03 13:56:57.670] probe_binding_ocaml        failed  (no compat failure predicted but command failed)
[2026-08-03 13:56:57.670] build_binding_python       check_pre  (pass)
[2026-08-03 13:56:57.672] build_binding_python       cmd  (ls canary/examples/tiny/scenarios/_cache/assembled/binding:ocaml:cstubs#Dv.Sc.5.OCaml.ocaml_binding.ocaml_binding/python_cext/tiny_cext/_native.cpython-*.so > /dev/null && echo 'ok' > /home/red/code/research/tola/_out/canary/projects/tiny-full/build_binding/python/build_binding-ocaml-cstubs-Dv.Sc.5.OCaml.ocaml_binding.ocaml_binding.ok)
[2026-08-03 13:56:57.674] build_binding_python       detect  (ok, output present)
[2026-08-03 13:56:57.674] build_binding_python       check_post  (pass)
[2026-08-03 13:56:57.674] build_binding_python       done
[2026-08-03 13:56:57.674] build_binding_python_inspect  check_pre  (pass)
[2026-08-03 13:56:57.676] build_binding_python_inspect  cmd  (python3 canary/scripts/inspect_binding.py --kind stub --path canary/examples/tiny/scenarios/_cache/assembled/binding:ocaml:cstubs#Dv.Sc.5.OCaml.ocaml_binding.ocaml_binding/python_cext/tiny_cext/_native.cpython-*.so --prefix tiny_ > /home/red/code/research/tola/_out/canary/projects/tiny-full/build_binding/python/inspect_binding-ocaml-cstubs-Dv.Sc.5.OCaml.ocaml_binding.ocaml_binding.json && LD_LIBRARY_PATH=$PWD/canary/examples/tiny/scenarios/_cache/assembled/binding:ocaml:cstubs#Dv.Sc.5.OCaml.ocaml_binding.ocaml_binding/c/build PYTHONPATH=canary/examples/tiny/scenarios/_cache/assembled/binding:ocaml:cstubs#Dv.Sc.5.OCaml.ocaml_binding.ocaml_binding/python_cext python3 canary/scripts/inspect_python.py --pkg tiny_cext --watchlist 'sum,diff,offset' > /home/red/code/research/tola/_out/canary/projects/tiny-full/build_binding/python/inspect_attrs_binding-ocaml-cstubs-Dv.Sc.5.OCaml.ocaml_binding.ocaml_binding.json)
[2026-08-03 13:56:57.792] build_binding_python_inspect  detect  (ok, output present)
[2026-08-03 13:56:57.792] build_binding_python_inspect  check_post  (pass)
[2026-08-03 13:56:57.792] build_binding_python_inspect  done
[2026-08-03 13:56:57.792] probe_binding_python       check_pre  (pass)
[2026-08-03 13:56:57.794] probe_binding_python       cmd  (LD_LIBRARY_PATH=$PWD/canary/examples/tiny/scenarios/_cache/assembled/binding:ocaml:cstubs#Dv.Sc.5.OCaml.ocaml_binding.ocaml_binding/c/build PYTHONPATH=canary/examples/tiny/scenarios/_cache/assembled/binding:ocaml:cstubs#Dv.Sc.5.OCaml.ocaml_binding.ocaml_binding/python_cext python3 canary/examples/tiny/scenarios/_cache/assembled/binding:ocaml:cstubs#Dv.Sc.5.OCaml.ocaml_binding.ocaml_binding/python_cext/examples/probe_baseline.py > /home/red/code/research/tola/_out/canary/projects/tiny-full/probe_binding/python/probe_binding-ocaml-cstubs-Dv.Sc.5.OCaml.ocaml_binding.ocaml_binding.log 2>&1)
[2026-08-03 13:56:57.825] probe_binding_python       cmd_fail  (exit 1)
[2026-08-03 13:56:57.825] probe_binding_python       detect  (error, output present)
[2026-08-03 13:56:57.825] probe_binding_python       failed  (no compat failure predicted but command failed)
[2026-08-03 13:56:57.825] probe_lib                  check_pre  (pass)
[2026-08-03 13:56:57.827] probe_lib                  cmd  (nm -D canary/examples/tiny/scenarios/_cache/assembled/binding:ocaml:cstubs#Dv.Sc.5.OCaml.ocaml_binding.ocaml_binding/c/build/libtiny.so.1 | grep -E '^[0-9a-f]+ T tiny_' > /home/red/code/research/tola/_out/canary/projects/tiny-full/probe_lib/probe_binding-ocaml-cstubs-Dv.Sc.5.OCaml.ocaml_binding.ocaml_binding.log 2>&1)
[2026-08-03 13:56:57.869] probe_lib                  detect  (ok, output present)
[2026-08-03 13:56:57.869] probe_lib                  check_post  (pass)
[2026-08-03 13:56:57.869] probe_lib                  done
[2026-08-03 13:56:57.869] *                          graph_end  (9/13 completed)
[2026-08-03 13:56:57.869] probe_binding_ocaml        failed
[2026-08-03 13:56:57.869] probe_binding_ocaml_inspect  skipped
[2026-08-03 13:56:57.869] probe_binding_python       failed
[2026-08-03 13:56:57.869] probe_binding_python_inspect  skipped
[2026-08-03 13:56:57.869] *                          diagram  (_out/canary/projects/tiny-full/-run/diagrams/all.mmd)
[2026-08-03 13:56:57.869] *                          diagram  (_out/canary/projects/tiny-full/-run/diagrams/full.mmd)
[2026-08-03 13:56:57.869] *                          view  (lib (2 steps))
[2026-08-03 13:56:57.869] *                          view  (probes (5 steps))
[2026-08-03 13:56:57.869] *                          view  (binding_ocaml (4 steps))
[2026-08-03 13:56:57.869] *                          view  (binding_python (4 steps))
[2026-08-03 13:56:57.870] *                          html  (_out/canary/projects/tiny-full/-run/result.html)
[2026-08-03 13:56:57.870] *                          index  (_out/canary/projects/index.html)
[2026-08-03 13:56:57.870] !                          invariant  (full.mmd: connectivity errors:
  [3]→[5]: no edge A_build_lib→A_build_binding_ocaml
  [3]→[13]: no edge A_build_lib→A_probe_lib
  [5]→[7]: no edge A_build_binding_ocaml→A_probe_binding_ocaml
  [3]→[7]: no edge A_build_lib→A_probe_binding_ocaml
  [1]→[2]: no edge A_configure→A_scan_sources
  [9]→[11]: no edge A_build_binding_python→A_probe_binding_python
  [3]→[11]: no edge A_build_lib→A_probe_binding_python
  [3]→[9]: no edge A_build_lib→A_build_binding_python)
[2026-08-03 13:56:57.870] !                          invariant  (SOME FAILED)
[2026-08-03 13:56:58.009] *                          graph_start  (13 steps)
[2026-08-03 13:56:58.009] configure                  check_pre  (pass)
[2026-08-03 13:56:58.011] configure                  cmd  (test -d canary/examples/tiny/scenarios/_cache/assembled/binding:ocaml:cstubs#Dv.Sc.6.OCaml.ocaml_binding.ocaml_binding/c/build || { echo 'lib_dir missing: canary/examples/tiny/scenarios/_cache/assembled/binding:ocaml:cstubs#Dv.Sc.6.OCaml.ocaml_binding.ocaml_binding/c/build'; exit 1; } && echo 'ok' > /home/red/code/research/tola/_out/canary/projects/tiny-full/configure/conf_binding-ocaml-cstubs-Dv.Sc.6.OCaml.ocaml_binding.ocaml_binding.ok)
[2026-08-03 13:56:58.012] configure                  detect  (ok, output present)
[2026-08-03 13:56:58.012] configure                  check_post  (pass)
[2026-08-03 13:56:58.012] configure                  done
[2026-08-03 13:56:58.012] scan_sources               check_pre  (pass)
[2026-08-03 13:56:58.014] scan_sources               cmd  (python3 canary/scripts/inspect_tiny_typed.py --layer header --path canary/examples/tiny/scenarios/_cache/assembled/binding:ocaml:cstubs#Dv.Sc.6.OCaml.ocaml_binding.ocaml_binding/c/include/tiny.h > /home/red/code/research/tola/_out/canary/projects/tiny-full/scan_sources/inspect_typed_header_binding-ocaml-cstubs-Dv.Sc.6.OCaml.ocaml_binding.ocaml_binding.json && python3 canary/scripts/inspect_tiny_typed.py --layer stub_ocaml --path canary/examples/tiny/scenarios/_cache/assembled/binding:ocaml:cstubs#Dv.Sc.6.OCaml.ocaml_binding.ocaml_binding/ocaml/tiny_raw.mli > /home/red/code/research/tola/_out/canary/projects/tiny-full/scan_sources/inspect_typed_binding_stub_ocaml_binding-ocaml-cstubs-Dv.Sc.6.OCaml.ocaml_binding.ocaml_binding.json && python3 canary/scripts/inspect_tiny_typed.py --layer user_ocaml --path canary/examples/tiny/scenarios/_cache/assembled/binding:ocaml:cstubs#Dv.Sc.6.OCaml.ocaml_binding.ocaml_binding/ocaml/tiny.mli > /home/red/code/research/tola/_out/canary/projects/tiny-full/scan_sources/inspect_typed_binding_user_ocaml_binding-ocaml-cstubs-Dv.Sc.6.OCaml.ocaml_binding.ocaml_binding.json && python3 canary/scripts/inspect_tiny_typed.py --layer stub_python --path canary/examples/tiny/scenarios/_cache/assembled/binding:ocaml:cstubs#Dv.Sc.6.OCaml.ocaml_binding.ocaml_binding/python_cext/tiny_cext/_native.c > /home/red/code/research/tola/_out/canary/projects/tiny-full/scan_sources/inspect_typed_binding_stub_python_binding-ocaml-cstubs-Dv.Sc.6.OCaml.ocaml_binding.ocaml_binding.json && python3 canary/scripts/inspect_tiny_typed.py --layer user_python --path canary/examples/tiny/scenarios/_cache/assembled/binding:ocaml:cstubs#Dv.Sc.6.OCaml.ocaml_binding.ocaml_binding/python_cext/tiny_cext/__init__.py > /home/red/code/research/tola/_out/canary/projects/tiny-full/scan_sources/inspect_typed_binding_user_python_binding-ocaml-cstubs-Dv.Sc.6.OCaml.ocaml_binding.ocaml_binding.json && echo 'ok' > /home/red/code/research/tola/_out/canary/projects/tiny-full/scan_sources/scan_binding-ocaml-cstubs-Dv.Sc.6.OCaml.ocaml_binding.ocaml_binding.ok)
[2026-08-03 13:56:58.184] scan_sources               detect  (ok, output present)
[2026-08-03 13:56:58.184] scan_sources               check_post  (pass)
[2026-08-03 13:56:58.184] scan_sources               done
[2026-08-03 13:56:58.184] build_lib                  check_pre  (pass)
[2026-08-03 13:56:58.186] build_lib                  cmd  (test -f canary/examples/tiny/scenarios/_cache/assembled/binding:ocaml:cstubs#Dv.Sc.6.OCaml.ocaml_binding.ocaml_binding/c/build/libtiny.so.1 || { mkdir -p canary/examples/tiny/scenarios/_cache/assembled/binding:ocaml:cstubs#Dv.Sc.6.OCaml.ocaml_binding.ocaml_binding/c/build && gcc -c -fPIC -Icanary/examples/tiny/scenarios/_cache/assembled/binding:ocaml:cstubs#Dv.Sc.6.OCaml.ocaml_binding.ocaml_binding/c/include canary/examples/tiny/scenarios/_cache/assembled/binding:ocaml:cstubs#Dv.Sc.6.OCaml.ocaml_binding.ocaml_binding/c/src/tiny.c -o canary/examples/tiny/scenarios/_cache/assembled/binding:ocaml:cstubs#Dv.Sc.6.OCaml.ocaml_binding.ocaml_binding/c/build/tiny.o && gcc -shared -fPIC -Wl,-soname,libtiny.so.1 -Wl,--version-script=canary/examples/tiny/scenarios/_cache/assembled/binding:ocaml:cstubs#Dv.Sc.6.OCaml.ocaml_binding.ocaml_binding/c/tiny.map canary/examples/tiny/scenarios/_cache/assembled/binding:ocaml:cstubs#Dv.Sc.6.OCaml.ocaml_binding.ocaml_binding/c/build/tiny.o -o canary/examples/tiny/scenarios/_cache/assembled/binding:ocaml:cstubs#Dv.Sc.6.OCaml.ocaml_binding.ocaml_binding/c/build/libtiny.so.1.0 && ln -sf libtiny.so.1.0 canary/examples/tiny/scenarios/_cache/assembled/binding:ocaml:cstubs#Dv.Sc.6.OCaml.ocaml_binding.ocaml_binding/c/build/libtiny.so.1 && ln -sf libtiny.so.1 canary/examples/tiny/scenarios/_cache/assembled/binding:ocaml:cstubs#Dv.Sc.6.OCaml.ocaml_binding.ocaml_binding/c/build/libtiny.so ; } && echo 'ok' > /home/red/code/research/tola/_out/canary/projects/tiny-full/build_lib/build_binding-ocaml-cstubs-Dv.Sc.6.OCaml.ocaml_binding.ocaml_binding.ok)
[2026-08-03 13:56:58.187] build_lib                  detect  (ok, output present)
[2026-08-03 13:56:58.187] build_lib                  check_post  (pass)
[2026-08-03 13:56:58.187] build_lib                  done
[2026-08-03 13:56:58.187] build_lib_inspect          check_pre  (pass)
[2026-08-03 13:56:58.189] build_lib_inspect          cmd  (nm -D "canary/examples/tiny/scenarios/_cache/assembled/binding:ocaml:cstubs#Dv.Sc.6.OCaml.ocaml_binding.ocaml_binding/c/build/libtiny.so.1" 2>/dev/null \
  | python3 canary/scripts/inspect_native.py --emit-symbols --elf --path "canary/examples/tiny/scenarios/_cache/assembled/binding:ocaml:cstubs#Dv.Sc.6.OCaml.ocaml_binding.ocaml_binding/c/build/libtiny.so.1" --prefixes 'tiny_' --watchlist 'tiny_sum,tiny_diff,tiny_offset' \
  > /home/red/code/research/tola/_out/canary/projects/tiny-full/build_lib/inspect_binding-ocaml-cstubs-Dv.Sc.6.OCaml.ocaml_binding.ocaml_binding.json)
[2026-08-03 13:56:58.240] build_lib_inspect          detect  (ok, output present)
[2026-08-03 13:56:58.240] build_lib_inspect          check_post  (pass)
[2026-08-03 13:56:58.240] build_lib_inspect          done
[2026-08-03 13:56:58.240] build_binding_ocaml        check_pre  (pass)
[2026-08-03 13:56:58.242] build_binding_ocaml        cmd  ((LIBRARY_PATH=$PWD/canary/examples/tiny/scenarios/_cache/assembled/binding:ocaml:cstubs#Dv.Sc.6.OCaml.ocaml_binding.ocaml_binding/c/build LD_RUN_PATH=$PWD/canary/examples/tiny/scenarios/_cache/assembled/binding:ocaml:cstubs#Dv.Sc.6.OCaml.ocaml_binding.ocaml_binding/c/build dune build --root canary/examples/tiny/scenarios/_cache/assembled/binding:ocaml:cstubs#Dv.Sc.6.OCaml.ocaml_binding.ocaml_binding ocaml/tiny.cmxa ocaml/libtiny_stubs.a) > /home/red/code/research/tola/_out/canary/projects/tiny-full/build_binding/ocaml/build_binding-ocaml-cstubs-Dv.Sc.6.OCaml.ocaml_binding.ocaml_binding.log 2>&1 && echo 'ok' > /home/red/code/research/tola/_out/canary/projects/tiny-full/build_binding/ocaml/build_binding-ocaml-cstubs-Dv.Sc.6.OCaml.ocaml_binding.ocaml_binding.ok)
[2026-08-03 13:56:58.270] build_binding_ocaml        detect  (ok, output present)
[2026-08-03 13:56:58.270] build_binding_ocaml        done  (no compat failure predicted; success expected)
[2026-08-03 13:56:58.270] build_binding_ocaml_inspect  check_pre  (pass)
[2026-08-03 13:56:58.272] build_binding_ocaml_inspect  cmd  (python3 canary/scripts/inspect_binding.py --kind stub --path canary/examples/tiny/scenarios/_cache/assembled/binding:ocaml:cstubs#Dv.Sc.6.OCaml.ocaml_binding.ocaml_binding/_build/default/ocaml/libtiny_stubs.a --prefix tiny_ > /home/red/code/research/tola/_out/canary/projects/tiny-full/build_binding/ocaml/inspect_binding-ocaml-cstubs-Dv.Sc.6.OCaml.ocaml_binding.ocaml_binding.json && python3 canary/scripts/inspect_binding.py --kind mli --module-prefix Tiny --path canary/examples/tiny/scenarios/_cache/assembled/binding:ocaml:cstubs#Dv.Sc.6.OCaml.ocaml_binding.ocaml_binding/ocaml/tiny.mli --watchlist 'Tiny,Tiny.sum,Tiny.diff,Tiny.offset' > /home/red/code/research/tola/_out/canary/projects/tiny-full/build_binding/ocaml/inspect_mli_binding-ocaml-cstubs-Dv.Sc.6.OCaml.ocaml_binding.ocaml_binding.json)
[2026-08-03 13:56:58.392] build_binding_ocaml_inspect  detect  (ok, output present)
[2026-08-03 13:56:58.392] build_binding_ocaml_inspect  check_post  (pass)
[2026-08-03 13:56:58.392] build_binding_ocaml_inspect  done
[2026-08-03 13:56:58.392] probe_binding_ocaml        check_pre  (pass)
[2026-08-03 13:56:58.395] probe_binding_ocaml        cmd  ((LIBRARY_PATH=$PWD/canary/examples/tiny/scenarios/_cache/assembled/binding:ocaml:cstubs#Dv.Sc.6.OCaml.ocaml_binding.ocaml_binding/c/build LD_RUN_PATH=$PWD/canary/examples/tiny/scenarios/_cache/assembled/binding:ocaml:cstubs#Dv.Sc.6.OCaml.ocaml_binding.ocaml_binding/c/build dune build --root canary/examples/tiny/scenarios/_cache/assembled/binding:ocaml:cstubs#Dv.Sc.6.OCaml.ocaml_binding.ocaml_binding ocaml/examples/probe_baseline.exe && LD_LIBRARY_PATH=$PWD/canary/examples/tiny/scenarios/_cache/assembled/binding:ocaml:cstubs#Dv.Sc.6.OCaml.ocaml_binding.ocaml_binding/c/build canary/examples/tiny/scenarios/_cache/assembled/binding:ocaml:cstubs#Dv.Sc.6.OCaml.ocaml_binding.ocaml_binding/_build/default/ocaml/examples/probe_baseline.exe) > /home/red/code/research/tola/_out/canary/projects/tiny-full/probe_binding/ocaml/probe_binding-ocaml-cstubs-Dv.Sc.6.OCaml.ocaml_binding.ocaml_binding.log 2>&1)
[2026-08-03 13:56:58.425] probe_binding_ocaml        cmd_fail  (exit 127)
[2026-08-03 13:56:58.425] probe_binding_ocaml        detect  (error, output present)
[2026-08-03 13:56:58.426] probe_binding_ocaml        failed  (no compat failure predicted but command failed)
[2026-08-03 13:56:58.426] build_binding_python       check_pre  (pass)
[2026-08-03 13:56:58.428] build_binding_python       cmd  (ls canary/examples/tiny/scenarios/_cache/assembled/binding:ocaml:cstubs#Dv.Sc.6.OCaml.ocaml_binding.ocaml_binding/python_cext/tiny_cext/_native.cpython-*.so > /dev/null && echo 'ok' > /home/red/code/research/tola/_out/canary/projects/tiny-full/build_binding/python/build_binding-ocaml-cstubs-Dv.Sc.6.OCaml.ocaml_binding.ocaml_binding.ok)
[2026-08-03 13:56:58.430] build_binding_python       detect  (ok, output present)
[2026-08-03 13:56:58.430] build_binding_python       check_post  (pass)
[2026-08-03 13:56:58.430] build_binding_python       done
[2026-08-03 13:56:58.430] build_binding_python_inspect  check_pre  (pass)
[2026-08-03 13:56:58.432] build_binding_python_inspect  cmd  (python3 canary/scripts/inspect_binding.py --kind stub --path canary/examples/tiny/scenarios/_cache/assembled/binding:ocaml:cstubs#Dv.Sc.6.OCaml.ocaml_binding.ocaml_binding/python_cext/tiny_cext/_native.cpython-*.so --prefix tiny_ > /home/red/code/research/tola/_out/canary/projects/tiny-full/build_binding/python/inspect_binding-ocaml-cstubs-Dv.Sc.6.OCaml.ocaml_binding.ocaml_binding.json && LD_LIBRARY_PATH=$PWD/canary/examples/tiny/scenarios/_cache/assembled/binding:ocaml:cstubs#Dv.Sc.6.OCaml.ocaml_binding.ocaml_binding/c/build PYTHONPATH=canary/examples/tiny/scenarios/_cache/assembled/binding:ocaml:cstubs#Dv.Sc.6.OCaml.ocaml_binding.ocaml_binding/python_cext python3 canary/scripts/inspect_python.py --pkg tiny_cext --watchlist 'sum,diff,offset' > /home/red/code/research/tola/_out/canary/projects/tiny-full/build_binding/python/inspect_attrs_binding-ocaml-cstubs-Dv.Sc.6.OCaml.ocaml_binding.ocaml_binding.json)
[2026-08-03 13:56:58.556] build_binding_python_inspect  detect  (ok, output present)
[2026-08-03 13:56:58.556] build_binding_python_inspect  check_post  (pass)
[2026-08-03 13:56:58.556] build_binding_python_inspect  done
[2026-08-03 13:56:58.557] probe_binding_python       check_pre  (pass)
[2026-08-03 13:56:58.559] probe_binding_python       cmd  (LD_LIBRARY_PATH=$PWD/canary/examples/tiny/scenarios/_cache/assembled/binding:ocaml:cstubs#Dv.Sc.6.OCaml.ocaml_binding.ocaml_binding/c/build PYTHONPATH=canary/examples/tiny/scenarios/_cache/assembled/binding:ocaml:cstubs#Dv.Sc.6.OCaml.ocaml_binding.ocaml_binding/python_cext python3 canary/examples/tiny/scenarios/_cache/assembled/binding:ocaml:cstubs#Dv.Sc.6.OCaml.ocaml_binding.ocaml_binding/python_cext/examples/probe_baseline.py > /home/red/code/research/tola/_out/canary/projects/tiny-full/probe_binding/python/probe_binding-ocaml-cstubs-Dv.Sc.6.OCaml.ocaml_binding.ocaml_binding.log 2>&1)
[2026-08-03 13:56:58.589] probe_binding_python       cmd_fail  (exit 1)
[2026-08-03 13:56:58.589] probe_binding_python       detect  (error, output present)
[2026-08-03 13:56:58.590] probe_binding_python       failed  (no compat failure predicted but command failed)
[2026-08-03 13:56:58.590] probe_lib                  check_pre  (pass)
[2026-08-03 13:56:58.592] probe_lib                  cmd  (nm -D canary/examples/tiny/scenarios/_cache/assembled/binding:ocaml:cstubs#Dv.Sc.6.OCaml.ocaml_binding.ocaml_binding/c/build/libtiny.so.1 | grep -E '^[0-9a-f]+ T tiny_' > /home/red/code/research/tola/_out/canary/projects/tiny-full/probe_lib/probe_binding-ocaml-cstubs-Dv.Sc.6.OCaml.ocaml_binding.ocaml_binding.log 2>&1)
[2026-08-03 13:56:58.633] probe_lib                  detect  (ok, output present)
[2026-08-03 13:56:58.633] probe_lib                  check_post  (pass)
[2026-08-03 13:56:58.633] probe_lib                  done
[2026-08-03 13:56:58.633] *                          graph_end  (9/13 completed)
[2026-08-03 13:56:58.633] probe_binding_ocaml        failed
[2026-08-03 13:56:58.633] probe_binding_ocaml_inspect  skipped
[2026-08-03 13:56:58.633] probe_binding_python       failed
[2026-08-03 13:56:58.633] probe_binding_python_inspect  skipped
[2026-08-03 13:56:58.633] *                          diagram  (_out/canary/projects/tiny-full/-run/diagrams/all.mmd)
[2026-08-03 13:56:58.633] *                          diagram  (_out/canary/projects/tiny-full/-run/diagrams/full.mmd)
[2026-08-03 13:56:58.634] *                          view  (lib (2 steps))
[2026-08-03 13:56:58.634] *                          view  (probes (5 steps))
[2026-08-03 13:56:58.634] *                          view  (binding_ocaml (4 steps))
[2026-08-03 13:56:58.634] *                          view  (binding_python (4 steps))
[2026-08-03 13:56:58.635] *                          html  (_out/canary/projects/tiny-full/-run/result.html)
[2026-08-03 13:56:58.635] *                          index  (_out/canary/projects/index.html)
[2026-08-03 13:56:58.635] !                          invariant  (full.mmd: connectivity errors:
  [3]→[5]: no edge A_build_lib→A_build_binding_ocaml
  [3]→[13]: no edge A_build_lib→A_probe_lib
  [5]→[7]: no edge A_build_binding_ocaml→A_probe_binding_ocaml
  [3]→[7]: no edge A_build_lib→A_probe_binding_ocaml
  [1]→[2]: no edge A_configure→A_scan_sources
  [9]→[11]: no edge A_build_binding_python→A_probe_binding_python
  [3]→[11]: no edge A_build_lib→A_probe_binding_python
  [3]→[9]: no edge A_build_lib→A_build_binding_python)
[2026-08-03 13:56:58.635] !                          invariant  (SOME FAILED)
[2026-08-03 13:56:58.747] *                          graph_start  (13 steps)
[2026-08-03 13:56:58.747] configure                  check_pre  (pass)
[2026-08-03 13:56:58.749] configure                  cmd  (test -d canary/examples/tiny/scenarios/_cache/assembled/binding:python:cext#Bs.11/c/build || { echo 'lib_dir missing: canary/examples/tiny/scenarios/_cache/assembled/binding:python:cext#Bs.11/c/build'; exit 1; } && echo 'ok' > /home/red/code/research/tola/_out/canary/projects/tiny-full/configure/conf_binding-python-cext-Bs.11.ok)
[2026-08-03 13:56:58.750] configure                  detect  (ok, output present)
[2026-08-03 13:56:58.750] configure                  check_post  (pass)
[2026-08-03 13:56:58.750] configure                  done
[2026-08-03 13:56:58.750] scan_sources               check_pre  (pass)
[2026-08-03 13:56:58.752] scan_sources               cmd  (python3 canary/scripts/inspect_tiny_typed.py --layer header --path canary/examples/tiny/scenarios/_cache/assembled/binding:python:cext#Bs.11/c/include/tiny.h > /home/red/code/research/tola/_out/canary/projects/tiny-full/scan_sources/inspect_typed_header_binding-python-cext-Bs.11.json && python3 canary/scripts/inspect_tiny_typed.py --layer stub_ocaml --path canary/examples/tiny/scenarios/_cache/assembled/binding:python:cext#Bs.11/ocaml/tiny_raw.mli > /home/red/code/research/tola/_out/canary/projects/tiny-full/scan_sources/inspect_typed_binding_stub_ocaml_binding-python-cext-Bs.11.json && python3 canary/scripts/inspect_tiny_typed.py --layer user_ocaml --path canary/examples/tiny/scenarios/_cache/assembled/binding:python:cext#Bs.11/ocaml/tiny.mli > /home/red/code/research/tola/_out/canary/projects/tiny-full/scan_sources/inspect_typed_binding_user_ocaml_binding-python-cext-Bs.11.json && python3 canary/scripts/inspect_tiny_typed.py --layer stub_python --path canary/examples/tiny/scenarios/_cache/assembled/binding:python:cext#Bs.11/python_cext/tiny_cext/_native.c > /home/red/code/research/tola/_out/canary/projects/tiny-full/scan_sources/inspect_typed_binding_stub_python_binding-python-cext-Bs.11.json && python3 canary/scripts/inspect_tiny_typed.py --layer user_python --path canary/examples/tiny/scenarios/_cache/assembled/binding:python:cext#Bs.11/python_cext/tiny_cext/__init__.py > /home/red/code/research/tola/_out/canary/projects/tiny-full/scan_sources/inspect_typed_binding_user_python_binding-python-cext-Bs.11.json && echo 'ok' > /home/red/code/research/tola/_out/canary/projects/tiny-full/scan_sources/scan_binding-python-cext-Bs.11.ok)
[2026-08-03 13:56:58.923] scan_sources               detect  (ok, output present)
[2026-08-03 13:56:58.923] scan_sources               check_post  (pass)
[2026-08-03 13:56:58.923] scan_sources               done
[2026-08-03 13:56:58.923] build_lib                  check_pre  (pass)
[2026-08-03 13:56:58.925] build_lib                  cmd  (test -f canary/examples/tiny/scenarios/_cache/assembled/binding:python:cext#Bs.11/c/build/libtiny.so.1 || { mkdir -p canary/examples/tiny/scenarios/_cache/assembled/binding:python:cext#Bs.11/c/build && gcc -c -fPIC -Icanary/examples/tiny/scenarios/_cache/assembled/binding:python:cext#Bs.11/c/include canary/examples/tiny/scenarios/_cache/assembled/binding:python:cext#Bs.11/c/src/tiny.c -o canary/examples/tiny/scenarios/_cache/assembled/binding:python:cext#Bs.11/c/build/tiny.o && gcc -shared -fPIC -Wl,-soname,libtiny.so.1 -Wl,--version-script=canary/examples/tiny/scenarios/_cache/assembled/binding:python:cext#Bs.11/c/tiny.map canary/examples/tiny/scenarios/_cache/assembled/binding:python:cext#Bs.11/c/build/tiny.o -o canary/examples/tiny/scenarios/_cache/assembled/binding:python:cext#Bs.11/c/build/libtiny.so.1.0 && ln -sf libtiny.so.1.0 canary/examples/tiny/scenarios/_cache/assembled/binding:python:cext#Bs.11/c/build/libtiny.so.1 && ln -sf libtiny.so.1 canary/examples/tiny/scenarios/_cache/assembled/binding:python:cext#Bs.11/c/build/libtiny.so ; } && echo 'ok' > /home/red/code/research/tola/_out/canary/projects/tiny-full/build_lib/build_binding-python-cext-Bs.11.ok)
[2026-08-03 13:56:58.926] build_lib                  detect  (ok, output present)
[2026-08-03 13:56:58.926] build_lib                  check_post  (pass)
[2026-08-03 13:56:58.926] build_lib                  done
[2026-08-03 13:56:58.926] build_lib_inspect          check_pre  (pass)
[2026-08-03 13:56:58.928] build_lib_inspect          cmd  (nm -D "canary/examples/tiny/scenarios/_cache/assembled/binding:python:cext#Bs.11/c/build/libtiny.so.1" 2>/dev/null \
  | python3 canary/scripts/inspect_native.py --emit-symbols --elf --path "canary/examples/tiny/scenarios/_cache/assembled/binding:python:cext#Bs.11/c/build/libtiny.so.1" --prefixes 'tiny_' --watchlist 'tiny_sum,tiny_diff,tiny_offset' \
  > /home/red/code/research/tola/_out/canary/projects/tiny-full/build_lib/inspect_binding-python-cext-Bs.11.json)
[2026-08-03 13:56:58.979] build_lib_inspect          detect  (ok, output present)
[2026-08-03 13:56:58.979] build_lib_inspect          check_post  (pass)
[2026-08-03 13:56:58.979] build_lib_inspect          done
[2026-08-03 13:56:58.979] build_binding_ocaml        check_pre  (pass)
[2026-08-03 13:56:58.981] build_binding_ocaml        cmd  ((LIBRARY_PATH=$PWD/canary/examples/tiny/scenarios/_cache/assembled/binding:python:cext#Bs.11/c/build LD_RUN_PATH=$PWD/canary/examples/tiny/scenarios/_cache/assembled/binding:python:cext#Bs.11/c/build dune build --root canary/examples/tiny/scenarios/_cache/assembled/binding:python:cext#Bs.11 ocaml/tiny.cmxa ocaml/libtiny_stubs.a) > /home/red/code/research/tola/_out/canary/projects/tiny-full/build_binding/ocaml/build_binding-python-cext-Bs.11.log 2>&1 && echo 'ok' > /home/red/code/research/tola/_out/canary/projects/tiny-full/build_binding/ocaml/build_binding-python-cext-Bs.11.ok)
[2026-08-03 13:56:59.011] build_binding_ocaml        detect  (ok, output present)
[2026-08-03 13:56:59.011] build_binding_ocaml        done  (no compat failure predicted; success expected)
[2026-08-03 13:56:59.011] build_binding_ocaml_inspect  check_pre  (pass)
[2026-08-03 13:56:59.013] build_binding_ocaml_inspect  cmd  (python3 canary/scripts/inspect_binding.py --kind stub --path canary/examples/tiny/scenarios/_cache/assembled/binding:python:cext#Bs.11/_build/default/ocaml/libtiny_stubs.a --prefix tiny_ > /home/red/code/research/tola/_out/canary/projects/tiny-full/build_binding/ocaml/inspect_binding-python-cext-Bs.11.json && python3 canary/scripts/inspect_binding.py --kind mli --module-prefix Tiny --path canary/examples/tiny/scenarios/_cache/assembled/binding:python:cext#Bs.11/ocaml/tiny.mli --watchlist 'Tiny,Tiny.sum,Tiny.diff,Tiny.offset' > /home/red/code/research/tola/_out/canary/projects/tiny-full/build_binding/ocaml/inspect_mli_binding-python-cext-Bs.11.json)
[2026-08-03 13:56:59.133] build_binding_ocaml_inspect  detect  (ok, output present)
[2026-08-03 13:56:59.133] build_binding_ocaml_inspect  check_post  (pass)
[2026-08-03 13:56:59.133] build_binding_ocaml_inspect  done
[2026-08-03 13:56:59.133] probe_binding_ocaml        check_pre  (pass)
[2026-08-03 13:56:59.135] probe_binding_ocaml        cmd  ((LIBRARY_PATH=$PWD/canary/examples/tiny/scenarios/_cache/assembled/binding:python:cext#Bs.11/c/build LD_RUN_PATH=$PWD/canary/examples/tiny/scenarios/_cache/assembled/binding:python:cext#Bs.11/c/build dune build --root canary/examples/tiny/scenarios/_cache/assembled/binding:python:cext#Bs.11 ocaml/examples/probe_baseline.exe && LD_LIBRARY_PATH=$PWD/canary/examples/tiny/scenarios/_cache/assembled/binding:python:cext#Bs.11/c/build canary/examples/tiny/scenarios/_cache/assembled/binding:python:cext#Bs.11/_build/default/ocaml/examples/probe_baseline.exe) > /home/red/code/research/tola/_out/canary/projects/tiny-full/probe_binding/ocaml/probe_binding-python-cext-Bs.11.log 2>&1)
[2026-08-03 13:56:59.166] probe_binding_ocaml        cmd_fail  (exit 127)
[2026-08-03 13:56:59.167] probe_binding_ocaml        detect  (error, output present)
[2026-08-03 13:56:59.167] probe_binding_ocaml        failed  (no compat failure predicted but command failed)
[2026-08-03 13:56:59.167] build_binding_python       check_pre  (pass)
[2026-08-03 13:56:59.169] build_binding_python       cmd  (ls canary/examples/tiny/scenarios/_cache/assembled/binding:python:cext#Bs.11/python_cext/tiny_cext/_native.cpython-*.so > /dev/null && echo 'ok' > /home/red/code/research/tola/_out/canary/projects/tiny-full/build_binding/python/build_binding-python-cext-Bs.11.ok)
[2026-08-03 13:56:59.171] build_binding_python       detect  (ok, output present)
[2026-08-03 13:56:59.171] build_binding_python       check_post  (pass)
[2026-08-03 13:56:59.171] build_binding_python       done
[2026-08-03 13:56:59.171] build_binding_python_inspect  check_pre  (pass)
[2026-08-03 13:56:59.173] build_binding_python_inspect  cmd  (python3 canary/scripts/inspect_binding.py --kind stub --path canary/examples/tiny/scenarios/_cache/assembled/binding:python:cext#Bs.11/python_cext/tiny_cext/_native.cpython-*.so --prefix tiny_ > /home/red/code/research/tola/_out/canary/projects/tiny-full/build_binding/python/inspect_binding-python-cext-Bs.11.json && LD_LIBRARY_PATH=$PWD/canary/examples/tiny/scenarios/_cache/assembled/binding:python:cext#Bs.11/c/build PYTHONPATH=canary/examples/tiny/scenarios/_cache/assembled/binding:python:cext#Bs.11/python_cext python3 canary/scripts/inspect_python.py --pkg tiny_cext --watchlist 'sum,diff,offset' > /home/red/code/research/tola/_out/canary/projects/tiny-full/build_binding/python/inspect_attrs_binding-python-cext-Bs.11.json)
[2026-08-03 13:56:59.290] build_binding_python_inspect  detect  (ok, output present)
[2026-08-03 13:56:59.290] build_binding_python_inspect  check_post  (pass)
[2026-08-03 13:56:59.290] build_binding_python_inspect  done
[2026-08-03 13:56:59.290] probe_binding_python       check_pre  (pass)
[2026-08-03 13:56:59.292] probe_binding_python       cmd  (LD_LIBRARY_PATH=$PWD/canary/examples/tiny/scenarios/_cache/assembled/binding:python:cext#Bs.11/c/build PYTHONPATH=canary/examples/tiny/scenarios/_cache/assembled/binding:python:cext#Bs.11/python_cext python3 canary/examples/tiny/scenarios/_cache/assembled/binding:python:cext#Bs.11/python_cext/examples/probe_baseline.py > /home/red/code/research/tola/_out/canary/projects/tiny-full/probe_binding/python/probe_binding-python-cext-Bs.11.log 2>&1)
[2026-08-03 13:56:59.322] probe_binding_python       cmd_fail  (exit 1)
[2026-08-03 13:56:59.322] probe_binding_python       detect  (error, output present)
[2026-08-03 13:56:59.323] probe_binding_python       failed  (no compat failure predicted but command failed)
[2026-08-03 13:56:59.323] probe_lib                  check_pre  (pass)
[2026-08-03 13:56:59.325] probe_lib                  cmd  (nm -D canary/examples/tiny/scenarios/_cache/assembled/binding:python:cext#Bs.11/c/build/libtiny.so.1 | grep -E '^[0-9a-f]+ T tiny_' > /home/red/code/research/tola/_out/canary/projects/tiny-full/probe_lib/probe_binding-python-cext-Bs.11.log 2>&1)
[2026-08-03 13:56:59.365] probe_lib                  detect  (ok, output present)
[2026-08-03 13:56:59.365] probe_lib                  check_post  (pass)
[2026-08-03 13:56:59.365] probe_lib                  done
[2026-08-03 13:56:59.365] *                          graph_end  (9/13 completed)
[2026-08-03 13:56:59.365] probe_binding_ocaml        failed
[2026-08-03 13:56:59.365] probe_binding_ocaml_inspect  skipped
[2026-08-03 13:56:59.365] probe_binding_python       failed
[2026-08-03 13:56:59.365] probe_binding_python_inspect  skipped
[2026-08-03 13:56:59.366] *                          diagram  (_out/canary/projects/tiny-full/-run/diagrams/all.mmd)
[2026-08-03 13:56:59.366] *                          diagram  (_out/canary/projects/tiny-full/-run/diagrams/full.mmd)
[2026-08-03 13:56:59.366] *                          view  (lib (2 steps))
[2026-08-03 13:56:59.366] *                          view  (probes (5 steps))
[2026-08-03 13:56:59.366] *                          view  (binding_ocaml (4 steps))
[2026-08-03 13:56:59.366] *                          view  (binding_python (4 steps))
[2026-08-03 13:56:59.367] *                          html  (_out/canary/projects/tiny-full/-run/result.html)
[2026-08-03 13:56:59.368] *                          index  (_out/canary/projects/index.html)
[2026-08-03 13:56:59.368] !                          invariant  (full.mmd: connectivity errors:
  [3]→[5]: no edge A_build_lib→A_build_binding_ocaml
  [3]→[13]: no edge A_build_lib→A_probe_lib
  [5]→[7]: no edge A_build_binding_ocaml→A_probe_binding_ocaml
  [3]→[7]: no edge A_build_lib→A_probe_binding_ocaml
  [1]→[2]: no edge A_configure→A_scan_sources
  [9]→[11]: no edge A_build_binding_python→A_probe_binding_python
  [3]→[11]: no edge A_build_lib→A_probe_binding_python
  [3]→[9]: no edge A_build_lib→A_build_binding_python)
[2026-08-03 13:56:59.368] !                          invariant  (SOME FAILED)
[2026-08-03 13:56:59.490] *                          graph_start  (13 steps)
[2026-08-03 13:56:59.490] configure                  check_pre  (pass)
[2026-08-03 13:56:59.492] configure                  cmd  (test -d canary/examples/tiny/scenarios/_cache/assembled/binding:python:cext#Bs.12/c/build || { echo 'lib_dir missing: canary/examples/tiny/scenarios/_cache/assembled/binding:python:cext#Bs.12/c/build'; exit 1; } && echo 'ok' > /home/red/code/research/tola/_out/canary/projects/tiny-full/configure/conf_binding-python-cext-Bs.12.ok)
[2026-08-03 13:56:59.493] configure                  detect  (ok, output present)
[2026-08-03 13:56:59.493] configure                  check_post  (pass)
[2026-08-03 13:56:59.493] configure                  done
[2026-08-03 13:56:59.493] scan_sources               check_pre  (pass)
[2026-08-03 13:56:59.495] scan_sources               cmd  (python3 canary/scripts/inspect_tiny_typed.py --layer header --path canary/examples/tiny/scenarios/_cache/assembled/binding:python:cext#Bs.12/c/include/tiny.h > /home/red/code/research/tola/_out/canary/projects/tiny-full/scan_sources/inspect_typed_header_binding-python-cext-Bs.12.json && python3 canary/scripts/inspect_tiny_typed.py --layer stub_ocaml --path canary/examples/tiny/scenarios/_cache/assembled/binding:python:cext#Bs.12/ocaml/tiny_raw.mli > /home/red/code/research/tola/_out/canary/projects/tiny-full/scan_sources/inspect_typed_binding_stub_ocaml_binding-python-cext-Bs.12.json && python3 canary/scripts/inspect_tiny_typed.py --layer user_ocaml --path canary/examples/tiny/scenarios/_cache/assembled/binding:python:cext#Bs.12/ocaml/tiny.mli > /home/red/code/research/tola/_out/canary/projects/tiny-full/scan_sources/inspect_typed_binding_user_ocaml_binding-python-cext-Bs.12.json && python3 canary/scripts/inspect_tiny_typed.py --layer stub_python --path canary/examples/tiny/scenarios/_cache/assembled/binding:python:cext#Bs.12/python_cext/tiny_cext/_native.c > /home/red/code/research/tola/_out/canary/projects/tiny-full/scan_sources/inspect_typed_binding_stub_python_binding-python-cext-Bs.12.json && python3 canary/scripts/inspect_tiny_typed.py --layer user_python --path canary/examples/tiny/scenarios/_cache/assembled/binding:python:cext#Bs.12/python_cext/tiny_cext/__init__.py > /home/red/code/research/tola/_out/canary/projects/tiny-full/scan_sources/inspect_typed_binding_user_python_binding-python-cext-Bs.12.json && echo 'ok' > /home/red/code/research/tola/_out/canary/projects/tiny-full/scan_sources/scan_binding-python-cext-Bs.12.ok)
[2026-08-03 13:56:59.664] scan_sources               detect  (ok, output present)
[2026-08-03 13:56:59.664] scan_sources               check_post  (pass)
[2026-08-03 13:56:59.664] scan_sources               done
[2026-08-03 13:56:59.664] build_lib                  check_pre  (pass)
[2026-08-03 13:56:59.666] build_lib                  cmd  (test -f canary/examples/tiny/scenarios/_cache/assembled/binding:python:cext#Bs.12/c/build/libtiny.so.1 || { mkdir -p canary/examples/tiny/scenarios/_cache/assembled/binding:python:cext#Bs.12/c/build && gcc -c -fPIC -Icanary/examples/tiny/scenarios/_cache/assembled/binding:python:cext#Bs.12/c/include canary/examples/tiny/scenarios/_cache/assembled/binding:python:cext#Bs.12/c/src/tiny.c -o canary/examples/tiny/scenarios/_cache/assembled/binding:python:cext#Bs.12/c/build/tiny.o && gcc -shared -fPIC -Wl,-soname,libtiny.so.1 -Wl,--version-script=canary/examples/tiny/scenarios/_cache/assembled/binding:python:cext#Bs.12/c/tiny.map canary/examples/tiny/scenarios/_cache/assembled/binding:python:cext#Bs.12/c/build/tiny.o -o canary/examples/tiny/scenarios/_cache/assembled/binding:python:cext#Bs.12/c/build/libtiny.so.1.0 && ln -sf libtiny.so.1.0 canary/examples/tiny/scenarios/_cache/assembled/binding:python:cext#Bs.12/c/build/libtiny.so.1 && ln -sf libtiny.so.1 canary/examples/tiny/scenarios/_cache/assembled/binding:python:cext#Bs.12/c/build/libtiny.so ; } && echo 'ok' > /home/red/code/research/tola/_out/canary/projects/tiny-full/build_lib/build_binding-python-cext-Bs.12.ok)
[2026-08-03 13:56:59.667] build_lib                  detect  (ok, output present)
[2026-08-03 13:56:59.667] build_lib                  check_post  (pass)
[2026-08-03 13:56:59.667] build_lib                  done
[2026-08-03 13:56:59.667] build_lib_inspect          check_pre  (pass)
[2026-08-03 13:56:59.670] build_lib_inspect          cmd  (nm -D "canary/examples/tiny/scenarios/_cache/assembled/binding:python:cext#Bs.12/c/build/libtiny.so.1" 2>/dev/null \
  | python3 canary/scripts/inspect_native.py --emit-symbols --elf --path "canary/examples/tiny/scenarios/_cache/assembled/binding:python:cext#Bs.12/c/build/libtiny.so.1" --prefixes 'tiny_' --watchlist 'tiny_sum,tiny_diff,tiny_offset' \
  > /home/red/code/research/tola/_out/canary/projects/tiny-full/build_lib/inspect_binding-python-cext-Bs.12.json)
[2026-08-03 13:56:59.720] build_lib_inspect          detect  (ok, output present)
[2026-08-03 13:56:59.720] build_lib_inspect          check_post  (pass)
[2026-08-03 13:56:59.720] build_lib_inspect          done
[2026-08-03 13:56:59.720] build_binding_ocaml        check_pre  (pass)
[2026-08-03 13:56:59.723] build_binding_ocaml        cmd  ((LIBRARY_PATH=$PWD/canary/examples/tiny/scenarios/_cache/assembled/binding:python:cext#Bs.12/c/build LD_RUN_PATH=$PWD/canary/examples/tiny/scenarios/_cache/assembled/binding:python:cext#Bs.12/c/build dune build --root canary/examples/tiny/scenarios/_cache/assembled/binding:python:cext#Bs.12 ocaml/tiny.cmxa ocaml/libtiny_stubs.a) > /home/red/code/research/tola/_out/canary/projects/tiny-full/build_binding/ocaml/build_binding-python-cext-Bs.12.log 2>&1 && echo 'ok' > /home/red/code/research/tola/_out/canary/projects/tiny-full/build_binding/ocaml/build_binding-python-cext-Bs.12.ok)
[2026-08-03 13:56:59.751] build_binding_ocaml        detect  (ok, output present)
[2026-08-03 13:56:59.751] build_binding_ocaml        done  (no compat failure predicted; success expected)
[2026-08-03 13:56:59.751] build_binding_ocaml_inspect  check_pre  (pass)
[2026-08-03 13:56:59.753] build_binding_ocaml_inspect  cmd  (python3 canary/scripts/inspect_binding.py --kind stub --path canary/examples/tiny/scenarios/_cache/assembled/binding:python:cext#Bs.12/_build/default/ocaml/libtiny_stubs.a --prefix tiny_ > /home/red/code/research/tola/_out/canary/projects/tiny-full/build_binding/ocaml/inspect_binding-python-cext-Bs.12.json && python3 canary/scripts/inspect_binding.py --kind mli --module-prefix Tiny --path canary/examples/tiny/scenarios/_cache/assembled/binding:python:cext#Bs.12/ocaml/tiny.mli --watchlist 'Tiny,Tiny.sum,Tiny.diff,Tiny.offset' > /home/red/code/research/tola/_out/canary/projects/tiny-full/build_binding/ocaml/inspect_mli_binding-python-cext-Bs.12.json)
[2026-08-03 13:56:59.874] build_binding_ocaml_inspect  detect  (ok, output present)
[2026-08-03 13:56:59.874] build_binding_ocaml_inspect  check_post  (pass)
[2026-08-03 13:56:59.874] build_binding_ocaml_inspect  done
[2026-08-03 13:56:59.874] probe_binding_ocaml        check_pre  (pass)
[2026-08-03 13:56:59.876] probe_binding_ocaml        cmd  ((LIBRARY_PATH=$PWD/canary/examples/tiny/scenarios/_cache/assembled/binding:python:cext#Bs.12/c/build LD_RUN_PATH=$PWD/canary/examples/tiny/scenarios/_cache/assembled/binding:python:cext#Bs.12/c/build dune build --root canary/examples/tiny/scenarios/_cache/assembled/binding:python:cext#Bs.12 ocaml/examples/probe_baseline.exe && LD_LIBRARY_PATH=$PWD/canary/examples/tiny/scenarios/_cache/assembled/binding:python:cext#Bs.12/c/build canary/examples/tiny/scenarios/_cache/assembled/binding:python:cext#Bs.12/_build/default/ocaml/examples/probe_baseline.exe) > /home/red/code/research/tola/_out/canary/projects/tiny-full/probe_binding/ocaml/probe_binding-python-cext-Bs.12.log 2>&1)
[2026-08-03 13:56:59.908] probe_binding_ocaml        cmd_fail  (exit 127)
[2026-08-03 13:56:59.908] probe_binding_ocaml        detect  (error, output present)
[2026-08-03 13:56:59.908] probe_binding_ocaml        failed  (no compat failure predicted but command failed)
[2026-08-03 13:56:59.908] build_binding_python       check_pre  (pass)
[2026-08-03 13:56:59.910] build_binding_python       cmd  (ls canary/examples/tiny/scenarios/_cache/assembled/binding:python:cext#Bs.12/python_cext/tiny_cext/_native.cpython-*.so > /dev/null && echo 'ok' > /home/red/code/research/tola/_out/canary/projects/tiny-full/build_binding/python/build_binding-python-cext-Bs.12.ok)
[2026-08-03 13:56:59.912] build_binding_python       detect  (ok, output present)
[2026-08-03 13:56:59.912] build_binding_python       check_post  (pass)
[2026-08-03 13:56:59.912] build_binding_python       done
[2026-08-03 13:56:59.912] build_binding_python_inspect  check_pre  (pass)
[2026-08-03 13:56:59.914] build_binding_python_inspect  cmd  (python3 canary/scripts/inspect_binding.py --kind stub --path canary/examples/tiny/scenarios/_cache/assembled/binding:python:cext#Bs.12/python_cext/tiny_cext/_native.cpython-*.so --prefix tiny_ > /home/red/code/research/tola/_out/canary/projects/tiny-full/build_binding/python/inspect_binding-python-cext-Bs.12.json && LD_LIBRARY_PATH=$PWD/canary/examples/tiny/scenarios/_cache/assembled/binding:python:cext#Bs.12/c/build PYTHONPATH=canary/examples/tiny/scenarios/_cache/assembled/binding:python:cext#Bs.12/python_cext python3 canary/scripts/inspect_python.py --pkg tiny_cext --watchlist 'sum,diff,offset' > /home/red/code/research/tola/_out/canary/projects/tiny-full/build_binding/python/inspect_attrs_binding-python-cext-Bs.12.json)
[2026-08-03 13:57:00.033] build_binding_python_inspect  detect  (ok, output present)
[2026-08-03 13:57:00.033] build_binding_python_inspect  check_post  (pass)
[2026-08-03 13:57:00.033] build_binding_python_inspect  done
[2026-08-03 13:57:00.033] probe_binding_python       check_pre  (pass)
[2026-08-03 13:57:00.035] probe_binding_python       cmd  (LD_LIBRARY_PATH=$PWD/canary/examples/tiny/scenarios/_cache/assembled/binding:python:cext#Bs.12/c/build PYTHONPATH=canary/examples/tiny/scenarios/_cache/assembled/binding:python:cext#Bs.12/python_cext python3 canary/examples/tiny/scenarios/_cache/assembled/binding:python:cext#Bs.12/python_cext/examples/probe_baseline.py > /home/red/code/research/tola/_out/canary/projects/tiny-full/probe_binding/python/probe_binding-python-cext-Bs.12.log 2>&1)
[2026-08-03 13:57:00.066] probe_binding_python       cmd_fail  (exit 1)
[2026-08-03 13:57:00.066] probe_binding_python       detect  (error, output present)
[2026-08-03 13:57:00.066] probe_binding_python       failed  (no compat failure predicted but command failed)
[2026-08-03 13:57:00.066] probe_lib                  check_pre  (pass)
[2026-08-03 13:57:00.068] probe_lib                  cmd  (nm -D canary/examples/tiny/scenarios/_cache/assembled/binding:python:cext#Bs.12/c/build/libtiny.so.1 | grep -E '^[0-9a-f]+ T tiny_' > /home/red/code/research/tola/_out/canary/projects/tiny-full/probe_lib/probe_binding-python-cext-Bs.12.log 2>&1)
[2026-08-03 13:57:00.109] probe_lib                  detect  (ok, output present)
[2026-08-03 13:57:00.109] probe_lib                  check_post  (pass)
[2026-08-03 13:57:00.109] probe_lib                  done
[2026-08-03 13:57:00.109] *                          graph_end  (9/13 completed)
[2026-08-03 13:57:00.109] probe_binding_ocaml        failed
[2026-08-03 13:57:00.109] probe_binding_ocaml_inspect  skipped
[2026-08-03 13:57:00.109] probe_binding_python       failed
[2026-08-03 13:57:00.109] probe_binding_python_inspect  skipped
[2026-08-03 13:57:00.110] *                          diagram  (_out/canary/projects/tiny-full/-run/diagrams/all.mmd)
[2026-08-03 13:57:00.110] *                          diagram  (_out/canary/projects/tiny-full/-run/diagrams/full.mmd)
[2026-08-03 13:57:00.110] *                          view  (lib (2 steps))
[2026-08-03 13:57:00.110] *                          view  (probes (5 steps))
[2026-08-03 13:57:00.110] *                          view  (binding_ocaml (4 steps))
[2026-08-03 13:57:00.110] *                          view  (binding_python (4 steps))
[2026-08-03 13:57:00.112] *                          html  (_out/canary/projects/tiny-full/-run/result.html)
[2026-08-03 13:57:00.112] *                          index  (_out/canary/projects/index.html)
[2026-08-03 13:57:00.112] !                          invariant  (full.mmd: connectivity errors:
  [3]→[5]: no edge A_build_lib→A_build_binding_ocaml
  [3]→[13]: no edge A_build_lib→A_probe_lib
  [5]→[7]: no edge A_build_binding_ocaml→A_probe_binding_ocaml
  [3]→[7]: no edge A_build_lib→A_probe_binding_ocaml
  [1]→[2]: no edge A_configure→A_scan_sources
  [9]→[11]: no edge A_build_binding_python→A_probe_binding_python
  [3]→[11]: no edge A_build_lib→A_probe_binding_python
  [3]→[9]: no edge A_build_lib→A_build_binding_python)
[2026-08-03 13:57:00.112] !                          invariant  (SOME FAILED)
[2026-08-03 13:57:00.237] *                          graph_start  (13 steps)
[2026-08-03 13:57:00.237] configure                  check_pre  (pass)
[2026-08-03 13:57:00.239] configure                  cmd  (test -d canary/examples/tiny/scenarios/_cache/assembled/binding:python:cext#Dv.Sc.4.Python.python_binding.python_binding/c/build || { echo 'lib_dir missing: canary/examples/tiny/scenarios/_cache/assembled/binding:python:cext#Dv.Sc.4.Python.python_binding.python_binding/c/build'; exit 1; } && echo 'ok' > /home/red/code/research/tola/_out/canary/projects/tiny-full/configure/conf_binding-python-cext-Dv.Sc.4.Python.python_binding.python_binding.ok)
[2026-08-03 13:57:00.240] configure                  detect  (ok, output present)
[2026-08-03 13:57:00.240] configure                  check_post  (pass)
[2026-08-03 13:57:00.240] configure                  done
[2026-08-03 13:57:00.240] scan_sources               check_pre  (pass)
[2026-08-03 13:57:00.242] scan_sources               cmd  (python3 canary/scripts/inspect_tiny_typed.py --layer header --path canary/examples/tiny/scenarios/_cache/assembled/binding:python:cext#Dv.Sc.4.Python.python_binding.python_binding/c/include/tiny.h > /home/red/code/research/tola/_out/canary/projects/tiny-full/scan_sources/inspect_typed_header_binding-python-cext-Dv.Sc.4.Python.python_binding.python_binding.json && python3 canary/scripts/inspect_tiny_typed.py --layer stub_ocaml --path canary/examples/tiny/scenarios/_cache/assembled/binding:python:cext#Dv.Sc.4.Python.python_binding.python_binding/ocaml/tiny_raw.mli > /home/red/code/research/tola/_out/canary/projects/tiny-full/scan_sources/inspect_typed_binding_stub_ocaml_binding-python-cext-Dv.Sc.4.Python.python_binding.python_binding.json && python3 canary/scripts/inspect_tiny_typed.py --layer user_ocaml --path canary/examples/tiny/scenarios/_cache/assembled/binding:python:cext#Dv.Sc.4.Python.python_binding.python_binding/ocaml/tiny.mli > /home/red/code/research/tola/_out/canary/projects/tiny-full/scan_sources/inspect_typed_binding_user_ocaml_binding-python-cext-Dv.Sc.4.Python.python_binding.python_binding.json && python3 canary/scripts/inspect_tiny_typed.py --layer stub_python --path canary/examples/tiny/scenarios/_cache/assembled/binding:python:cext#Dv.Sc.4.Python.python_binding.python_binding/python_cext/tiny_cext/_native.c > /home/red/code/research/tola/_out/canary/projects/tiny-full/scan_sources/inspect_typed_binding_stub_python_binding-python-cext-Dv.Sc.4.Python.python_binding.python_binding.json && python3 canary/scripts/inspect_tiny_typed.py --layer user_python --path canary/examples/tiny/scenarios/_cache/assembled/binding:python:cext#Dv.Sc.4.Python.python_binding.python_binding/python_cext/tiny_cext/__init__.py > /home/red/code/research/tola/_out/canary/projects/tiny-full/scan_sources/inspect_typed_binding_user_python_binding-python-cext-Dv.Sc.4.Python.python_binding.python_binding.json && echo 'ok' > /home/red/code/research/tola/_out/canary/projects/tiny-full/scan_sources/scan_binding-python-cext-Dv.Sc.4.Python.python_binding.python_binding.ok)
[2026-08-03 13:57:00.415] scan_sources               detect  (ok, output present)
[2026-08-03 13:57:00.415] scan_sources               check_post  (pass)
[2026-08-03 13:57:00.415] scan_sources               done
[2026-08-03 13:57:00.415] build_lib                  check_pre  (pass)
[2026-08-03 13:57:00.417] build_lib                  cmd  (test -f canary/examples/tiny/scenarios/_cache/assembled/binding:python:cext#Dv.Sc.4.Python.python_binding.python_binding/c/build/libtiny.so.1 || { mkdir -p canary/examples/tiny/scenarios/_cache/assembled/binding:python:cext#Dv.Sc.4.Python.python_binding.python_binding/c/build && gcc -c -fPIC -Icanary/examples/tiny/scenarios/_cache/assembled/binding:python:cext#Dv.Sc.4.Python.python_binding.python_binding/c/include canary/examples/tiny/scenarios/_cache/assembled/binding:python:cext#Dv.Sc.4.Python.python_binding.python_binding/c/src/tiny.c -o canary/examples/tiny/scenarios/_cache/assembled/binding:python:cext#Dv.Sc.4.Python.python_binding.python_binding/c/build/tiny.o && gcc -shared -fPIC -Wl,-soname,libtiny.so.1 -Wl,--version-script=canary/examples/tiny/scenarios/_cache/assembled/binding:python:cext#Dv.Sc.4.Python.python_binding.python_binding/c/tiny.map canary/examples/tiny/scenarios/_cache/assembled/binding:python:cext#Dv.Sc.4.Python.python_binding.python_binding/c/build/tiny.o -o canary/examples/tiny/scenarios/_cache/assembled/binding:python:cext#Dv.Sc.4.Python.python_binding.python_binding/c/build/libtiny.so.1.0 && ln -sf libtiny.so.1.0 canary/examples/tiny/scenarios/_cache/assembled/binding:python:cext#Dv.Sc.4.Python.python_binding.python_binding/c/build/libtiny.so.1 && ln -sf libtiny.so.1 canary/examples/tiny/scenarios/_cache/assembled/binding:python:cext#Dv.Sc.4.Python.python_binding.python_binding/c/build/libtiny.so ; } && echo 'ok' > /home/red/code/research/tola/_out/canary/projects/tiny-full/build_lib/build_binding-python-cext-Dv.Sc.4.Python.python_binding.python_binding.ok)
[2026-08-03 13:57:00.417] build_lib                  detect  (ok, output present)
[2026-08-03 13:57:00.417] build_lib                  check_post  (pass)
[2026-08-03 13:57:00.417] build_lib                  done
[2026-08-03 13:57:00.418] build_lib_inspect          check_pre  (pass)
[2026-08-03 13:57:00.419] build_lib_inspect          cmd  (nm -D "canary/examples/tiny/scenarios/_cache/assembled/binding:python:cext#Dv.Sc.4.Python.python_binding.python_binding/c/build/libtiny.so.1" 2>/dev/null \
  | python3 canary/scripts/inspect_native.py --emit-symbols --elf --path "canary/examples/tiny/scenarios/_cache/assembled/binding:python:cext#Dv.Sc.4.Python.python_binding.python_binding/c/build/libtiny.so.1" --prefixes 'tiny_' --watchlist 'tiny_sum,tiny_diff,tiny_offset' \
  > /home/red/code/research/tola/_out/canary/projects/tiny-full/build_lib/inspect_binding-python-cext-Dv.Sc.4.Python.python_binding.python_binding.json)
[2026-08-03 13:57:00.469] build_lib_inspect          detect  (ok, output present)
[2026-08-03 13:57:00.469] build_lib_inspect          check_post  (pass)
[2026-08-03 13:57:00.469] build_lib_inspect          done
[2026-08-03 13:57:00.469] build_binding_ocaml        check_pre  (pass)
[2026-08-03 13:57:00.472] build_binding_ocaml        cmd  ((LIBRARY_PATH=$PWD/canary/examples/tiny/scenarios/_cache/assembled/binding:python:cext#Dv.Sc.4.Python.python_binding.python_binding/c/build LD_RUN_PATH=$PWD/canary/examples/tiny/scenarios/_cache/assembled/binding:python:cext#Dv.Sc.4.Python.python_binding.python_binding/c/build dune build --root canary/examples/tiny/scenarios/_cache/assembled/binding:python:cext#Dv.Sc.4.Python.python_binding.python_binding ocaml/tiny.cmxa ocaml/libtiny_stubs.a) > /home/red/code/research/tola/_out/canary/projects/tiny-full/build_binding/ocaml/build_binding-python-cext-Dv.Sc.4.Python.python_binding.python_binding.log 2>&1 && echo 'ok' > /home/red/code/research/tola/_out/canary/projects/tiny-full/build_binding/ocaml/build_binding-python-cext-Dv.Sc.4.Python.python_binding.python_binding.ok)
[2026-08-03 13:57:00.502] build_binding_ocaml        detect  (ok, output present)
[2026-08-03 13:57:00.502] build_binding_ocaml        done  (no compat failure predicted; success expected)
[2026-08-03 13:57:00.502] build_binding_ocaml_inspect  check_pre  (pass)
[2026-08-03 13:57:00.504] build_binding_ocaml_inspect  cmd  (python3 canary/scripts/inspect_binding.py --kind stub --path canary/examples/tiny/scenarios/_cache/assembled/binding:python:cext#Dv.Sc.4.Python.python_binding.python_binding/_build/default/ocaml/libtiny_stubs.a --prefix tiny_ > /home/red/code/research/tola/_out/canary/projects/tiny-full/build_binding/ocaml/inspect_binding-python-cext-Dv.Sc.4.Python.python_binding.python_binding.json && python3 canary/scripts/inspect_binding.py --kind mli --module-prefix Tiny --path canary/examples/tiny/scenarios/_cache/assembled/binding:python:cext#Dv.Sc.4.Python.python_binding.python_binding/ocaml/tiny.mli --watchlist 'Tiny,Tiny.sum,Tiny.diff,Tiny.offset' > /home/red/code/research/tola/_out/canary/projects/tiny-full/build_binding/ocaml/inspect_mli_binding-python-cext-Dv.Sc.4.Python.python_binding.python_binding.json)
[2026-08-03 13:57:00.628] build_binding_ocaml_inspect  detect  (ok, output present)
[2026-08-03 13:57:00.628] build_binding_ocaml_inspect  check_post  (pass)
[2026-08-03 13:57:00.628] build_binding_ocaml_inspect  done
[2026-08-03 13:57:00.628] probe_binding_ocaml        check_pre  (pass)
[2026-08-03 13:57:00.630] probe_binding_ocaml        cmd  ((LIBRARY_PATH=$PWD/canary/examples/tiny/scenarios/_cache/assembled/binding:python:cext#Dv.Sc.4.Python.python_binding.python_binding/c/build LD_RUN_PATH=$PWD/canary/examples/tiny/scenarios/_cache/assembled/binding:python:cext#Dv.Sc.4.Python.python_binding.python_binding/c/build dune build --root canary/examples/tiny/scenarios/_cache/assembled/binding:python:cext#Dv.Sc.4.Python.python_binding.python_binding ocaml/examples/probe_baseline.exe && LD_LIBRARY_PATH=$PWD/canary/examples/tiny/scenarios/_cache/assembled/binding:python:cext#Dv.Sc.4.Python.python_binding.python_binding/c/build canary/examples/tiny/scenarios/_cache/assembled/binding:python:cext#Dv.Sc.4.Python.python_binding.python_binding/_build/default/ocaml/examples/probe_baseline.exe) > /home/red/code/research/tola/_out/canary/projects/tiny-full/probe_binding/ocaml/probe_binding-python-cext-Dv.Sc.4.Python.python_binding.python_binding.log 2>&1)
[2026-08-03 13:57:00.664] probe_binding_ocaml        cmd_fail  (exit 127)
[2026-08-03 13:57:00.664] probe_binding_ocaml        detect  (error, output present)
[2026-08-03 13:57:00.664] probe_binding_ocaml        failed  (no compat failure predicted but command failed)
[2026-08-03 13:57:00.665] build_binding_python       check_pre  (pass)
[2026-08-03 13:57:00.667] build_binding_python       cmd  (ls canary/examples/tiny/scenarios/_cache/assembled/binding:python:cext#Dv.Sc.4.Python.python_binding.python_binding/python_cext/tiny_cext/_native.cpython-*.so > /dev/null && echo 'ok' > /home/red/code/research/tola/_out/canary/projects/tiny-full/build_binding/python/build_binding-python-cext-Dv.Sc.4.Python.python_binding.python_binding.ok)
[2026-08-03 13:57:00.669] build_binding_python       detect  (ok, output present)
[2026-08-03 13:57:00.669] build_binding_python       check_post  (pass)
[2026-08-03 13:57:00.669] build_binding_python       done
[2026-08-03 13:57:00.669] build_binding_python_inspect  check_pre  (pass)
[2026-08-03 13:57:00.671] build_binding_python_inspect  cmd  (python3 canary/scripts/inspect_binding.py --kind stub --path canary/examples/tiny/scenarios/_cache/assembled/binding:python:cext#Dv.Sc.4.Python.python_binding.python_binding/python_cext/tiny_cext/_native.cpython-*.so --prefix tiny_ > /home/red/code/research/tola/_out/canary/projects/tiny-full/build_binding/python/inspect_binding-python-cext-Dv.Sc.4.Python.python_binding.python_binding.json && LD_LIBRARY_PATH=$PWD/canary/examples/tiny/scenarios/_cache/assembled/binding:python:cext#Dv.Sc.4.Python.python_binding.python_binding/c/build PYTHONPATH=canary/examples/tiny/scenarios/_cache/assembled/binding:python:cext#Dv.Sc.4.Python.python_binding.python_binding/python_cext python3 canary/scripts/inspect_python.py --pkg tiny_cext --watchlist 'sum,diff,offset' > /home/red/code/research/tola/_out/canary/projects/tiny-full/build_binding/python/inspect_attrs_binding-python-cext-Dv.Sc.4.Python.python_binding.python_binding.json)
[2026-08-03 13:57:00.798] build_binding_python_inspect  detect  (ok, output present)
[2026-08-03 13:57:00.798] build_binding_python_inspect  check_post  (pass)
[2026-08-03 13:57:00.798] build_binding_python_inspect  done
[2026-08-03 13:57:00.798] probe_binding_python       check_pre  (pass)
[2026-08-03 13:57:00.800] probe_binding_python       cmd  (LD_LIBRARY_PATH=$PWD/canary/examples/tiny/scenarios/_cache/assembled/binding:python:cext#Dv.Sc.4.Python.python_binding.python_binding/c/build PYTHONPATH=canary/examples/tiny/scenarios/_cache/assembled/binding:python:cext#Dv.Sc.4.Python.python_binding.python_binding/python_cext python3 canary/examples/tiny/scenarios/_cache/assembled/binding:python:cext#Dv.Sc.4.Python.python_binding.python_binding/python_cext/examples/probe_baseline.py > /home/red/code/research/tola/_out/canary/projects/tiny-full/probe_binding/python/probe_binding-python-cext-Dv.Sc.4.Python.python_binding.python_binding.log 2>&1)
[2026-08-03 13:57:00.831] probe_binding_python       cmd_fail  (exit 1)
[2026-08-03 13:57:00.831] probe_binding_python       detect  (error, output present)
[2026-08-03 13:57:00.831] probe_binding_python       failed  (no compat failure predicted but command failed)
[2026-08-03 13:57:00.832] probe_lib                  check_pre  (pass)
[2026-08-03 13:57:00.834] probe_lib                  cmd  (nm -D canary/examples/tiny/scenarios/_cache/assembled/binding:python:cext#Dv.Sc.4.Python.python_binding.python_binding/c/build/libtiny.so.1 | grep -E '^[0-9a-f]+ T tiny_' > /home/red/code/research/tola/_out/canary/projects/tiny-full/probe_lib/probe_binding-python-cext-Dv.Sc.4.Python.python_binding.python_binding.log 2>&1)
[2026-08-03 13:57:00.875] probe_lib                  detect  (ok, output present)
[2026-08-03 13:57:00.875] probe_lib                  check_post  (pass)
[2026-08-03 13:57:00.875] probe_lib                  done
[2026-08-03 13:57:00.875] *                          graph_end  (9/13 completed)
[2026-08-03 13:57:00.875] probe_binding_ocaml        failed
[2026-08-03 13:57:00.875] probe_binding_ocaml_inspect  skipped
[2026-08-03 13:57:00.875] probe_binding_python       failed
[2026-08-03 13:57:00.875] probe_binding_python_inspect  skipped
[2026-08-03 13:57:00.875] *                          diagram  (_out/canary/projects/tiny-full/-run/diagrams/all.mmd)
[2026-08-03 13:57:00.875] *                          diagram  (_out/canary/projects/tiny-full/-run/diagrams/full.mmd)
[2026-08-03 13:57:00.875] *                          view  (lib (2 steps))
[2026-08-03 13:57:00.875] *                          view  (probes (5 steps))
[2026-08-03 13:57:00.876] *                          view  (binding_ocaml (4 steps))
[2026-08-03 13:57:00.876] *                          view  (binding_python (4 steps))
[2026-08-03 13:57:00.876] *                          html  (_out/canary/projects/tiny-full/-run/result.html)
[2026-08-03 13:57:00.877] *                          index  (_out/canary/projects/index.html)
[2026-08-03 13:57:00.877] !                          invariant  (full.mmd: connectivity errors:
  [3]→[5]: no edge A_build_lib→A_build_binding_ocaml
  [3]→[13]: no edge A_build_lib→A_probe_lib
  [5]→[7]: no edge A_build_binding_ocaml→A_probe_binding_ocaml
  [3]→[7]: no edge A_build_lib→A_probe_binding_ocaml
  [1]→[2]: no edge A_configure→A_scan_sources
  [9]→[11]: no edge A_build_binding_python→A_probe_binding_python
  [3]→[11]: no edge A_build_lib→A_probe_binding_python
  [3]→[9]: no edge A_build_lib→A_build_binding_python)
[2026-08-03 13:57:00.877] !                          invariant  (SOME FAILED)
