[2026-08-17 19:14:08.744] *                          variant_start  (source-fetched-1.14_lib-fetched_ocaml_binding-fetched)
[2026-08-17 19:14:08.744] *                          graph_start  (7 steps)
[2026-08-17 19:14:08.745] fetch_source               check_pre  (pass)
[2026-08-17 19:14:08.749] fetch_source               cmd  (if [ ! -d /home/red/code/contrib/zarith-all/zarith/.git ]; then git clone https://github.com/ocaml/Zarith.git /home/red/code/contrib/zarith-all/zarith; fi && \
git -C /home/red/code/contrib/zarith-all/zarith fetch -q origin release-1.14 && \
if [ ! -d /home/red/code/contrib/zarith-all/zarith-release-1.14 ]; then git -C /home/red/code/contrib/zarith-all/zarith worktree add -f /home/red/code/contrib/zarith-all/zarith-release-1.14 release-1.14; fi && \
git -C /home/red/code/contrib/zarith-all/zarith-release-1.14 checkout -q -f release-1.14 && \
echo '/home/red/code/contrib/zarith-all/zarith-release-1.14' > /home/red/code/research/tola/_out/canary/projects/zarith/fetch_source/source_source-fetched-1.14_lib-fetched_ocaml_binding-fetched.ok)
[2026-08-17 19:14:09.089] fetch_source               detect  (ok, output present)
[2026-08-17 19:14:09.096] fetch_source               check_post  (pass)
[2026-08-17 19:14:09.096] fetch_source               done
[2026-08-17 19:14:09.100] fetch_lib                  check_pre  (pass)
[2026-08-17 19:14:09.102] fetch_lib                  cmd  (sudo apt-get install -y libgmp-dev && echo 'installed' > /home/red/code/research/tola/_out/canary/projects/zarith/fetch_lib/lib_source-fetched-1.14_lib-fetched_ocaml_binding-fetched.ok)
[2026-08-17 19:14:09.515] fetch_lib                  detect  (ok, output present)
[2026-08-17 19:14:09.515] fetch_lib                  check_post  (pass)
[2026-08-17 19:14:09.515] fetch_lib                  done
[2026-08-17 19:14:09.517] fetch_binding_ocaml        check_pre  (pass)
[2026-08-17 19:14:09.520] fetch_binding_ocaml        cmd  (eval $(opam env) && opam install zarith -y --assume-depexts && eval $(opam env) && opam install -y ocamlfind && echo 'installed' > /home/red/code/research/tola/_out/canary/projects/zarith/fetch_binding/ocaml/binding_source-fetched-1.14_lib-fetched_ocaml_binding-fetched.ok)
[2026-08-17 19:14:10.596] fetch_binding_ocaml        detect  (ok, output present)
[2026-08-17 19:14:10.596] fetch_binding_ocaml        check_post  (pass)
[2026-08-17 19:14:10.596] fetch_binding_ocaml        done
[2026-08-17 19:14:10.598] probe_binding_ocaml        check_pre  (pass)
[2026-08-17 19:14:10.601] probe_binding_ocaml        cmd  (eval $(opam env)
INSTALLED=$(opam list zarith --installed --short --columns=version 2>/dev/null)
test "$INSTALLED" = "1.14" || eval $(opam env) && opam install zarith.1.14 -y --assume-depexts
eval $(opam env)
ocamlfind ocamlopt -package zarith -linkpkg canary/examples/zarith/zarith_example.ml -o /home/red/code/research/tola/_out/canary/projects/zarith/probe_binding/ocaml/zarith_example > /home/red/code/research/tola/_out/canary/projects/zarith/probe_binding/ocaml/probe_source-fetched-1.14_lib-fetched_ocaml_binding-fetched.log 2>&1 && /home/red/code/research/tola/_out/canary/projects/zarith/probe_binding/ocaml/zarith_example >> /home/red/code/research/tola/_out/canary/projects/zarith/probe_binding/ocaml/probe_source-fetched-1.14_lib-fetched_ocaml_binding-fetched.log 2>&1
RC=$?
cat /home/red/code/research/tola/_out/canary/projects/zarith/probe_binding/ocaml/probe_source-fetched-1.14_lib-fetched_ocaml_binding-fetched.log
exit $RC)
[2026-08-17 19:14:11.523] probe_binding_ocaml        detect  (ok, output present)
[2026-08-17 19:14:11.846] probe_binding_ocaml        check_post  (pass)
[2026-08-17 19:14:11.846] probe_binding_ocaml        done
[2026-08-17 19:14:11.848] probe_binding_ocaml_inspect  check_pre  (pass)
[2026-08-17 19:14:11.850] probe_binding_ocaml_inspect  cmd  (eval $(opam env)
PKG_DIR=$(ocamlfind query 'zarith' 2>/dev/null)
test -n "$PKG_DIR"
{ for f in "$PKG_DIR"/*.cmxa "$PKG_DIR"/*.cma; do
    [ -f "$f" ] && ocamlobjinfo "$f"
  done
} | python3 canary/scripts/inspect_ocaml.py --path 'zarith' --watchlist 'Z,Q,Big_int_Z,Zarith_version' \
  > /home/red/code/research/tola/_out/canary/projects/zarith/probe_binding/ocaml/inspect_source-fetched-1.14_lib-fetched_ocaml_binding-fetched.json)
[2026-08-17 19:14:11.927] probe_binding_ocaml_inspect  detect  (ok, output present)
[2026-08-17 19:14:11.927] probe_binding_ocaml_inspect  check_post  (pass)
[2026-08-17 19:14:11.927] probe_binding_ocaml_inspect  done
[2026-08-17 19:14:11.929] probe_lib                  check_pre  (pass)
[2026-08-17 19:14:11.932] probe_lib                  cmd  (LIB_NATIVE=$(ls /usr/lib/x86_64-linux-gnu/libgmp.so* /usr/lib*/libgmp.so* 2>/dev/null \
        "$(brew --prefix gmp 2>/dev/null)/lib/libgmp.dylib" 2>/dev/null \
        | head -1)
test -n "$LIB_NATIVE" -a -e "$LIB_NATIVE"
COUNT=$(nm -D "$LIB_NATIVE" 2>/dev/null | grep -v ' U ' | grep -c '__gmp' || echo 0)
printf '__gmp symbols exported: %s\n' "$COUNT" | tee /home/red/code/research/tola/_out/canary/projects/zarith/probe_lib/probe_source-fetched-1.14_lib-fetched_ocaml_binding-fetched.log
test "$COUNT" -gt 0)
[2026-08-17 19:14:11.994] probe_lib                  detect  (ok, output present)
[2026-08-17 19:14:11.994] probe_lib                  check_post  (pass)
[2026-08-17 19:14:11.994] probe_lib                  done
[2026-08-17 19:14:11.996] probe_lib_inspect          check_pre  (pass)
[2026-08-17 19:14:11.998] probe_lib_inspect          cmd  (LIB_NATIVE=$(ls /usr/lib/x86_64-linux-gnu/libgmp.so* /usr/lib*/libgmp.so* 2>/dev/null \
        "$(brew --prefix gmp 2>/dev/null)/lib/libgmp.dylib" 2>/dev/null \
        | head -1)
test -n "$LIB_NATIVE" -a -e "$LIB_NATIVE"
nm -D "$LIB_NATIVE" 2>/dev/null \
  | python3 canary/scripts/inspect_native.py --emit-symbols --elf --path "$LIB_NATIVE" --prefixes '__gmpz_,__gmpq_,__gmpf_,__gmpn_,__gmp_' --watchlist '__gmpn_add_n,__gmpn_divexact,__gmpn_gcd,__gmpn_gcdext,__gmpn_get_str,__gmpn_hamdist,__gmpn_lshift,__gmpn_mul,__gmpn_mul_1,__gmpn_mul_n,__gmpn_perfect_square_p,__gmpn_popcount,__gmpn_rshift,__gmpn_scan1,__gmpn_set_str,__gmpn_sqr,__gmpn_sqrtrem,__gmpn_sub_n,__gmpn_tdiv_qr,__gmpz_2fac_ui,__gmpz_bin_ui,__gmpz_clear,__gmpz_congruent_p,__gmpz_divisible_p,__gmpz_fac_ui,__gmpz_fib_ui,__gmpz_init,__gmpz_invert,__gmpz_jacobi,__gmpz_lucnum_ui,__gmpz_mfac_uiui,__gmpz_nextprime,__gmpz_perfect_power_p,__gmpz_pow_ui,__gmpz_powm,__gmpz_powm_sec,__gmpz_primorial_ui,__gmpz_probab_prime_p,__gmpz_realloc2,__gmpz_remove,__gmpz_root,__gmpz_rootrem' \
  > /home/red/code/research/tola/_out/canary/projects/zarith/probe_lib/inspect_source-fetched-1.14_lib-fetched_ocaml_binding-fetched.json)
[2026-08-17 19:14:12.062] probe_lib_inspect          detect  (ok, output present)
[2026-08-17 19:14:12.062] probe_lib_inspect          check_post  (pass)
[2026-08-17 19:14:12.062] probe_lib_inspect          done
[2026-08-17 19:14:12.064] *                          graph_end  (7/7 completed)
[2026-08-17 19:14:12.065] *                          diagram  (_out/canary/projects/zarith/-run/diagrams/all.mmd)
[2026-08-17 19:14:12.065] *                          diagram  (_out/canary/projects/zarith/-run/diagrams/full.mmd)
[2026-08-17 19:14:12.065] *                          view  (source (1 steps))
[2026-08-17 19:14:12.065] *                          view  (lib (3 steps))
[2026-08-17 19:14:12.065] *                          view  (probes (4 steps))
[2026-08-17 19:14:12.065] *                          view  (binding_ocaml (3 steps))
[2026-08-17 19:14:12.067] *                          html  (_out/canary/projects/zarith/-run/result.html)
[2026-08-17 19:14:12.068] *                          index  (_out/canary/projects/index.html)
[2026-08-17 19:14:12.068] *                          invariant  (full.mmd: OK (7 nodes, 7 IDs))
[2026-08-17 19:14:12.068] *                          invariant  (binding_ocaml.mmd: OK (6 nodes, 7 IDs))
[2026-08-17 19:14:12.068] *                          invariant  (source.mmd: OK (5 nodes, 7 IDs))
[2026-08-17 19:14:12.068] *                          invariant  (lib.mmd: OK (6 nodes, 7 IDs))
[2026-08-17 19:14:12.068] *                          invariant  (all.mmd: OK (5 nodes, 7 IDs))
[2026-08-17 19:14:12.068] *                          invariant  (probes.mmd: OK (7 nodes, 7 IDs))
[2026-08-17 19:14:12.068] *                          invariant  (ALL OK)
[2026-08-17 19:14:12.104] *                          variant_start  (source-fetched-master_lib-fetched_ocaml_binding-built-dev)
[2026-08-17 19:14:12.104] *                          graph_start  (8 steps)
[2026-08-17 19:14:12.104] fetch_source               check_pre  (pass)
[2026-08-17 19:14:12.109] fetch_source               cmd  (if [ ! -d /home/red/code/contrib/zarith-all/zarith/.git ]; then git clone https://github.com/ocaml/Zarith.git /home/red/code/contrib/zarith-all/zarith; fi && \
git -C /home/red/code/contrib/zarith-all/zarith fetch -q origin master && \
if [ ! -d /home/red/code/contrib/zarith-all/zarith-master ]; then git -C /home/red/code/contrib/zarith-all/zarith worktree add -f /home/red/code/contrib/zarith-all/zarith-master master; fi && \
git -C /home/red/code/contrib/zarith-all/zarith-master checkout -q -f master && \
echo '/home/red/code/contrib/zarith-all/zarith-master' > /home/red/code/research/tola/_out/canary/projects/zarith/fetch_source/source_source-fetched-master_lib-fetched_ocaml_binding-built-dev.ok)
[2026-08-17 19:14:12.388] fetch_source               detect  (ok, output present)
[2026-08-17 19:14:12.395] fetch_source               check_post  (pass)
[2026-08-17 19:14:12.395] fetch_source               done
[2026-08-17 19:14:12.400] fetch_lib                  check_pre  (pass)
[2026-08-17 19:14:12.402] fetch_lib                  cmd  (sudo apt-get install -y libgmp-dev && echo 'installed' > /home/red/code/research/tola/_out/canary/projects/zarith/fetch_lib/lib_source-fetched-master_lib-fetched_ocaml_binding-built-dev.ok)
[2026-08-17 19:14:12.826] fetch_lib                  detect  (ok, output present)
[2026-08-17 19:14:12.826] fetch_lib                  check_post  (pass)
[2026-08-17 19:14:12.826] fetch_lib                  done
[2026-08-17 19:14:12.828] build_binding_ocaml        check_pre  (pass)
[2026-08-17 19:14:12.831] build_binding_ocaml        cmd  (eval $(opam env) && rm -rf /home/red/code/research/tola/_out/canary/projects/zarith/build_binding/ocaml/../../src_source-fetched-master_lib-fetched_ocaml_binding-built-dev && cp -r /home/red/code/contrib/zarith-all/zarith-master /home/red/code/research/tola/_out/canary/projects/zarith/build_binding/ocaml/../../src_source-fetched-master_lib-fetched_ocaml_binding-built-dev && cd /home/red/code/research/tola/_out/canary/projects/zarith/build_binding/ocaml/../../src_source-fetched-master_lib-fetched_ocaml_binding-built-dev && ./configure && make && cd "$OLDPWD" && STUB=$(ls /home/red/code/research/tola/_out/canary/projects/zarith/build_binding/ocaml/../../src_source-fetched-master_lib-fetched_ocaml_binding-built-dev/*.a 2>/dev/null | head -1)
test -n "$STUB"
python3 canary/scripts/inspect_binding.py --kind stub --path "$STUB" --prefix '__gmp' --watchlist '' > /home/red/code/research/tola/_out/canary/projects/zarith/build_binding/ocaml/inspect_source-fetched-master_lib-fetched_ocaml_binding-built-dev.json && mkdir -p /home/red/code/research/tola/_out/canary/projects/zarith/build_binding/ocaml/../../build_lib
LIB_NATIVE=$(ls /usr/lib/x86_64-linux-gnu/libgmp.so* /usr/lib*/libgmp.so* 2>/dev/null \
        "$(brew --prefix gmp 2>/dev/null)/lib/libgmp.dylib" 2>/dev/null \
        | head -1)
test -n "$LIB_NATIVE" -a -e "$LIB_NATIVE"
nm -D "$LIB_NATIVE" 2>/dev/null \
  | python3 canary/scripts/inspect_native.py --emit-symbols --elf --path "$LIB_NATIVE" --prefixes '__gmpz_,__gmpq_,__gmpf_,__gmpn_,__gmp_' --watchlist '' > /home/red/code/research/tola/_out/canary/projects/zarith/build_binding/ocaml/../../build_lib/inspect_source-fetched-master_lib-fetched_ocaml_binding-built-dev.json && echo 'ok' > /home/red/code/research/tola/_out/canary/projects/zarith/build_binding/ocaml/build_source-fetched-master_lib-fetched_ocaml_binding-built-dev.ok)
[2026-08-17 19:14:14.995] build_binding_ocaml        detect  (ok, output present)
[2026-08-17 19:14:14.995] build_binding_ocaml        check_post  (pass)
[2026-08-17 19:14:14.995] build_binding_ocaml        done
[2026-08-17 19:14:14.998] pack_binding_ocaml         check_pre  (pass)
[2026-08-17 19:14:15.000] pack_binding_ocaml         cmd  (eval $(opam env)
printf 'opam-version: "2.0"\n' > "$(pwd)/canary/templates/opam-local-repo/repo"
OPAMVAR_CANARY_ZARITH_SRC="/home/red/code/contrib/zarith-all/zarith-master" opam config subst canary/templates/opam-local-repo/packages/zarith/zarith-no-conf.dev/opam
opam repo remove canary-local 2>/dev/null || true
opam repo add canary-local "file://$(pwd)/canary/templates/opam-local-repo" --rank=1
opam update canary-local
opam remove -y zarith || true
opam install -y zarith-no-conf --verbose --keep-build-dir --assume-depexts \
  && echo 'ok' > /home/red/code/research/tola/_out/canary/projects/zarith/pack_binding/ocaml/pack_source-fetched-master_lib-fetched_ocaml_binding-built-dev.ok)
[2026-08-17 19:14:25.933] pack_binding_ocaml         detect  (ok, output present)
[2026-08-17 19:14:26.213] pack_binding_ocaml         check_post  (pass)
[2026-08-17 19:14:26.213] pack_binding_ocaml         done
[2026-08-17 19:14:26.215] probe_binding_ocaml        check_pre  (pass)
[2026-08-17 19:14:26.218] probe_binding_ocaml        cmd  (eval $(opam env) && export LD_LIBRARY_PATH=/home/red/code/research/tola/_out/canary/projects/zarith/probe_binding/ocaml/../../src_source-fetched-master_lib-fetched_ocaml_binding-built-dev: && ocamlfind ocamlopt -I /home/red/code/research/tola/_out/canary/projects/zarith/probe_binding/ocaml/../../src_source-fetched-master_lib-fetched_ocaml_binding-built-dev /home/red/code/research/tola/_out/canary/projects/zarith/probe_binding/ocaml/../../src_source-fetched-master_lib-fetched_ocaml_binding-built-dev/zarith.cmxa canary/examples/zarith/zarith_example.ml -o /home/red/code/research/tola/_out/canary/projects/zarith/probe_binding/ocaml/zarith_example > /home/red/code/research/tola/_out/canary/projects/zarith/probe_binding/ocaml/probe_source-fetched-master_lib-fetched_ocaml_binding-built-dev.log 2>&1 && /home/red/code/research/tola/_out/canary/projects/zarith/probe_binding/ocaml/zarith_example >> /home/red/code/research/tola/_out/canary/projects/zarith/probe_binding/ocaml/probe_source-fetched-master_lib-fetched_ocaml_binding-built-dev.log 2>&1 && cat /home/red/code/research/tola/_out/canary/projects/zarith/probe_binding/ocaml/probe_source-fetched-master_lib-fetched_ocaml_binding-built-dev.log)
[2026-08-17 19:14:26.353] probe_binding_ocaml        detect  (ok, output present)
[2026-08-17 19:14:26.353] probe_binding_ocaml        compat_predicted  (no contract fired)
[2026-08-17 19:14:26.354] probe_binding_ocaml        compat_note  (c1 cmp_symbol: consumer requires 42 of the provider's 620 symbols (e.g. __gmpn_add_n in use; __gmp_0 in the unused remainder) — POSSIBLY OUT-OF-DATE (a small consumer surface may be by design or lag))
[2026-08-17 19:14:26.354] probe_binding_ocaml        contract_skipped  (c3 cmp_behavior: disabled in registry (blocked))
[2026-08-17 19:14:26.354] probe_binding_ocaml        contract_skipped  (c7 api_sound_repack: disabled in registry (stubbed))
[2026-08-17 19:14:26.354] probe_binding_ocaml        contract_skipped  (c8 cmp_api_faithfulness: disabled in registry (stubbed))
[2026-08-17 19:14:26.354] probe_binding_ocaml        done  (no compat failure predicted; success expected)
[2026-08-17 19:14:26.356] probe_binding_ocaml_inspect  check_pre  (pass)
[2026-08-17 19:14:26.358] probe_binding_ocaml_inspect  cmd  (eval $(opam env)
PKG_DIR=$(ocamlfind query 'zarith' 2>/dev/null)
test -n "$PKG_DIR"
{ for f in "$PKG_DIR"/*.cmxa "$PKG_DIR"/*.cma; do
    [ -f "$f" ] && ocamlobjinfo "$f"
  done
} | python3 canary/scripts/inspect_ocaml.py --path 'zarith' --watchlist 'Z,Q,Big_int_Z,Zarith_version' \
  > /home/red/code/research/tola/_out/canary/projects/zarith/probe_binding/ocaml/inspect_source-fetched-master_lib-fetched_ocaml_binding-built-dev.json)
[2026-08-17 19:14:26.423] probe_binding_ocaml_inspect  detect  (ok, output present)
[2026-08-17 19:14:26.423] probe_binding_ocaml_inspect  check_post  (pass)
[2026-08-17 19:14:26.423] probe_binding_ocaml_inspect  done
[2026-08-17 19:14:26.426] probe_lib                  check_pre  (pass)
[2026-08-17 19:14:26.429] probe_lib                  cmd  (LIB_NATIVE=$(ls /usr/lib/x86_64-linux-gnu/libgmp.so* /usr/lib*/libgmp.so* 2>/dev/null \
        "$(brew --prefix gmp 2>/dev/null)/lib/libgmp.dylib" 2>/dev/null \
        | head -1)
test -n "$LIB_NATIVE" -a -e "$LIB_NATIVE"
COUNT=$(nm -D "$LIB_NATIVE" 2>/dev/null | grep -v ' U ' | grep -c '__gmp' || echo 0)
printf '__gmp symbols exported: %s\n' "$COUNT" | tee /home/red/code/research/tola/_out/canary/projects/zarith/probe_lib/probe_source-fetched-master_lib-fetched_ocaml_binding-built-dev.log
test "$COUNT" -gt 0)
[2026-08-17 19:14:26.490] probe_lib                  detect  (ok, output present)
[2026-08-17 19:14:26.490] probe_lib                  check_post  (pass)
[2026-08-17 19:14:26.490] probe_lib                  done
[2026-08-17 19:14:26.492] probe_lib_inspect          check_pre  (pass)
[2026-08-17 19:14:26.495] probe_lib_inspect          cmd  (LIB_NATIVE=$(ls /usr/lib/x86_64-linux-gnu/libgmp.so* /usr/lib*/libgmp.so* 2>/dev/null \
        "$(brew --prefix gmp 2>/dev/null)/lib/libgmp.dylib" 2>/dev/null \
        | head -1)
test -n "$LIB_NATIVE" -a -e "$LIB_NATIVE"
nm -D "$LIB_NATIVE" 2>/dev/null \
  | python3 canary/scripts/inspect_native.py --emit-symbols --elf --path "$LIB_NATIVE" --prefixes '__gmpz_,__gmpq_,__gmpf_,__gmpn_,__gmp_' --watchlist '__gmpn_add_n,__gmpn_divexact,__gmpn_gcd,__gmpn_gcdext,__gmpn_get_str,__gmpn_hamdist,__gmpn_lshift,__gmpn_mul,__gmpn_mul_1,__gmpn_mul_n,__gmpn_perfect_square_p,__gmpn_popcount,__gmpn_rshift,__gmpn_scan1,__gmpn_set_str,__gmpn_sqr,__gmpn_sqrtrem,__gmpn_sub_n,__gmpn_tdiv_qr,__gmpz_2fac_ui,__gmpz_bin_ui,__gmpz_clear,__gmpz_congruent_p,__gmpz_divisible_p,__gmpz_fac_ui,__gmpz_fib_ui,__gmpz_init,__gmpz_invert,__gmpz_jacobi,__gmpz_lucnum_ui,__gmpz_mfac_uiui,__gmpz_nextprime,__gmpz_perfect_power_p,__gmpz_pow_ui,__gmpz_powm,__gmpz_powm_sec,__gmpz_primorial_ui,__gmpz_probab_prime_p,__gmpz_realloc2,__gmpz_remove,__gmpz_root,__gmpz_rootrem' \
  > /home/red/code/research/tola/_out/canary/projects/zarith/probe_lib/inspect_source-fetched-master_lib-fetched_ocaml_binding-built-dev.json)
[2026-08-17 19:14:26.564] probe_lib_inspect          detect  (ok, output present)
[2026-08-17 19:14:26.565] probe_lib_inspect          check_post  (pass)
[2026-08-17 19:14:26.565] probe_lib_inspect          done
[2026-08-17 19:14:26.567] *                          graph_end  (8/8 completed)
[2026-08-17 19:14:26.567] *                          diagram  (_out/canary/projects/zarith/-run/diagrams/all.mmd)
[2026-08-17 19:14:26.567] *                          diagram  (_out/canary/projects/zarith/-run/diagrams/full.mmd)
[2026-08-17 19:14:26.567] *                          view  (source (1 steps))
[2026-08-17 19:14:26.568] *                          view  (lib (3 steps))
[2026-08-17 19:14:26.568] *                          view  (probes (4 steps))
[2026-08-17 19:14:26.568] *                          view  (binding_ocaml (4 steps))
[2026-08-17 19:14:26.569] *                          html  (_out/canary/projects/zarith/-run/result.html)
[2026-08-17 19:14:26.570] *                          index  (_out/canary/projects/index.html)
[2026-08-17 19:14:26.570] *                          invariant  (full.mmd: OK (8 nodes, 8 IDs))
[2026-08-17 19:14:26.570] *                          invariant  (binding_ocaml.mmd: OK (8 nodes, 8 IDs))
[2026-08-17 19:14:26.570] *                          invariant  (source.mmd: OK (6 nodes, 8 IDs))
[2026-08-17 19:14:26.570] *                          invariant  (lib.mmd: OK (7 nodes, 8 IDs))
[2026-08-17 19:14:26.570] *                          invariant  (all.mmd: OK (6 nodes, 8 IDs))
[2026-08-17 19:14:26.571] *                          invariant  (probes.mmd: OK (8 nodes, 8 IDs))
[2026-08-17 19:14:26.571] *                          invariant  (ALL OK)
[2026-08-17 19:14:26.608] *                          variant_start  (source-fetched-master_lib-fetched_ocaml_binding-fetched)
[2026-08-17 19:14:26.608] *                          graph_start  (7 steps)
[2026-08-17 19:14:26.608] fetch_source               check_pre  (pass)
[2026-08-17 19:14:26.612] fetch_source               cmd  (if [ ! -d /home/red/code/contrib/zarith-all/zarith/.git ]; then git clone https://github.com/ocaml/Zarith.git /home/red/code/contrib/zarith-all/zarith; fi && \
git -C /home/red/code/contrib/zarith-all/zarith fetch -q origin master && \
if [ ! -d /home/red/code/contrib/zarith-all/zarith-master ]; then git -C /home/red/code/contrib/zarith-all/zarith worktree add -f /home/red/code/contrib/zarith-all/zarith-master master; fi && \
git -C /home/red/code/contrib/zarith-all/zarith-master checkout -q -f master && \
echo '/home/red/code/contrib/zarith-all/zarith-master' > /home/red/code/research/tola/_out/canary/projects/zarith/fetch_source/source_source-fetched-master_lib-fetched_ocaml_binding-fetched.ok)
[2026-08-17 19:14:26.921] fetch_source               detect  (ok, output present)
[2026-08-17 19:14:26.928] fetch_source               check_post  (pass)
[2026-08-17 19:14:26.928] fetch_source               done
[2026-08-17 19:14:26.932] fetch_lib                  check_pre  (pass)
[2026-08-17 19:14:26.934] fetch_lib                  cmd  (sudo apt-get install -y libgmp-dev && echo 'installed' > /home/red/code/research/tola/_out/canary/projects/zarith/fetch_lib/lib_source-fetched-master_lib-fetched_ocaml_binding-fetched.ok)
[2026-08-17 19:14:27.345] fetch_lib                  detect  (ok, output present)
[2026-08-17 19:14:27.345] fetch_lib                  check_post  (pass)
[2026-08-17 19:14:27.345] fetch_lib                  done
[2026-08-17 19:14:27.347] fetch_binding_ocaml        check_pre  (pass)
[2026-08-17 19:14:27.349] fetch_binding_ocaml        cmd  (eval $(opam env) && opam install zarith -y --assume-depexts && eval $(opam env) && opam install -y ocamlfind && echo 'installed' > /home/red/code/research/tola/_out/canary/projects/zarith/fetch_binding/ocaml/binding_source-fetched-master_lib-fetched_ocaml_binding-fetched.ok)
[2026-08-17 19:14:34.865] fetch_binding_ocaml        detect  (ok, output present)
[2026-08-17 19:14:34.865] fetch_binding_ocaml        check_post  (pass)
[2026-08-17 19:14:34.865] fetch_binding_ocaml        done
[2026-08-17 19:14:34.867] probe_binding_ocaml        check_pre  (pass)
[2026-08-17 19:14:34.869] probe_binding_ocaml        cmd  (eval $(opam env)
INSTALLED=$(opam list zarith --installed --short --columns=version 2>/dev/null)
test "$INSTALLED" = "1.14" || eval $(opam env) && opam install zarith.1.14 -y --assume-depexts
eval $(opam env)
ocamlfind ocamlopt -package zarith -linkpkg canary/examples/zarith/zarith_example.ml -o /home/red/code/research/tola/_out/canary/projects/zarith/probe_binding/ocaml/zarith_example > /home/red/code/research/tola/_out/canary/projects/zarith/probe_binding/ocaml/probe_source-fetched-master_lib-fetched_ocaml_binding-fetched.log 2>&1 && /home/red/code/research/tola/_out/canary/projects/zarith/probe_binding/ocaml/zarith_example >> /home/red/code/research/tola/_out/canary/projects/zarith/probe_binding/ocaml/probe_source-fetched-master_lib-fetched_ocaml_binding-fetched.log 2>&1
RC=$?
cat /home/red/code/research/tola/_out/canary/projects/zarith/probe_binding/ocaml/probe_source-fetched-master_lib-fetched_ocaml_binding-fetched.log
exit $RC)
[2026-08-17 19:14:35.782] probe_binding_ocaml        detect  (ok, output present)
[2026-08-17 19:14:36.065] probe_binding_ocaml        check_post  (pass)
[2026-08-17 19:14:36.065] probe_binding_ocaml        done
[2026-08-17 19:14:36.067] probe_binding_ocaml_inspect  check_pre  (pass)
[2026-08-17 19:14:36.069] probe_binding_ocaml_inspect  cmd  (eval $(opam env)
PKG_DIR=$(ocamlfind query 'zarith' 2>/dev/null)
test -n "$PKG_DIR"
{ for f in "$PKG_DIR"/*.cmxa "$PKG_DIR"/*.cma; do
    [ -f "$f" ] && ocamlobjinfo "$f"
  done
} | python3 canary/scripts/inspect_ocaml.py --path 'zarith' --watchlist 'Z,Q,Big_int_Z,Zarith_version' \
  > /home/red/code/research/tola/_out/canary/projects/zarith/probe_binding/ocaml/inspect_source-fetched-master_lib-fetched_ocaml_binding-fetched.json)
[2026-08-17 19:14:36.124] probe_binding_ocaml_inspect  detect  (ok, output present)
[2026-08-17 19:14:36.124] probe_binding_ocaml_inspect  check_post  (pass)
[2026-08-17 19:14:36.124] probe_binding_ocaml_inspect  done
[2026-08-17 19:14:36.127] probe_lib                  check_pre  (pass)
[2026-08-17 19:14:36.129] probe_lib                  cmd  (LIB_NATIVE=$(ls /usr/lib/x86_64-linux-gnu/libgmp.so* /usr/lib*/libgmp.so* 2>/dev/null \
        "$(brew --prefix gmp 2>/dev/null)/lib/libgmp.dylib" 2>/dev/null \
        | head -1)
test -n "$LIB_NATIVE" -a -e "$LIB_NATIVE"
COUNT=$(nm -D "$LIB_NATIVE" 2>/dev/null | grep -v ' U ' | grep -c '__gmp' || echo 0)
printf '__gmp symbols exported: %s\n' "$COUNT" | tee /home/red/code/research/tola/_out/canary/projects/zarith/probe_lib/probe_source-fetched-master_lib-fetched_ocaml_binding-fetched.log
test "$COUNT" -gt 0)
[2026-08-17 19:14:36.179] probe_lib                  detect  (ok, output present)
[2026-08-17 19:14:36.179] probe_lib                  check_post  (pass)
[2026-08-17 19:14:36.179] probe_lib                  done
[2026-08-17 19:14:36.182] probe_lib_inspect          check_pre  (pass)
[2026-08-17 19:14:36.184] probe_lib_inspect          cmd  (LIB_NATIVE=$(ls /usr/lib/x86_64-linux-gnu/libgmp.so* /usr/lib*/libgmp.so* 2>/dev/null \
        "$(brew --prefix gmp 2>/dev/null)/lib/libgmp.dylib" 2>/dev/null \
        | head -1)
test -n "$LIB_NATIVE" -a -e "$LIB_NATIVE"
nm -D "$LIB_NATIVE" 2>/dev/null \
  | python3 canary/scripts/inspect_native.py --emit-symbols --elf --path "$LIB_NATIVE" --prefixes '__gmpz_,__gmpq_,__gmpf_,__gmpn_,__gmp_' --watchlist '__gmpn_add_n,__gmpn_divexact,__gmpn_gcd,__gmpn_gcdext,__gmpn_get_str,__gmpn_hamdist,__gmpn_lshift,__gmpn_mul,__gmpn_mul_1,__gmpn_mul_n,__gmpn_perfect_square_p,__gmpn_popcount,__gmpn_rshift,__gmpn_scan1,__gmpn_set_str,__gmpn_sqr,__gmpn_sqrtrem,__gmpn_sub_n,__gmpn_tdiv_qr,__gmpz_2fac_ui,__gmpz_bin_ui,__gmpz_clear,__gmpz_congruent_p,__gmpz_divisible_p,__gmpz_fac_ui,__gmpz_fib_ui,__gmpz_init,__gmpz_invert,__gmpz_jacobi,__gmpz_lucnum_ui,__gmpz_mfac_uiui,__gmpz_nextprime,__gmpz_perfect_power_p,__gmpz_pow_ui,__gmpz_powm,__gmpz_powm_sec,__gmpz_primorial_ui,__gmpz_probab_prime_p,__gmpz_realloc2,__gmpz_remove,__gmpz_root,__gmpz_rootrem' \
  > /home/red/code/research/tola/_out/canary/projects/zarith/probe_lib/inspect_source-fetched-master_lib-fetched_ocaml_binding-fetched.json)
[2026-08-17 19:14:36.243] probe_lib_inspect          detect  (ok, output present)
[2026-08-17 19:14:36.243] probe_lib_inspect          check_post  (pass)
[2026-08-17 19:14:36.243] probe_lib_inspect          done
[2026-08-17 19:14:36.245] *                          graph_end  (7/7 completed)
[2026-08-17 19:14:36.245] *                          diagram  (_out/canary/projects/zarith/-run/diagrams/all.mmd)
[2026-08-17 19:14:36.245] *                          diagram  (_out/canary/projects/zarith/-run/diagrams/full.mmd)
[2026-08-17 19:14:36.245] *                          view  (source (1 steps))
[2026-08-17 19:14:36.245] *                          view  (lib (3 steps))
[2026-08-17 19:14:36.246] *                          view  (probes (4 steps))
[2026-08-17 19:14:36.246] *                          view  (binding_ocaml (3 steps))
[2026-08-17 19:14:36.246] *                          html  (_out/canary/projects/zarith/-run/result.html)
[2026-08-17 19:14:36.247] *                          index  (_out/canary/projects/index.html)
[2026-08-17 19:14:36.247] *                          invariant  (full.mmd: OK (7 nodes, 7 IDs))
[2026-08-17 19:14:36.247] *                          invariant  (binding_ocaml.mmd: OK (6 nodes, 7 IDs))
[2026-08-17 19:14:36.247] *                          invariant  (source.mmd: OK (5 nodes, 7 IDs))
[2026-08-17 19:14:36.247] *                          invariant  (lib.mmd: OK (6 nodes, 7 IDs))
[2026-08-17 19:14:36.247] *                          invariant  (all.mmd: OK (5 nodes, 7 IDs))
[2026-08-17 19:14:36.247] *                          invariant  (probes.mmd: OK (7 nodes, 7 IDs))
[2026-08-17 19:14:36.247] *                          invariant  (ALL OK)
[2026-08-17 19:14:43.141] *                          variant_start  (source-fetched-1.14_lib-fetched_ocaml_binding-fetched)
[2026-08-17 19:14:43.141] *                          graph_start  (7 steps)
[2026-08-17 19:14:43.150] fetch_source               warm_gate  (marker + fingerprint + check_post passed)
[2026-08-17 19:14:43.151] fetch_source               skip  (verdict marker (prior success))
[2026-08-17 19:14:43.151] fetch_lib                  warm_gate  (marker + fingerprint + check_post passed)
[2026-08-17 19:14:43.151] fetch_lib                  skip  (verdict marker (prior success))
[2026-08-17 19:14:43.151] fetch_binding_ocaml        warm_gate  (marker + fingerprint + check_post passed)
[2026-08-17 19:14:43.151] fetch_binding_ocaml        skip  (verdict marker (prior success))
[2026-08-17 19:14:43.444] probe_binding_ocaml        warm_gate  (marker + fingerprint + check_post passed)
[2026-08-17 19:14:43.444] probe_binding_ocaml        skip  (verdict marker (prior success))
[2026-08-17 19:14:43.444] probe_binding_ocaml_inspect  warm_gate  (marker + fingerprint + check_post passed)
[2026-08-17 19:14:43.444] probe_binding_ocaml_inspect  skip  (verdict marker (prior success))
[2026-08-17 19:14:43.444] probe_lib                  warm_gate  (marker + fingerprint + check_post passed)
[2026-08-17 19:14:43.444] probe_lib                  skip  (verdict marker (prior success))
[2026-08-17 19:14:43.444] probe_lib_inspect          warm_gate  (marker + fingerprint + check_post passed)
[2026-08-17 19:14:43.444] probe_lib_inspect          skip  (verdict marker (prior success))
[2026-08-17 19:14:43.444] *                          graph_end  (7/7 completed)
[2026-08-17 19:14:43.444] *                          diagram  (_out/canary/projects/zarith/-run/diagrams/all.mmd)
[2026-08-17 19:14:43.444] *                          diagram  (_out/canary/projects/zarith/-run/diagrams/full.mmd)
[2026-08-17 19:14:43.444] *                          view  (source (1 steps))
[2026-08-17 19:14:43.444] *                          view  (lib (3 steps))
[2026-08-17 19:14:43.445] *                          view  (probes (4 steps))
[2026-08-17 19:14:43.445] *                          view  (binding_ocaml (3 steps))
[2026-08-17 19:14:43.446] *                          html  (_out/canary/projects/zarith/-run/result.html)
[2026-08-17 19:14:43.447] *                          index  (_out/canary/projects/index.html)
[2026-08-17 19:14:43.447] *                          invariant  (full.mmd: OK (7 nodes, 7 IDs))
[2026-08-17 19:14:43.447] *                          invariant  (binding_ocaml.mmd: OK (6 nodes, 7 IDs))
[2026-08-17 19:14:43.447] *                          invariant  (source.mmd: OK (5 nodes, 7 IDs))
[2026-08-17 19:14:43.448] *                          invariant  (lib.mmd: OK (6 nodes, 7 IDs))
[2026-08-17 19:14:43.448] *                          invariant  (all.mmd: OK (5 nodes, 7 IDs))
[2026-08-17 19:14:43.448] *                          invariant  (probes.mmd: OK (7 nodes, 7 IDs))
[2026-08-17 19:14:43.448] *                          invariant  (ALL OK)
[2026-08-17 19:14:43.483] *                          variant_start  (source-fetched-master_lib-fetched_ocaml_binding-built-dev)
[2026-08-17 19:14:43.483] *                          graph_start  (8 steps)
[2026-08-17 19:14:43.492] fetch_source               warm_gate  (marker + fingerprint + check_post passed)
[2026-08-17 19:14:43.492] fetch_source               skip  (verdict marker (prior success))
[2026-08-17 19:14:43.492] fetch_lib                  warm_gate  (marker + fingerprint + check_post passed)
[2026-08-17 19:14:43.492] fetch_lib                  skip  (verdict marker (prior success))
[2026-08-17 19:14:43.492] build_binding_ocaml        warm_gate  (marker + fingerprint + check_post passed)
[2026-08-17 19:14:43.492] build_binding_ocaml        skip  (verdict marker (prior success))
[2026-08-17 19:14:43.789] pack_binding_ocaml         warm_check_post  (FAIL — the postcondition no longer holds; re-running)
[2026-08-17 19:14:43.789] probe_binding_ocaml        warm_gate  (marker + fingerprint + check_post passed)
[2026-08-17 19:14:43.790] probe_binding_ocaml        skip  (verdict marker (prior success))
[2026-08-17 19:14:43.790] probe_binding_ocaml_inspect  warm_gate  (marker + fingerprint + check_post passed)
[2026-08-17 19:14:43.790] probe_binding_ocaml_inspect  skip  (verdict marker (prior success))
[2026-08-17 19:14:43.790] probe_lib                  warm_gate  (marker + fingerprint + check_post passed)
[2026-08-17 19:14:43.790] probe_lib                  skip  (verdict marker (prior success))
[2026-08-17 19:14:43.790] probe_lib_inspect          warm_gate  (marker + fingerprint + check_post passed)
[2026-08-17 19:14:43.790] probe_lib_inspect          skip  (verdict marker (prior success))
[2026-08-17 19:14:43.790] pack_binding_ocaml         check_pre  (pass)
[2026-08-17 19:14:43.792] pack_binding_ocaml         cmd  (eval $(opam env)
printf 'opam-version: "2.0"\n' > "$(pwd)/canary/templates/opam-local-repo/repo"
OPAMVAR_CANARY_ZARITH_SRC="/home/red/code/contrib/zarith-all/zarith-master" opam config subst canary/templates/opam-local-repo/packages/zarith/zarith-no-conf.dev/opam
opam repo remove canary-local 2>/dev/null || true
opam repo add canary-local "file://$(pwd)/canary/templates/opam-local-repo" --rank=1
opam update canary-local
opam remove -y zarith || true
opam install -y zarith-no-conf --verbose --keep-build-dir --assume-depexts \
  && echo 'ok' > /home/red/code/research/tola/_out/canary/projects/zarith/pack_binding/ocaml/pack_source-fetched-master_lib-fetched_ocaml_binding-built-dev.ok)
[2026-08-17 19:14:55.631] pack_binding_ocaml         detect  (ok, output present)
[2026-08-17 19:14:55.938] pack_binding_ocaml         check_post  (pass)
[2026-08-17 19:14:55.938] pack_binding_ocaml         done
[2026-08-17 19:14:55.940] *                          graph_end  (8/8 completed)
[2026-08-17 19:14:55.941] *                          diagram  (_out/canary/projects/zarith/-run/diagrams/all.mmd)
[2026-08-17 19:14:55.941] *                          diagram  (_out/canary/projects/zarith/-run/diagrams/full.mmd)
[2026-08-17 19:14:55.941] *                          view  (source (1 steps))
[2026-08-17 19:14:55.941] *                          view  (lib (3 steps))
[2026-08-17 19:14:55.941] *                          view  (probes (4 steps))
[2026-08-17 19:14:55.941] *                          view  (binding_ocaml (4 steps))
[2026-08-17 19:14:55.942] *                          html  (_out/canary/projects/zarith/-run/result.html)
[2026-08-17 19:14:55.943] *                          index  (_out/canary/projects/index.html)
[2026-08-17 19:14:55.943] *                          invariant  (full.mmd: OK (8 nodes, 8 IDs))
[2026-08-17 19:14:55.943] *                          invariant  (binding_ocaml.mmd: OK (8 nodes, 8 IDs))
[2026-08-17 19:14:55.943] *                          invariant  (source.mmd: OK (6 nodes, 8 IDs))
[2026-08-17 19:14:55.943] *                          invariant  (lib.mmd: OK (7 nodes, 8 IDs))
[2026-08-17 19:14:55.943] *                          invariant  (all.mmd: OK (6 nodes, 8 IDs))
[2026-08-17 19:14:55.943] *                          invariant  (probes.mmd: OK (8 nodes, 8 IDs))
[2026-08-17 19:14:55.943] *                          invariant  (ALL OK)
[2026-08-17 19:14:55.980] *                          variant_start  (source-fetched-master_lib-fetched_ocaml_binding-fetched)
[2026-08-17 19:14:55.980] *                          graph_start  (7 steps)
[2026-08-17 19:14:55.989] fetch_source               warm_gate  (marker + fingerprint + check_post passed)
[2026-08-17 19:14:55.989] fetch_source               skip  (verdict marker (prior success))
[2026-08-17 19:14:55.989] fetch_lib                  warm_gate  (marker + fingerprint + check_post passed)
[2026-08-17 19:14:55.989] fetch_lib                  skip  (verdict marker (prior success))
[2026-08-17 19:14:55.989] fetch_binding_ocaml        warm_gate  (marker + fingerprint + check_post passed)
[2026-08-17 19:14:55.989] fetch_binding_ocaml        skip  (verdict marker (prior success))
[2026-08-17 19:14:56.308] probe_binding_ocaml        warm_check_post  (FAIL — the postcondition no longer holds; re-running)
[2026-08-17 19:14:56.308] probe_binding_ocaml_inspect  warm_gate  (marker + fingerprint + check_post passed)
[2026-08-17 19:14:56.308] probe_binding_ocaml_inspect  skip  (verdict marker (prior success))
[2026-08-17 19:14:56.308] probe_lib                  warm_gate  (marker + fingerprint + check_post passed)
[2026-08-17 19:14:56.308] probe_lib                  skip  (verdict marker (prior success))
[2026-08-17 19:14:56.309] probe_lib_inspect          warm_gate  (marker + fingerprint + check_post passed)
[2026-08-17 19:14:56.309] probe_lib_inspect          skip  (verdict marker (prior success))
[2026-08-17 19:14:56.309] probe_binding_ocaml        check_pre  (pass)
[2026-08-17 19:14:56.311] probe_binding_ocaml        cmd  (eval $(opam env)
INSTALLED=$(opam list zarith --installed --short --columns=version 2>/dev/null)
test "$INSTALLED" = "1.14" || eval $(opam env) && opam install zarith.1.14 -y --assume-depexts
eval $(opam env)
ocamlfind ocamlopt -package zarith -linkpkg canary/examples/zarith/zarith_example.ml -o /home/red/code/research/tola/_out/canary/projects/zarith/probe_binding/ocaml/zarith_example > /home/red/code/research/tola/_out/canary/projects/zarith/probe_binding/ocaml/probe_source-fetched-master_lib-fetched_ocaml_binding-fetched.log 2>&1 && /home/red/code/research/tola/_out/canary/projects/zarith/probe_binding/ocaml/zarith_example >> /home/red/code/research/tola/_out/canary/projects/zarith/probe_binding/ocaml/probe_source-fetched-master_lib-fetched_ocaml_binding-fetched.log 2>&1
RC=$?
cat /home/red/code/research/tola/_out/canary/projects/zarith/probe_binding/ocaml/probe_source-fetched-master_lib-fetched_ocaml_binding-fetched.log
exit $RC)
[2026-08-17 19:15:03.702] probe_binding_ocaml        detect  (ok, output present)
[2026-08-17 19:15:04.008] probe_binding_ocaml        check_post  (pass)
[2026-08-17 19:15:04.008] probe_binding_ocaml        done
[2026-08-17 19:15:04.010] *                          graph_end  (7/7 completed)
[2026-08-17 19:15:04.011] *                          diagram  (_out/canary/projects/zarith/-run/diagrams/all.mmd)
[2026-08-17 19:15:04.011] *                          diagram  (_out/canary/projects/zarith/-run/diagrams/full.mmd)
[2026-08-17 19:15:04.011] *                          view  (source (1 steps))
[2026-08-17 19:15:04.011] *                          view  (lib (3 steps))
[2026-08-17 19:15:04.011] *                          view  (probes (4 steps))
[2026-08-17 19:15:04.011] *                          view  (binding_ocaml (3 steps))
[2026-08-17 19:15:04.012] *                          html  (_out/canary/projects/zarith/-run/result.html)
[2026-08-17 19:15:04.013] *                          index  (_out/canary/projects/index.html)
[2026-08-17 19:15:04.013] *                          invariant  (full.mmd: OK (7 nodes, 7 IDs))
[2026-08-17 19:15:04.013] *                          invariant  (binding_ocaml.mmd: OK (6 nodes, 7 IDs))
[2026-08-17 19:15:04.013] *                          invariant  (source.mmd: OK (5 nodes, 7 IDs))
[2026-08-17 19:15:04.013] *                          invariant  (lib.mmd: OK (6 nodes, 7 IDs))
[2026-08-17 19:15:04.013] *                          invariant  (all.mmd: OK (5 nodes, 7 IDs))
[2026-08-17 19:15:04.013] *                          invariant  (probes.mmd: OK (7 nodes, 7 IDs))
[2026-08-17 19:15:04.013] *                          invariant  (ALL OK)
[2026-08-17 19:15:19.976] *                          variant_start  (source-fetched-1.14_lib-fetched_ocaml_binding-fetched)
[2026-08-17 19:15:19.976] *                          graph_start  (7 steps)
[2026-08-17 19:15:19.985] fetch_source               warm_gate  (marker + fingerprint + check_post passed)
[2026-08-17 19:15:19.985] fetch_source               skip  (verdict marker (prior success))
[2026-08-17 19:15:19.985] fetch_lib                  warm_gate  (marker + fingerprint + check_post passed)
[2026-08-17 19:15:19.985] fetch_lib                  skip  (verdict marker (prior success))
[2026-08-17 19:15:19.985] fetch_binding_ocaml        warm_gate  (marker + fingerprint + check_post passed)
[2026-08-17 19:15:19.985] fetch_binding_ocaml        skip  (verdict marker (prior success))
[2026-08-17 19:15:20.284] probe_binding_ocaml        warm_gate  (marker + fingerprint + check_post passed)
[2026-08-17 19:15:20.284] probe_binding_ocaml        skip  (verdict marker (prior success))
[2026-08-17 19:15:20.284] probe_binding_ocaml_inspect  warm_gate  (marker + fingerprint + check_post passed)
[2026-08-17 19:15:20.284] probe_binding_ocaml_inspect  skip  (verdict marker (prior success))
[2026-08-17 19:15:20.284] probe_lib                  marker_stale  (spec changed since the marker — re-running)
[2026-08-17 19:15:20.285] probe_lib_inspect          warm_gate  (marker + fingerprint + check_post passed)
[2026-08-17 19:15:20.285] probe_lib_inspect          skip  (verdict marker (prior success))
[2026-08-17 19:15:20.285] probe_lib                  check_pre  (pass)
[2026-08-17 19:15:20.287] probe_lib                  cmd  (LIB_NATIVE=$(ls /usr/lib/x86_64-linux-gnu/libgmp.so* /usr/lib*/libgmp.so* 2>/dev/null \
        "$(brew --prefix gmp 2>/dev/null)/lib/libgmp.dylib" 2>/dev/null \
        | head -1)
test -n "$LIB_NATIVE" -a -e "$LIB_NATIVE"
COUNT=$(nm -D "$LIB_NATIVE" 2>/dev/null | grep -v ' U ' | grep -c '__gmp_' || echo 0)
printf '__gmp_ symbols exported: %s\n' "$COUNT" | tee /home/red/code/research/tola/_out/canary/projects/zarith/probe_lib/probe_source-fetched-1.14_lib-fetched_ocaml_binding-fetched.log
test "$COUNT" -gt 0)
[2026-08-17 19:15:20.350] probe_lib                  detect  (ok, output present)
[2026-08-17 19:15:20.350] probe_lib                  check_post  (pass)
[2026-08-17 19:15:20.350] probe_lib                  done
[2026-08-17 19:15:20.352] *                          graph_end  (7/7 completed)
[2026-08-17 19:15:20.353] *                          diagram  (_out/canary/projects/zarith/-run/diagrams/all.mmd)
[2026-08-17 19:15:20.353] *                          diagram  (_out/canary/projects/zarith/-run/diagrams/full.mmd)
[2026-08-17 19:15:20.353] *                          view  (source (1 steps))
[2026-08-17 19:15:20.353] *                          view  (lib (3 steps))
[2026-08-17 19:15:20.353] *                          view  (probes (4 steps))
[2026-08-17 19:15:20.353] *                          view  (binding_ocaml (3 steps))
[2026-08-17 19:15:20.356] *                          html  (_out/canary/projects/zarith/-run/result.html)
[2026-08-17 19:15:20.357] *                          index  (_out/canary/projects/index.html)
[2026-08-17 19:15:20.357] *                          invariant  (full.mmd: OK (7 nodes, 7 IDs))
[2026-08-17 19:15:20.357] *                          invariant  (binding_ocaml.mmd: OK (6 nodes, 7 IDs))
[2026-08-17 19:15:20.357] *                          invariant  (source.mmd: OK (5 nodes, 7 IDs))
[2026-08-17 19:15:20.358] *                          invariant  (lib.mmd: OK (6 nodes, 7 IDs))
[2026-08-17 19:15:20.358] *                          invariant  (all.mmd: OK (5 nodes, 7 IDs))
[2026-08-17 19:15:20.358] *                          invariant  (probes.mmd: OK (7 nodes, 7 IDs))
[2026-08-17 19:15:20.358] *                          invariant  (ALL OK)
[2026-08-17 19:15:20.402] *                          variant_start  (source-fetched-master_lib-fetched_ocaml_binding-built-dev)
[2026-08-17 19:15:20.402] *                          graph_start  (8 steps)
[2026-08-17 19:15:20.411] fetch_source               warm_gate  (marker + fingerprint + check_post passed)
[2026-08-17 19:15:20.411] fetch_source               skip  (verdict marker (prior success))
[2026-08-17 19:15:20.411] fetch_lib                  warm_gate  (marker + fingerprint + check_post passed)
[2026-08-17 19:15:20.411] fetch_lib                  skip  (verdict marker (prior success))
[2026-08-17 19:15:20.411] build_binding_ocaml        marker_stale  (spec changed since the marker — re-running)
[2026-08-17 19:15:20.708] pack_binding_ocaml         warm_check_post  (FAIL — the postcondition no longer holds; re-running)
[2026-08-17 19:15:20.708] probe_binding_ocaml        warm_gate  (marker + fingerprint + check_post passed)
[2026-08-17 19:15:20.708] probe_binding_ocaml        skip  (verdict marker (prior success))
[2026-08-17 19:15:20.709] probe_binding_ocaml_inspect  warm_gate  (marker + fingerprint + check_post passed)
[2026-08-17 19:15:20.709] probe_binding_ocaml_inspect  skip  (verdict marker (prior success))
[2026-08-17 19:15:20.709] probe_lib                  marker_stale  (spec changed since the marker — re-running)
[2026-08-17 19:15:20.709] probe_lib_inspect          warm_gate  (marker + fingerprint + check_post passed)
[2026-08-17 19:15:20.709] probe_lib_inspect          skip  (verdict marker (prior success))
[2026-08-17 19:15:20.709] build_binding_ocaml        check_pre  (pass)
[2026-08-17 19:15:20.711] build_binding_ocaml        cmd  (eval $(opam env) && rm -rf /home/red/code/research/tola/_out/canary/projects/zarith/build_binding/ocaml/../../src_source-fetched-master_lib-fetched_ocaml_binding-built-dev && cp -r /home/red/code/contrib/zarith-all/zarith-master /home/red/code/research/tola/_out/canary/projects/zarith/build_binding/ocaml/../../src_source-fetched-master_lib-fetched_ocaml_binding-built-dev && cd /home/red/code/research/tola/_out/canary/projects/zarith/build_binding/ocaml/../../src_source-fetched-master_lib-fetched_ocaml_binding-built-dev && ./configure && make && cd "$OLDPWD" && STUB=$(ls /home/red/code/research/tola/_out/canary/projects/zarith/build_binding/ocaml/../../src_source-fetched-master_lib-fetched_ocaml_binding-built-dev/*.a 2>/dev/null | head -1)
test -n "$STUB"
python3 canary/scripts/inspect_binding.py --kind stub --path "$STUB" --prefix '__gmp_' --watchlist '' > /home/red/code/research/tola/_out/canary/projects/zarith/build_binding/ocaml/inspect_source-fetched-master_lib-fetched_ocaml_binding-built-dev.json && mkdir -p /home/red/code/research/tola/_out/canary/projects/zarith/build_binding/ocaml/../../build_lib
LIB_NATIVE=$(ls /usr/lib/x86_64-linux-gnu/libgmp.so* /usr/lib*/libgmp.so* 2>/dev/null \
        "$(brew --prefix gmp 2>/dev/null)/lib/libgmp.dylib" 2>/dev/null \
        | head -1)
test -n "$LIB_NATIVE" -a -e "$LIB_NATIVE"
nm -D "$LIB_NATIVE" 2>/dev/null \
  | python3 canary/scripts/inspect_native.py --emit-symbols --elf --path "$LIB_NATIVE" --prefixes '__gmpz_,__gmpq_,__gmpf_,__gmpn_,__gmp_' --watchlist '' > /home/red/code/research/tola/_out/canary/projects/zarith/build_binding/ocaml/../../build_lib/inspect_source-fetched-master_lib-fetched_ocaml_binding-built-dev.json && echo 'ok' > /home/red/code/research/tola/_out/canary/projects/zarith/build_binding/ocaml/build_source-fetched-master_lib-fetched_ocaml_binding-built-dev.ok)
[2026-08-17 19:15:22.970] build_binding_ocaml        detect  (ok, output present)
[2026-08-17 19:15:22.970] build_binding_ocaml        check_post  (pass)
[2026-08-17 19:15:22.970] build_binding_ocaml        done
[2026-08-17 19:15:22.972] pack_binding_ocaml         check_pre  (pass)
[2026-08-17 19:15:22.974] pack_binding_ocaml         cmd  (eval $(opam env)
printf 'opam-version: "2.0"\n' > "$(pwd)/canary/templates/opam-local-repo/repo"
OPAMVAR_CANARY_ZARITH_SRC="/home/red/code/contrib/zarith-all/zarith-master" opam config subst canary/templates/opam-local-repo/packages/zarith/zarith-no-conf.dev/opam
opam repo remove canary-local 2>/dev/null || true
opam repo add canary-local "file://$(pwd)/canary/templates/opam-local-repo" --rank=1
opam update canary-local
opam remove -y zarith || true
opam install -y zarith-no-conf --verbose --keep-build-dir --assume-depexts \
  && echo 'ok' > /home/red/code/research/tola/_out/canary/projects/zarith/pack_binding/ocaml/pack_source-fetched-master_lib-fetched_ocaml_binding-built-dev.ok)
[2026-08-17 19:15:34.025] pack_binding_ocaml         detect  (ok, output present)
[2026-08-17 19:15:34.309] pack_binding_ocaml         check_post  (pass)
[2026-08-17 19:15:34.309] pack_binding_ocaml         done
[2026-08-17 19:15:34.311] probe_lib                  check_pre  (pass)
[2026-08-17 19:15:34.313] probe_lib                  cmd  (LIB_NATIVE=$(ls /usr/lib/x86_64-linux-gnu/libgmp.so* /usr/lib*/libgmp.so* 2>/dev/null \
        "$(brew --prefix gmp 2>/dev/null)/lib/libgmp.dylib" 2>/dev/null \
        | head -1)
test -n "$LIB_NATIVE" -a -e "$LIB_NATIVE"
COUNT=$(nm -D "$LIB_NATIVE" 2>/dev/null | grep -v ' U ' | grep -c '__gmp_' || echo 0)
printf '__gmp_ symbols exported: %s\n' "$COUNT" | tee /home/red/code/research/tola/_out/canary/projects/zarith/probe_lib/probe_source-fetched-master_lib-fetched_ocaml_binding-built-dev.log
test "$COUNT" -gt 0)
[2026-08-17 19:15:34.365] probe_lib                  detect  (ok, output present)
[2026-08-17 19:15:34.366] probe_lib                  check_post  (pass)
[2026-08-17 19:15:34.366] probe_lib                  done
[2026-08-17 19:15:34.368] *                          graph_end  (8/8 completed)
[2026-08-17 19:15:34.368] *                          diagram  (_out/canary/projects/zarith/-run/diagrams/all.mmd)
[2026-08-17 19:15:34.368] *                          diagram  (_out/canary/projects/zarith/-run/diagrams/full.mmd)
[2026-08-17 19:15:34.368] *                          view  (source (1 steps))
[2026-08-17 19:15:34.368] *                          view  (lib (3 steps))
[2026-08-17 19:15:34.369] *                          view  (probes (4 steps))
[2026-08-17 19:15:34.369] *                          view  (binding_ocaml (4 steps))
[2026-08-17 19:15:34.369] *                          html  (_out/canary/projects/zarith/-run/result.html)
[2026-08-17 19:15:34.370] *                          index  (_out/canary/projects/index.html)
[2026-08-17 19:15:34.370] *                          invariant  (full.mmd: OK (8 nodes, 8 IDs))
[2026-08-17 19:15:34.370] *                          invariant  (binding_ocaml.mmd: OK (8 nodes, 8 IDs))
[2026-08-17 19:15:34.370] *                          invariant  (source.mmd: OK (6 nodes, 8 IDs))
[2026-08-17 19:15:34.370] *                          invariant  (lib.mmd: OK (7 nodes, 8 IDs))
[2026-08-17 19:15:34.370] *                          invariant  (all.mmd: OK (6 nodes, 8 IDs))
[2026-08-17 19:15:34.371] *                          invariant  (probes.mmd: OK (8 nodes, 8 IDs))
[2026-08-17 19:15:34.371] *                          invariant  (ALL OK)
[2026-08-17 19:15:34.408] *                          variant_start  (source-fetched-master_lib-fetched_ocaml_binding-fetched)
[2026-08-17 19:15:34.408] *                          graph_start  (7 steps)
[2026-08-17 19:15:34.417] fetch_source               warm_gate  (marker + fingerprint + check_post passed)
[2026-08-17 19:15:34.418] fetch_source               skip  (verdict marker (prior success))
[2026-08-17 19:15:34.418] fetch_lib                  warm_gate  (marker + fingerprint + check_post passed)
[2026-08-17 19:15:34.418] fetch_lib                  skip  (verdict marker (prior success))
[2026-08-17 19:15:34.418] fetch_binding_ocaml        warm_gate  (marker + fingerprint + check_post passed)
[2026-08-17 19:15:34.418] fetch_binding_ocaml        skip  (verdict marker (prior success))
[2026-08-17 19:15:34.711] probe_binding_ocaml        warm_check_post  (FAIL — the postcondition no longer holds; re-running)
[2026-08-17 19:15:34.711] probe_binding_ocaml_inspect  warm_gate  (marker + fingerprint + check_post passed)
[2026-08-17 19:15:34.711] probe_binding_ocaml_inspect  skip  (verdict marker (prior success))
[2026-08-17 19:15:34.711] probe_lib                  marker_stale  (spec changed since the marker — re-running)
[2026-08-17 19:15:34.711] probe_lib_inspect          warm_gate  (marker + fingerprint + check_post passed)
[2026-08-17 19:15:34.711] probe_lib_inspect          skip  (verdict marker (prior success))
[2026-08-17 19:15:34.711] probe_binding_ocaml        check_pre  (pass)
[2026-08-17 19:15:34.713] probe_binding_ocaml        cmd  (eval $(opam env)
INSTALLED=$(opam list zarith --installed --short --columns=version 2>/dev/null)
test "$INSTALLED" = "1.14" || eval $(opam env) && opam install zarith.1.14 -y --assume-depexts
eval $(opam env)
ocamlfind ocamlopt -package zarith -linkpkg canary/examples/zarith/zarith_example.ml -o /home/red/code/research/tola/_out/canary/projects/zarith/probe_binding/ocaml/zarith_example > /home/red/code/research/tola/_out/canary/projects/zarith/probe_binding/ocaml/probe_source-fetched-master_lib-fetched_ocaml_binding-fetched.log 2>&1 && /home/red/code/research/tola/_out/canary/projects/zarith/probe_binding/ocaml/zarith_example >> /home/red/code/research/tola/_out/canary/projects/zarith/probe_binding/ocaml/probe_source-fetched-master_lib-fetched_ocaml_binding-fetched.log 2>&1
RC=$?
cat /home/red/code/research/tola/_out/canary/projects/zarith/probe_binding/ocaml/probe_source-fetched-master_lib-fetched_ocaml_binding-fetched.log
exit $RC)
[2026-08-17 19:15:42.509] probe_binding_ocaml        detect  (ok, output present)
[2026-08-17 19:15:42.831] probe_binding_ocaml        check_post  (pass)
[2026-08-17 19:15:42.831] probe_binding_ocaml        done
[2026-08-17 19:15:42.833] probe_lib                  check_pre  (pass)
[2026-08-17 19:15:42.835] probe_lib                  cmd  (LIB_NATIVE=$(ls /usr/lib/x86_64-linux-gnu/libgmp.so* /usr/lib*/libgmp.so* 2>/dev/null \
        "$(brew --prefix gmp 2>/dev/null)/lib/libgmp.dylib" 2>/dev/null \
        | head -1)
test -n "$LIB_NATIVE" -a -e "$LIB_NATIVE"
COUNT=$(nm -D "$LIB_NATIVE" 2>/dev/null | grep -v ' U ' | grep -c '__gmp_' || echo 0)
printf '__gmp_ symbols exported: %s\n' "$COUNT" | tee /home/red/code/research/tola/_out/canary/projects/zarith/probe_lib/probe_source-fetched-master_lib-fetched_ocaml_binding-fetched.log
test "$COUNT" -gt 0)
[2026-08-17 19:15:42.890] probe_lib                  detect  (ok, output present)
[2026-08-17 19:15:42.890] probe_lib                  check_post  (pass)
[2026-08-17 19:15:42.890] probe_lib                  done
[2026-08-17 19:15:42.892] *                          graph_end  (7/7 completed)
[2026-08-17 19:15:42.892] *                          diagram  (_out/canary/projects/zarith/-run/diagrams/all.mmd)
[2026-08-17 19:15:42.893] *                          diagram  (_out/canary/projects/zarith/-run/diagrams/full.mmd)
[2026-08-17 19:15:42.893] *                          view  (source (1 steps))
[2026-08-17 19:15:42.893] *                          view  (lib (3 steps))
[2026-08-17 19:15:42.893] *                          view  (probes (4 steps))
[2026-08-17 19:15:42.893] *                          view  (binding_ocaml (3 steps))
[2026-08-17 19:15:42.893] *                          html  (_out/canary/projects/zarith/-run/result.html)
[2026-08-17 19:15:42.895] *                          index  (_out/canary/projects/index.html)
[2026-08-17 19:15:42.895] *                          invariant  (full.mmd: OK (7 nodes, 7 IDs))
[2026-08-17 19:15:42.896] *                          invariant  (binding_ocaml.mmd: OK (6 nodes, 7 IDs))
[2026-08-17 19:15:42.896] *                          invariant  (source.mmd: OK (5 nodes, 7 IDs))
[2026-08-17 19:15:42.896] *                          invariant  (lib.mmd: OK (6 nodes, 7 IDs))
[2026-08-17 19:15:42.896] *                          invariant  (all.mmd: OK (5 nodes, 7 IDs))
[2026-08-17 19:15:42.896] *                          invariant  (probes.mmd: OK (7 nodes, 7 IDs))
[2026-08-17 19:15:42.896] *                          invariant  (ALL OK)
[2026-08-17 19:15:57.538] *                          variant_start  (source-fetched-1.14_lib-fetched_ocaml_binding-fetched)
[2026-08-17 19:15:57.538] *                          graph_start  (7 steps)
[2026-08-17 19:15:57.548] fetch_source               warm_gate  (marker + fingerprint + check_post passed)
[2026-08-17 19:15:57.548] fetch_source               skip  (verdict marker (prior success))
[2026-08-17 19:15:57.548] fetch_lib                  warm_gate  (marker + fingerprint + check_post passed)
[2026-08-17 19:15:57.548] fetch_lib                  skip  (verdict marker (prior success))
[2026-08-17 19:15:57.548] fetch_binding_ocaml        warm_gate  (marker + fingerprint + check_post passed)
[2026-08-17 19:15:57.548] fetch_binding_ocaml        skip  (verdict marker (prior success))
[2026-08-17 19:15:57.920] probe_binding_ocaml        warm_gate  (marker + fingerprint + check_post passed)
[2026-08-17 19:15:57.920] probe_binding_ocaml        skip  (verdict marker (prior success))
[2026-08-17 19:15:57.920] probe_binding_ocaml_inspect  warm_gate  (marker + fingerprint + check_post passed)
[2026-08-17 19:15:57.920] probe_binding_ocaml_inspect  skip  (verdict marker (prior success))
[2026-08-17 19:15:57.920] probe_lib                  marker_stale  (spec changed since the marker — re-running)
[2026-08-17 19:15:57.920] probe_lib_inspect          warm_gate  (marker + fingerprint + check_post passed)
[2026-08-17 19:15:57.920] probe_lib_inspect          skip  (verdict marker (prior success))
[2026-08-17 19:15:57.920] probe_lib                  check_pre  (pass)
[2026-08-17 19:15:57.923] probe_lib                  cmd  (LIB_NATIVE=$(ls /usr/lib/x86_64-linux-gnu/libgmp.so* /usr/lib*/libgmp.so* 2>/dev/null \
        "$(brew --prefix gmp 2>/dev/null)/lib/libgmp.dylib" 2>/dev/null \
        | head -1)
test -n "$LIB_NATIVE" -a -e "$LIB_NATIVE"
COUNT=$(nm -D "$LIB_NATIVE" 2>/dev/null | grep -v ' U ' | grep -c '__gmp' || echo 0)
printf '__gmp symbols exported: %s\n' "$COUNT" | tee /home/red/code/research/tola/_out/canary/projects/zarith/probe_lib/probe_source-fetched-1.14_lib-fetched_ocaml_binding-fetched.log
test "$COUNT" -gt 0)
[2026-08-17 19:15:57.987] probe_lib                  detect  (ok, output present)
[2026-08-17 19:15:57.987] probe_lib                  check_post  (pass)
[2026-08-17 19:15:57.987] probe_lib                  done
[2026-08-17 19:15:57.989] *                          graph_end  (7/7 completed)
[2026-08-17 19:15:57.989] *                          diagram  (_out/canary/projects/zarith/-run/diagrams/all.mmd)
[2026-08-17 19:15:57.990] *                          diagram  (_out/canary/projects/zarith/-run/diagrams/full.mmd)
[2026-08-17 19:15:57.990] *                          view  (source (1 steps))
[2026-08-17 19:15:57.990] *                          view  (lib (3 steps))
[2026-08-17 19:15:57.990] *                          view  (probes (4 steps))
[2026-08-17 19:15:57.990] *                          view  (binding_ocaml (3 steps))
[2026-08-17 19:15:57.992] *                          html  (_out/canary/projects/zarith/-run/result.html)
[2026-08-17 19:15:57.993] *                          index  (_out/canary/projects/index.html)
[2026-08-17 19:15:57.993] *                          invariant  (full.mmd: OK (7 nodes, 7 IDs))
[2026-08-17 19:15:57.993] *                          invariant  (binding_ocaml.mmd: OK (6 nodes, 7 IDs))
[2026-08-17 19:15:57.993] *                          invariant  (source.mmd: OK (5 nodes, 7 IDs))
[2026-08-17 19:15:57.993] *                          invariant  (lib.mmd: OK (6 nodes, 7 IDs))
[2026-08-17 19:15:57.993] *                          invariant  (all.mmd: OK (5 nodes, 7 IDs))
[2026-08-17 19:15:57.993] *                          invariant  (probes.mmd: OK (7 nodes, 7 IDs))
[2026-08-17 19:15:57.993] *                          invariant  (ALL OK)
[2026-08-17 19:15:58.037] *                          variant_start  (source-fetched-master_lib-fetched_ocaml_binding-built-dev)
[2026-08-17 19:15:58.037] *                          graph_start  (8 steps)
[2026-08-17 19:15:58.049] fetch_source               warm_gate  (marker + fingerprint + check_post passed)
[2026-08-17 19:15:58.049] fetch_source               skip  (verdict marker (prior success))
[2026-08-17 19:15:58.049] fetch_lib                  warm_gate  (marker + fingerprint + check_post passed)
[2026-08-17 19:15:58.049] fetch_lib                  skip  (verdict marker (prior success))
[2026-08-17 19:15:58.049] build_binding_ocaml        marker_stale  (spec changed since the marker — re-running)
[2026-08-17 19:15:58.354] pack_binding_ocaml         warm_check_post  (FAIL — the postcondition no longer holds; re-running)
[2026-08-17 19:15:58.354] probe_binding_ocaml        warm_gate  (marker + fingerprint + check_post passed)
[2026-08-17 19:15:58.354] probe_binding_ocaml        skip  (verdict marker (prior success))
[2026-08-17 19:15:58.354] probe_binding_ocaml_inspect  warm_gate  (marker + fingerprint + check_post passed)
[2026-08-17 19:15:58.354] probe_binding_ocaml_inspect  skip  (verdict marker (prior success))
[2026-08-17 19:15:58.354] probe_lib                  marker_stale  (spec changed since the marker — re-running)
[2026-08-17 19:15:58.354] probe_lib_inspect          warm_gate  (marker + fingerprint + check_post passed)
[2026-08-17 19:15:58.354] probe_lib_inspect          skip  (verdict marker (prior success))
[2026-08-17 19:15:58.354] build_binding_ocaml        check_pre  (pass)
[2026-08-17 19:15:58.357] build_binding_ocaml        cmd  (eval $(opam env) && rm -rf /home/red/code/research/tola/_out/canary/projects/zarith/build_binding/ocaml/../../src_source-fetched-master_lib-fetched_ocaml_binding-built-dev && cp -r /home/red/code/contrib/zarith-all/zarith-master /home/red/code/research/tola/_out/canary/projects/zarith/build_binding/ocaml/../../src_source-fetched-master_lib-fetched_ocaml_binding-built-dev && cd /home/red/code/research/tola/_out/canary/projects/zarith/build_binding/ocaml/../../src_source-fetched-master_lib-fetched_ocaml_binding-built-dev && ./configure && make && cd "$OLDPWD" && STUB=$(ls /home/red/code/research/tola/_out/canary/projects/zarith/build_binding/ocaml/../../src_source-fetched-master_lib-fetched_ocaml_binding-built-dev/*.a 2>/dev/null | head -1)
test -n "$STUB"
python3 canary/scripts/inspect_binding.py --kind stub --path "$STUB" --prefix '__gmp' --watchlist '' > /home/red/code/research/tola/_out/canary/projects/zarith/build_binding/ocaml/inspect_source-fetched-master_lib-fetched_ocaml_binding-built-dev.json && mkdir -p /home/red/code/research/tola/_out/canary/projects/zarith/build_binding/ocaml/../../build_lib
LIB_NATIVE=$(ls /usr/lib/x86_64-linux-gnu/libgmp.so* /usr/lib*/libgmp.so* 2>/dev/null \
        "$(brew --prefix gmp 2>/dev/null)/lib/libgmp.dylib" 2>/dev/null \
        | head -1)
test -n "$LIB_NATIVE" -a -e "$LIB_NATIVE"
nm -D "$LIB_NATIVE" 2>/dev/null \
  | python3 canary/scripts/inspect_native.py --emit-symbols --elf --path "$LIB_NATIVE" --prefixes '__gmpz_,__gmpq_,__gmpf_,__gmpn_,__gmp_' --watchlist '' > /home/red/code/research/tola/_out/canary/projects/zarith/build_binding/ocaml/../../build_lib/inspect_source-fetched-master_lib-fetched_ocaml_binding-built-dev.json && echo 'ok' > /home/red/code/research/tola/_out/canary/projects/zarith/build_binding/ocaml/build_source-fetched-master_lib-fetched_ocaml_binding-built-dev.ok)
[2026-08-17 19:16:00.018] build_binding_ocaml        detect  (ok, output present)
[2026-08-17 19:16:00.018] build_binding_ocaml        check_post  (pass)
[2026-08-17 19:16:00.018] build_binding_ocaml        done
[2026-08-17 19:16:00.020] pack_binding_ocaml         check_pre  (pass)
[2026-08-17 19:16:00.022] pack_binding_ocaml         cmd  (eval $(opam env)
printf 'opam-version: "2.0"\n' > "$(pwd)/canary/templates/opam-local-repo/repo"
OPAMVAR_CANARY_ZARITH_SRC="/home/red/code/contrib/zarith-all/zarith-master" opam config subst canary/templates/opam-local-repo/packages/zarith/zarith-no-conf.dev/opam
opam repo remove canary-local 2>/dev/null || true
opam repo add canary-local "file://$(pwd)/canary/templates/opam-local-repo" --rank=1
opam update canary-local
opam remove -y zarith || true
opam install -y zarith-no-conf --verbose --keep-build-dir --assume-depexts \
  && echo 'ok' > /home/red/code/research/tola/_out/canary/projects/zarith/pack_binding/ocaml/pack_source-fetched-master_lib-fetched_ocaml_binding-built-dev.ok)
[2026-08-17 19:16:11.699] pack_binding_ocaml         detect  (ok, output present)
[2026-08-17 19:16:11.986] pack_binding_ocaml         check_post  (pass)
[2026-08-17 19:16:11.986] pack_binding_ocaml         done
[2026-08-17 19:16:11.988] probe_lib                  check_pre  (pass)
[2026-08-17 19:16:11.991] probe_lib                  cmd  (LIB_NATIVE=$(ls /usr/lib/x86_64-linux-gnu/libgmp.so* /usr/lib*/libgmp.so* 2>/dev/null \
        "$(brew --prefix gmp 2>/dev/null)/lib/libgmp.dylib" 2>/dev/null \
        | head -1)
test -n "$LIB_NATIVE" -a -e "$LIB_NATIVE"
COUNT=$(nm -D "$LIB_NATIVE" 2>/dev/null | grep -v ' U ' | grep -c '__gmp' || echo 0)
printf '__gmp symbols exported: %s\n' "$COUNT" | tee /home/red/code/research/tola/_out/canary/projects/zarith/probe_lib/probe_source-fetched-master_lib-fetched_ocaml_binding-built-dev.log
test "$COUNT" -gt 0)
[2026-08-17 19:16:12.045] probe_lib                  detect  (ok, output present)
[2026-08-17 19:16:12.045] probe_lib                  check_post  (pass)
[2026-08-17 19:16:12.045] probe_lib                  done
[2026-08-17 19:16:12.047] *                          graph_end  (8/8 completed)
[2026-08-17 19:16:12.047] *                          diagram  (_out/canary/projects/zarith/-run/diagrams/all.mmd)
[2026-08-17 19:16:12.047] *                          diagram  (_out/canary/projects/zarith/-run/diagrams/full.mmd)
[2026-08-17 19:16:12.047] *                          view  (source (1 steps))
[2026-08-17 19:16:12.047] *                          view  (lib (3 steps))
[2026-08-17 19:16:12.048] *                          view  (probes (4 steps))
[2026-08-17 19:16:12.048] *                          view  (binding_ocaml (4 steps))
[2026-08-17 19:16:12.049] *                          html  (_out/canary/projects/zarith/-run/result.html)
[2026-08-17 19:16:12.049] *                          index  (_out/canary/projects/index.html)
[2026-08-17 19:16:12.049] *                          invariant  (full.mmd: OK (8 nodes, 8 IDs))
[2026-08-17 19:16:12.050] *                          invariant  (binding_ocaml.mmd: OK (8 nodes, 8 IDs))
[2026-08-17 19:16:12.050] *                          invariant  (source.mmd: OK (6 nodes, 8 IDs))
[2026-08-17 19:16:12.050] *                          invariant  (lib.mmd: OK (7 nodes, 8 IDs))
[2026-08-17 19:16:12.050] *                          invariant  (all.mmd: OK (6 nodes, 8 IDs))
[2026-08-17 19:16:12.050] *                          invariant  (probes.mmd: OK (8 nodes, 8 IDs))
[2026-08-17 19:16:12.050] *                          invariant  (ALL OK)
[2026-08-17 19:16:12.086] *                          variant_start  (source-fetched-master_lib-fetched_ocaml_binding-fetched)
[2026-08-17 19:16:12.086] *                          graph_start  (7 steps)
[2026-08-17 19:16:12.095] fetch_source               warm_gate  (marker + fingerprint + check_post passed)
[2026-08-17 19:16:12.095] fetch_source               skip  (verdict marker (prior success))
[2026-08-17 19:16:12.095] fetch_lib                  warm_gate  (marker + fingerprint + check_post passed)
[2026-08-17 19:16:12.095] fetch_lib                  skip  (verdict marker (prior success))
[2026-08-17 19:16:12.095] fetch_binding_ocaml        warm_gate  (marker + fingerprint + check_post passed)
[2026-08-17 19:16:12.095] fetch_binding_ocaml        skip  (verdict marker (prior success))
[2026-08-17 19:16:12.389] probe_binding_ocaml        warm_check_post  (FAIL — the postcondition no longer holds; re-running)
[2026-08-17 19:16:12.389] probe_binding_ocaml_inspect  warm_gate  (marker + fingerprint + check_post passed)
[2026-08-17 19:16:12.389] probe_binding_ocaml_inspect  skip  (verdict marker (prior success))
[2026-08-17 19:16:12.389] probe_lib                  marker_stale  (spec changed since the marker — re-running)
[2026-08-17 19:16:12.389] probe_lib_inspect          warm_gate  (marker + fingerprint + check_post passed)
[2026-08-17 19:16:12.389] probe_lib_inspect          skip  (verdict marker (prior success))
[2026-08-17 19:16:12.389] probe_binding_ocaml        check_pre  (pass)
[2026-08-17 19:16:12.392] probe_binding_ocaml        cmd  (eval $(opam env)
INSTALLED=$(opam list zarith --installed --short --columns=version 2>/dev/null)
test "$INSTALLED" = "1.14" || eval $(opam env) && opam install zarith.1.14 -y --assume-depexts
eval $(opam env)
ocamlfind ocamlopt -package zarith -linkpkg canary/examples/zarith/zarith_example.ml -o /home/red/code/research/tola/_out/canary/projects/zarith/probe_binding/ocaml/zarith_example > /home/red/code/research/tola/_out/canary/projects/zarith/probe_binding/ocaml/probe_source-fetched-master_lib-fetched_ocaml_binding-fetched.log 2>&1 && /home/red/code/research/tola/_out/canary/projects/zarith/probe_binding/ocaml/zarith_example >> /home/red/code/research/tola/_out/canary/projects/zarith/probe_binding/ocaml/probe_source-fetched-master_lib-fetched_ocaml_binding-fetched.log 2>&1
RC=$?
cat /home/red/code/research/tola/_out/canary/projects/zarith/probe_binding/ocaml/probe_source-fetched-master_lib-fetched_ocaml_binding-fetched.log
exit $RC)
[2026-08-17 19:16:19.863] probe_binding_ocaml        detect  (ok, output present)
[2026-08-17 19:16:20.185] probe_binding_ocaml        check_post  (pass)
[2026-08-17 19:16:20.185] probe_binding_ocaml        done
[2026-08-17 19:16:20.187] probe_lib                  check_pre  (pass)
[2026-08-17 19:16:20.189] probe_lib                  cmd  (LIB_NATIVE=$(ls /usr/lib/x86_64-linux-gnu/libgmp.so* /usr/lib*/libgmp.so* 2>/dev/null \
        "$(brew --prefix gmp 2>/dev/null)/lib/libgmp.dylib" 2>/dev/null \
        | head -1)
test -n "$LIB_NATIVE" -a -e "$LIB_NATIVE"
COUNT=$(nm -D "$LIB_NATIVE" 2>/dev/null | grep -v ' U ' | grep -c '__gmp' || echo 0)
printf '__gmp symbols exported: %s\n' "$COUNT" | tee /home/red/code/research/tola/_out/canary/projects/zarith/probe_lib/probe_source-fetched-master_lib-fetched_ocaml_binding-fetched.log
test "$COUNT" -gt 0)
[2026-08-17 19:16:20.241] probe_lib                  detect  (ok, output present)
[2026-08-17 19:16:20.241] probe_lib                  check_post  (pass)
[2026-08-17 19:16:20.241] probe_lib                  done
[2026-08-17 19:16:20.243] *                          graph_end  (7/7 completed)
[2026-08-17 19:16:20.243] *                          diagram  (_out/canary/projects/zarith/-run/diagrams/all.mmd)
[2026-08-17 19:16:20.243] *                          diagram  (_out/canary/projects/zarith/-run/diagrams/full.mmd)
[2026-08-17 19:16:20.243] *                          view  (source (1 steps))
[2026-08-17 19:16:20.244] *                          view  (lib (3 steps))
[2026-08-17 19:16:20.244] *                          view  (probes (4 steps))
[2026-08-17 19:16:20.244] *                          view  (binding_ocaml (3 steps))
[2026-08-17 19:16:20.244] *                          html  (_out/canary/projects/zarith/-run/result.html)
[2026-08-17 19:16:20.246] *                          index  (_out/canary/projects/index.html)
[2026-08-17 19:16:20.246] *                          invariant  (full.mmd: OK (7 nodes, 7 IDs))
[2026-08-17 19:16:20.246] *                          invariant  (binding_ocaml.mmd: OK (6 nodes, 7 IDs))
[2026-08-17 19:16:20.246] *                          invariant  (source.mmd: OK (5 nodes, 7 IDs))
[2026-08-17 19:16:20.246] *                          invariant  (lib.mmd: OK (6 nodes, 7 IDs))
[2026-08-17 19:16:20.246] *                          invariant  (all.mmd: OK (5 nodes, 7 IDs))
[2026-08-17 19:16:20.246] *                          invariant  (probes.mmd: OK (7 nodes, 7 IDs))
[2026-08-17 19:16:20.246] *                          invariant  (ALL OK)
[2026-08-18 13:38:58.748] *                          variant_start  (source-fetched-1.14_lib-fetched_ocaml_binding-fetched)
[2026-08-18 13:38:58.748] *                          graph_start  (7 steps)
[2026-08-18 13:38:58.760] fetch_source               warm_gate  (marker + fingerprint + check_post passed)
[2026-08-18 13:38:58.760] fetch_source               skip  (verdict marker (prior success))
[2026-08-18 13:38:58.760] fetch_lib                  warm_gate  (marker + fingerprint + check_post passed)
[2026-08-18 13:38:58.760] fetch_lib                  skip  (verdict marker (prior success))
[2026-08-18 13:38:58.760] fetch_binding_ocaml        warm_gate  (marker + fingerprint + check_post passed)
[2026-08-18 13:38:58.760] fetch_binding_ocaml        skip  (verdict marker (prior success))
[2026-08-18 13:38:59.022] probe_binding_ocaml        warm_gate  (marker + fingerprint + check_post passed)
[2026-08-18 13:38:59.022] probe_binding_ocaml        skip  (verdict marker (prior success))
[2026-08-18 13:38:59.026] probe_binding_ocaml_inspect  warm_gate  (marker + fingerprint + check_post passed)
[2026-08-18 13:38:59.026] probe_binding_ocaml_inspect  skip  (verdict marker (prior success))
[2026-08-18 13:38:59.026] probe_lib                  warm_gate  (marker + fingerprint + check_post passed)
[2026-08-18 13:38:59.026] probe_lib                  skip  (verdict marker (prior success))
[2026-08-18 13:38:59.027] probe_lib_inspect          warm_gate  (marker + fingerprint + check_post passed)
[2026-08-18 13:38:59.027] probe_lib_inspect          skip  (verdict marker (prior success))
[2026-08-18 13:38:59.027] *                          graph_end  (7/7 completed)
[2026-08-18 13:38:59.027] *                          diagram  (_out/canary/projects/zarith/-run/diagrams/all.mmd)
[2026-08-18 13:38:59.027] *                          diagram  (_out/canary/projects/zarith/-run/diagrams/full.mmd)
[2026-08-18 13:38:59.028] *                          view  (source (1 steps))
[2026-08-18 13:38:59.028] *                          view  (lib (3 steps))
[2026-08-18 13:38:59.028] *                          view  (probes (4 steps))
[2026-08-18 13:38:59.028] *                          view  (binding_ocaml (3 steps))
[2026-08-18 13:38:59.030] *                          html  (_out/canary/projects/zarith/-run/result.html)
[2026-08-18 13:38:59.035] *                          index  (_out/canary/projects/index.html)
[2026-08-18 13:38:59.035] *                          invariant  (full.mmd: OK (7 nodes, 7 IDs))
[2026-08-18 13:38:59.035] *                          invariant  (binding_ocaml.mmd: OK (6 nodes, 7 IDs))
[2026-08-18 13:38:59.035] *                          invariant  (source.mmd: OK (5 nodes, 7 IDs))
[2026-08-18 13:38:59.035] *                          invariant  (lib.mmd: OK (6 nodes, 7 IDs))
[2026-08-18 13:38:59.035] *                          invariant  (all.mmd: OK (5 nodes, 7 IDs))
[2026-08-18 13:38:59.035] *                          invariant  (probes.mmd: OK (7 nodes, 7 IDs))
[2026-08-18 13:38:59.035] *                          invariant  (ALL OK)
[2026-08-18 13:38:59.079] *                          variant_start  (source-fetched-master_lib-fetched_ocaml_binding-built-dev)
[2026-08-18 13:38:59.079] *                          graph_start  (8 steps)
[2026-08-18 13:38:59.088] fetch_source               warm_gate  (marker + fingerprint + check_post passed)
[2026-08-18 13:38:59.088] fetch_source               skip  (verdict marker (prior success))
[2026-08-18 13:38:59.089] fetch_lib                  warm_gate  (marker + fingerprint + check_post passed)
[2026-08-18 13:38:59.089] fetch_lib                  skip  (verdict marker (prior success))
[2026-08-18 13:38:59.089] build_binding_ocaml        warm_gate  (marker + fingerprint + check_post passed)
[2026-08-18 13:38:59.089] build_binding_ocaml        skip  (verdict marker (prior success))
[2026-08-18 13:38:59.350] pack_binding_ocaml         warm_check_post  (FAIL — the postcondition no longer holds; re-running)
[2026-08-18 13:38:59.352] probe_binding_ocaml        warm_gate  (marker + fingerprint + check_post passed)
[2026-08-18 13:38:59.352] probe_binding_ocaml        skip  (verdict marker (prior success))
[2026-08-18 13:38:59.352] probe_binding_ocaml_inspect  warm_gate  (marker + fingerprint + check_post passed)
[2026-08-18 13:38:59.352] probe_binding_ocaml_inspect  skip  (verdict marker (prior success))
[2026-08-18 13:38:59.352] probe_lib                  warm_gate  (marker + fingerprint + check_post passed)
[2026-08-18 13:38:59.352] probe_lib                  skip  (verdict marker (prior success))
[2026-08-18 13:38:59.352] probe_lib_inspect          warm_gate  (marker + fingerprint + check_post passed)
[2026-08-18 13:38:59.352] probe_lib_inspect          skip  (verdict marker (prior success))
[2026-08-18 13:38:59.352] pack_binding_ocaml         check_pre  (pass)
[2026-08-18 13:38:59.355] pack_binding_ocaml         cmd  (eval $(opam env)
printf 'opam-version: "2.0"\n' > "$(pwd)/canary/templates/opam-local-repo/repo"
OPAMVAR_CANARY_ZARITH_SRC="/home/red/code/contrib/zarith-all/zarith-master" opam config subst canary/templates/opam-local-repo/packages/zarith/zarith-no-conf.dev/opam
opam repo remove canary-local 2>/dev/null || true
opam repo add canary-local "file://$(pwd)/canary/templates/opam-local-repo" --rank=1
opam update canary-local
opam remove -y zarith || true
opam install -y zarith-no-conf --verbose --keep-build-dir --assume-depexts \
  && echo 'ok' > /home/red/code/research/tola/_out/canary/projects/zarith/pack_binding/ocaml/pack_source-fetched-master_lib-fetched_ocaml_binding-built-dev.ok)
[2026-08-18 13:39:10.518] pack_binding_ocaml         detect  (ok, output present)
[2026-08-18 13:39:10.775] pack_binding_ocaml         check_post  (pass)
[2026-08-18 13:39:10.775] pack_binding_ocaml         done
[2026-08-18 13:39:10.777] *                          graph_end  (8/8 completed)
[2026-08-18 13:39:10.777] *                          diagram  (_out/canary/projects/zarith/-run/diagrams/all.mmd)
[2026-08-18 13:39:10.777] *                          diagram  (_out/canary/projects/zarith/-run/diagrams/full.mmd)
[2026-08-18 13:39:10.777] *                          view  (source (1 steps))
[2026-08-18 13:39:10.777] *                          view  (lib (3 steps))
[2026-08-18 13:39:10.777] *                          view  (probes (4 steps))
[2026-08-18 13:39:10.778] *                          view  (binding_ocaml (4 steps))
[2026-08-18 13:39:10.778] *                          html  (_out/canary/projects/zarith/-run/result.html)
[2026-08-18 13:39:10.779] *                          index  (_out/canary/projects/index.html)
[2026-08-18 13:39:10.779] *                          invariant  (full.mmd: OK (8 nodes, 8 IDs))
[2026-08-18 13:39:10.779] *                          invariant  (binding_ocaml.mmd: OK (8 nodes, 8 IDs))
[2026-08-18 13:39:10.779] *                          invariant  (source.mmd: OK (6 nodes, 8 IDs))
[2026-08-18 13:39:10.779] *                          invariant  (lib.mmd: OK (7 nodes, 8 IDs))
[2026-08-18 13:39:10.780] *                          invariant  (all.mmd: OK (6 nodes, 8 IDs))
[2026-08-18 13:39:10.780] *                          invariant  (probes.mmd: OK (8 nodes, 8 IDs))
[2026-08-18 13:39:10.780] *                          invariant  (ALL OK)
[2026-08-18 13:39:10.815] *                          variant_start  (source-fetched-master_lib-fetched_ocaml_binding-fetched)
[2026-08-18 13:39:10.815] *                          graph_start  (7 steps)
[2026-08-18 13:39:10.825] fetch_source               warm_gate  (marker + fingerprint + check_post passed)
[2026-08-18 13:39:10.825] fetch_source               skip  (verdict marker (prior success))
[2026-08-18 13:39:10.825] fetch_lib                  warm_gate  (marker + fingerprint + check_post passed)
[2026-08-18 13:39:10.825] fetch_lib                  skip  (verdict marker (prior success))
[2026-08-18 13:39:10.825] fetch_binding_ocaml        warm_gate  (marker + fingerprint + check_post passed)
[2026-08-18 13:39:10.825] fetch_binding_ocaml        skip  (verdict marker (prior success))
[2026-08-18 13:39:11.090] probe_binding_ocaml        warm_check_post  (FAIL — the postcondition no longer holds; re-running)
[2026-08-18 13:39:11.095] probe_binding_ocaml_inspect  warm_gate  (marker + fingerprint + check_post passed)
[2026-08-18 13:39:11.095] probe_binding_ocaml_inspect  skip  (verdict marker (prior success))
[2026-08-18 13:39:11.095] probe_lib                  warm_gate  (marker + fingerprint + check_post passed)
[2026-08-18 13:39:11.095] probe_lib                  skip  (verdict marker (prior success))
[2026-08-18 13:39:11.095] probe_lib_inspect          warm_gate  (marker + fingerprint + check_post passed)
[2026-08-18 13:39:11.095] probe_lib_inspect          skip  (verdict marker (prior success))
[2026-08-18 13:39:11.095] probe_binding_ocaml        check_pre  (pass)
[2026-08-18 13:39:11.097] probe_binding_ocaml        cmd  (eval $(opam env)
INSTALLED=$(opam list zarith --installed --short --columns=version 2>/dev/null)
test "$INSTALLED" = "1.14" || eval $(opam env) && opam install zarith.1.14 -y --assume-depexts
eval $(opam env)
ocamlfind ocamlopt -package zarith -linkpkg canary/examples/zarith/zarith_example.ml -o /home/red/code/research/tola/_out/canary/projects/zarith/probe_binding/ocaml/zarith_example > /home/red/code/research/tola/_out/canary/projects/zarith/probe_binding/ocaml/probe_source-fetched-master_lib-fetched_ocaml_binding-fetched.log 2>&1 && /home/red/code/research/tola/_out/canary/projects/zarith/probe_binding/ocaml/zarith_example >> /home/red/code/research/tola/_out/canary/projects/zarith/probe_binding/ocaml/probe_source-fetched-master_lib-fetched_ocaml_binding-fetched.log 2>&1
RC=$?
cat /home/red/code/research/tola/_out/canary/projects/zarith/probe_binding/ocaml/probe_source-fetched-master_lib-fetched_ocaml_binding-fetched.log
exit $RC)
[2026-08-18 13:39:17.792] probe_binding_ocaml        detect  (ok, output present)
[2026-08-18 13:39:18.068] probe_binding_ocaml        check_post  (pass)
[2026-08-18 13:39:18.068] probe_binding_ocaml        done
[2026-08-18 13:39:18.070] *                          graph_end  (7/7 completed)
[2026-08-18 13:39:18.070] *                          diagram  (_out/canary/projects/zarith/-run/diagrams/all.mmd)
[2026-08-18 13:39:18.071] *                          diagram  (_out/canary/projects/zarith/-run/diagrams/full.mmd)
[2026-08-18 13:39:18.071] *                          view  (source (1 steps))
[2026-08-18 13:39:18.071] *                          view  (lib (3 steps))
[2026-08-18 13:39:18.071] *                          view  (probes (4 steps))
[2026-08-18 13:39:18.071] *                          view  (binding_ocaml (3 steps))
[2026-08-18 13:39:18.071] *                          html  (_out/canary/projects/zarith/-run/result.html)
[2026-08-18 13:39:18.072] *                          index  (_out/canary/projects/index.html)
[2026-08-18 13:39:18.072] *                          invariant  (full.mmd: OK (7 nodes, 7 IDs))
[2026-08-18 13:39:18.073] *                          invariant  (binding_ocaml.mmd: OK (6 nodes, 7 IDs))
[2026-08-18 13:39:18.073] *                          invariant  (source.mmd: OK (5 nodes, 7 IDs))
[2026-08-18 13:39:18.073] *                          invariant  (lib.mmd: OK (6 nodes, 7 IDs))
[2026-08-18 13:39:18.073] *                          invariant  (all.mmd: OK (5 nodes, 7 IDs))
[2026-08-18 13:39:18.073] *                          invariant  (probes.mmd: OK (7 nodes, 7 IDs))
[2026-08-18 13:39:18.073] *                          invariant  (ALL OK)
[2026-08-18 13:52:51.273] *                          variant_start  (source-fetched-1.14_lib-fetched_ocaml_binding-fetched)
[2026-08-18 13:52:51.273] *                          graph_start  (7 steps)
[2026-08-18 13:52:51.282] fetch_source               warm_gate  (marker + fingerprint + check_post passed)
[2026-08-18 13:52:51.282] fetch_source               skip  (verdict marker (prior success))
[2026-08-18 13:52:51.282] fetch_lib                  warm_gate  (marker + fingerprint + check_post passed)
[2026-08-18 13:52:51.282] fetch_lib                  skip  (verdict marker (prior success))
[2026-08-18 13:52:51.282] fetch_binding_ocaml        warm_gate  (marker + fingerprint + check_post passed)
[2026-08-18 13:52:51.282] fetch_binding_ocaml        skip  (verdict marker (prior success))
[2026-08-18 13:52:51.569] probe_binding_ocaml        warm_gate  (marker + fingerprint + check_post passed)
[2026-08-18 13:52:51.569] probe_binding_ocaml        skip  (verdict marker (prior success))
[2026-08-18 13:52:51.569] probe_binding_ocaml_inspect  warm_gate  (marker + fingerprint + check_post passed)
[2026-08-18 13:52:51.569] probe_binding_ocaml_inspect  skip  (verdict marker (prior success))
[2026-08-18 13:52:51.569] probe_lib                  warm_gate  (marker + fingerprint + check_post passed)
[2026-08-18 13:52:51.569] probe_lib                  skip  (verdict marker (prior success))
[2026-08-18 13:52:51.569] probe_lib_inspect          warm_gate  (marker + fingerprint + check_post passed)
[2026-08-18 13:52:51.569] probe_lib_inspect          skip  (verdict marker (prior success))
[2026-08-18 13:52:51.569] *                          graph_end  (7/7 completed)
[2026-08-18 13:52:51.570] *                          diagram  (_out/canary/projects/zarith/-run/diagrams/all.mmd)
[2026-08-18 13:52:51.570] *                          diagram  (_out/canary/projects/zarith/-run/diagrams/full.mmd)
[2026-08-18 13:52:51.570] *                          view  (source (1 steps))
[2026-08-18 13:52:51.570] *                          view  (lib (3 steps))
[2026-08-18 13:52:51.570] *                          view  (probes (4 steps))
[2026-08-18 13:52:51.570] *                          view  (binding_ocaml (3 steps))
[2026-08-18 13:52:51.572] *                          html  (_out/canary/projects/zarith/-run/result.html)
[2026-08-18 13:52:51.573] *                          index  (_out/canary/projects/index.html)
[2026-08-18 13:52:51.573] *                          invariant  (full.mmd: OK (7 nodes, 7 IDs))
[2026-08-18 13:52:51.573] *                          invariant  (binding_ocaml.mmd: OK (6 nodes, 7 IDs))
[2026-08-18 13:52:51.574] *                          invariant  (source.mmd: OK (5 nodes, 7 IDs))
[2026-08-18 13:52:51.574] *                          invariant  (lib.mmd: OK (6 nodes, 7 IDs))
[2026-08-18 13:52:51.574] *                          invariant  (all.mmd: OK (5 nodes, 7 IDs))
[2026-08-18 13:52:51.574] *                          invariant  (probes.mmd: OK (7 nodes, 7 IDs))
[2026-08-18 13:52:51.574] *                          invariant  (ALL OK)
[2026-08-18 13:52:51.607] *                          variant_start  (source-fetched-master_lib-fetched_ocaml_binding-built-dev)
[2026-08-18 13:52:51.607] *                          graph_start  (8 steps)
[2026-08-18 13:52:51.616] fetch_source               warm_gate  (marker + fingerprint + check_post passed)
[2026-08-18 13:52:51.616] fetch_source               skip  (verdict marker (prior success))
[2026-08-18 13:52:51.616] fetch_lib                  warm_gate  (marker + fingerprint + check_post passed)
[2026-08-18 13:52:51.616] fetch_lib                  skip  (verdict marker (prior success))
[2026-08-18 13:52:51.616] build_binding_ocaml        warm_gate  (marker + fingerprint + check_post passed)
[2026-08-18 13:52:51.616] build_binding_ocaml        skip  (verdict marker (prior success))
[2026-08-18 13:52:51.876] pack_binding_ocaml         warm_check_post  (FAIL — the postcondition no longer holds; re-running)
[2026-08-18 13:52:51.876] probe_binding_ocaml        warm_gate  (marker + fingerprint + check_post passed)
[2026-08-18 13:52:51.876] probe_binding_ocaml        skip  (verdict marker (prior success))
[2026-08-18 13:52:51.876] probe_binding_ocaml_inspect  warm_gate  (marker + fingerprint + check_post passed)
[2026-08-18 13:52:51.876] probe_binding_ocaml_inspect  skip  (verdict marker (prior success))
[2026-08-18 13:52:51.876] probe_lib                  warm_gate  (marker + fingerprint + check_post passed)
[2026-08-18 13:52:51.876] probe_lib                  skip  (verdict marker (prior success))
[2026-08-18 13:52:51.876] probe_lib_inspect          warm_gate  (marker + fingerprint + check_post passed)
[2026-08-18 13:52:51.876] probe_lib_inspect          skip  (verdict marker (prior success))
[2026-08-18 13:52:51.876] pack_binding_ocaml         check_pre  (pass)
[2026-08-18 13:52:51.878] pack_binding_ocaml         cmd  (eval $(opam env)
printf 'opam-version: "2.0"\n' > "$(pwd)/canary/templates/opam-local-repo/repo"
OPAMVAR_CANARY_ZARITH_SRC="/home/red/code/contrib/zarith-all/zarith-master" opam config subst canary/templates/opam-local-repo/packages/zarith/zarith-no-conf.dev/opam
opam repo remove canary-local 2>/dev/null || true
opam repo add canary-local "file://$(pwd)/canary/templates/opam-local-repo" --rank=1
opam update canary-local
opam remove -y zarith || true
opam install -y zarith-no-conf --verbose --keep-build-dir --assume-depexts \
  && echo 'ok' > /home/red/code/research/tola/_out/canary/projects/zarith/pack_binding/ocaml/pack_source-fetched-master_lib-fetched_ocaml_binding-built-dev.ok)
[2026-08-18 13:53:01.704] pack_binding_ocaml         detect  (ok, output present)
[2026-08-18 13:53:01.962] pack_binding_ocaml         check_post  (pass)
[2026-08-18 13:53:01.962] pack_binding_ocaml         done
[2026-08-18 13:53:01.964] *                          graph_end  (8/8 completed)
[2026-08-18 13:53:01.964] *                          diagram  (_out/canary/projects/zarith/-run/diagrams/all.mmd)
[2026-08-18 13:53:01.964] *                          diagram  (_out/canary/projects/zarith/-run/diagrams/full.mmd)
[2026-08-18 13:53:01.965] *                          view  (source (1 steps))
[2026-08-18 13:53:01.965] *                          view  (lib (3 steps))
[2026-08-18 13:53:01.965] *                          view  (probes (4 steps))
[2026-08-18 13:53:01.965] *                          view  (binding_ocaml (4 steps))
[2026-08-18 13:53:01.966] *                          html  (_out/canary/projects/zarith/-run/result.html)
[2026-08-18 13:53:01.967] *                          index  (_out/canary/projects/index.html)
[2026-08-18 13:53:01.967] *                          invariant  (full.mmd: OK (8 nodes, 8 IDs))
[2026-08-18 13:53:01.967] *                          invariant  (binding_ocaml.mmd: OK (8 nodes, 8 IDs))
[2026-08-18 13:53:01.967] *                          invariant  (source.mmd: OK (6 nodes, 8 IDs))
[2026-08-18 13:53:01.967] *                          invariant  (lib.mmd: OK (7 nodes, 8 IDs))
[2026-08-18 13:53:01.968] *                          invariant  (all.mmd: OK (6 nodes, 8 IDs))
[2026-08-18 13:53:01.968] *                          invariant  (probes.mmd: OK (8 nodes, 8 IDs))
[2026-08-18 13:53:01.968] *                          invariant  (ALL OK)
[2026-08-18 13:53:02.000] *                          variant_start  (source-fetched-master_lib-fetched_ocaml_binding-fetched)
[2026-08-18 13:53:02.000] *                          graph_start  (7 steps)
[2026-08-18 13:53:02.008] fetch_source               warm_gate  (marker + fingerprint + check_post passed)
[2026-08-18 13:53:02.008] fetch_source               skip  (verdict marker (prior success))
[2026-08-18 13:53:02.008] fetch_lib                  warm_gate  (marker + fingerprint + check_post passed)
[2026-08-18 13:53:02.008] fetch_lib                  skip  (verdict marker (prior success))
[2026-08-18 13:53:02.008] fetch_binding_ocaml        warm_gate  (marker + fingerprint + check_post passed)
[2026-08-18 13:53:02.008] fetch_binding_ocaml        skip  (verdict marker (prior success))
[2026-08-18 13:53:02.271] probe_binding_ocaml        warm_check_post  (FAIL — the postcondition no longer holds; re-running)
[2026-08-18 13:53:02.271] probe_binding_ocaml_inspect  warm_gate  (marker + fingerprint + check_post passed)
[2026-08-18 13:53:02.271] probe_binding_ocaml_inspect  skip  (verdict marker (prior success))
[2026-08-18 13:53:02.271] probe_lib                  warm_gate  (marker + fingerprint + check_post passed)
[2026-08-18 13:53:02.271] probe_lib                  skip  (verdict marker (prior success))
[2026-08-18 13:53:02.271] probe_lib_inspect          warm_gate  (marker + fingerprint + check_post passed)
[2026-08-18 13:53:02.271] probe_lib_inspect          skip  (verdict marker (prior success))
[2026-08-18 13:53:02.271] probe_binding_ocaml        check_pre  (pass)
[2026-08-18 13:53:02.273] probe_binding_ocaml        cmd  (eval $(opam env)
INSTALLED=$(opam list zarith --installed --short --columns=version 2>/dev/null)
test "$INSTALLED" = "1.14" || eval $(opam env) && opam install zarith.1.14 -y --assume-depexts
eval $(opam env)
ocamlfind ocamlopt -package zarith -linkpkg canary/examples/zarith/zarith_example.ml -o /home/red/code/research/tola/_out/canary/projects/zarith/probe_binding/ocaml/zarith_example > /home/red/code/research/tola/_out/canary/projects/zarith/probe_binding/ocaml/probe_source-fetched-master_lib-fetched_ocaml_binding-fetched.log 2>&1 && /home/red/code/research/tola/_out/canary/projects/zarith/probe_binding/ocaml/zarith_example >> /home/red/code/research/tola/_out/canary/projects/zarith/probe_binding/ocaml/probe_source-fetched-master_lib-fetched_ocaml_binding-fetched.log 2>&1
RC=$?
cat /home/red/code/research/tola/_out/canary/projects/zarith/probe_binding/ocaml/probe_source-fetched-master_lib-fetched_ocaml_binding-fetched.log
exit $RC)
[2026-08-18 13:53:08.722] probe_binding_ocaml        detect  (ok, output present)
[2026-08-18 13:53:08.997] probe_binding_ocaml        check_post  (pass)
[2026-08-18 13:53:08.997] probe_binding_ocaml        done
[2026-08-18 13:53:08.999] *                          graph_end  (7/7 completed)
[2026-08-18 13:53:08.999] *                          diagram  (_out/canary/projects/zarith/-run/diagrams/all.mmd)
[2026-08-18 13:53:08.999] *                          diagram  (_out/canary/projects/zarith/-run/diagrams/full.mmd)
[2026-08-18 13:53:08.999] *                          view  (source (1 steps))
[2026-08-18 13:53:08.999] *                          view  (lib (3 steps))
[2026-08-18 13:53:08.999] *                          view  (probes (4 steps))
[2026-08-18 13:53:09.000] *                          view  (binding_ocaml (3 steps))
[2026-08-18 13:53:09.000] *                          html  (_out/canary/projects/zarith/-run/result.html)
[2026-08-18 13:53:09.001] *                          index  (_out/canary/projects/index.html)
[2026-08-18 13:53:09.001] *                          invariant  (full.mmd: OK (7 nodes, 7 IDs))
[2026-08-18 13:53:09.001] *                          invariant  (binding_ocaml.mmd: OK (6 nodes, 7 IDs))
[2026-08-18 13:53:09.001] *                          invariant  (source.mmd: OK (5 nodes, 7 IDs))
[2026-08-18 13:53:09.001] *                          invariant  (lib.mmd: OK (6 nodes, 7 IDs))
[2026-08-18 13:53:09.001] *                          invariant  (all.mmd: OK (5 nodes, 7 IDs))
[2026-08-18 13:53:09.002] *                          invariant  (probes.mmd: OK (7 nodes, 7 IDs))
[2026-08-18 13:53:09.002] *                          invariant  (ALL OK)
[2026-08-18 15:26:47.317] *                          variant_start  (source-fetched-1.14_lib-fetched_ocaml_binding-fetched)
[2026-08-18 15:26:47.317] *                          graph_start  (7 steps)
[2026-08-18 15:26:47.328] fetch_source               warm_gate  (marker + fingerprint + check_post passed)
[2026-08-18 15:26:47.328] fetch_source               skip  (verdict marker (prior success))
[2026-08-18 15:26:47.329] fetch_lib                  warm_gate  (marker + fingerprint + check_post passed)
[2026-08-18 15:26:47.329] fetch_lib                  skip  (verdict marker (prior success))
[2026-08-18 15:26:47.329] fetch_binding_ocaml        warm_gate  (marker + fingerprint + check_post passed)
[2026-08-18 15:26:47.329] fetch_binding_ocaml        skip  (verdict marker (prior success))
[2026-08-18 15:26:47.608] probe_binding_ocaml        warm_gate  (marker + fingerprint + check_post passed)
[2026-08-18 15:26:47.608] probe_binding_ocaml        skip  (verdict marker (prior success))
[2026-08-18 15:26:47.611] probe_binding_ocaml_inspect  warm_gate  (marker + fingerprint + check_post passed)
[2026-08-18 15:26:47.611] probe_binding_ocaml_inspect  skip  (verdict marker (prior success))
[2026-08-18 15:26:47.612] probe_lib                  warm_gate  (marker + fingerprint + check_post passed)
[2026-08-18 15:26:47.612] probe_lib                  skip  (verdict marker (prior success))
[2026-08-18 15:26:47.612] probe_lib_inspect          warm_gate  (marker + fingerprint + check_post passed)
[2026-08-18 15:26:47.612] probe_lib_inspect          skip  (verdict marker (prior success))
[2026-08-18 15:26:47.612] *                          graph_end  (7/7 completed)
[2026-08-18 15:26:47.612] *                          diagram  (_out/canary/projects/zarith/-run/diagrams/all.mmd)
[2026-08-18 15:26:47.612] *                          diagram  (_out/canary/projects/zarith/-run/diagrams/full.mmd)
[2026-08-18 15:26:47.613] *                          view  (source (1 steps))
[2026-08-18 15:26:47.613] *                          view  (lib (3 steps))
[2026-08-18 15:26:47.613] *                          view  (probes (4 steps))
[2026-08-18 15:26:47.613] *                          view  (binding_ocaml (3 steps))
[2026-08-18 15:26:47.615] *                          html  (_out/canary/projects/zarith/-run/result.html)
[2026-08-18 15:26:47.615] *                          index  (_out/canary/projects/index.html)
[2026-08-18 15:26:47.615] *                          invariant  (full.mmd: OK (7 nodes, 7 IDs))
[2026-08-18 15:26:47.616] *                          invariant  (binding_ocaml.mmd: OK (6 nodes, 7 IDs))
[2026-08-18 15:26:47.616] *                          invariant  (source.mmd: OK (5 nodes, 7 IDs))
[2026-08-18 15:26:47.616] *                          invariant  (lib.mmd: OK (6 nodes, 7 IDs))
[2026-08-18 15:26:47.616] *                          invariant  (all.mmd: OK (5 nodes, 7 IDs))
[2026-08-18 15:26:47.616] *                          invariant  (probes.mmd: OK (7 nodes, 7 IDs))
[2026-08-18 15:26:47.616] *                          invariant  (ALL OK)
[2026-08-18 15:26:47.655] *                          variant_start  (source-fetched-master_lib-fetched_ocaml_binding-built-dev)
[2026-08-18 15:26:47.655] *                          graph_start  (8 steps)
[2026-08-18 15:26:47.664] fetch_source               warm_gate  (marker + fingerprint + check_post passed)
[2026-08-18 15:26:47.664] fetch_source               skip  (verdict marker (prior success))
[2026-08-18 15:26:47.664] fetch_lib                  warm_gate  (marker + fingerprint + check_post passed)
[2026-08-18 15:26:47.664] fetch_lib                  skip  (verdict marker (prior success))
[2026-08-18 15:26:47.665] build_binding_ocaml        warm_gate  (marker + fingerprint + check_post passed)
[2026-08-18 15:26:47.665] build_binding_ocaml        skip  (verdict marker (prior success))
[2026-08-18 15:26:47.944] pack_binding_ocaml         warm_check_post  (FAIL — the postcondition no longer holds; re-running)
[2026-08-18 15:26:47.945] probe_binding_ocaml        warm_gate  (marker + fingerprint + check_post passed)
[2026-08-18 15:26:47.945] probe_binding_ocaml        skip  (verdict marker (prior success))
[2026-08-18 15:26:47.945] probe_binding_ocaml_inspect  warm_gate  (marker + fingerprint + check_post passed)
[2026-08-18 15:26:47.945] probe_binding_ocaml_inspect  skip  (verdict marker (prior success))
[2026-08-18 15:26:47.945] probe_lib                  warm_gate  (marker + fingerprint + check_post passed)
[2026-08-18 15:26:47.945] probe_lib                  skip  (verdict marker (prior success))
[2026-08-18 15:26:47.945] probe_lib_inspect          warm_gate  (marker + fingerprint + check_post passed)
[2026-08-18 15:26:47.945] probe_lib_inspect          skip  (verdict marker (prior success))
[2026-08-18 15:26:47.945] pack_binding_ocaml         check_pre  (pass)
[2026-08-18 15:26:47.947] pack_binding_ocaml         cmd  (eval $(opam env)
printf 'opam-version: "2.0"\n' > "$(pwd)/canary/templates/opam-local-repo/repo"
OPAMVAR_CANARY_ZARITH_SRC="/home/red/code/contrib/zarith-all/zarith-master" opam config subst canary/templates/opam-local-repo/packages/zarith/zarith-no-conf.dev/opam
opam repo remove canary-local 2>/dev/null || true
opam repo add canary-local "file://$(pwd)/canary/templates/opam-local-repo" --rank=1
opam update canary-local
opam remove -y zarith || true
opam install -y zarith-no-conf --verbose --keep-build-dir --assume-depexts \
  && echo 'ok' > /home/red/code/research/tola/_out/canary/projects/zarith/pack_binding/ocaml/pack_source-fetched-master_lib-fetched_ocaml_binding-built-dev.ok)
[2026-08-18 15:26:58.786] pack_binding_ocaml         detect  (ok, output present)
[2026-08-18 15:26:59.059] pack_binding_ocaml         check_post  (pass)
[2026-08-18 15:26:59.059] pack_binding_ocaml         done
[2026-08-18 15:26:59.062] *                          graph_end  (8/8 completed)
[2026-08-18 15:26:59.062] *                          diagram  (_out/canary/projects/zarith/-run/diagrams/all.mmd)
[2026-08-18 15:26:59.062] *                          diagram  (_out/canary/projects/zarith/-run/diagrams/full.mmd)
[2026-08-18 15:26:59.062] *                          view  (source (1 steps))
[2026-08-18 15:26:59.062] *                          view  (lib (3 steps))
[2026-08-18 15:26:59.062] *                          view  (probes (4 steps))
[2026-08-18 15:26:59.062] *                          view  (binding_ocaml (4 steps))
[2026-08-18 15:26:59.063] *                          html  (_out/canary/projects/zarith/-run/result.html)
[2026-08-18 15:26:59.064] *                          index  (_out/canary/projects/index.html)
[2026-08-18 15:26:59.064] *                          invariant  (full.mmd: OK (8 nodes, 8 IDs))
[2026-08-18 15:26:59.064] *                          invariant  (binding_ocaml.mmd: OK (8 nodes, 8 IDs))
[2026-08-18 15:26:59.064] *                          invariant  (source.mmd: OK (6 nodes, 8 IDs))
[2026-08-18 15:26:59.064] *                          invariant  (lib.mmd: OK (7 nodes, 8 IDs))
[2026-08-18 15:26:59.064] *                          invariant  (all.mmd: OK (6 nodes, 8 IDs))
[2026-08-18 15:26:59.064] *                          invariant  (probes.mmd: OK (8 nodes, 8 IDs))
[2026-08-18 15:26:59.064] *                          invariant  (ALL OK)
[2026-08-18 15:26:59.098] *                          variant_start  (source-fetched-master_lib-fetched_ocaml_binding-fetched)
[2026-08-18 15:26:59.098] *                          graph_start  (7 steps)
[2026-08-18 15:26:59.106] fetch_source               warm_gate  (marker + fingerprint + check_post passed)
[2026-08-18 15:26:59.106] fetch_source               skip  (verdict marker (prior success))
[2026-08-18 15:26:59.107] fetch_lib                  warm_gate  (marker + fingerprint + check_post passed)
[2026-08-18 15:26:59.107] fetch_lib                  skip  (verdict marker (prior success))
[2026-08-18 15:26:59.107] fetch_binding_ocaml        warm_gate  (marker + fingerprint + check_post passed)
[2026-08-18 15:26:59.107] fetch_binding_ocaml        skip  (verdict marker (prior success))
[2026-08-18 15:26:59.382] probe_binding_ocaml        warm_check_post  (FAIL — the postcondition no longer holds; re-running)
[2026-08-18 15:26:59.386] probe_binding_ocaml_inspect  warm_gate  (marker + fingerprint + check_post passed)
[2026-08-18 15:26:59.386] probe_binding_ocaml_inspect  skip  (verdict marker (prior success))
[2026-08-18 15:26:59.386] probe_lib                  warm_gate  (marker + fingerprint + check_post passed)
[2026-08-18 15:26:59.386] probe_lib                  skip  (verdict marker (prior success))
[2026-08-18 15:26:59.386] probe_lib_inspect          warm_gate  (marker + fingerprint + check_post passed)
[2026-08-18 15:26:59.386] probe_lib_inspect          skip  (verdict marker (prior success))
[2026-08-18 15:26:59.386] probe_binding_ocaml        check_pre  (pass)
[2026-08-18 15:26:59.388] probe_binding_ocaml        cmd  (eval $(opam env)
INSTALLED=$(opam list zarith --installed --short --columns=version 2>/dev/null)
test "$INSTALLED" = "1.14" || eval $(opam env) && opam install zarith.1.14 -y --assume-depexts
eval $(opam env)
ocamlfind ocamlopt -package zarith -linkpkg canary/examples/zarith/zarith_example.ml -o /home/red/code/research/tola/_out/canary/projects/zarith/probe_binding/ocaml/zarith_example > /home/red/code/research/tola/_out/canary/projects/zarith/probe_binding/ocaml/probe_source-fetched-master_lib-fetched_ocaml_binding-fetched.log 2>&1 && /home/red/code/research/tola/_out/canary/projects/zarith/probe_binding/ocaml/zarith_example >> /home/red/code/research/tola/_out/canary/projects/zarith/probe_binding/ocaml/probe_source-fetched-master_lib-fetched_ocaml_binding-fetched.log 2>&1
RC=$?
cat /home/red/code/research/tola/_out/canary/projects/zarith/probe_binding/ocaml/probe_source-fetched-master_lib-fetched_ocaml_binding-fetched.log
exit $RC)
[2026-08-18 15:27:06.191] probe_binding_ocaml        detect  (ok, output present)
[2026-08-18 15:27:06.480] probe_binding_ocaml        check_post  (pass)
[2026-08-18 15:27:06.480] probe_binding_ocaml        done
[2026-08-18 15:27:06.482] *                          graph_end  (7/7 completed)
[2026-08-18 15:27:06.483] *                          diagram  (_out/canary/projects/zarith/-run/diagrams/all.mmd)
[2026-08-18 15:27:06.483] *                          diagram  (_out/canary/projects/zarith/-run/diagrams/full.mmd)
[2026-08-18 15:27:06.483] *                          view  (source (1 steps))
[2026-08-18 15:27:06.483] *                          view  (lib (3 steps))
[2026-08-18 15:27:06.483] *                          view  (probes (4 steps))
[2026-08-18 15:27:06.483] *                          view  (binding_ocaml (3 steps))
[2026-08-18 15:27:06.483] *                          html  (_out/canary/projects/zarith/-run/result.html)
[2026-08-18 15:27:06.484] *                          index  (_out/canary/projects/index.html)
[2026-08-18 15:27:06.485] *                          invariant  (full.mmd: OK (7 nodes, 7 IDs))
[2026-08-18 15:27:06.485] *                          invariant  (binding_ocaml.mmd: OK (6 nodes, 7 IDs))
[2026-08-18 15:27:06.485] *                          invariant  (source.mmd: OK (5 nodes, 7 IDs))
[2026-08-18 15:27:06.485] *                          invariant  (lib.mmd: OK (6 nodes, 7 IDs))
[2026-08-18 15:27:06.485] *                          invariant  (all.mmd: OK (5 nodes, 7 IDs))
[2026-08-18 15:27:06.485] *                          invariant  (probes.mmd: OK (7 nodes, 7 IDs))
[2026-08-18 15:27:06.485] *                          invariant  (ALL OK)
[2026-08-18 18:32:32.149] *                          variant_start  (source-fetched-1.14_lib-fetched_ocaml_binding-fetched)
[2026-08-18 18:32:32.149] *                          graph_start  (7 steps)
[2026-08-18 18:32:32.161] fetch_source               warm_gate  (marker + fingerprint + check_post passed)
[2026-08-18 18:32:32.162] fetch_source               skip  (verdict marker (prior success))
[2026-08-18 18:32:32.162] fetch_lib                  warm_gate  (marker + fingerprint + check_post passed)
[2026-08-18 18:32:32.162] fetch_lib                  skip  (verdict marker (prior success))
[2026-08-18 18:32:32.162] fetch_binding_ocaml        warm_gate  (marker + fingerprint + check_post passed)
[2026-08-18 18:32:32.162] fetch_binding_ocaml        skip  (verdict marker (prior success))
[2026-08-18 18:32:32.483] probe_binding_ocaml        warm_gate  (marker + fingerprint + check_post passed)
[2026-08-18 18:32:32.483] probe_binding_ocaml        skip  (verdict marker (prior success))
[2026-08-18 18:32:32.484] probe_binding_ocaml_inspect  warm_gate  (marker + fingerprint + check_post passed)
[2026-08-18 18:32:32.484] probe_binding_ocaml_inspect  skip  (verdict marker (prior success))
[2026-08-18 18:32:32.484] probe_lib                  warm_gate  (marker + fingerprint + check_post passed)
[2026-08-18 18:32:32.484] probe_lib                  skip  (verdict marker (prior success))
[2026-08-18 18:32:32.484] probe_lib_inspect          warm_gate  (marker + fingerprint + check_post passed)
[2026-08-18 18:32:32.484] probe_lib_inspect          skip  (verdict marker (prior success))
[2026-08-18 18:32:32.484] *                          graph_end  (7/7 completed)
[2026-08-18 18:32:32.484] *                          diagram  (_out/canary/projects/zarith/-run/diagrams/all.mmd)
[2026-08-18 18:32:32.485] *                          diagram  (_out/canary/projects/zarith/-run/diagrams/full.mmd)
[2026-08-18 18:32:32.485] *                          view  (source (1 steps))
[2026-08-18 18:32:32.485] *                          view  (lib (3 steps))
[2026-08-18 18:32:32.485] *                          view  (probes (4 steps))
[2026-08-18 18:32:32.485] *                          view  (binding_ocaml (3 steps))
[2026-08-18 18:32:32.487] *                          html  (_out/canary/projects/zarith/-run/result.html)
[2026-08-18 18:32:32.488] *                          index  (_out/canary/projects/index.html)
[2026-08-18 18:32:32.488] *                          invariant  (full.mmd: OK (7 nodes, 7 IDs))
[2026-08-18 18:32:32.488] *                          invariant  (binding_ocaml.mmd: OK (6 nodes, 7 IDs))
[2026-08-18 18:32:32.488] *                          invariant  (source.mmd: OK (5 nodes, 7 IDs))
[2026-08-18 18:32:32.488] *                          invariant  (lib.mmd: OK (6 nodes, 7 IDs))
[2026-08-18 18:32:32.488] *                          invariant  (all.mmd: OK (5 nodes, 7 IDs))
[2026-08-18 18:32:32.488] *                          invariant  (probes.mmd: OK (7 nodes, 7 IDs))
[2026-08-18 18:32:32.488] *                          invariant  (ALL OK)
[2026-08-18 18:32:32.528] *                          variant_start  (source-fetched-master_lib-fetched_ocaml_binding-built-dev)
[2026-08-18 18:32:32.528] *                          graph_start  (8 steps)
[2026-08-18 18:32:32.538] fetch_source               warm_gate  (marker + fingerprint + check_post passed)
[2026-08-18 18:32:32.538] fetch_source               skip  (verdict marker (prior success))
[2026-08-18 18:32:32.538] fetch_lib                  warm_gate  (marker + fingerprint + check_post passed)
[2026-08-18 18:32:32.538] fetch_lib                  skip  (verdict marker (prior success))
[2026-08-18 18:32:32.538] build_binding_ocaml        warm_gate  (marker + fingerprint + check_post passed)
[2026-08-18 18:32:32.538] build_binding_ocaml        skip  (verdict marker (prior success))
[2026-08-18 18:32:32.823] pack_binding_ocaml         warm_check_post  (FAIL — the postcondition no longer holds; re-running)
[2026-08-18 18:32:32.827] probe_binding_ocaml        warm_gate  (marker + fingerprint + check_post passed)
[2026-08-18 18:32:32.827] probe_binding_ocaml        skip  (verdict marker (prior success))
[2026-08-18 18:32:32.827] probe_binding_ocaml_inspect  warm_gate  (marker + fingerprint + check_post passed)
[2026-08-18 18:32:32.827] probe_binding_ocaml_inspect  skip  (verdict marker (prior success))
[2026-08-18 18:32:32.827] probe_lib                  warm_gate  (marker + fingerprint + check_post passed)
[2026-08-18 18:32:32.827] probe_lib                  skip  (verdict marker (prior success))
[2026-08-18 18:32:32.828] probe_lib_inspect          warm_gate  (marker + fingerprint + check_post passed)
[2026-08-18 18:32:32.828] probe_lib_inspect          skip  (verdict marker (prior success))
[2026-08-18 18:32:32.828] pack_binding_ocaml         check_pre  (pass)
[2026-08-18 18:32:32.830] pack_binding_ocaml         cmd  (eval $(opam env)
printf 'opam-version: "2.0"\n' > "$(pwd)/canary/templates/opam-local-repo/repo"
OPAMVAR_CANARY_ZARITH_SRC="/home/red/code/contrib/zarith-all/zarith-master" opam config subst canary/templates/opam-local-repo/packages/zarith/zarith-no-conf.dev/opam
opam repo remove canary-local 2>/dev/null || true
opam repo add canary-local "file://$(pwd)/canary/templates/opam-local-repo" --rank=1
opam update canary-local
opam remove -y zarith || true
opam install -y zarith-no-conf --verbose --keep-build-dir --assume-depexts \
  && echo 'ok' > /home/red/code/research/tola/_out/canary/projects/zarith/pack_binding/ocaml/pack_source-fetched-master_lib-fetched_ocaml_binding-built-dev.ok)
[2026-08-18 18:32:44.450] pack_binding_ocaml         detect  (ok, output present)
[2026-08-18 18:32:44.731] pack_binding_ocaml         check_post  (pass)
[2026-08-18 18:32:44.731] pack_binding_ocaml         done
[2026-08-18 18:32:44.733] *                          graph_end  (8/8 completed)
[2026-08-18 18:32:44.733] *                          diagram  (_out/canary/projects/zarith/-run/diagrams/all.mmd)
[2026-08-18 18:32:44.733] *                          diagram  (_out/canary/projects/zarith/-run/diagrams/full.mmd)
[2026-08-18 18:32:44.733] *                          view  (source (1 steps))
[2026-08-18 18:32:44.733] *                          view  (lib (3 steps))
[2026-08-18 18:32:44.733] *                          view  (probes (4 steps))
[2026-08-18 18:32:44.733] *                          view  (binding_ocaml (4 steps))
[2026-08-18 18:32:44.734] *                          html  (_out/canary/projects/zarith/-run/result.html)
[2026-08-18 18:32:44.735] *                          index  (_out/canary/projects/index.html)
[2026-08-18 18:32:44.735] *                          invariant  (full.mmd: OK (8 nodes, 8 IDs))
[2026-08-18 18:32:44.735] *                          invariant  (binding_ocaml.mmd: OK (8 nodes, 8 IDs))
[2026-08-18 18:32:44.735] *                          invariant  (source.mmd: OK (6 nodes, 8 IDs))
[2026-08-18 18:32:44.735] *                          invariant  (lib.mmd: OK (7 nodes, 8 IDs))
[2026-08-18 18:32:44.735] *                          invariant  (all.mmd: OK (6 nodes, 8 IDs))
[2026-08-18 18:32:44.736] *                          invariant  (probes.mmd: OK (8 nodes, 8 IDs))
[2026-08-18 18:32:44.736] *                          invariant  (ALL OK)
[2026-08-18 18:32:44.770] *                          variant_start  (source-fetched-master_lib-fetched_ocaml_binding-fetched)
[2026-08-18 18:32:44.770] *                          graph_start  (7 steps)
[2026-08-18 18:32:44.779] fetch_source               warm_gate  (marker + fingerprint + check_post passed)
[2026-08-18 18:32:44.779] fetch_source               skip  (verdict marker (prior success))
[2026-08-18 18:32:44.780] fetch_lib                  warm_gate  (marker + fingerprint + check_post passed)
[2026-08-18 18:32:44.780] fetch_lib                  skip  (verdict marker (prior success))
[2026-08-18 18:32:44.780] fetch_binding_ocaml        warm_gate  (marker + fingerprint + check_post passed)
[2026-08-18 18:32:44.780] fetch_binding_ocaml        skip  (verdict marker (prior success))
[2026-08-18 18:32:45.058] probe_binding_ocaml        warm_check_post  (FAIL — the postcondition no longer holds; re-running)
[2026-08-18 18:32:45.062] probe_binding_ocaml_inspect  warm_gate  (marker + fingerprint + check_post passed)
[2026-08-18 18:32:45.062] probe_binding_ocaml_inspect  skip  (verdict marker (prior success))
[2026-08-18 18:32:45.062] probe_lib                  warm_gate  (marker + fingerprint + check_post passed)
[2026-08-18 18:32:45.062] probe_lib                  skip  (verdict marker (prior success))
[2026-08-18 18:32:45.062] probe_lib_inspect          warm_gate  (marker + fingerprint + check_post passed)
[2026-08-18 18:32:45.062] probe_lib_inspect          skip  (verdict marker (prior success))
[2026-08-18 18:32:45.062] probe_binding_ocaml        check_pre  (pass)
[2026-08-18 18:32:45.065] probe_binding_ocaml        cmd  (eval $(opam env)
INSTALLED=$(opam list zarith --installed --short --columns=version 2>/dev/null)
test "$INSTALLED" = "1.14" || eval $(opam env) && opam install zarith.1.14 -y --assume-depexts
eval $(opam env)
ocamlfind ocamlopt -package zarith -linkpkg canary/examples/zarith/zarith_example.ml -o /home/red/code/research/tola/_out/canary/projects/zarith/probe_binding/ocaml/zarith_example > /home/red/code/research/tola/_out/canary/projects/zarith/probe_binding/ocaml/probe_source-fetched-master_lib-fetched_ocaml_binding-fetched.log 2>&1 && /home/red/code/research/tola/_out/canary/projects/zarith/probe_binding/ocaml/zarith_example >> /home/red/code/research/tola/_out/canary/projects/zarith/probe_binding/ocaml/probe_source-fetched-master_lib-fetched_ocaml_binding-fetched.log 2>&1
RC=$?
cat /home/red/code/research/tola/_out/canary/projects/zarith/probe_binding/ocaml/probe_source-fetched-master_lib-fetched_ocaml_binding-fetched.log
exit $RC)
[2026-08-18 18:32:52.060] probe_binding_ocaml        detect  (ok, output present)
[2026-08-18 18:32:52.361] probe_binding_ocaml        check_post  (pass)
[2026-08-18 18:32:52.361] probe_binding_ocaml        done
[2026-08-18 18:32:52.363] *                          graph_end  (7/7 completed)
[2026-08-18 18:32:52.363] *                          diagram  (_out/canary/projects/zarith/-run/diagrams/all.mmd)
[2026-08-18 18:32:52.363] *                          diagram  (_out/canary/projects/zarith/-run/diagrams/full.mmd)
[2026-08-18 18:32:52.363] *                          view  (source (1 steps))
[2026-08-18 18:32:52.363] *                          view  (lib (3 steps))
[2026-08-18 18:32:52.363] *                          view  (probes (4 steps))
[2026-08-18 18:32:52.364] *                          view  (binding_ocaml (3 steps))
[2026-08-18 18:32:52.364] *                          html  (_out/canary/projects/zarith/-run/result.html)
[2026-08-18 18:32:52.365] *                          index  (_out/canary/projects/index.html)
[2026-08-18 18:32:52.365] *                          invariant  (full.mmd: OK (7 nodes, 7 IDs))
[2026-08-18 18:32:52.365] *                          invariant  (binding_ocaml.mmd: OK (6 nodes, 7 IDs))
[2026-08-18 18:32:52.365] *                          invariant  (source.mmd: OK (5 nodes, 7 IDs))
[2026-08-18 18:32:52.365] *                          invariant  (lib.mmd: OK (6 nodes, 7 IDs))
[2026-08-18 18:32:52.365] *                          invariant  (all.mmd: OK (5 nodes, 7 IDs))
[2026-08-18 18:32:52.365] *                          invariant  (probes.mmd: OK (7 nodes, 7 IDs))
[2026-08-18 18:32:52.365] *                          invariant  (ALL OK)
[2026-08-19 01:52:56.416] *                          variant_start  (lib-fetched_ocaml_binding-built-dev_binding_source_ocaml-fetched-master)
[2026-08-19 01:52:56.416] *                          graph_start  (8 steps)
[2026-08-19 01:52:56.416] fetch_lib                  check_pre  (pass)
[2026-08-19 01:52:56.418] fetch_lib                  cmd  (sudo apt-get install -y libgmp-dev && echo 'installed' > /home/red/code/research/tola/_out/canary/projects/zarith/fetch_lib/lib_lib-fetched_ocaml_binding-built-dev_binding_source_ocaml-fetched-master.ok)
[2026-08-19 01:52:56.808] fetch_lib                  detect  (ok, output present)
[2026-08-19 01:52:56.808] fetch_lib                  check_post  (pass)
[2026-08-19 01:52:56.808] fetch_lib                  done
[2026-08-19 01:52:56.810] fetch_binding_source_ocaml  check_pre  (pass)
[2026-08-19 01:52:56.815] fetch_binding_source_ocaml  cmd  (if [ ! -d /home/red/code/contrib/zarith-all/zarith/.git ]; then git clone https://github.com/ocaml/Zarith.git /home/red/code/contrib/zarith-all/zarith; fi && \
git -C /home/red/code/contrib/zarith-all/zarith fetch -q origin master && \
if [ ! -d /home/red/code/contrib/zarith-all/zarith-master ]; then git -C /home/red/code/contrib/zarith-all/zarith worktree add -f /home/red/code/contrib/zarith-all/zarith-master master; fi && \
git -C /home/red/code/contrib/zarith-all/zarith-master checkout -q -f master && \
echo '/home/red/code/contrib/zarith-all/zarith-master' > /home/red/code/research/tola/_out/canary/projects/zarith/fetch_binding_source/ocaml/source_lib-fetched_ocaml_binding-built-dev_binding_source_ocaml-fetched-master.ok)
[2026-08-19 01:52:57.212] fetch_binding_source_ocaml  detect  (ok, output present)
[2026-08-19 01:52:57.212] fetch_binding_source_ocaml  check_post  (FAIL)
[2026-08-19 01:52:57.212] fetch_binding_source_ocaml  failed  (postcondition failed)
[2026-08-19 01:52:57.212] probe_lib                  check_pre  (pass)
[2026-08-19 01:52:57.214] probe_lib                  cmd  (LIB_NATIVE=$(ls /usr/lib/x86_64-linux-gnu/libgmp.so* /usr/lib*/libgmp.so* 2>/dev/null \
        "$(brew --prefix gmp 2>/dev/null)/lib/libgmp.dylib" 2>/dev/null \
        | head -1)
test -n "$LIB_NATIVE" -a -e "$LIB_NATIVE"
COUNT=$(nm -D "$LIB_NATIVE" 2>/dev/null | grep -v ' U ' | grep -c '__gmp' || echo 0)
printf '__gmp symbols exported: %s\n' "$COUNT" | tee /home/red/code/research/tola/_out/canary/projects/zarith/probe_lib/probe_lib-fetched_ocaml_binding-built-dev_binding_source_ocaml-fetched-master.log
test "$COUNT" -gt 0)
[2026-08-19 01:52:57.264] probe_lib                  detect  (ok, output present)
[2026-08-19 01:52:57.264] probe_lib                  check_post  (pass)
[2026-08-19 01:52:57.264] probe_lib                  done
[2026-08-19 01:52:57.266] probe_lib_inspect          check_pre  (pass)
[2026-08-19 01:52:57.268] probe_lib_inspect          cmd  (LIB_NATIVE=$(ls /usr/lib/x86_64-linux-gnu/libgmp.so* /usr/lib*/libgmp.so* 2>/dev/null \
        "$(brew --prefix gmp 2>/dev/null)/lib/libgmp.dylib" 2>/dev/null \
        | head -1)
test -n "$LIB_NATIVE" -a -e "$LIB_NATIVE"
nm -D "$LIB_NATIVE" 2>/dev/null \
  | python3 canary/scripts/inspect_native.py --emit-symbols --elf --path "$LIB_NATIVE" --prefixes '__gmpz_,__gmpq_,__gmpf_,__gmpn_,__gmp_' --watchlist '__gmpn_add_n,__gmpn_divexact,__gmpn_gcd,__gmpn_gcdext,__gmpn_get_str,__gmpn_hamdist,__gmpn_lshift,__gmpn_mul,__gmpn_mul_1,__gmpn_mul_n,__gmpn_perfect_square_p,__gmpn_popcount,__gmpn_rshift,__gmpn_scan1,__gmpn_set_str,__gmpn_sqr,__gmpn_sqrtrem,__gmpn_sub_n,__gmpn_tdiv_qr,__gmpz_2fac_ui,__gmpz_bin_ui,__gmpz_clear,__gmpz_congruent_p,__gmpz_divisible_p,__gmpz_fac_ui,__gmpz_fib_ui,__gmpz_init,__gmpz_invert,__gmpz_jacobi,__gmpz_lucnum_ui,__gmpz_mfac_uiui,__gmpz_nextprime,__gmpz_perfect_power_p,__gmpz_pow_ui,__gmpz_powm,__gmpz_powm_sec,__gmpz_primorial_ui,__gmpz_probab_prime_p,__gmpz_realloc2,__gmpz_remove,__gmpz_root,__gmpz_rootrem' \
  > /home/red/code/research/tola/_out/canary/projects/zarith/probe_lib/inspect_lib-fetched_ocaml_binding-built-dev_binding_source_ocaml-fetched-master.json)
[2026-08-19 01:52:57.322] probe_lib_inspect          detect  (ok, output present)
[2026-08-19 01:52:57.322] probe_lib_inspect          check_post  (pass)
[2026-08-19 01:52:57.322] probe_lib_inspect          done
[2026-08-19 01:52:57.324] *                          graph_end  (3/8 completed)
[2026-08-19 01:52:57.324] fetch_binding_source_ocaml  failed
[2026-08-19 01:52:57.324] build_binding_ocaml        skipped
[2026-08-19 01:52:57.324] pack_binding_ocaml         skipped
[2026-08-19 01:52:57.324] probe_binding_ocaml        skipped
[2026-08-19 01:52:57.324] probe_binding_ocaml_inspect  skipped
[2026-08-19 01:52:57.324] *                          diagram  (_out/canary/projects/zarith/-run/diagrams/all.mmd)
[2026-08-19 01:52:57.324] *                          diagram  (_out/canary/projects/zarith/-run/diagrams/full.mmd)
[2026-08-19 01:52:57.324] *                          view  (lib (3 steps))
[2026-08-19 01:52:57.325] *                          view  (probes (4 steps))
[2026-08-19 01:52:57.325] *                          view  (binding_ocaml (4 steps))
[2026-08-19 01:52:57.327] *                          html  (_out/canary/projects/zarith/-run/result.html)
[2026-08-19 01:52:57.331] *                          index  (_out/canary/projects/index.html)
[2026-08-19 01:52:57.331] !                          invariant  (full.mmd: missing [2])
[2026-08-19 01:52:57.331] !                          invariant  (SOME FAILED)
[2026-08-19 01:52:57.373] *                          variant_start  (lib-fetched_ocaml_binding-fetched_binding_source_ocaml-fetched-1.14)
[2026-08-19 01:52:57.373] *                          graph_start  (7 steps)
[2026-08-19 01:52:57.373] fetch_lib                  check_pre  (pass)
[2026-08-19 01:52:57.376] fetch_lib                  cmd  (sudo apt-get install -y libgmp-dev && echo 'installed' > /home/red/code/research/tola/_out/canary/projects/zarith/fetch_lib/lib_lib-fetched_ocaml_binding-fetched_binding_source_ocaml-fetched-1.14.ok)
[2026-08-19 01:52:57.747] fetch_lib                  detect  (ok, output present)
[2026-08-19 01:52:57.747] fetch_lib                  check_post  (pass)
[2026-08-19 01:52:57.747] fetch_lib                  done
[2026-08-19 01:52:57.750] fetch_binding_source_ocaml  check_pre  (pass)
[2026-08-19 01:52:57.754] fetch_binding_source_ocaml  cmd  (if [ ! -d /home/red/code/contrib/zarith-all/zarith/.git ]; then git clone https://github.com/ocaml/Zarith.git /home/red/code/contrib/zarith-all/zarith; fi && \
git -C /home/red/code/contrib/zarith-all/zarith fetch -q origin release-1.14 && \
if [ ! -d /home/red/code/contrib/zarith-all/zarith-release-1.14 ]; then git -C /home/red/code/contrib/zarith-all/zarith worktree add -f /home/red/code/contrib/zarith-all/zarith-release-1.14 release-1.14; fi && \
git -C /home/red/code/contrib/zarith-all/zarith-release-1.14 checkout -q -f release-1.14 && \
echo '/home/red/code/contrib/zarith-all/zarith-release-1.14' > /home/red/code/research/tola/_out/canary/projects/zarith/fetch_binding_source/ocaml/source_lib-fetched_ocaml_binding-fetched_binding_source_ocaml-fetched-1.14.ok)
[2026-08-19 01:52:58.036] fetch_binding_source_ocaml  detect  (ok, output present)
[2026-08-19 01:52:58.036] fetch_binding_source_ocaml  check_post  (FAIL)
[2026-08-19 01:52:58.036] fetch_binding_source_ocaml  failed  (postcondition failed)
[2026-08-19 01:52:58.036] fetch_binding_ocaml        check_pre  (pass)
[2026-08-19 01:52:58.038] fetch_binding_ocaml        cmd  (eval $(opam env) && opam install zarith -y --assume-depexts && eval $(opam env) && opam install -y ocamlfind && echo 'installed' > /home/red/code/research/tola/_out/canary/projects/zarith/fetch_binding/ocaml/binding_lib-fetched_ocaml_binding-fetched_binding_source_ocaml-fetched-1.14.ok)
[2026-08-19 01:52:59.089] fetch_binding_ocaml        detect  (ok, output present)
[2026-08-19 01:52:59.089] fetch_binding_ocaml        check_post  (pass)
[2026-08-19 01:52:59.089] fetch_binding_ocaml        done
[2026-08-19 01:52:59.091] probe_binding_ocaml        check_pre  (pass)
[2026-08-19 01:52:59.093] probe_binding_ocaml        cmd  (eval $(opam env)
INSTALLED=$(opam list zarith --installed --short --columns=version 2>/dev/null)
test "$INSTALLED" = "1.14" || eval $(opam env) && opam install zarith.1.14 -y --assume-depexts
eval $(opam env)
ocamlfind ocamlopt -package zarith -linkpkg canary/examples/zarith/zarith_example.ml -o /home/red/code/research/tola/_out/canary/projects/zarith/probe_binding/ocaml/zarith_example > /home/red/code/research/tola/_out/canary/projects/zarith/probe_binding/ocaml/probe_lib-fetched_ocaml_binding-fetched_binding_source_ocaml-fetched-1.14.log 2>&1 && /home/red/code/research/tola/_out/canary/projects/zarith/probe_binding/ocaml/zarith_example >> /home/red/code/research/tola/_out/canary/projects/zarith/probe_binding/ocaml/probe_lib-fetched_ocaml_binding-fetched_binding_source_ocaml-fetched-1.14.log 2>&1
RC=$?
cat /home/red/code/research/tola/_out/canary/projects/zarith/probe_binding/ocaml/probe_lib-fetched_ocaml_binding-fetched_binding_source_ocaml-fetched-1.14.log
exit $RC)
[2026-08-19 01:52:59.956] probe_binding_ocaml        detect  (ok, output present)
[2026-08-19 01:53:00.223] probe_binding_ocaml        check_post  (pass)
[2026-08-19 01:53:00.223] probe_binding_ocaml        done
[2026-08-19 01:53:00.225] probe_binding_ocaml_inspect  check_pre  (pass)
[2026-08-19 01:53:00.227] probe_binding_ocaml_inspect  cmd  (eval $(opam env)
PKG_DIR=$(ocamlfind query 'zarith' 2>/dev/null)
test -n "$PKG_DIR"
{ for f in "$PKG_DIR"/*.cmxa "$PKG_DIR"/*.cma; do
    [ -f "$f" ] && ocamlobjinfo "$f"
  done
} | python3 canary/scripts/inspect_ocaml.py --path 'zarith' --watchlist 'Z,Q,Big_int_Z,Zarith_version' \
  > /home/red/code/research/tola/_out/canary/projects/zarith/probe_binding/ocaml/inspect_lib-fetched_ocaml_binding-fetched_binding_source_ocaml-fetched-1.14.json)
[2026-08-19 01:53:00.278] probe_binding_ocaml_inspect  detect  (ok, output present)
[2026-08-19 01:53:00.278] probe_binding_ocaml_inspect  check_post  (pass)
[2026-08-19 01:53:00.278] probe_binding_ocaml_inspect  done
[2026-08-19 01:53:00.280] probe_lib                  check_pre  (pass)
[2026-08-19 01:53:00.282] probe_lib                  cmd  (LIB_NATIVE=$(ls /usr/lib/x86_64-linux-gnu/libgmp.so* /usr/lib*/libgmp.so* 2>/dev/null \
        "$(brew --prefix gmp 2>/dev/null)/lib/libgmp.dylib" 2>/dev/null \
        | head -1)
test -n "$LIB_NATIVE" -a -e "$LIB_NATIVE"
COUNT=$(nm -D "$LIB_NATIVE" 2>/dev/null | grep -v ' U ' | grep -c '__gmp' || echo 0)
printf '__gmp symbols exported: %s\n' "$COUNT" | tee /home/red/code/research/tola/_out/canary/projects/zarith/probe_lib/probe_lib-fetched_ocaml_binding-fetched_binding_source_ocaml-fetched-1.14.log
test "$COUNT" -gt 0)
[2026-08-19 01:53:00.330] probe_lib                  detect  (ok, output present)
[2026-08-19 01:53:00.330] probe_lib                  check_post  (pass)
[2026-08-19 01:53:00.330] probe_lib                  done
[2026-08-19 01:53:00.332] probe_lib_inspect          check_pre  (pass)
[2026-08-19 01:53:00.334] probe_lib_inspect          cmd  (LIB_NATIVE=$(ls /usr/lib/x86_64-linux-gnu/libgmp.so* /usr/lib*/libgmp.so* 2>/dev/null \
        "$(brew --prefix gmp 2>/dev/null)/lib/libgmp.dylib" 2>/dev/null \
        | head -1)
test -n "$LIB_NATIVE" -a -e "$LIB_NATIVE"
nm -D "$LIB_NATIVE" 2>/dev/null \
  | python3 canary/scripts/inspect_native.py --emit-symbols --elf --path "$LIB_NATIVE" --prefixes '__gmpz_,__gmpq_,__gmpf_,__gmpn_,__gmp_' --watchlist '__gmpn_add_n,__gmpn_divexact,__gmpn_gcd,__gmpn_gcdext,__gmpn_get_str,__gmpn_hamdist,__gmpn_lshift,__gmpn_mul,__gmpn_mul_1,__gmpn_mul_n,__gmpn_perfect_square_p,__gmpn_popcount,__gmpn_rshift,__gmpn_scan1,__gmpn_set_str,__gmpn_sqr,__gmpn_sqrtrem,__gmpn_sub_n,__gmpn_tdiv_qr,__gmpz_2fac_ui,__gmpz_bin_ui,__gmpz_clear,__gmpz_congruent_p,__gmpz_divisible_p,__gmpz_fac_ui,__gmpz_fib_ui,__gmpz_init,__gmpz_invert,__gmpz_jacobi,__gmpz_lucnum_ui,__gmpz_mfac_uiui,__gmpz_nextprime,__gmpz_perfect_power_p,__gmpz_pow_ui,__gmpz_powm,__gmpz_powm_sec,__gmpz_primorial_ui,__gmpz_probab_prime_p,__gmpz_realloc2,__gmpz_remove,__gmpz_root,__gmpz_rootrem' \
  > /home/red/code/research/tola/_out/canary/projects/zarith/probe_lib/inspect_lib-fetched_ocaml_binding-fetched_binding_source_ocaml-fetched-1.14.json)
[2026-08-19 01:53:00.389] probe_lib_inspect          detect  (ok, output present)
[2026-08-19 01:53:00.389] probe_lib_inspect          check_post  (pass)
[2026-08-19 01:53:00.389] probe_lib_inspect          done
[2026-08-19 01:53:00.391] *                          graph_end  (6/7 completed)
[2026-08-19 01:53:00.391] fetch_binding_source_ocaml  failed
[2026-08-19 01:53:00.391] *                          diagram  (_out/canary/projects/zarith/-run/diagrams/all.mmd)
[2026-08-19 01:53:00.391] *                          diagram  (_out/canary/projects/zarith/-run/diagrams/full.mmd)
[2026-08-19 01:53:00.392] *                          view  (lib (3 steps))
[2026-08-19 01:53:00.392] *                          view  (probes (4 steps))
[2026-08-19 01:53:00.392] *                          view  (binding_ocaml (3 steps))
[2026-08-19 01:53:00.393] *                          html  (_out/canary/projects/zarith/-run/result.html)
[2026-08-19 01:53:00.393] *                          index  (_out/canary/projects/index.html)
[2026-08-19 01:53:00.393] !                          invariant  (full.mmd: missing [2])
[2026-08-19 01:53:00.393] !                          invariant  (SOME FAILED)
[2026-08-19 01:53:00.428] *                          variant_start  (lib-fetched_ocaml_binding-fetched_binding_source_ocaml-fetched-master)
[2026-08-19 01:53:00.428] *                          graph_start  (7 steps)
[2026-08-19 01:53:00.428] fetch_lib                  check_pre  (pass)
[2026-08-19 01:53:00.430] fetch_lib                  cmd  (sudo apt-get install -y libgmp-dev && echo 'installed' > /home/red/code/research/tola/_out/canary/projects/zarith/fetch_lib/lib_lib-fetched_ocaml_binding-fetched_binding_source_ocaml-fetched-master.ok)
[2026-08-19 01:53:00.784] fetch_lib                  detect  (ok, output present)
[2026-08-19 01:53:00.784] fetch_lib                  check_post  (pass)
[2026-08-19 01:53:00.784] fetch_lib                  done
[2026-08-19 01:53:00.786] fetch_binding_source_ocaml  check_pre  (pass)
[2026-08-19 01:53:00.789] fetch_binding_source_ocaml  cmd  (if [ ! -d /home/red/code/contrib/zarith-all/zarith/.git ]; then git clone https://github.com/ocaml/Zarith.git /home/red/code/contrib/zarith-all/zarith; fi && \
git -C /home/red/code/contrib/zarith-all/zarith fetch -q origin master && \
if [ ! -d /home/red/code/contrib/zarith-all/zarith-master ]; then git -C /home/red/code/contrib/zarith-all/zarith worktree add -f /home/red/code/contrib/zarith-all/zarith-master master; fi && \
git -C /home/red/code/contrib/zarith-all/zarith-master checkout -q -f master && \
echo '/home/red/code/contrib/zarith-all/zarith-master' > /home/red/code/research/tola/_out/canary/projects/zarith/fetch_binding_source/ocaml/source_lib-fetched_ocaml_binding-fetched_binding_source_ocaml-fetched-master.ok)
[2026-08-19 01:53:01.112] fetch_binding_source_ocaml  detect  (ok, output present)
[2026-08-19 01:53:01.112] fetch_binding_source_ocaml  check_post  (FAIL)
[2026-08-19 01:53:01.112] fetch_binding_source_ocaml  failed  (postcondition failed)
[2026-08-19 01:53:01.112] fetch_binding_ocaml        check_pre  (pass)
[2026-08-19 01:53:01.114] fetch_binding_ocaml        cmd  (eval $(opam env) && opam install zarith -y --assume-depexts && eval $(opam env) && opam install -y ocamlfind && echo 'installed' > /home/red/code/research/tola/_out/canary/projects/zarith/fetch_binding/ocaml/binding_lib-fetched_ocaml_binding-fetched_binding_source_ocaml-fetched-master.ok)
[2026-08-19 01:53:02.084] fetch_binding_ocaml        detect  (ok, output present)
[2026-08-19 01:53:02.084] fetch_binding_ocaml        check_post  (pass)
[2026-08-19 01:53:02.084] fetch_binding_ocaml        done
[2026-08-19 01:53:02.086] probe_binding_ocaml        check_pre  (pass)
[2026-08-19 01:53:02.088] probe_binding_ocaml        cmd  (eval $(opam env)
INSTALLED=$(opam list zarith --installed --short --columns=version 2>/dev/null)
test "$INSTALLED" = "1.14" || eval $(opam env) && opam install zarith.1.14 -y --assume-depexts
eval $(opam env)
ocamlfind ocamlopt -package zarith -linkpkg canary/examples/zarith/zarith_example.ml -o /home/red/code/research/tola/_out/canary/projects/zarith/probe_binding/ocaml/zarith_example > /home/red/code/research/tola/_out/canary/projects/zarith/probe_binding/ocaml/probe_lib-fetched_ocaml_binding-fetched_binding_source_ocaml-fetched-master.log 2>&1 && /home/red/code/research/tola/_out/canary/projects/zarith/probe_binding/ocaml/zarith_example >> /home/red/code/research/tola/_out/canary/projects/zarith/probe_binding/ocaml/probe_lib-fetched_ocaml_binding-fetched_binding_source_ocaml-fetched-master.log 2>&1
RC=$?
cat /home/red/code/research/tola/_out/canary/projects/zarith/probe_binding/ocaml/probe_lib-fetched_ocaml_binding-fetched_binding_source_ocaml-fetched-master.log
exit $RC)
[2026-08-19 01:53:02.931] probe_binding_ocaml        detect  (ok, output present)
[2026-08-19 01:53:03.198] probe_binding_ocaml        check_post  (pass)
[2026-08-19 01:53:03.198] probe_binding_ocaml        done
[2026-08-19 01:53:03.200] probe_binding_ocaml_inspect  check_pre  (pass)
[2026-08-19 01:53:03.202] probe_binding_ocaml_inspect  cmd  (eval $(opam env)
PKG_DIR=$(ocamlfind query 'zarith' 2>/dev/null)
test -n "$PKG_DIR"
{ for f in "$PKG_DIR"/*.cmxa "$PKG_DIR"/*.cma; do
    [ -f "$f" ] && ocamlobjinfo "$f"
  done
} | python3 canary/scripts/inspect_ocaml.py --path 'zarith' --watchlist 'Z,Q,Big_int_Z,Zarith_version' \
  > /home/red/code/research/tola/_out/canary/projects/zarith/probe_binding/ocaml/inspect_lib-fetched_ocaml_binding-fetched_binding_source_ocaml-fetched-master.json)
[2026-08-19 01:53:03.253] probe_binding_ocaml_inspect  detect  (ok, output present)
[2026-08-19 01:53:03.253] probe_binding_ocaml_inspect  check_post  (pass)
[2026-08-19 01:53:03.253] probe_binding_ocaml_inspect  done
[2026-08-19 01:53:03.256] probe_lib                  check_pre  (pass)
[2026-08-19 01:53:03.258] probe_lib                  cmd  (LIB_NATIVE=$(ls /usr/lib/x86_64-linux-gnu/libgmp.so* /usr/lib*/libgmp.so* 2>/dev/null \
        "$(brew --prefix gmp 2>/dev/null)/lib/libgmp.dylib" 2>/dev/null \
        | head -1)
test -n "$LIB_NATIVE" -a -e "$LIB_NATIVE"
COUNT=$(nm -D "$LIB_NATIVE" 2>/dev/null | grep -v ' U ' | grep -c '__gmp' || echo 0)
printf '__gmp symbols exported: %s\n' "$COUNT" | tee /home/red/code/research/tola/_out/canary/projects/zarith/probe_lib/probe_lib-fetched_ocaml_binding-fetched_binding_source_ocaml-fetched-master.log
test "$COUNT" -gt 0)
[2026-08-19 01:53:03.311] probe_lib                  detect  (ok, output present)
[2026-08-19 01:53:03.311] probe_lib                  check_post  (pass)
[2026-08-19 01:53:03.311] probe_lib                  done
[2026-08-19 01:53:03.313] probe_lib_inspect          check_pre  (pass)
[2026-08-19 01:53:03.315] probe_lib_inspect          cmd  (LIB_NATIVE=$(ls /usr/lib/x86_64-linux-gnu/libgmp.so* /usr/lib*/libgmp.so* 2>/dev/null \
        "$(brew --prefix gmp 2>/dev/null)/lib/libgmp.dylib" 2>/dev/null \
        | head -1)
test -n "$LIB_NATIVE" -a -e "$LIB_NATIVE"
nm -D "$LIB_NATIVE" 2>/dev/null \
  | python3 canary/scripts/inspect_native.py --emit-symbols --elf --path "$LIB_NATIVE" --prefixes '__gmpz_,__gmpq_,__gmpf_,__gmpn_,__gmp_' --watchlist '__gmpn_add_n,__gmpn_divexact,__gmpn_gcd,__gmpn_gcdext,__gmpn_get_str,__gmpn_hamdist,__gmpn_lshift,__gmpn_mul,__gmpn_mul_1,__gmpn_mul_n,__gmpn_perfect_square_p,__gmpn_popcount,__gmpn_rshift,__gmpn_scan1,__gmpn_set_str,__gmpn_sqr,__gmpn_sqrtrem,__gmpn_sub_n,__gmpn_tdiv_qr,__gmpz_2fac_ui,__gmpz_bin_ui,__gmpz_clear,__gmpz_congruent_p,__gmpz_divisible_p,__gmpz_fac_ui,__gmpz_fib_ui,__gmpz_init,__gmpz_invert,__gmpz_jacobi,__gmpz_lucnum_ui,__gmpz_mfac_uiui,__gmpz_nextprime,__gmpz_perfect_power_p,__gmpz_pow_ui,__gmpz_powm,__gmpz_powm_sec,__gmpz_primorial_ui,__gmpz_probab_prime_p,__gmpz_realloc2,__gmpz_remove,__gmpz_root,__gmpz_rootrem' \
  > /home/red/code/research/tola/_out/canary/projects/zarith/probe_lib/inspect_lib-fetched_ocaml_binding-fetched_binding_source_ocaml-fetched-master.json)
[2026-08-19 01:53:03.369] probe_lib_inspect          detect  (ok, output present)
[2026-08-19 01:53:03.370] probe_lib_inspect          check_post  (pass)
[2026-08-19 01:53:03.370] probe_lib_inspect          done
[2026-08-19 01:53:03.372] *                          graph_end  (6/7 completed)
[2026-08-19 01:53:03.372] fetch_binding_source_ocaml  failed
[2026-08-19 01:53:03.372] *                          diagram  (_out/canary/projects/zarith/-run/diagrams/all.mmd)
[2026-08-19 01:53:03.372] *                          diagram  (_out/canary/projects/zarith/-run/diagrams/full.mmd)
[2026-08-19 01:53:03.372] *                          view  (lib (3 steps))
[2026-08-19 01:53:03.372] *                          view  (probes (4 steps))
[2026-08-19 01:53:03.372] *                          view  (binding_ocaml (3 steps))
[2026-08-19 01:53:03.374] *                          html  (_out/canary/projects/zarith/-run/result.html)
[2026-08-19 01:53:03.374] *                          index  (_out/canary/projects/index.html)
[2026-08-19 01:53:03.374] !                          invariant  (full.mmd: missing [2])
[2026-08-19 01:53:03.374] !                          invariant  (SOME FAILED)
[2026-08-19 01:54:00.820] *                          variant_start  (lib-fetched_ocaml_binding-built-dev_binding_source_ocaml-fetched-master)
[2026-08-19 01:54:00.820] *                          graph_start  (8 steps)
[2026-08-19 01:54:00.820] fetch_lib                  warm_gate  (marker + fingerprint + check_post passed)
[2026-08-19 01:54:00.820] fetch_lib                  skip  (verdict marker (prior success))
[2026-08-19 01:54:00.820] probe_lib                  warm_gate  (marker + fingerprint + check_post passed)
[2026-08-19 01:54:00.820] probe_lib                  skip  (verdict marker (prior success))
[2026-08-19 01:54:00.820] probe_lib_inspect          warm_gate  (marker + fingerprint + check_post passed)
[2026-08-19 01:54:00.820] probe_lib_inspect          skip  (verdict marker (prior success))
[2026-08-19 01:54:00.820] fetch_binding_source_ocaml  check_pre  (pass)
[2026-08-19 01:54:00.824] fetch_binding_source_ocaml  cmd  (if [ ! -d /home/red/code/contrib/zarith-all/zarith/.git ]; then git clone https://github.com/ocaml/Zarith.git /home/red/code/contrib/zarith-all/zarith; fi && \
git -C /home/red/code/contrib/zarith-all/zarith fetch -q origin master && \
if [ ! -d /home/red/code/contrib/zarith-all/zarith-master ]; then git -C /home/red/code/contrib/zarith-all/zarith worktree add -f /home/red/code/contrib/zarith-all/zarith-master master; fi && \
git -C /home/red/code/contrib/zarith-all/zarith-master checkout -q -f master && \
echo '/home/red/code/contrib/zarith-all/zarith-master' > /home/red/code/research/tola/_out/canary/projects/zarith/fetch_binding_source/ocaml/binding_source_lib-fetched_ocaml_binding-built-dev_binding_source_ocaml-fetched-master.ok)
[2026-08-19 01:54:01.183] fetch_binding_source_ocaml  detect  (ok, output present)
[2026-08-19 01:54:01.183] fetch_binding_source_ocaml  check_post  (pass)
[2026-08-19 01:54:01.183] fetch_binding_source_ocaml  done
[2026-08-19 01:54:01.187] build_binding_ocaml        check_pre  (pass)
[2026-08-19 01:54:01.189] build_binding_ocaml        cmd  (eval $(opam env) && rm -rf /home/red/code/research/tola/_out/canary/projects/zarith/build_binding/ocaml/../../src_lib-fetched_ocaml_binding-built-dev_binding_source_ocaml-fetched-master && cp -r /home/red/code/contrib/zarith-all/zarith-master /home/red/code/research/tola/_out/canary/projects/zarith/build_binding/ocaml/../../src_lib-fetched_ocaml_binding-built-dev_binding_source_ocaml-fetched-master && cd /home/red/code/research/tola/_out/canary/projects/zarith/build_binding/ocaml/../../src_lib-fetched_ocaml_binding-built-dev_binding_source_ocaml-fetched-master && ./configure && make && cd "$OLDPWD" && STUB=$(ls /home/red/code/research/tola/_out/canary/projects/zarith/build_binding/ocaml/../../src_lib-fetched_ocaml_binding-built-dev_binding_source_ocaml-fetched-master/*.a 2>/dev/null | head -1)
test -n "$STUB"
python3 canary/scripts/inspect_binding.py --kind stub --path "$STUB" --prefix '__gmp' --watchlist '' > /home/red/code/research/tola/_out/canary/projects/zarith/build_binding/ocaml/inspect_lib-fetched_ocaml_binding-built-dev_binding_source_ocaml-fetched-master.json && mkdir -p /home/red/code/research/tola/_out/canary/projects/zarith/build_binding/ocaml/../../build_lib
LIB_NATIVE=$(ls /usr/lib/x86_64-linux-gnu/libgmp.so* /usr/lib*/libgmp.so* 2>/dev/null \
        "$(brew --prefix gmp 2>/dev/null)/lib/libgmp.dylib" 2>/dev/null \
        | head -1)
test -n "$LIB_NATIVE" -a -e "$LIB_NATIVE"
nm -D "$LIB_NATIVE" 2>/dev/null \
  | python3 canary/scripts/inspect_native.py --emit-symbols --elf --path "$LIB_NATIVE" --prefixes '__gmpz_,__gmpq_,__gmpf_,__gmpn_,__gmp_' --watchlist '' > /home/red/code/research/tola/_out/canary/projects/zarith/build_binding/ocaml/../../build_lib/inspect_lib-fetched_ocaml_binding-built-dev_binding_source_ocaml-fetched-master.json && echo 'ok' > /home/red/code/research/tola/_out/canary/projects/zarith/build_binding/ocaml/build_lib-fetched_ocaml_binding-built-dev_binding_source_ocaml-fetched-master.ok)
[2026-08-19 01:54:03.213] build_binding_ocaml        detect  (ok, output present)
[2026-08-19 01:54:03.213] build_binding_ocaml        check_post  (pass)
[2026-08-19 01:54:03.213] build_binding_ocaml        done
[2026-08-19 01:54:03.215] pack_binding_ocaml         check_pre  (pass)
[2026-08-19 01:54:03.218] pack_binding_ocaml         cmd  (eval $(opam env)
printf 'opam-version: "2.0"\n' > "$(pwd)/canary/templates/opam-local-repo/repo"
OPAMVAR_CANARY_ZARITH_SRC="/home/red/code/contrib/zarith-all/zarith-master" opam config subst canary/templates/opam-local-repo/packages/zarith/zarith-no-conf.dev/opam
opam repo remove canary-local 2>/dev/null || true
opam repo add canary-local "file://$(pwd)/canary/templates/opam-local-repo" --rank=1
opam update canary-local
opam remove -y zarith || true
opam install -y zarith-no-conf --verbose --keep-build-dir --assume-depexts \
  && echo 'ok' > /home/red/code/research/tola/_out/canary/projects/zarith/pack_binding/ocaml/pack_lib-fetched_ocaml_binding-built-dev_binding_source_ocaml-fetched-master.ok)
[2026-08-19 01:54:15.731] pack_binding_ocaml         detect  (ok, output present)
[2026-08-19 01:54:15.992] pack_binding_ocaml         check_post  (pass)
[2026-08-19 01:54:15.992] pack_binding_ocaml         done
[2026-08-19 01:54:15.994] probe_binding_ocaml        check_pre  (pass)
[2026-08-19 01:54:15.996] probe_binding_ocaml        cmd  (eval $(opam env) && export LD_LIBRARY_PATH=/home/red/code/research/tola/_out/canary/projects/zarith/probe_binding/ocaml/../../src_lib-fetched_ocaml_binding-built-dev_binding_source_ocaml-fetched-master: && ocamlfind ocamlopt -I /home/red/code/research/tola/_out/canary/projects/zarith/probe_binding/ocaml/../../src_lib-fetched_ocaml_binding-built-dev_binding_source_ocaml-fetched-master /home/red/code/research/tola/_out/canary/projects/zarith/probe_binding/ocaml/../../src_lib-fetched_ocaml_binding-built-dev_binding_source_ocaml-fetched-master/zarith.cmxa canary/examples/zarith/zarith_example.ml -o /home/red/code/research/tola/_out/canary/projects/zarith/probe_binding/ocaml/zarith_example > /home/red/code/research/tola/_out/canary/projects/zarith/probe_binding/ocaml/probe_lib-fetched_ocaml_binding-built-dev_binding_source_ocaml-fetched-master.log 2>&1 && /home/red/code/research/tola/_out/canary/projects/zarith/probe_binding/ocaml/zarith_example >> /home/red/code/research/tola/_out/canary/projects/zarith/probe_binding/ocaml/probe_lib-fetched_ocaml_binding-built-dev_binding_source_ocaml-fetched-master.log 2>&1 && cat /home/red/code/research/tola/_out/canary/projects/zarith/probe_binding/ocaml/probe_lib-fetched_ocaml_binding-built-dev_binding_source_ocaml-fetched-master.log)
[2026-08-19 01:54:16.100] probe_binding_ocaml        detect  (ok, output present)
[2026-08-19 01:54:16.101] probe_binding_ocaml        compat_predicted  (no contract fired)
[2026-08-19 01:54:16.102] probe_binding_ocaml        compat_note  (c1 cmp_symbol: consumer requires 42 of the provider's 620 symbols (e.g. __gmpn_add_n in use; __gmp_0 in the unused remainder) — POSSIBLY OUT-OF-DATE (a small consumer surface may be by design or lag))
[2026-08-19 01:54:16.102] probe_binding_ocaml        contract_skipped  (c3 cmp_behavior: disabled in registry (blocked))
[2026-08-19 01:54:16.102] probe_binding_ocaml        contract_skipped  (c7 api_sound_repack: disabled in registry (stubbed))
[2026-08-19 01:54:16.102] probe_binding_ocaml        contract_skipped  (c8 cmp_api_faithfulness: disabled in registry (stubbed))
[2026-08-19 01:54:16.102] probe_binding_ocaml        done  (no compat failure predicted; success expected)
[2026-08-19 01:54:16.104] probe_binding_ocaml_inspect  check_pre  (pass)
[2026-08-19 01:54:16.105] probe_binding_ocaml_inspect  cmd  (eval $(opam env)
PKG_DIR=$(ocamlfind query 'zarith' 2>/dev/null)
test -n "$PKG_DIR"
{ for f in "$PKG_DIR"/*.cmxa "$PKG_DIR"/*.cma; do
    [ -f "$f" ] && ocamlobjinfo "$f"
  done
} | python3 canary/scripts/inspect_ocaml.py --path 'zarith' --watchlist 'Z,Q,Big_int_Z,Zarith_version' \
  > /home/red/code/research/tola/_out/canary/projects/zarith/probe_binding/ocaml/inspect_lib-fetched_ocaml_binding-built-dev_binding_source_ocaml-fetched-master.json)
[2026-08-19 01:54:16.156] probe_binding_ocaml_inspect  detect  (ok, output present)
[2026-08-19 01:54:16.156] probe_binding_ocaml_inspect  check_post  (pass)
[2026-08-19 01:54:16.156] probe_binding_ocaml_inspect  done
[2026-08-19 01:54:16.158] *                          graph_end  (8/8 completed)
[2026-08-19 01:54:16.158] *                          diagram  (_out/canary/projects/zarith/-run/diagrams/all.mmd)
[2026-08-19 01:54:16.158] *                          diagram  (_out/canary/projects/zarith/-run/diagrams/full.mmd)
[2026-08-19 01:54:16.158] *                          view  (lib (3 steps))
[2026-08-19 01:54:16.158] *                          view  (probes (4 steps))
[2026-08-19 01:54:16.159] *                          view  (binding_ocaml (4 steps))
[2026-08-19 01:54:16.160] *                          html  (_out/canary/projects/zarith/-run/result.html)
[2026-08-19 01:54:16.161] *                          index  (_out/canary/projects/index.html)
[2026-08-19 01:54:16.161] !                          invariant  (full.mmd: missing [2])
[2026-08-19 01:54:16.161] !                          invariant  (SOME FAILED)
[2026-08-19 01:54:16.198] *                          variant_start  (lib-fetched_ocaml_binding-fetched_binding_source_ocaml-fetched-1.14)
[2026-08-19 01:54:16.198] *                          graph_start  (7 steps)
[2026-08-19 01:54:16.198] fetch_lib                  warm_gate  (marker + fingerprint + check_post passed)
[2026-08-19 01:54:16.198] fetch_lib                  skip  (verdict marker (prior success))
[2026-08-19 01:54:16.198] fetch_binding_ocaml        warm_gate  (marker + fingerprint + check_post passed)
[2026-08-19 01:54:16.198] fetch_binding_ocaml        skip  (verdict marker (prior success))
[2026-08-19 01:54:16.457] probe_binding_ocaml        warm_check_post  (FAIL — the postcondition no longer holds; re-running)
[2026-08-19 01:54:16.457] probe_binding_ocaml_inspect  warm_gate  (marker + fingerprint + check_post passed)
[2026-08-19 01:54:16.457] probe_binding_ocaml_inspect  skip  (verdict marker (prior success))
[2026-08-19 01:54:16.457] probe_lib                  warm_gate  (marker + fingerprint + check_post passed)
[2026-08-19 01:54:16.457] probe_lib                  skip  (verdict marker (prior success))
[2026-08-19 01:54:16.457] probe_lib_inspect          warm_gate  (marker + fingerprint + check_post passed)
[2026-08-19 01:54:16.457] probe_lib_inspect          skip  (verdict marker (prior success))
[2026-08-19 01:54:16.457] fetch_binding_source_ocaml  check_pre  (pass)
[2026-08-19 01:54:16.461] fetch_binding_source_ocaml  cmd  (if [ ! -d /home/red/code/contrib/zarith-all/zarith/.git ]; then git clone https://github.com/ocaml/Zarith.git /home/red/code/contrib/zarith-all/zarith; fi && \
git -C /home/red/code/contrib/zarith-all/zarith fetch -q origin release-1.14 && \
if [ ! -d /home/red/code/contrib/zarith-all/zarith-release-1.14 ]; then git -C /home/red/code/contrib/zarith-all/zarith worktree add -f /home/red/code/contrib/zarith-all/zarith-release-1.14 release-1.14; fi && \
git -C /home/red/code/contrib/zarith-all/zarith-release-1.14 checkout -q -f release-1.14 && \
echo '/home/red/code/contrib/zarith-all/zarith-release-1.14' > /home/red/code/research/tola/_out/canary/projects/zarith/fetch_binding_source/ocaml/binding_source_lib-fetched_ocaml_binding-fetched_binding_source_ocaml-fetched-1.14.ok)
[2026-08-19 01:54:16.799] fetch_binding_source_ocaml  detect  (ok, output present)
[2026-08-19 01:54:16.799] fetch_binding_source_ocaml  check_post  (pass)
[2026-08-19 01:54:16.799] fetch_binding_source_ocaml  done
[2026-08-19 01:54:16.803] probe_binding_ocaml        check_pre  (pass)
[2026-08-19 01:54:16.804] probe_binding_ocaml        cmd  (eval $(opam env)
INSTALLED=$(opam list zarith --installed --short --columns=version 2>/dev/null)
test "$INSTALLED" = "1.14" || eval $(opam env) && opam install zarith.1.14 -y --assume-depexts
eval $(opam env)
ocamlfind ocamlopt -package zarith -linkpkg canary/examples/zarith/zarith_example.ml -o /home/red/code/research/tola/_out/canary/projects/zarith/probe_binding/ocaml/zarith_example > /home/red/code/research/tola/_out/canary/projects/zarith/probe_binding/ocaml/probe_lib-fetched_ocaml_binding-fetched_binding_source_ocaml-fetched-1.14.log 2>&1 && /home/red/code/research/tola/_out/canary/projects/zarith/probe_binding/ocaml/zarith_example >> /home/red/code/research/tola/_out/canary/projects/zarith/probe_binding/ocaml/probe_lib-fetched_ocaml_binding-fetched_binding_source_ocaml-fetched-1.14.log 2>&1
RC=$?
cat /home/red/code/research/tola/_out/canary/projects/zarith/probe_binding/ocaml/probe_lib-fetched_ocaml_binding-fetched_binding_source_ocaml-fetched-1.14.log
exit $RC)
[2026-08-19 01:54:22.554] probe_binding_ocaml        detect  (ok, output present)
[2026-08-19 01:54:22.834] probe_binding_ocaml        check_post  (pass)
[2026-08-19 01:54:22.834] probe_binding_ocaml        done
[2026-08-19 01:54:22.836] *                          graph_end  (7/7 completed)
[2026-08-19 01:54:22.836] *                          diagram  (_out/canary/projects/zarith/-run/diagrams/all.mmd)
[2026-08-19 01:54:22.837] *                          diagram  (_out/canary/projects/zarith/-run/diagrams/full.mmd)
[2026-08-19 01:54:22.837] *                          view  (lib (3 steps))
[2026-08-19 01:54:22.837] *                          view  (probes (4 steps))
[2026-08-19 01:54:22.837] *                          view  (binding_ocaml (3 steps))
[2026-08-19 01:54:22.838] *                          html  (_out/canary/projects/zarith/-run/result.html)
[2026-08-19 01:54:22.839] *                          index  (_out/canary/projects/index.html)
[2026-08-19 01:54:22.839] !                          invariant  (full.mmd: missing [2])
[2026-08-19 01:54:22.839] !                          invariant  (SOME FAILED)
[2026-08-19 01:54:22.874] *                          variant_start  (lib-fetched_ocaml_binding-fetched_binding_source_ocaml-fetched-master)
[2026-08-19 01:54:22.874] *                          graph_start  (7 steps)
[2026-08-19 01:54:22.875] fetch_lib                  warm_gate  (marker + fingerprint + check_post passed)
[2026-08-19 01:54:22.875] fetch_lib                  skip  (verdict marker (prior success))
[2026-08-19 01:54:22.875] fetch_binding_ocaml        warm_gate  (marker + fingerprint + check_post passed)
[2026-08-19 01:54:22.875] fetch_binding_ocaml        skip  (verdict marker (prior success))
[2026-08-19 01:54:23.141] probe_binding_ocaml        warm_gate  (marker + fingerprint + check_post passed)
[2026-08-19 01:54:23.141] probe_binding_ocaml        skip  (verdict marker (prior success))
[2026-08-19 01:54:23.141] probe_binding_ocaml_inspect  warm_gate  (marker + fingerprint + check_post passed)
[2026-08-19 01:54:23.141] probe_binding_ocaml_inspect  skip  (verdict marker (prior success))
[2026-08-19 01:54:23.141] probe_lib                  warm_gate  (marker + fingerprint + check_post passed)
[2026-08-19 01:54:23.141] probe_lib                  skip  (verdict marker (prior success))
[2026-08-19 01:54:23.141] probe_lib_inspect          warm_gate  (marker + fingerprint + check_post passed)
[2026-08-19 01:54:23.141] probe_lib_inspect          skip  (verdict marker (prior success))
[2026-08-19 01:54:23.141] fetch_binding_source_ocaml  check_pre  (pass)
[2026-08-19 01:54:23.145] fetch_binding_source_ocaml  cmd  (if [ ! -d /home/red/code/contrib/zarith-all/zarith/.git ]; then git clone https://github.com/ocaml/Zarith.git /home/red/code/contrib/zarith-all/zarith; fi && \
git -C /home/red/code/contrib/zarith-all/zarith fetch -q origin master && \
if [ ! -d /home/red/code/contrib/zarith-all/zarith-master ]; then git -C /home/red/code/contrib/zarith-all/zarith worktree add -f /home/red/code/contrib/zarith-all/zarith-master master; fi && \
git -C /home/red/code/contrib/zarith-all/zarith-master checkout -q -f master && \
echo '/home/red/code/contrib/zarith-all/zarith-master' > /home/red/code/research/tola/_out/canary/projects/zarith/fetch_binding_source/ocaml/binding_source_lib-fetched_ocaml_binding-fetched_binding_source_ocaml-fetched-master.ok)
[2026-08-19 01:54:23.458] fetch_binding_source_ocaml  detect  (ok, output present)
[2026-08-19 01:54:23.458] fetch_binding_source_ocaml  check_post  (pass)
[2026-08-19 01:54:23.458] fetch_binding_source_ocaml  done
[2026-08-19 01:54:23.462] *                          graph_end  (7/7 completed)
[2026-08-19 01:54:23.463] *                          diagram  (_out/canary/projects/zarith/-run/diagrams/all.mmd)
[2026-08-19 01:54:23.463] *                          diagram  (_out/canary/projects/zarith/-run/diagrams/full.mmd)
[2026-08-19 01:54:23.463] *                          view  (lib (3 steps))
[2026-08-19 01:54:23.463] *                          view  (probes (4 steps))
[2026-08-19 01:54:23.463] *                          view  (binding_ocaml (3 steps))
[2026-08-19 01:54:23.464] *                          html  (_out/canary/projects/zarith/-run/result.html)
[2026-08-19 01:54:23.465] *                          index  (_out/canary/projects/index.html)
[2026-08-19 01:54:23.465] !                          invariant  (full.mmd: missing [2])
[2026-08-19 01:54:23.465] !                          invariant  (SOME FAILED)
[2026-08-27 19:59:42.698] *                          variant_start  (lib-fetched_ocaml_binding-fetched_binding_source_ocaml-fetched-1.14)
[2026-08-27 19:59:42.698] *                          graph_start  (6 steps)
[2026-08-27 19:59:42.698] fetch_lib                  marker_stale  (spec changed since the marker — re-running)
[2026-08-27 19:59:42.699] fetch_binding_ocaml        marker_stale  (spec changed since the marker — re-running)
[2026-08-27 19:59:42.699] probe_binding_ocaml        marker_stale  (spec changed since the marker — re-running)
[2026-08-27 19:59:42.700] probe_binding_ocaml_inspect  marker_stale  (spec changed since the marker — re-running)
[2026-08-27 19:59:42.700] probe_lib                  marker_stale  (spec changed since the marker — re-running)
[2026-08-27 19:59:42.700] probe_lib_inspect          marker_stale  (spec changed since the marker — re-running)
[2026-08-27 19:59:42.700] fetch_lib                  check_pre  (pass)
[2026-08-27 19:59:42.703] fetch_lib                  cmd  (sudo apt-get install -y libgmp-dev && echo 'installed' > /home/red/code/research/tola/_out/canary/projects/zarith/fetch_lib/lib_lib-fetched_ocaml_binding-fetched_binding_source_ocaml-fetched-1.14.ok)
[2026-08-27 19:59:42.703] fetch_lib                  opam_switch  (canary)
[2026-08-27 19:59:42.703] fetch_lib                  platform  (wsl_ubuntu)
[2026-08-27 19:59:43.189] fetch_lib                  cmd_log  (fetch_lib.out_lib-fetched_ocaml_binding-fetched_binding_source_ocaml-fetched-1.14.log)
[2026-08-27 19:59:43.189] fetch_lib                  detect  (ok, output present)
[2026-08-27 19:59:43.189] fetch_lib                  check_post  (pass)
[2026-08-27 19:59:43.189] fetch_lib                  done
[2026-08-27 19:59:43.192] fetch_binding_ocaml        check_pre  (pass)
[2026-08-27 19:59:43.194] fetch_binding_ocaml        cmd  (eval $(opam env) && opam install zarith -y --assume-depexts && eval $(opam env) && opam install -y ocamlfind && echo 'installed' > /home/red/code/research/tola/_out/canary/projects/zarith/fetch_binding/ocaml/binding_lib-fetched_ocaml_binding-fetched_binding_source_ocaml-fetched-1.14.ok)
[2026-08-27 19:59:43.194] fetch_binding_ocaml        opam_switch  (canary)
[2026-08-27 19:59:43.194] fetch_binding_ocaml        platform  (wsl_ubuntu)
[2026-08-27 19:59:44.286] fetch_binding_ocaml        cmd_log  (fetch_binding_ocaml.out_lib-fetched_ocaml_binding-fetched_binding_source_ocaml-fetched-1.14.log)
[2026-08-27 19:59:44.286] fetch_binding_ocaml        detect  (ok, output present)
[2026-08-27 19:59:44.286] fetch_binding_ocaml        check_post  (pass)
[2026-08-27 19:59:44.286] fetch_binding_ocaml        done
[2026-08-27 19:59:44.288] probe_binding_ocaml        check_pre  (pass)
[2026-08-27 19:59:44.290] probe_binding_ocaml        cmd  (eval $(opam env)
INSTALLED=$(opam list zarith --installed --short --columns=version 2>/dev/null)
test "$INSTALLED" = "1.14" || eval $(opam env) && opam install zarith.1.14 -y --assume-depexts
eval $(opam env)
ocamlfind ocamlopt -package zarith -linkpkg canary/examples/zarith/zarith_example.ml -o /home/red/code/research/tola/_out/canary/projects/zarith/probe_binding/ocaml/zarith_example > /home/red/code/research/tola/_out/canary/projects/zarith/probe_binding/ocaml/probe_lib-fetched_ocaml_binding-fetched_binding_source_ocaml-fetched-1.14.log 2>&1 && /home/red/code/research/tola/_out/canary/projects/zarith/probe_binding/ocaml/zarith_example >> /home/red/code/research/tola/_out/canary/projects/zarith/probe_binding/ocaml/probe_lib-fetched_ocaml_binding-fetched_binding_source_ocaml-fetched-1.14.log 2>&1
RC=$?
cat /home/red/code/research/tola/_out/canary/projects/zarith/probe_binding/ocaml/probe_lib-fetched_ocaml_binding-fetched_binding_source_ocaml-fetched-1.14.log
exit $RC)
[2026-08-27 19:59:44.290] probe_binding_ocaml        opam_switch  (canary)
[2026-08-27 19:59:44.290] probe_binding_ocaml        platform  (wsl_ubuntu)
[2026-08-27 19:59:45.234] probe_binding_ocaml        cmd_log  (probe_binding_ocaml.out_lib-fetched_ocaml_binding-fetched_binding_source_ocaml-fetched-1.14.log)
[2026-08-27 19:59:45.234] probe_binding_ocaml        detect  (ok, output present)
[2026-08-27 19:59:45.531] probe_binding_ocaml        check_post  (pass)
[2026-08-27 19:59:45.531] probe_binding_ocaml        done
[2026-08-27 19:59:45.534] probe_binding_ocaml_inspect  check_pre  (pass)
[2026-08-27 19:59:45.536] probe_binding_ocaml_inspect  cmd  (eval $(opam env)
PKG_DIR=$(ocamlfind query 'zarith' 2>/dev/null)
test -n "$PKG_DIR"
{ for f in "$PKG_DIR"/*.cmxa "$PKG_DIR"/*.cma; do
    [ -f "$f" ] && ocamlobjinfo "$f"
  done
} | python3 canary/scripts/inspect_ocaml.py --path 'zarith' --watchlist 'Z,Q,Big_int_Z,Zarith_version' \
  > /home/red/code/research/tola/_out/canary/projects/zarith/probe_binding/ocaml/inspect_lib-fetched_ocaml_binding-fetched_binding_source_ocaml-fetched-1.14.json)
[2026-08-27 19:59:45.536] probe_binding_ocaml_inspect  opam_switch  (canary)
[2026-08-27 19:59:45.536] probe_binding_ocaml_inspect  platform  (wsl_ubuntu)
[2026-08-27 19:59:45.601] probe_binding_ocaml_inspect  cmd_log  (probe_binding_ocaml_inspect.out_lib-fetched_ocaml_binding-fetched_binding_source_ocaml-fetched-1.14.log)
[2026-08-27 19:59:45.601] probe_binding_ocaml_inspect  detect  (ok, output present)
[2026-08-27 19:59:45.601] probe_binding_ocaml_inspect  check_post  (pass)
[2026-08-27 19:59:45.601] probe_binding_ocaml_inspect  done
[2026-08-27 19:59:45.604] probe_lib                  check_pre  (pass)
[2026-08-27 19:59:45.606] probe_lib                  cmd  (LIB_NATIVE=$(ls /usr/lib/x86_64-linux-gnu/libgmp.so* /usr/lib*/libgmp.so* 2>/dev/null \
        "$(brew --prefix gmp 2>/dev/null)/lib/libgmp.dylib" 2>/dev/null \
        | head -1)
test -n "$LIB_NATIVE" -a -e "$LIB_NATIVE"
COUNT=$(nm -D "$LIB_NATIVE" 2>/dev/null | grep -v ' U ' | grep -c '__gmp' || echo 0)
printf '__gmp symbols exported: %s\n' "$COUNT" | tee /home/red/code/research/tola/_out/canary/projects/zarith/probe_lib/probe_lib-fetched_ocaml_binding-fetched_binding_source_ocaml-fetched-1.14.log
test "$COUNT" -gt 0)
[2026-08-27 19:59:45.606] probe_lib                  opam_switch  (canary)
[2026-08-27 19:59:45.606] probe_lib                  platform  (wsl_ubuntu)
[2026-08-27 19:59:45.656] probe_lib                  cmd_log  (probe_lib.out_lib-fetched_ocaml_binding-fetched_binding_source_ocaml-fetched-1.14.log)
[2026-08-27 19:59:45.656] probe_lib                  detect  (ok, output present)
[2026-08-27 19:59:45.656] probe_lib                  check_post  (pass)
[2026-08-27 19:59:45.656] probe_lib                  done
[2026-08-27 19:59:45.659] probe_lib_inspect          check_pre  (pass)
[2026-08-27 19:59:45.661] probe_lib_inspect          cmd  (LIB_NATIVE=$(ls /usr/lib/x86_64-linux-gnu/libgmp.so* /usr/lib*/libgmp.so* 2>/dev/null \
        "$(brew --prefix gmp 2>/dev/null)/lib/libgmp.dylib" 2>/dev/null \
        | head -1)
test -n "$LIB_NATIVE" -a -e "$LIB_NATIVE"
nm -D "$LIB_NATIVE" 2>/dev/null \
  | python3 canary/scripts/inspect_native.py --emit-symbols --elf --path "$LIB_NATIVE" --prefixes '__gmpz_,__gmpq_,__gmpf_,__gmpn_,__gmp_' --watchlist '__gmpn_add_n,__gmpn_divexact,__gmpn_gcd,__gmpn_gcdext,__gmpn_get_str,__gmpn_hamdist,__gmpn_lshift,__gmpn_mul,__gmpn_mul_1,__gmpn_mul_n,__gmpn_perfect_square_p,__gmpn_popcount,__gmpn_rshift,__gmpn_scan1,__gmpn_set_str,__gmpn_sqr,__gmpn_sqrtrem,__gmpn_sub_n,__gmpn_tdiv_qr,__gmpz_2fac_ui,__gmpz_bin_ui,__gmpz_clear,__gmpz_congruent_p,__gmpz_divisible_p,__gmpz_fac_ui,__gmpz_fib_ui,__gmpz_init,__gmpz_invert,__gmpz_jacobi,__gmpz_lucnum_ui,__gmpz_mfac_uiui,__gmpz_nextprime,__gmpz_perfect_power_p,__gmpz_pow_ui,__gmpz_powm,__gmpz_powm_sec,__gmpz_primorial_ui,__gmpz_probab_prime_p,__gmpz_realloc2,__gmpz_remove,__gmpz_root,__gmpz_rootrem' \
  > /home/red/code/research/tola/_out/canary/projects/zarith/probe_lib/inspect_lib-fetched_ocaml_binding-fetched_binding_source_ocaml-fetched-1.14.json)
[2026-08-27 19:59:45.661] probe_lib_inspect          opam_switch  (canary)
[2026-08-27 19:59:45.661] probe_lib_inspect          platform  (wsl_ubuntu)
[2026-08-27 19:59:45.719] probe_lib_inspect          cmd_log  (probe_lib_inspect.out_lib-fetched_ocaml_binding-fetched_binding_source_ocaml-fetched-1.14.log)
[2026-08-27 19:59:45.719] probe_lib_inspect          detect  (ok, output present)
[2026-08-27 19:59:45.720] probe_lib_inspect          check_post  (pass)
[2026-08-27 19:59:45.720] probe_lib_inspect          done
[2026-08-27 19:59:45.722] *                          graph_end  (6/6 completed)
[2026-08-27 19:59:45.722] *                          diagram  (_out/canary/projects/zarith/-run/diagrams/all.mmd)
[2026-08-27 19:59:45.722] *                          diagram  (_out/canary/projects/zarith/-run/diagrams/full.mmd)
[2026-08-27 19:59:45.723] *                          view  (lib (3 steps))
[2026-08-27 19:59:45.723] *                          view  (probes (4 steps))
[2026-08-27 19:59:45.723] *                          view  (binding_ocaml (3 steps))
[2026-08-27 19:59:45.724] *                          html  (_out/canary/projects/zarith/-run/result.html)
[2026-08-27 19:59:45.726] *                          index  (_out/canary/projects/index.html)
[2026-08-27 19:59:45.726] *                          invariant  (full.mmd: OK (6 nodes, 6 IDs))
[2026-08-27 19:59:45.727] *                          invariant  (binding_ocaml.mmd: OK (5 nodes, 6 IDs))
[2026-08-27 19:59:45.727] !                          invariant  (source.mmd: extra [7])
[2026-08-27 19:59:45.727] !                          invariant  (SOME FAILED)
[2026-08-27 19:59:45.753] *                          variant_start  (lib-fetched_ocaml_binding-built-dev_binding_source_ocaml-fetched-master)
[2026-08-27 19:59:45.753] *                          graph_start  (8 steps)
[2026-08-27 19:59:45.753] fetch_lib                  marker_stale  (spec changed since the marker — re-running)
[2026-08-27 19:59:45.754] fetch_binding_source_ocaml  marker_stale  (spec changed since the marker — re-running)
[2026-08-27 19:59:45.754] build_binding_ocaml        marker_stale  (spec changed since the marker — re-running)
[2026-08-27 19:59:45.754] pack_binding_ocaml         marker_stale  (spec changed since the marker — re-running)
[2026-08-27 19:59:45.754] probe_binding_ocaml        marker_stale  (spec changed since the marker — re-running)
[2026-08-27 19:59:45.755] probe_binding_ocaml_inspect  marker_stale  (spec changed since the marker — re-running)
[2026-08-27 19:59:45.755] probe_lib                  marker_stale  (spec changed since the marker — re-running)
[2026-08-27 19:59:45.755] probe_lib_inspect          marker_stale  (spec changed since the marker — re-running)
[2026-08-27 19:59:45.755] fetch_lib                  check_pre  (pass)
[2026-08-27 19:59:45.757] fetch_lib                  cmd  (sudo apt-get install -y libgmp-dev && echo 'installed' > /home/red/code/research/tola/_out/canary/projects/zarith/fetch_lib/lib_lib-fetched_ocaml_binding-built-dev_binding_source_ocaml-fetched-master.ok)
[2026-08-27 19:59:45.757] fetch_lib                  opam_switch  (canary)
[2026-08-27 19:59:45.757] fetch_lib                  platform  (wsl_ubuntu)
[2026-08-27 19:59:46.231] fetch_lib                  cmd_log  (fetch_lib.out_lib-fetched_ocaml_binding-built-dev_binding_source_ocaml-fetched-master.log)
[2026-08-27 19:59:46.231] fetch_lib                  detect  (ok, output present)
[2026-08-27 19:59:46.231] fetch_lib                  check_post  (pass)
[2026-08-27 19:59:46.231] fetch_lib                  done
[2026-08-27 19:59:46.233] fetch_binding_source_ocaml  check_pre  (pass)
[2026-08-27 19:59:46.236] fetch_binding_source_ocaml  cmd  (if [ ! -d /home/red/code/contrib/zarith-all/zarith/.git ]; then git clone --filter=blob:none https://github.com/ocaml/Zarith.git /home/red/code/contrib/zarith-all/zarith; fi && \
git -C /home/red/code/contrib/zarith-all/zarith fetch -q origin master && \
if [ ! -d /home/red/code/contrib/zarith-all/zarith-master ]; then git -C /home/red/code/contrib/zarith-all/zarith worktree add -f /home/red/code/contrib/zarith-all/zarith-master master; fi && \
git -C /home/red/code/contrib/zarith-all/zarith-master checkout -q -f master && \
echo '/home/red/code/contrib/zarith-all/zarith-master' > /home/red/code/research/tola/_out/canary/projects/zarith/fetch_binding_source/ocaml/binding_source_lib-fetched_ocaml_binding-built-dev_binding_source_ocaml-fetched-master.ok)
[2026-08-27 19:59:46.236] fetch_binding_source_ocaml  opam_switch  (canary)
[2026-08-27 19:59:46.236] fetch_binding_source_ocaml  platform  (wsl_ubuntu)
[2026-08-27 19:59:46.603] fetch_binding_source_ocaml  cmd_log  (fetch_binding_source_ocaml.out_lib-fetched_ocaml_binding-built-dev_binding_source_ocaml-fetched-master.log)
[2026-08-27 19:59:46.603] fetch_binding_source_ocaml  detect  (ok, output present)
[2026-08-27 19:59:46.603] fetch_binding_source_ocaml  check_post  (pass)
[2026-08-27 19:59:46.603] fetch_binding_source_ocaml  done
[2026-08-27 19:59:46.606] build_binding_ocaml        check_pre  (pass)
[2026-08-27 19:59:46.608] build_binding_ocaml        cmd  (eval $(opam env) && rm -rf /home/red/code/research/tola/_out/canary/projects/zarith/build_binding/ocaml/../../src_lib-fetched_ocaml_binding-built-dev_binding_source_ocaml-fetched-master && cp -r /home/red/code/contrib/zarith-all/zarith-master /home/red/code/research/tola/_out/canary/projects/zarith/build_binding/ocaml/../../src_lib-fetched_ocaml_binding-built-dev_binding_source_ocaml-fetched-master && cd /home/red/code/research/tola/_out/canary/projects/zarith/build_binding/ocaml/../../src_lib-fetched_ocaml_binding-built-dev_binding_source_ocaml-fetched-master && ./configure && make && cd "$OLDPWD" && STUB=$(ls /home/red/code/research/tola/_out/canary/projects/zarith/build_binding/ocaml/../../src_lib-fetched_ocaml_binding-built-dev_binding_source_ocaml-fetched-master/*.a 2>/dev/null | head -1)
test -n "$STUB"
python3 canary/scripts/inspect_binding.py --kind stub --path "$STUB" --prefix '__gmp' --watchlist '' > /home/red/code/research/tola/_out/canary/projects/zarith/build_binding/ocaml/inspect_lib-fetched_ocaml_binding-built-dev_binding_source_ocaml-fetched-master.json && mkdir -p /home/red/code/research/tola/_out/canary/projects/zarith/build_binding/ocaml/../../build_lib
LIB_NATIVE=$(ls /usr/lib/x86_64-linux-gnu/libgmp.so* /usr/lib*/libgmp.so* 2>/dev/null \
        "$(brew --prefix gmp 2>/dev/null)/lib/libgmp.dylib" 2>/dev/null \
        | head -1)
test -n "$LIB_NATIVE" -a -e "$LIB_NATIVE"
nm -D "$LIB_NATIVE" 2>/dev/null \
  | python3 canary/scripts/inspect_native.py --emit-symbols --elf --path "$LIB_NATIVE" --prefixes '__gmpz_,__gmpq_,__gmpf_,__gmpn_,__gmp_' --watchlist '' > /home/red/code/research/tola/_out/canary/projects/zarith/build_binding/ocaml/../../build_lib/inspect_lib-fetched_ocaml_binding-built-dev_binding_source_ocaml-fetched-master.json && echo 'ok' > /home/red/code/research/tola/_out/canary/projects/zarith/build_binding/ocaml/build_lib-fetched_ocaml_binding-built-dev_binding_source_ocaml-fetched-master.ok)
[2026-08-27 19:59:46.608] build_binding_ocaml        opam_switch  (canary)
[2026-08-27 19:59:46.608] build_binding_ocaml        platform  (wsl_ubuntu)
[2026-08-27 19:59:48.803] build_binding_ocaml        cmd_log  (build_binding_ocaml.out_lib-fetched_ocaml_binding-built-dev_binding_source_ocaml-fetched-master.log)
[2026-08-27 19:59:48.803] build_binding_ocaml        detect  (ok, output present)
[2026-08-27 19:59:48.803] build_binding_ocaml        check_post  (pass)
[2026-08-27 19:59:48.803] build_binding_ocaml        done
[2026-08-27 19:59:48.805] pack_binding_ocaml         check_pre  (pass)
[2026-08-27 19:59:48.807] pack_binding_ocaml         cmd  (eval $(opam env)
printf 'opam-version: "2.0"\n' > "$(pwd)/canary/templates/opam-local-repo/repo"
OPAMVAR_CANARY_ZARITH_SRC="/home/red/code/contrib/zarith-all/zarith-master" opam config subst canary/templates/opam-local-repo/packages/zarith/zarith-no-conf.dev/opam
opam repo remove canary-local 2>/dev/null || true
opam repo add canary-local "file://$(pwd)/canary/templates/opam-local-repo" --rank=1
opam update canary-local
opam remove -y zarith || true
opam install -y zarith-no-conf --verbose --keep-build-dir --assume-depexts \
  && echo 'ok' > /home/red/code/research/tola/_out/canary/projects/zarith/pack_binding/ocaml/pack_lib-fetched_ocaml_binding-built-dev_binding_source_ocaml-fetched-master.ok)
[2026-08-27 19:59:48.807] pack_binding_ocaml         opam_switch  (canary)
[2026-08-27 19:59:48.807] pack_binding_ocaml         platform  (wsl_ubuntu)
[2026-08-27 19:59:59.377] pack_binding_ocaml         cmd_log  (pack_binding_ocaml.out_lib-fetched_ocaml_binding-built-dev_binding_source_ocaml-fetched-master.log)
[2026-08-27 19:59:59.377] pack_binding_ocaml         detect  (ok, output present)
[2026-08-27 19:59:59.640] pack_binding_ocaml         check_post  (pass)
[2026-08-27 19:59:59.640] pack_binding_ocaml         done
[2026-08-27 19:59:59.642] probe_binding_ocaml        check_pre  (pass)
[2026-08-27 19:59:59.644] probe_binding_ocaml        cmd  (eval $(opam env) && export LD_LIBRARY_PATH=/home/red/code/research/tola/_out/canary/projects/zarith/probe_binding/ocaml/../../src_lib-fetched_ocaml_binding-built-dev_binding_source_ocaml-fetched-master: && ocamlfind ocamlopt -I /home/red/code/research/tola/_out/canary/projects/zarith/probe_binding/ocaml/../../src_lib-fetched_ocaml_binding-built-dev_binding_source_ocaml-fetched-master /home/red/code/research/tola/_out/canary/projects/zarith/probe_binding/ocaml/../../src_lib-fetched_ocaml_binding-built-dev_binding_source_ocaml-fetched-master/zarith.cmxa canary/examples/zarith/zarith_example.ml -o /home/red/code/research/tola/_out/canary/projects/zarith/probe_binding/ocaml/zarith_example > /home/red/code/research/tola/_out/canary/projects/zarith/probe_binding/ocaml/probe_lib-fetched_ocaml_binding-built-dev_binding_source_ocaml-fetched-master.log 2>&1 && /home/red/code/research/tola/_out/canary/projects/zarith/probe_binding/ocaml/zarith_example >> /home/red/code/research/tola/_out/canary/projects/zarith/probe_binding/ocaml/probe_lib-fetched_ocaml_binding-built-dev_binding_source_ocaml-fetched-master.log 2>&1 && cat /home/red/code/research/tola/_out/canary/projects/zarith/probe_binding/ocaml/probe_lib-fetched_ocaml_binding-built-dev_binding_source_ocaml-fetched-master.log)
[2026-08-27 19:59:59.644] probe_binding_ocaml        opam_switch  (canary)
[2026-08-27 19:59:59.644] probe_binding_ocaml        platform  (wsl_ubuntu)
[2026-08-27 19:59:59.761] probe_binding_ocaml        cmd_log  (probe_binding_ocaml.out_lib-fetched_ocaml_binding-built-dev_binding_source_ocaml-fetched-master.log)
[2026-08-27 19:59:59.761] probe_binding_ocaml        detect  (ok, output present)
[2026-08-27 19:59:59.761] probe_binding_ocaml        compat_predicted  (no contract fired)
[2026-08-27 19:59:59.762] probe_binding_ocaml        compat_note  (c1 cmp_symbol: consumer requires 42 of the provider's 620 symbols (e.g. __gmpn_add_n in use; __gmp_0 in the unused remainder) — POSSIBLY OUT-OF-DATE (a small consumer surface may be by design or lag))
[2026-08-27 19:59:59.762] probe_binding_ocaml        contract_skipped  (c3 cmp_behavior: disabled in registry (blocked))
[2026-08-27 19:59:59.762] probe_binding_ocaml        contract_skipped  (c7 api_sound_repack: disabled in registry (stubbed))
[2026-08-27 19:59:59.762] probe_binding_ocaml        contract_skipped  (c8 cmp_api_faithfulness: disabled in registry (stubbed))
[2026-08-27 19:59:59.762] probe_binding_ocaml        done  (no compat failure predicted; success expected)
[2026-08-27 19:59:59.764] probe_binding_ocaml_inspect  check_pre  (pass)
[2026-08-27 19:59:59.766] probe_binding_ocaml_inspect  cmd  (eval $(opam env)
PKG_DIR=$(ocamlfind query 'zarith' 2>/dev/null)
test -n "$PKG_DIR"
{ for f in "$PKG_DIR"/*.cmxa "$PKG_DIR"/*.cma; do
    [ -f "$f" ] && ocamlobjinfo "$f"
  done
} | python3 canary/scripts/inspect_ocaml.py --path 'zarith' --watchlist 'Z,Q,Big_int_Z,Zarith_version' \
  > /home/red/code/research/tola/_out/canary/projects/zarith/probe_binding/ocaml/inspect_lib-fetched_ocaml_binding-built-dev_binding_source_ocaml-fetched-master.json)
[2026-08-27 19:59:59.766] probe_binding_ocaml_inspect  opam_switch  (canary)
[2026-08-27 19:59:59.766] probe_binding_ocaml_inspect  platform  (wsl_ubuntu)
[2026-08-27 19:59:59.823] probe_binding_ocaml_inspect  cmd_log  (probe_binding_ocaml_inspect.out_lib-fetched_ocaml_binding-built-dev_binding_source_ocaml-fetched-master.log)
[2026-08-27 19:59:59.824] probe_binding_ocaml_inspect  detect  (ok, output present)
[2026-08-27 19:59:59.824] probe_binding_ocaml_inspect  check_post  (pass)
[2026-08-27 19:59:59.824] probe_binding_ocaml_inspect  done
[2026-08-27 19:59:59.826] probe_lib                  check_pre  (pass)
[2026-08-27 19:59:59.827] probe_lib                  cmd  (LIB_NATIVE=$(ls /usr/lib/x86_64-linux-gnu/libgmp.so* /usr/lib*/libgmp.so* 2>/dev/null \
        "$(brew --prefix gmp 2>/dev/null)/lib/libgmp.dylib" 2>/dev/null \
        | head -1)
test -n "$LIB_NATIVE" -a -e "$LIB_NATIVE"
COUNT=$(nm -D "$LIB_NATIVE" 2>/dev/null | grep -v ' U ' | grep -c '__gmp' || echo 0)
printf '__gmp symbols exported: %s\n' "$COUNT" | tee /home/red/code/research/tola/_out/canary/projects/zarith/probe_lib/probe_lib-fetched_ocaml_binding-built-dev_binding_source_ocaml-fetched-master.log
test "$COUNT" -gt 0)
[2026-08-27 19:59:59.827] probe_lib                  opam_switch  (canary)
[2026-08-27 19:59:59.827] probe_lib                  platform  (wsl_ubuntu)
[2026-08-27 19:59:59.872] probe_lib                  cmd_log  (probe_lib.out_lib-fetched_ocaml_binding-built-dev_binding_source_ocaml-fetched-master.log)
[2026-08-27 19:59:59.872] probe_lib                  detect  (ok, output present)
[2026-08-27 19:59:59.872] probe_lib                  check_post  (pass)
[2026-08-27 19:59:59.872] probe_lib                  done
[2026-08-27 19:59:59.874] probe_lib_inspect          check_pre  (pass)
[2026-08-27 19:59:59.876] probe_lib_inspect          cmd  (LIB_NATIVE=$(ls /usr/lib/x86_64-linux-gnu/libgmp.so* /usr/lib*/libgmp.so* 2>/dev/null \
        "$(brew --prefix gmp 2>/dev/null)/lib/libgmp.dylib" 2>/dev/null \
        | head -1)
test -n "$LIB_NATIVE" -a -e "$LIB_NATIVE"
nm -D "$LIB_NATIVE" 2>/dev/null \
  | python3 canary/scripts/inspect_native.py --emit-symbols --elf --path "$LIB_NATIVE" --prefixes '__gmpz_,__gmpq_,__gmpf_,__gmpn_,__gmp_' --watchlist '__gmpn_add_n,__gmpn_divexact,__gmpn_gcd,__gmpn_gcdext,__gmpn_get_str,__gmpn_hamdist,__gmpn_lshift,__gmpn_mul,__gmpn_mul_1,__gmpn_mul_n,__gmpn_perfect_square_p,__gmpn_popcount,__gmpn_rshift,__gmpn_scan1,__gmpn_set_str,__gmpn_sqr,__gmpn_sqrtrem,__gmpn_sub_n,__gmpn_tdiv_qr,__gmpz_2fac_ui,__gmpz_bin_ui,__gmpz_clear,__gmpz_congruent_p,__gmpz_divisible_p,__gmpz_fac_ui,__gmpz_fib_ui,__gmpz_init,__gmpz_invert,__gmpz_jacobi,__gmpz_lucnum_ui,__gmpz_mfac_uiui,__gmpz_nextprime,__gmpz_perfect_power_p,__gmpz_pow_ui,__gmpz_powm,__gmpz_powm_sec,__gmpz_primorial_ui,__gmpz_probab_prime_p,__gmpz_realloc2,__gmpz_remove,__gmpz_root,__gmpz_rootrem' \
  > /home/red/code/research/tola/_out/canary/projects/zarith/probe_lib/inspect_lib-fetched_ocaml_binding-built-dev_binding_source_ocaml-fetched-master.json)
[2026-08-27 19:59:59.876] probe_lib_inspect          opam_switch  (canary)
[2026-08-27 19:59:59.876] probe_lib_inspect          platform  (wsl_ubuntu)
[2026-08-27 19:59:59.929] probe_lib_inspect          cmd_log  (probe_lib_inspect.out_lib-fetched_ocaml_binding-built-dev_binding_source_ocaml-fetched-master.log)
[2026-08-27 19:59:59.929] probe_lib_inspect          detect  (ok, output present)
[2026-08-27 19:59:59.929] probe_lib_inspect          check_post  (pass)
[2026-08-27 19:59:59.929] probe_lib_inspect          done
[2026-08-27 19:59:59.931] *                          graph_end  (8/8 completed)
[2026-08-27 19:59:59.931] *                          diagram  (_out/canary/projects/zarith/-run/diagrams/all.mmd)
[2026-08-27 19:59:59.932] *                          diagram  (_out/canary/projects/zarith/-run/diagrams/full.mmd)
[2026-08-27 19:59:59.932] *                          view  (lib (3 steps))
[2026-08-27 19:59:59.932] *                          view  (probes (4 steps))
[2026-08-27 19:59:59.932] *                          view  (binding_ocaml (4 steps))
[2026-08-27 19:59:59.932] *                          html  (_out/canary/projects/zarith/-run/result.html)
[2026-08-27 19:59:59.933] *                          index  (_out/canary/projects/index.html)
[2026-08-27 19:59:59.933] !                          invariant  (full.mmd: missing [2])
[2026-08-27 19:59:59.933] !                          invariant  (SOME FAILED)
[2026-08-27 20:27:34.000] *                          variant_start  (lib-fetched_ocaml_binding-fetched_binding_source_ocaml-fetched-1.14)
[2026-08-27 20:27:34.000] *                          graph_start  (6 steps)
[2026-08-27 20:27:34.001] fetch_lib                  warm_gate  (marker + fingerprint + check_post passed)
[2026-08-27 20:27:34.001] fetch_lib                  skip  (verdict marker (prior success))
[2026-08-27 20:27:34.001] fetch_binding_ocaml        warm_gate  (marker + fingerprint + check_post passed)
[2026-08-27 20:27:34.002] fetch_binding_ocaml        skip  (verdict marker (prior success))
[2026-08-27 20:27:34.256] probe_binding_ocaml        warm_check_post  (FAIL — the postcondition no longer holds; re-running)
[2026-08-27 20:27:34.257] probe_binding_ocaml_inspect  warm_gate  (marker + fingerprint + check_post passed)
[2026-08-27 20:27:34.257] probe_binding_ocaml_inspect  skip  (verdict marker (prior success))
[2026-08-27 20:27:34.257] probe_lib                  warm_gate  (marker + fingerprint + check_post passed)
[2026-08-27 20:27:34.257] probe_lib                  skip  (verdict marker (prior success))
[2026-08-27 20:27:34.257] probe_lib_inspect          warm_gate  (marker + fingerprint + check_post passed)
[2026-08-27 20:27:34.257] probe_lib_inspect          skip  (verdict marker (prior success))
[2026-08-27 20:27:34.257] probe_binding_ocaml        check_pre  (pass)
[2026-08-27 20:27:34.259] probe_binding_ocaml        cmd  (eval $(opam env)
INSTALLED=$(opam list zarith --installed --short --columns=version 2>/dev/null)
test "$INSTALLED" = "1.14" || eval $(opam env) && opam install zarith.1.14 -y --assume-depexts
eval $(opam env)
ocamlfind ocamlopt -package zarith -linkpkg canary/examples/zarith/zarith_example.ml -o /home/red/code/research/tola/_out/canary/projects/zarith/probe_binding/ocaml/zarith_example > /home/red/code/research/tola/_out/canary/projects/zarith/probe_binding/ocaml/probe_lib-fetched_ocaml_binding-fetched_binding_source_ocaml-fetched-1.14.log 2>&1 && /home/red/code/research/tola/_out/canary/projects/zarith/probe_binding/ocaml/zarith_example >> /home/red/code/research/tola/_out/canary/projects/zarith/probe_binding/ocaml/probe_lib-fetched_ocaml_binding-fetched_binding_source_ocaml-fetched-1.14.log 2>&1
RC=$?
cat /home/red/code/research/tola/_out/canary/projects/zarith/probe_binding/ocaml/probe_lib-fetched_ocaml_binding-fetched_binding_source_ocaml-fetched-1.14.log
exit $RC)
[2026-08-27 20:27:34.259] probe_binding_ocaml        opam_switch  (canary)
[2026-08-27 20:27:34.259] probe_binding_ocaml        platform  (wsl_ubuntu)
[2026-08-27 20:27:40.794] probe_binding_ocaml        cmd_log  (probe_binding_ocaml.out_lib-fetched_ocaml_binding-fetched_binding_source_ocaml-fetched-1.14.log)
[2026-08-27 20:27:40.794] probe_binding_ocaml        detect  (ok, output present)
[2026-08-27 20:27:41.103] probe_binding_ocaml        check_post  (pass)
[2026-08-27 20:27:41.103] probe_binding_ocaml        done
[2026-08-27 20:27:41.105] *                          graph_end  (6/6 completed)
[2026-08-27 20:27:41.106] *                          diagram  (_out/canary/projects/zarith/-run/diagrams/all.mmd)
[2026-08-27 20:27:41.106] *                          diagram  (_out/canary/projects/zarith/-run/diagrams/full.mmd)
[2026-08-27 20:27:41.106] *                          view  (lib (3 steps))
[2026-08-27 20:27:41.106] *                          view  (probes (4 steps))
[2026-08-27 20:27:41.106] *                          view  (binding_ocaml (3 steps))
[2026-08-27 20:27:41.109] *                          html  (_out/canary/projects/zarith/-run/result.html)
[2026-08-27 20:27:41.109] *                          index  (_out/canary/projects/index.html)
[2026-08-27 20:27:41.110] *                          invariant  (full.mmd: OK (6 nodes, 6 IDs))
[2026-08-27 20:27:41.110] *                          invariant  (binding_ocaml.mmd: OK (5 nodes, 6 IDs))
[2026-08-27 20:27:41.110] !                          invariant  (source.mmd: extra [7])
[2026-08-27 20:27:41.110] !                          invariant  (SOME FAILED)
[2026-08-27 20:27:41.145] *                          variant_start  (lib-fetched_ocaml_binding-built-dev_binding_source_ocaml-fetched-master)
[2026-08-27 20:27:41.145] *                          graph_start  (8 steps)
[2026-08-27 20:27:41.145] fetch_lib                  warm_gate  (marker + fingerprint + check_post passed)
[2026-08-27 20:27:41.145] fetch_lib                  skip  (verdict marker (prior success))
[2026-08-27 20:27:41.145] fetch_binding_source_ocaml  warm_gate  (marker + fingerprint + check_post passed)
[2026-08-27 20:27:41.145] fetch_binding_source_ocaml  skip  (verdict marker (prior success))
[2026-08-27 20:27:41.146] build_binding_ocaml        warm_gate  (marker + fingerprint + check_post passed)
[2026-08-27 20:27:41.146] build_binding_ocaml        skip  (verdict marker (prior success))
[2026-08-27 20:27:41.517] pack_binding_ocaml         warm_check_post  (FAIL — the postcondition no longer holds; re-running)
[2026-08-27 20:27:41.518] probe_binding_ocaml        warm_gate  (marker + fingerprint + check_post passed)
[2026-08-27 20:27:41.518] probe_binding_ocaml        skip  (verdict marker (prior success))
[2026-08-27 20:27:41.518] probe_binding_ocaml_inspect  warm_gate  (marker + fingerprint + check_post passed)
[2026-08-27 20:27:41.518] probe_binding_ocaml_inspect  skip  (verdict marker (prior success))
[2026-08-27 20:27:41.518] probe_lib                  warm_gate  (marker + fingerprint + check_post passed)
[2026-08-27 20:27:41.518] probe_lib                  skip  (verdict marker (prior success))
[2026-08-27 20:27:41.518] probe_lib_inspect          warm_gate  (marker + fingerprint + check_post passed)
[2026-08-27 20:27:41.518] probe_lib_inspect          skip  (verdict marker (prior success))
[2026-08-27 20:27:41.519] pack_binding_ocaml         check_pre  (pass)
[2026-08-27 20:27:41.521] pack_binding_ocaml         cmd  (eval $(opam env)
printf 'opam-version: "2.0"\n' > "$(pwd)/canary/templates/opam-local-repo/repo"
OPAMVAR_CANARY_ZARITH_SRC="/home/red/code/contrib/zarith-all/zarith-master" opam config subst canary/templates/opam-local-repo/packages/zarith/zarith-no-conf.dev/opam
opam repo remove canary-local 2>/dev/null || true
opam repo add canary-local "file://$(pwd)/canary/templates/opam-local-repo" --rank=1
opam update canary-local
opam remove -y zarith || true
opam install -y zarith-no-conf --verbose --keep-build-dir --assume-depexts \
  && echo 'ok' > /home/red/code/research/tola/_out/canary/projects/zarith/pack_binding/ocaml/pack_lib-fetched_ocaml_binding-built-dev_binding_source_ocaml-fetched-master.ok)
[2026-08-27 20:27:41.521] pack_binding_ocaml         opam_switch  (canary)
[2026-08-27 20:27:41.521] pack_binding_ocaml         platform  (wsl_ubuntu)
[2026-08-27 20:27:51.543] pack_binding_ocaml         cmd_log  (pack_binding_ocaml.out_lib-fetched_ocaml_binding-built-dev_binding_source_ocaml-fetched-master.log)
[2026-08-27 20:27:51.543] pack_binding_ocaml         detect  (ok, output present)
[2026-08-27 20:27:51.804] pack_binding_ocaml         check_post  (pass)
[2026-08-27 20:27:51.804] pack_binding_ocaml         done
[2026-08-27 20:27:51.806] *                          graph_end  (8/8 completed)
[2026-08-27 20:27:51.806] *                          diagram  (_out/canary/projects/zarith/-run/diagrams/all.mmd)
[2026-08-27 20:27:51.806] *                          diagram  (_out/canary/projects/zarith/-run/diagrams/full.mmd)
[2026-08-27 20:27:51.806] *                          view  (lib (3 steps))
[2026-08-27 20:27:51.807] *                          view  (probes (4 steps))
[2026-08-27 20:27:51.807] *                          view  (binding_ocaml (4 steps))
[2026-08-27 20:27:51.807] *                          html  (_out/canary/projects/zarith/-run/result.html)
[2026-08-27 20:27:51.808] *                          index  (_out/canary/projects/index.html)
[2026-08-27 20:27:51.808] !                          invariant  (full.mmd: missing [2])
[2026-08-27 20:27:51.808] !                          invariant  (SOME FAILED)
[2026-08-27 22:05:51.708] *                          variant_start  (lib-fetched_ocaml_binding-fetched_binding_source_ocaml-fetched-1.14)
[2026-08-27 22:05:51.709] *                          graph_start  (6 steps)
[2026-08-27 22:05:51.709] fetch_lib                  warm_gate  (marker + fingerprint + check_post passed)
[2026-08-27 22:05:51.709] fetch_lib                  skip  (verdict marker (prior success))
[2026-08-27 22:05:51.709] fetch_binding_ocaml        warm_gate  (marker + fingerprint + check_post passed)
[2026-08-27 22:05:51.709] fetch_binding_ocaml        skip  (verdict marker (prior success))
[2026-08-27 22:05:51.967] probe_binding_ocaml        warm_check_post  (FAIL — the postcondition no longer holds; re-running)
[2026-08-27 22:05:51.967] probe_binding_ocaml_inspect  warm_gate  (marker + fingerprint + check_post passed)
[2026-08-27 22:05:51.967] probe_binding_ocaml_inspect  skip  (verdict marker (prior success))
[2026-08-27 22:05:51.968] probe_lib                  warm_gate  (marker + fingerprint + check_post passed)
[2026-08-27 22:05:51.968] probe_lib                  skip  (verdict marker (prior success))
[2026-08-27 22:05:51.968] probe_lib_inspect          warm_gate  (marker + fingerprint + check_post passed)
[2026-08-27 22:05:51.968] probe_lib_inspect          skip  (verdict marker (prior success))
[2026-08-27 22:05:51.968] probe_binding_ocaml        check_pre  (pass)
[2026-08-27 22:05:51.970] probe_binding_ocaml        cmd  (eval $(opam env)
INSTALLED=$(opam list zarith --installed --short --columns=version 2>/dev/null)
test "$INSTALLED" = "1.14" || eval $(opam env) && opam install zarith.1.14 -y --assume-depexts
eval $(opam env)
ocamlfind ocamlopt -package zarith -linkpkg canary/examples/zarith/zarith_example.ml -o /home/red/code/research/tola/_out/canary/projects/zarith/probe_binding/ocaml/zarith_example > /home/red/code/research/tola/_out/canary/projects/zarith/probe_binding/ocaml/probe_lib-fetched_ocaml_binding-fetched_binding_source_ocaml-fetched-1.14.log 2>&1 && /home/red/code/research/tola/_out/canary/projects/zarith/probe_binding/ocaml/zarith_example >> /home/red/code/research/tola/_out/canary/projects/zarith/probe_binding/ocaml/probe_lib-fetched_ocaml_binding-fetched_binding_source_ocaml-fetched-1.14.log 2>&1
RC=$?
cat /home/red/code/research/tola/_out/canary/projects/zarith/probe_binding/ocaml/probe_lib-fetched_ocaml_binding-fetched_binding_source_ocaml-fetched-1.14.log
exit $RC)
[2026-08-27 22:05:51.970] probe_binding_ocaml        opam_switch  (canary)
[2026-08-27 22:05:51.970] probe_binding_ocaml        platform  (wsl_ubuntu)
[2026-08-27 22:05:58.643] probe_binding_ocaml        cmd_log  (probe_binding_ocaml.out_lib-fetched_ocaml_binding-fetched_binding_source_ocaml-fetched-1.14.log)
[2026-08-27 22:05:58.643] probe_binding_ocaml        detect  (ok, output present)
[2026-08-27 22:05:58.921] probe_binding_ocaml        check_post  (pass)
[2026-08-27 22:05:58.921] probe_binding_ocaml        done
[2026-08-27 22:05:58.924] *                          graph_end  (6/6 completed)
[2026-08-27 22:05:58.924] *                          diagram  (_out/canary/projects/zarith/-run/diagrams/all.mmd)
[2026-08-27 22:05:58.924] *                          diagram  (_out/canary/projects/zarith/-run/diagrams/full.mmd)
[2026-08-27 22:05:58.924] *                          view  (lib (3 steps))
[2026-08-27 22:05:58.924] *                          view  (probes (4 steps))
[2026-08-27 22:05:58.924] *                          view  (binding_ocaml (3 steps))
[2026-08-27 22:05:58.926] *                          html  (_out/canary/projects/zarith/-run/result.html)
[2026-08-27 22:05:58.931] *                          index  (_out/canary/projects/index.html)
[2026-08-27 22:05:58.932] *                          invariant  (full.mmd: OK (6 nodes, 6 IDs))
[2026-08-27 22:05:58.932] *                          invariant  (binding_ocaml.mmd: OK (5 nodes, 6 IDs))
[2026-08-27 22:05:58.932] !                          invariant  (source.mmd: extra [7])
[2026-08-27 22:05:58.932] !                          invariant  (SOME FAILED)
[2026-08-27 22:05:58.974] *                          variant_start  (lib-fetched_ocaml_binding-built-dev_binding_source_ocaml-fetched-master)
[2026-08-27 22:05:58.974] *                          graph_start  (8 steps)
[2026-08-27 22:05:58.974] fetch_lib                  warm_gate  (marker + fingerprint + check_post passed)
[2026-08-27 22:05:58.974] fetch_lib                  skip  (verdict marker (prior success))
[2026-08-27 22:05:58.974] fetch_binding_source_ocaml  marker_stale  (spec changed since the marker — re-running)
[2026-08-27 22:05:58.975] build_binding_ocaml        warm_gate  (marker + fingerprint + check_post passed)
[2026-08-27 22:05:58.975] build_binding_ocaml        skip  (verdict marker (prior success))
[2026-08-27 22:05:59.225] pack_binding_ocaml         warm_check_post  (FAIL — the postcondition no longer holds; re-running)
[2026-08-27 22:05:59.225] probe_binding_ocaml        warm_gate  (marker + fingerprint + check_post passed)
[2026-08-27 22:05:59.225] probe_binding_ocaml        skip  (verdict marker (prior success))
[2026-08-27 22:05:59.226] probe_binding_ocaml_inspect  warm_gate  (marker + fingerprint + check_post passed)
[2026-08-27 22:05:59.226] probe_binding_ocaml_inspect  skip  (verdict marker (prior success))
[2026-08-27 22:05:59.226] probe_lib                  warm_gate  (marker + fingerprint + check_post passed)
[2026-08-27 22:05:59.226] probe_lib                  skip  (verdict marker (prior success))
[2026-08-27 22:05:59.226] probe_lib_inspect          warm_gate  (marker + fingerprint + check_post passed)
[2026-08-27 22:05:59.226] probe_lib_inspect          skip  (verdict marker (prior success))
[2026-08-27 22:05:59.226] fetch_binding_source_ocaml  check_pre  (pass)
[2026-08-27 22:05:59.228] fetch_binding_source_ocaml  cmd  (SENTINEL=/home/red/code/contrib/zarith-all/zarith-refreshed-${CANARY_RUN_ID:-none}
if [ ! -e "$SENTINEL" ]; then \
  { if [ ! -d /home/red/code/contrib/zarith-all/zarith/.git ]; then git clone --filter=blob:none https://github.com/ocaml/Zarith.git /home/red/code/contrib/zarith-all/zarith; fi && \
    git -C /home/red/code/contrib/zarith-all/zarith fetch -q origin master && \
    if [ ! -d /home/red/code/contrib/zarith-all/zarith-master ]; then git -C /home/red/code/contrib/zarith-all/zarith worktree add -f /home/red/code/contrib/zarith-all/zarith-master master; fi ; } && \
  rm -f /home/red/code/contrib/zarith-all/zarith-refreshed-* && touch "$SENTINEL" ; \
fi && \
if [ ! -d /home/red/code/contrib/zarith-all/zarith-master ]; then git -C /home/red/code/contrib/zarith-all/zarith worktree add -f /home/red/code/contrib/zarith-all/zarith-master master; fi && \
git -C /home/red/code/contrib/zarith-all/zarith-master checkout -q -f master && \
echo '/home/red/code/contrib/zarith-all/zarith-master' > /home/red/code/research/tola/_out/canary/projects/zarith/fetch_binding_source/ocaml/binding_source_lib-fetched_ocaml_binding-built-dev_binding_source_ocaml-fetched-master.ok)
[2026-08-27 22:05:59.228] fetch_binding_source_ocaml  opam_switch  (canary)
[2026-08-27 22:05:59.228] fetch_binding_source_ocaml  platform  (wsl_ubuntu)
[2026-08-27 22:05:59.613] fetch_binding_source_ocaml  cmd_log  (fetch_binding_source_ocaml.out_lib-fetched_ocaml_binding-built-dev_binding_source_ocaml-fetched-master.log)
[2026-08-27 22:05:59.613] fetch_binding_source_ocaml  detect  (ok, output present)
[2026-08-27 22:05:59.613] fetch_binding_source_ocaml  check_post  (pass)
[2026-08-27 22:05:59.613] fetch_binding_source_ocaml  done
[2026-08-27 22:05:59.616] pack_binding_ocaml         check_pre  (pass)
[2026-08-27 22:05:59.618] pack_binding_ocaml         cmd  (eval $(opam env)
printf 'opam-version: "2.0"\n' > "$(pwd)/canary/templates/opam-local-repo/repo"
OPAMVAR_CANARY_ZARITH_SRC="/home/red/code/contrib/zarith-all/zarith-master" opam config subst canary/templates/opam-local-repo/packages/zarith/zarith-no-conf.dev/opam
opam repo remove canary-local 2>/dev/null || true
opam repo add canary-local "file://$(pwd)/canary/templates/opam-local-repo" --rank=1
opam update canary-local
opam remove -y zarith || true
opam install -y zarith-no-conf --verbose --keep-build-dir --assume-depexts \
  && echo 'ok' > /home/red/code/research/tola/_out/canary/projects/zarith/pack_binding/ocaml/pack_lib-fetched_ocaml_binding-built-dev_binding_source_ocaml-fetched-master.ok)
[2026-08-27 22:05:59.618] pack_binding_ocaml         opam_switch  (canary)
[2026-08-27 22:05:59.618] pack_binding_ocaml         platform  (wsl_ubuntu)
[2026-08-27 22:06:08.870] pack_binding_ocaml         cmd_log  (pack_binding_ocaml.out_lib-fetched_ocaml_binding-built-dev_binding_source_ocaml-fetched-master.log)
[2026-08-27 22:06:08.870] pack_binding_ocaml         detect  (ok, output present)
[2026-08-27 22:06:09.122] pack_binding_ocaml         check_post  (pass)
[2026-08-27 22:06:09.122] pack_binding_ocaml         done
[2026-08-27 22:06:09.125] *                          graph_end  (8/8 completed)
[2026-08-27 22:06:09.125] *                          diagram  (_out/canary/projects/zarith/-run/diagrams/all.mmd)
[2026-08-27 22:06:09.125] *                          diagram  (_out/canary/projects/zarith/-run/diagrams/full.mmd)
[2026-08-27 22:06:09.125] *                          view  (lib (3 steps))
[2026-08-27 22:06:09.125] *                          view  (probes (4 steps))
[2026-08-27 22:06:09.126] *                          view  (binding_ocaml (4 steps))
[2026-08-27 22:06:09.126] *                          html  (_out/canary/projects/zarith/-run/result.html)
[2026-08-27 22:06:09.127] *                          index  (_out/canary/projects/index.html)
[2026-08-27 22:06:09.127] !                          invariant  (full.mmd: missing [2])
[2026-08-27 22:06:09.127] !                          invariant  (SOME FAILED)
[2026-09-13 20:18:33.171] *                          run_start  (zarith)
[2026-09-13 20:18:33.180] *                          variant_start  (lib-fetched_ocaml_binding-fetched_binding_source_ocaml-fetched-1.14)
[2026-09-13 20:18:33.180] *                          graph_start  (8 steps)
[2026-09-13 20:18:33.181] fetch_lib                  warm_gate  (marker + fingerprint + check_post passed)
[2026-09-13 20:18:33.181] fetch_lib                  skip  (verdict marker (prior success))
[2026-09-13 20:18:33.181] fetch_binding_ocaml        warm_gate  (marker + fingerprint + check_post passed)
[2026-09-13 20:18:33.181] fetch_binding_ocaml        skip  (verdict marker (prior success))
[2026-09-13 20:18:33.181] fetch_binding_ocaml_inspect  check_pre  (pass)
[2026-09-13 20:18:33.183] fetch_binding_ocaml_inspect  cmd  (eval $(opam env)
PKG_DIR=$(ocamlfind query 'zarith' 2>/dev/null)
test -n "$PKG_DIR"
python3 canary/scripts/inspect_binding.py --kind mli --dir "$PKG_DIR" \
  --watchlist 'Z,Q,Big_int_Z,Zarith_version' > /home/red/code/research/tola/_out/canary/projects/zarith/fetch_binding/ocaml/inspect_lib-fetched_ocaml_binding-fetched_binding_source_ocaml-fetched-1.14.json)
[2026-09-13 20:18:33.183] fetch_binding_ocaml_inspect  opam_switch  (canary)
[2026-09-13 20:18:33.183] fetch_binding_ocaml_inspect  platform  (wsl_ubuntu)
[2026-09-13 20:18:33.245] fetch_binding_ocaml_inspect  cmd_log  (fetch_binding_ocaml_inspect.out_lib-fetched_ocaml_binding-fetched_binding_source_ocaml-fetched-1.14.log)
[2026-09-13 20:18:33.245] fetch_binding_ocaml_inspect  detect  (ok, output present)
[2026-09-13 20:18:33.245] fetch_binding_ocaml_inspect  agreement_outcome  (no agreement fires at this action)
[2026-09-13 20:18:33.245] fetch_binding_ocaml_inspect  check_post  (pass)
[2026-09-13 20:18:33.245] fetch_binding_ocaml_inspect  done
[2026-09-13 20:18:33.247] fetch_binding_ocaml_stub_inspect  check_pre  (pass)
[2026-09-13 20:18:33.249] fetch_binding_ocaml_stub_inspect  cmd  (eval $(opam env)
PKG_DIR=$(ocamlfind query 'zarith' 2>/dev/null)
test -n "$PKG_DIR"
STUB=$(ls "$PKG_DIR"/lib*.a 2>/dev/null | head -1)
test -n "$STUB"
python3 canary/scripts/inspect_binding.py --kind stub --path "$STUB" \
  --prefix '__gmpz_' --watchlist '' \
  > /home/red/code/research/tola/_out/canary/projects/zarith/fetch_binding/ocaml/inspect_stub_lib-fetched_ocaml_binding-fetched_binding_source_ocaml-fetched-1.14.json)
[2026-09-13 20:18:33.249] fetch_binding_ocaml_stub_inspect  opam_switch  (canary)
[2026-09-13 20:18:33.249] fetch_binding_ocaml_stub_inspect  platform  (wsl_ubuntu)
[2026-09-13 20:18:33.350] fetch_binding_ocaml_stub_inspect  cmd_log  (fetch_binding_ocaml_stub_inspect.out_lib-fetched_ocaml_binding-fetched_binding_source_ocaml-fetched-1.14.log)
[2026-09-13 20:18:33.350] fetch_binding_ocaml_stub_inspect  detect  (ok, output present)
[2026-09-13 20:18:33.350] fetch_binding_ocaml_stub_inspect  agreement_outcome  (no agreement fires at this action)
[2026-09-13 20:18:33.350] fetch_binding_ocaml_stub_inspect  check_post  (pass)
[2026-09-13 20:18:33.350] fetch_binding_ocaml_stub_inspect  done
[2026-09-13 20:18:33.352] probe_lib                  check_pre  (pass)
[2026-09-13 20:18:33.354] probe_lib                  cmd  (LIB_NATIVE=$(ls /usr/lib/x86_64-linux-gnu/libgmp.so* /usr/lib*/libgmp.so* 2>/dev/null \
        "$(brew --prefix gmp 2>/dev/null)/lib/libgmp.dylib" 2>/dev/null \
        | head -1)
test -n "$LIB_NATIVE" -a -e "$LIB_NATIVE"
COUNT=$(nm -D "$LIB_NATIVE" 2>/dev/null | grep -v ' U ' | grep -c '__gmp' || echo 0)
printf '__gmp symbols exported: %s\n' "$COUNT" | tee /home/red/code/research/tola/_out/canary/projects/zarith/probe_lib/probe_lib-fetched_ocaml_binding-fetched_binding_source_ocaml-fetched-1.14.log
test "$COUNT" -gt 0)
[2026-09-13 20:18:33.354] probe_lib                  opam_switch  (canary)
[2026-09-13 20:18:33.354] probe_lib                  platform  (wsl_ubuntu)
[2026-09-13 20:18:33.400] probe_lib                  cmd_log  (probe_lib.out_lib-fetched_ocaml_binding-fetched_binding_source_ocaml-fetched-1.14.log)
[2026-09-13 20:18:33.400] probe_lib                  detect  (ok, output present)
[2026-09-13 20:18:33.400] probe_lib                  agreement_outcome  (no agreement fires at this action)
[2026-09-13 20:18:33.400] probe_lib                  check_post  (pass)
[2026-09-13 20:18:33.400] probe_lib                  done
[2026-09-13 20:18:33.402] probe_lib_inspect          check_pre  (pass)
[2026-09-13 20:18:33.404] probe_lib_inspect          cmd  (LIB_NATIVE=$(ls /usr/lib/x86_64-linux-gnu/libgmp.so* /usr/lib*/libgmp.so* 2>/dev/null \
        "$(brew --prefix gmp 2>/dev/null)/lib/libgmp.dylib" 2>/dev/null \
        | head -1)
test -n "$LIB_NATIVE" -a -e "$LIB_NATIVE"
nm -D "$LIB_NATIVE" 2>/dev/null \
  | python3 canary/scripts/inspect_native.py --emit-symbols --elf --path "$LIB_NATIVE" --prefixes '__gmpz_,__gmpq_,__gmpf_,__gmpn_,__gmp_' --watchlist '__gmpn_add_n,__gmpn_divexact,__gmpn_gcd,__gmpn_gcdext,__gmpn_get_str,__gmpn_hamdist,__gmpn_lshift,__gmpn_mul,__gmpn_mul_1,__gmpn_mul_n,__gmpn_perfect_square_p,__gmpn_popcount,__gmpn_rshift,__gmpn_scan1,__gmpn_set_str,__gmpn_sqr,__gmpn_sqrtrem,__gmpn_sub_n,__gmpn_tdiv_qr,__gmpz_2fac_ui,__gmpz_bin_ui,__gmpz_clear,__gmpz_congruent_p,__gmpz_divisible_p,__gmpz_fac_ui,__gmpz_fib_ui,__gmpz_init,__gmpz_invert,__gmpz_jacobi,__gmpz_lucnum_ui,__gmpz_mfac_uiui,__gmpz_nextprime,__gmpz_perfect_power_p,__gmpz_pow_ui,__gmpz_powm,__gmpz_powm_sec,__gmpz_primorial_ui,__gmpz_probab_prime_p,__gmpz_realloc2,__gmpz_remove,__gmpz_root,__gmpz_rootrem' \
  > /home/red/code/research/tola/_out/canary/projects/zarith/probe_lib/inspect_lib-fetched_ocaml_binding-fetched_binding_source_ocaml-fetched-1.14.json)
[2026-09-13 20:18:33.404] probe_lib_inspect          opam_switch  (canary)
[2026-09-13 20:18:33.404] probe_lib_inspect          platform  (wsl_ubuntu)
[2026-09-13 20:18:33.456] probe_lib_inspect          cmd_log  (probe_lib_inspect.out_lib-fetched_ocaml_binding-fetched_binding_source_ocaml-fetched-1.14.log)
[2026-09-13 20:18:33.456] probe_lib_inspect          detect  (ok, output present)
[2026-09-13 20:18:33.457] probe_lib_inspect          agreement_outcome  (no agreement fires at this action)
[2026-09-13 20:18:33.457] probe_lib_inspect          check_post  (pass)
[2026-09-13 20:18:33.457] probe_lib_inspect          done
[2026-09-13 20:18:33.459] probe_binding_ocaml        check_pre  (pass)
[2026-09-13 20:18:33.461] probe_binding_ocaml        cmd  (eval $(opam env)
INSTALLED=$(opam list zarith --installed --short --columns=version 2>/dev/null)
test "$INSTALLED" = "1.14" || eval $(opam env) && opam install zarith.1.14 -y --assume-depexts
eval $(opam env)
ocamlfind ocamlopt -package zarith -linkpkg canary/examples/zarith/zarith_example.ml -o /home/red/code/research/tola/_out/canary/projects/zarith/probe_binding/ocaml/zarith_example > /home/red/code/research/tola/_out/canary/projects/zarith/probe_binding/ocaml/probe_lib-fetched_ocaml_binding-fetched_binding_source_ocaml-fetched-1.14.log 2>&1 && /home/red/code/research/tola/_out/canary/projects/zarith/probe_binding/ocaml/zarith_example >> /home/red/code/research/tola/_out/canary/projects/zarith/probe_binding/ocaml/probe_lib-fetched_ocaml_binding-fetched_binding_source_ocaml-fetched-1.14.log 2>&1
RC=$?
cat /home/red/code/research/tola/_out/canary/projects/zarith/probe_binding/ocaml/probe_lib-fetched_ocaml_binding-fetched_binding_source_ocaml-fetched-1.14.log
exit $RC)
[2026-09-13 20:18:33.461] probe_binding_ocaml        opam_switch  (canary)
[2026-09-13 20:18:33.461] probe_binding_ocaml        platform  (wsl_ubuntu)
[2026-09-13 20:18:38.424] probe_binding_ocaml        cmd_log  (probe_binding_ocaml.out_lib-fetched_ocaml_binding-fetched_binding_source_ocaml-fetched-1.14.log)
[2026-09-13 20:18:38.424] probe_binding_ocaml        detect  (ok, output present)
[2026-09-13 20:18:38.425] probe_binding_ocaml        agreement_outcome  (required_symbols_exported/stub_requirements_vs_library_exports: holds)
[2026-09-13 20:18:38.425] probe_binding_ocaml        agreement_outcome  (api_names_present/watchlist_vs_user_surface: violated: Zarith_version)
[2026-09-13 20:18:38.425] probe_binding_ocaml        agreement_outcome  (behavior_matches/probe_assertions: not_implemented: the expected values live inside the probe's source as embedded assertions, and the observation is the probe's …)
[2026-09-13 20:18:38.425] probe_binding_ocaml        agreement_outcome  (soname_matches_requirement/library_identity_vs_consumer_record: not_applicable: this binding mechanism produces no artifact carrying a dependency or symbol-version record (a static archive h…)
[2026-09-13 20:18:38.425] probe_binding_ocaml        agreement_outcome  (required_versions_exported/required_tags_vs_provider_exports: not_applicable: this binding mechanism produces no artifact carrying a dependency or symbol-version record (a static archive h…)
[2026-09-13 20:18:38.425] probe_binding_ocaml        agreement_outcome  (signatures_agree/header_vs_stub_signature_summaries: unavailable: no header signature summary in this world)
[2026-09-13 20:18:38.425] probe_binding_ocaml        agreement_outcome  (dependencies_provided/recorded_dependencies_vs_world_providers: not_applicable: this binding mechanism produces no artifact carrying a dependency or symbol-version record (a static archive h…)
[2026-09-13 20:18:38.425] probe_binding_ocaml        agreement_outcome  (repack_preserves_api/declared_repacking_relation: not_implemented: the repacking relation is not specified: "preserves" has no agreed scope, so there is nothing to compare a bin…)
[2026-09-13 20:18:38.425] probe_binding_ocaml        agreement_outcome  (repack_complete/composed_faithfulness: not_implemented: the claim's scope is unsettled ("loses nothing" needs an allowed-omission policy), and two of the three agreem…)
[2026-09-13 20:18:38.426] probe_binding_ocaml        compat_note  (required_symbols_exported: consumer requires 23 of the provider's 620 symbols (e.g. __gmpz_2fac_ui in use; __gmp_0 in the unused remainder) — POSSIBLY OUT-OF-DATE (a small consumer surface may be by design or lag))
[2026-09-13 20:18:38.718] probe_binding_ocaml        check_post  (pass)
[2026-09-13 20:18:38.718] probe_binding_ocaml        agreement_confirmed  (api_names_present: predicted text present in this run's output)
[2026-09-13 20:18:38.718] probe_binding_ocaml        done
[2026-09-13 20:18:38.721] probe_binding_ocaml_inspect  check_pre  (pass)
[2026-09-13 20:18:38.723] probe_binding_ocaml_inspect  cmd  (eval $(opam env)
PKG_DIR=$(ocamlfind query 'zarith' 2>/dev/null)
test -n "$PKG_DIR"
{ for f in "$PKG_DIR"/*.cmxa "$PKG_DIR"/*.cma; do
    [ -f "$f" ] && ocamlobjinfo "$f"
  done
} | python3 canary/scripts/inspect_ocaml.py --path 'zarith' --watchlist 'Z,Q,Big_int_Z,Zarith_version' \
  > /home/red/code/research/tola/_out/canary/projects/zarith/probe_binding/ocaml/inspect_lib-fetched_ocaml_binding-fetched_binding_source_ocaml-fetched-1.14.json)
[2026-09-13 20:18:38.723] probe_binding_ocaml_inspect  opam_switch  (canary)
[2026-09-13 20:18:38.723] probe_binding_ocaml_inspect  platform  (wsl_ubuntu)
[2026-09-13 20:18:38.781] probe_binding_ocaml_inspect  cmd_log  (probe_binding_ocaml_inspect.out_lib-fetched_ocaml_binding-fetched_binding_source_ocaml-fetched-1.14.log)
[2026-09-13 20:18:38.781] probe_binding_ocaml_inspect  detect  (ok, output present)
[2026-09-13 20:18:38.782] probe_binding_ocaml_inspect  agreement_outcome  (required_symbols_exported/stub_requirements_vs_library_exports: holds)
[2026-09-13 20:18:38.782] probe_binding_ocaml_inspect  agreement_outcome  (api_names_present/watchlist_vs_user_surface: violated: Zarith_version)
[2026-09-13 20:18:38.782] probe_binding_ocaml_inspect  agreement_outcome  (behavior_matches/probe_assertions: not_implemented: the expected values live inside the probe's source as embedded assertions, and the observation is the probe's …)
[2026-09-13 20:18:38.782] probe_binding_ocaml_inspect  agreement_outcome  (soname_matches_requirement/library_identity_vs_consumer_record: not_applicable: this binding mechanism produces no artifact carrying a dependency or symbol-version record (a static archive h…)
[2026-09-13 20:18:38.782] probe_binding_ocaml_inspect  agreement_outcome  (required_versions_exported/required_tags_vs_provider_exports: not_applicable: this binding mechanism produces no artifact carrying a dependency or symbol-version record (a static archive h…)
[2026-09-13 20:18:38.782] probe_binding_ocaml_inspect  agreement_outcome  (signatures_agree/header_vs_stub_signature_summaries: unavailable: no header signature summary in this world)
[2026-09-13 20:18:38.782] probe_binding_ocaml_inspect  agreement_outcome  (dependencies_provided/recorded_dependencies_vs_world_providers: not_applicable: this binding mechanism produces no artifact carrying a dependency or symbol-version record (a static archive h…)
[2026-09-13 20:18:38.782] probe_binding_ocaml_inspect  agreement_outcome  (repack_preserves_api/declared_repacking_relation: not_implemented: the repacking relation is not specified: "preserves" has no agreed scope, so there is nothing to compare a bin…)
[2026-09-13 20:18:38.782] probe_binding_ocaml_inspect  agreement_outcome  (repack_complete/composed_faithfulness: not_implemented: the claim's scope is unsettled ("loses nothing" needs an allowed-omission policy), and two of the three agreem…)
[2026-09-13 20:18:38.783] probe_binding_ocaml_inspect  compat_note  (required_symbols_exported: consumer requires 23 of the provider's 620 symbols (e.g. __gmpz_2fac_ui in use; __gmp_0 in the unused remainder) — POSSIBLY OUT-OF-DATE (a small consumer surface may be by design or lag))
[2026-09-13 20:18:38.783] probe_binding_ocaml_inspect  check_post  (pass)
[2026-09-13 20:18:38.783] probe_binding_ocaml_inspect  agreement_confirmed  (api_names_present: predicted text present in this run's output)
[2026-09-13 20:18:38.783] probe_binding_ocaml_inspect  done
[2026-09-13 20:18:38.785] *                          graph_end  (8/8 completed)
[2026-09-13 20:18:38.785] *                          diagram  (_out/canary/projects/zarith/-run/diagrams/all.mmd)
[2026-09-13 20:18:38.786] *                          diagram  (_out/canary/projects/zarith/-run/diagrams/full.mmd)
[2026-09-13 20:18:38.786] *                          view  (lib (3 steps))
[2026-09-13 20:18:38.786] *                          view  (probes (4 steps))
[2026-09-13 20:18:38.786] *                          view  (binding_ocaml (5 steps))
[2026-09-13 20:18:38.787] *                          html  (_out/canary/projects/zarith/-run/result.html)
[2026-09-13 20:18:38.788] *                          index  (_out/canary/projects/index.html)
[2026-09-13 20:18:38.788] *                          invariant  (full.mmd: OK (8 nodes, 8 IDs))
[2026-09-13 20:18:38.788] *                          invariant  (binding_ocaml.mmd: OK (7 nodes, 8 IDs))
[2026-09-13 20:18:38.788] !                          invariant  (source.mmd: missing [8])
[2026-09-13 20:18:38.788] !                          invariant  (SOME FAILED)
[2026-09-13 20:22:10.258] *                          run_start  (zarith)
[2026-09-13 20:22:10.267] *                          variant_start  (lib-fetched_ocaml_binding-fetched_binding_source_ocaml-fetched-1.14)
[2026-09-13 20:22:10.267] *                          graph_start  (8 steps)
[2026-09-13 20:22:10.267] fetch_lib                  warm_gate  (marker + fingerprint + check_post passed)
[2026-09-13 20:22:10.267] fetch_lib                  skip  (verdict marker (prior success))
[2026-09-13 20:22:10.267] fetch_binding_ocaml        warm_gate  (marker + fingerprint + check_post passed)
[2026-09-13 20:22:10.267] fetch_binding_ocaml        skip  (verdict marker (prior success))
[2026-09-13 20:22:10.267] fetch_binding_ocaml_inspect  warm_check_post  (FAIL — the postcondition no longer holds; re-running)
[2026-09-13 20:22:10.267] fetch_binding_ocaml_stub_inspect  warm_check_post  (FAIL — the postcondition no longer holds; re-running)
[2026-09-13 20:22:10.267] fetch_binding_ocaml_inspect  check_pre  (pass)
[2026-09-13 20:22:10.269] fetch_binding_ocaml_inspect  cmd  (eval $(opam env)
PKG_DIR=$(ocamlfind query 'zarith' 2>/dev/null)
test -n "$PKG_DIR"
python3 canary/scripts/inspect_binding.py --kind mli --dir "$PKG_DIR" \
  --watchlist 'Z,Q,Big_int_Z,Zarith_version' > /home/red/code/research/tola/_out/canary/projects/zarith/fetch_binding/ocaml/inspect_lib-fetched_ocaml_binding-fetched_binding_source_ocaml-fetched-1.14.json)
[2026-09-13 20:22:10.269] fetch_binding_ocaml_inspect  opam_switch  (canary)
[2026-09-13 20:22:10.269] fetch_binding_ocaml_inspect  platform  (wsl_ubuntu)
[2026-09-13 20:22:10.333] fetch_binding_ocaml_inspect  cmd_log  (fetch_binding_ocaml_inspect.out_lib-fetched_ocaml_binding-fetched_binding_source_ocaml-fetched-1.14.log)
[2026-09-13 20:22:10.333] fetch_binding_ocaml_inspect  detect  (ok, output present)
[2026-09-13 20:22:10.333] fetch_binding_ocaml_inspect  agreement_outcome  (no agreement fires at this action)
[2026-09-13 20:22:10.333] fetch_binding_ocaml_inspect  check_post  (pass)
[2026-09-13 20:22:10.333] fetch_binding_ocaml_inspect  done
[2026-09-13 20:22:10.335] fetch_binding_ocaml_stub_inspect  check_pre  (pass)
[2026-09-13 20:22:10.337] fetch_binding_ocaml_stub_inspect  cmd  (eval $(opam env)
PKG_DIR=$(ocamlfind query 'zarith' 2>/dev/null)
test -n "$PKG_DIR"
STUB=$(ls "$PKG_DIR"/lib*.a 2>/dev/null | head -1)
test -n "$STUB"
python3 canary/scripts/inspect_binding.py --kind stub --path "$STUB" \
  --prefix '__gmpz_' --watchlist '' \
  > /home/red/code/research/tola/_out/canary/projects/zarith/fetch_binding/ocaml/inspect_stub_lib-fetched_ocaml_binding-fetched_binding_source_ocaml-fetched-1.14.json)
[2026-09-13 20:22:10.337] fetch_binding_ocaml_stub_inspect  opam_switch  (canary)
[2026-09-13 20:22:10.337] fetch_binding_ocaml_stub_inspect  platform  (wsl_ubuntu)
[2026-09-13 20:22:10.439] fetch_binding_ocaml_stub_inspect  cmd_log  (fetch_binding_ocaml_stub_inspect.out_lib-fetched_ocaml_binding-fetched_binding_source_ocaml-fetched-1.14.log)
[2026-09-13 20:22:10.439] fetch_binding_ocaml_stub_inspect  detect  (ok, output present)
[2026-09-13 20:22:10.439] fetch_binding_ocaml_stub_inspect  agreement_outcome  (no agreement fires at this action)
[2026-09-13 20:22:10.439] fetch_binding_ocaml_stub_inspect  check_post  (pass)
[2026-09-13 20:22:10.439] fetch_binding_ocaml_stub_inspect  done
[2026-09-13 20:22:10.441] probe_lib                  check_pre  (pass)
[2026-09-13 20:22:10.443] probe_lib                  cmd  (LIB_NATIVE=$(ls /usr/lib/x86_64-linux-gnu/libgmp.so* /usr/lib*/libgmp.so* 2>/dev/null \
        "$(brew --prefix gmp 2>/dev/null)/lib/libgmp.dylib" 2>/dev/null \
        | head -1)
test -n "$LIB_NATIVE" -a -e "$LIB_NATIVE"
COUNT=$(nm -D "$LIB_NATIVE" 2>/dev/null | grep -v ' U ' | grep -c '__gmp' || echo 0)
printf '__gmp symbols exported: %s\n' "$COUNT" | tee /home/red/code/research/tola/_out/canary/projects/zarith/probe_lib/probe_lib-fetched_ocaml_binding-fetched_binding_source_ocaml-fetched-1.14.log
test "$COUNT" -gt 0)
[2026-09-13 20:22:10.443] probe_lib                  opam_switch  (canary)
[2026-09-13 20:22:10.443] probe_lib                  platform  (wsl_ubuntu)
[2026-09-13 20:22:10.490] probe_lib                  cmd_log  (probe_lib.out_lib-fetched_ocaml_binding-fetched_binding_source_ocaml-fetched-1.14.log)
[2026-09-13 20:22:10.490] probe_lib                  detect  (ok, output present)
[2026-09-13 20:22:10.490] probe_lib                  agreement_outcome  (no agreement fires at this action)
[2026-09-13 20:22:10.490] probe_lib                  check_post  (pass)
[2026-09-13 20:22:10.490] probe_lib                  done
[2026-09-13 20:22:10.492] probe_lib_inspect          check_pre  (pass)
[2026-09-13 20:22:10.494] probe_lib_inspect          cmd  (LIB_NATIVE=$(ls /usr/lib/x86_64-linux-gnu/libgmp.so* /usr/lib*/libgmp.so* 2>/dev/null \
        "$(brew --prefix gmp 2>/dev/null)/lib/libgmp.dylib" 2>/dev/null \
        | head -1)
test -n "$LIB_NATIVE" -a -e "$LIB_NATIVE"
nm -D "$LIB_NATIVE" 2>/dev/null \
  | python3 canary/scripts/inspect_native.py --emit-symbols --elf --path "$LIB_NATIVE" --prefixes '__gmpz_,__gmpq_,__gmpf_,__gmpn_,__gmp_' --watchlist '__gmpn_add_n,__gmpn_divexact,__gmpn_gcd,__gmpn_gcdext,__gmpn_get_str,__gmpn_hamdist,__gmpn_lshift,__gmpn_mul,__gmpn_mul_1,__gmpn_mul_n,__gmpn_perfect_square_p,__gmpn_popcount,__gmpn_rshift,__gmpn_scan1,__gmpn_set_str,__gmpn_sqr,__gmpn_sqrtrem,__gmpn_sub_n,__gmpn_tdiv_qr,__gmpz_2fac_ui,__gmpz_bin_ui,__gmpz_clear,__gmpz_congruent_p,__gmpz_divisible_p,__gmpz_fac_ui,__gmpz_fib_ui,__gmpz_init,__gmpz_invert,__gmpz_jacobi,__gmpz_lucnum_ui,__gmpz_mfac_uiui,__gmpz_nextprime,__gmpz_perfect_power_p,__gmpz_pow_ui,__gmpz_powm,__gmpz_powm_sec,__gmpz_primorial_ui,__gmpz_probab_prime_p,__gmpz_realloc2,__gmpz_remove,__gmpz_root,__gmpz_rootrem' \
  > /home/red/code/research/tola/_out/canary/projects/zarith/probe_lib/inspect_lib-fetched_ocaml_binding-fetched_binding_source_ocaml-fetched-1.14.json)
[2026-09-13 20:22:10.494] probe_lib_inspect          opam_switch  (canary)
[2026-09-13 20:22:10.494] probe_lib_inspect          platform  (wsl_ubuntu)
[2026-09-13 20:22:10.547] probe_lib_inspect          cmd_log  (probe_lib_inspect.out_lib-fetched_ocaml_binding-fetched_binding_source_ocaml-fetched-1.14.log)
[2026-09-13 20:22:10.547] probe_lib_inspect          detect  (ok, output present)
[2026-09-13 20:22:10.547] probe_lib_inspect          agreement_outcome  (no agreement fires at this action)
[2026-09-13 20:22:10.547] probe_lib_inspect          check_post  (pass)
[2026-09-13 20:22:10.547] probe_lib_inspect          done
[2026-09-13 20:22:10.549] probe_binding_ocaml        check_pre  (pass)
[2026-09-13 20:22:10.551] probe_binding_ocaml        cmd  (eval $(opam env)
INSTALLED=$(opam list zarith --installed --short --columns=version 2>/dev/null)
test "$INSTALLED" = "1.14" || eval $(opam env) && opam install zarith.1.14 -y --assume-depexts
eval $(opam env)
ocamlfind ocamlopt -package zarith -linkpkg canary/examples/zarith/zarith_example.ml -o /home/red/code/research/tola/_out/canary/projects/zarith/probe_binding/ocaml/zarith_example > /home/red/code/research/tola/_out/canary/projects/zarith/probe_binding/ocaml/probe_lib-fetched_ocaml_binding-fetched_binding_source_ocaml-fetched-1.14.log 2>&1 && /home/red/code/research/tola/_out/canary/projects/zarith/probe_binding/ocaml/zarith_example >> /home/red/code/research/tola/_out/canary/projects/zarith/probe_binding/ocaml/probe_lib-fetched_ocaml_binding-fetched_binding_source_ocaml-fetched-1.14.log 2>&1
RC=$?
cat /home/red/code/research/tola/_out/canary/projects/zarith/probe_binding/ocaml/probe_lib-fetched_ocaml_binding-fetched_binding_source_ocaml-fetched-1.14.log
exit $RC)
[2026-09-13 20:22:10.551] probe_binding_ocaml        opam_switch  (canary)
[2026-09-13 20:22:10.551] probe_binding_ocaml        platform  (wsl_ubuntu)
[2026-09-13 20:22:11.395] probe_binding_ocaml        cmd_log  (probe_binding_ocaml.out_lib-fetched_ocaml_binding-fetched_binding_source_ocaml-fetched-1.14.log)
[2026-09-13 20:22:11.396] probe_binding_ocaml        detect  (ok, output present)
[2026-09-13 20:22:11.397] probe_binding_ocaml        agreement_outcome  (required_symbols_exported/stub_requirements_vs_library_exports: holds)
[2026-09-13 20:22:11.397] probe_binding_ocaml        agreement_outcome  (api_names_present/watchlist_vs_user_surface: violated: Zarith_version)
[2026-09-13 20:22:11.397] probe_binding_ocaml        agreement_outcome  (behavior_matches/probe_assertions: not_implemented: the expected values live inside the probe's source as embedded assertions, and the observation is the probe's …)
[2026-09-13 20:22:11.397] probe_binding_ocaml        agreement_outcome  (soname_matches_requirement/library_identity_vs_consumer_record: not_applicable: this binding mechanism produces no artifact carrying a dependency or symbol-version record (a static archive h…)
[2026-09-13 20:22:11.397] probe_binding_ocaml        agreement_outcome  (required_versions_exported/required_tags_vs_provider_exports: not_applicable: this binding mechanism produces no artifact carrying a dependency or symbol-version record (a static archive h…)
[2026-09-13 20:22:11.397] probe_binding_ocaml        agreement_outcome  (signatures_agree/header_vs_stub_signature_summaries: unavailable: no header signature summary in this world)
[2026-09-13 20:22:11.397] probe_binding_ocaml        agreement_outcome  (dependencies_provided/recorded_dependencies_vs_world_providers: not_applicable: this binding mechanism produces no artifact carrying a dependency or symbol-version record (a static archive h…)
[2026-09-13 20:22:11.397] probe_binding_ocaml        agreement_outcome  (repack_preserves_api/declared_repacking_relation: not_implemented: the repacking relation is not specified: "preserves" has no agreed scope, so there is nothing to compare a bin…)
[2026-09-13 20:22:11.397] probe_binding_ocaml        agreement_outcome  (repack_complete/composed_faithfulness: not_implemented: the claim's scope is unsettled ("loses nothing" needs an allowed-omission policy), and two of the three agreem…)
[2026-09-13 20:22:11.398] probe_binding_ocaml        compat_note  (required_symbols_exported: consumer requires 23 of the provider's 620 symbols (e.g. __gmpz_2fac_ui in use; __gmp_0 in the unused remainder) — POSSIBLY OUT-OF-DATE (a small consumer surface may be by design or lag))
[2026-09-13 20:22:11.649] probe_binding_ocaml        check_post  (pass)
[2026-09-13 20:22:11.649] probe_binding_ocaml        agreement_confirmed  (api_names_present: predicted text present in this run's output)
[2026-09-13 20:22:11.649] probe_binding_ocaml        done
[2026-09-13 20:22:11.652] probe_binding_ocaml_inspect  check_pre  (pass)
[2026-09-13 20:22:11.654] probe_binding_ocaml_inspect  cmd  (eval $(opam env)
PKG_DIR=$(ocamlfind query 'zarith' 2>/dev/null)
test -n "$PKG_DIR"
{ for f in "$PKG_DIR"/*.cmxa "$PKG_DIR"/*.cma; do
    [ -f "$f" ] && ocamlobjinfo "$f"
  done
} | python3 canary/scripts/inspect_ocaml.py --path 'zarith' --watchlist 'Z,Q,Big_int_Z,Zarith_version' \
  > /home/red/code/research/tola/_out/canary/projects/zarith/probe_binding/ocaml/inspect_lib-fetched_ocaml_binding-fetched_binding_source_ocaml-fetched-1.14.json)
[2026-09-13 20:22:11.654] probe_binding_ocaml_inspect  opam_switch  (canary)
[2026-09-13 20:22:11.654] probe_binding_ocaml_inspect  platform  (wsl_ubuntu)
[2026-09-13 20:22:11.709] probe_binding_ocaml_inspect  cmd_log  (probe_binding_ocaml_inspect.out_lib-fetched_ocaml_binding-fetched_binding_source_ocaml-fetched-1.14.log)
[2026-09-13 20:22:11.709] probe_binding_ocaml_inspect  detect  (ok, output present)
[2026-09-13 20:22:11.710] probe_binding_ocaml_inspect  agreement_outcome  (required_symbols_exported/stub_requirements_vs_library_exports: holds)
[2026-09-13 20:22:11.710] probe_binding_ocaml_inspect  agreement_outcome  (api_names_present/watchlist_vs_user_surface: violated: Zarith_version)
[2026-09-13 20:22:11.710] probe_binding_ocaml_inspect  agreement_outcome  (behavior_matches/probe_assertions: not_implemented: the expected values live inside the probe's source as embedded assertions, and the observation is the probe's …)
[2026-09-13 20:22:11.710] probe_binding_ocaml_inspect  agreement_outcome  (soname_matches_requirement/library_identity_vs_consumer_record: not_applicable: this binding mechanism produces no artifact carrying a dependency or symbol-version record (a static archive h…)
[2026-09-13 20:22:11.710] probe_binding_ocaml_inspect  agreement_outcome  (required_versions_exported/required_tags_vs_provider_exports: not_applicable: this binding mechanism produces no artifact carrying a dependency or symbol-version record (a static archive h…)
[2026-09-13 20:22:11.710] probe_binding_ocaml_inspect  agreement_outcome  (signatures_agree/header_vs_stub_signature_summaries: unavailable: no header signature summary in this world)
[2026-09-13 20:22:11.710] probe_binding_ocaml_inspect  agreement_outcome  (dependencies_provided/recorded_dependencies_vs_world_providers: not_applicable: this binding mechanism produces no artifact carrying a dependency or symbol-version record (a static archive h…)
[2026-09-13 20:22:11.710] probe_binding_ocaml_inspect  agreement_outcome  (repack_preserves_api/declared_repacking_relation: not_implemented: the repacking relation is not specified: "preserves" has no agreed scope, so there is nothing to compare a bin…)
[2026-09-13 20:22:11.710] probe_binding_ocaml_inspect  agreement_outcome  (repack_complete/composed_faithfulness: not_implemented: the claim's scope is unsettled ("loses nothing" needs an allowed-omission policy), and two of the three agreem…)
[2026-09-13 20:22:11.711] probe_binding_ocaml_inspect  compat_note  (required_symbols_exported: consumer requires 23 of the provider's 620 symbols (e.g. __gmpz_2fac_ui in use; __gmp_0 in the unused remainder) — POSSIBLY OUT-OF-DATE (a small consumer surface may be by design or lag))
[2026-09-13 20:22:11.711] probe_binding_ocaml_inspect  check_post  (pass)
[2026-09-13 20:22:11.711] probe_binding_ocaml_inspect  agreement_confirmed  (api_names_present: predicted text present in this run's output)
[2026-09-13 20:22:11.711] probe_binding_ocaml_inspect  done
[2026-09-13 20:22:11.713] *                          graph_end  (8/8 completed)
[2026-09-13 20:22:11.713] *                          diagram  (_out/canary/projects/zarith/-run/diagrams/all.mmd)
[2026-09-13 20:22:11.713] *                          diagram  (_out/canary/projects/zarith/-run/diagrams/full.mmd)
[2026-09-13 20:22:11.713] *                          view  (lib (3 steps))
[2026-09-13 20:22:11.714] *                          view  (probes (4 steps))
[2026-09-13 20:22:11.714] *                          view  (binding_ocaml (5 steps))
[2026-09-13 20:22:11.715] *                          html  (_out/canary/projects/zarith/-run/result.html)
[2026-09-13 20:22:11.716] *                          index  (_out/canary/projects/index.html)
[2026-09-13 20:22:11.716] *                          invariant  (full.mmd: OK (8 nodes, 8 IDs))
[2026-09-13 20:22:11.716] *                          invariant  (binding_ocaml.mmd: OK (7 nodes, 8 IDs))
[2026-09-13 20:22:11.716] !                          invariant  (source.mmd: missing [8])
[2026-09-13 20:22:11.716] !                          invariant  (SOME FAILED)
[2026-09-13 20:22:11.736] *                          variant_start  (lib-fetched_ocaml_binding-built-dev_binding_source_ocaml-fetched-master)
[2026-09-13 20:22:11.736] *                          graph_start  (10 steps)
[2026-09-13 20:22:11.736] fetch_lib                  warm_gate  (marker + fingerprint + check_post passed)
[2026-09-13 20:22:11.737] fetch_lib                  skip  (verdict marker (prior success))
[2026-09-13 20:22:11.737] fetch_binding_source_ocaml  warm_gate  (marker + fingerprint + check_post passed)
[2026-09-13 20:22:11.737] fetch_binding_source_ocaml  skip  (verdict marker (prior success))
[2026-09-13 20:22:11.737] build_binding_ocaml        warm_gate  (marker + fingerprint + check_post passed)
[2026-09-13 20:22:11.737] build_binding_ocaml        skip  (verdict marker (prior success))
[2026-09-13 20:22:11.987] pack_binding_ocaml         warm_check_post  (FAIL — the postcondition no longer holds; re-running)
[2026-09-13 20:22:11.987] pack_binding_ocaml         check_pre  (pass)
[2026-09-13 20:22:11.989] pack_binding_ocaml         cmd  (eval $(opam env)
printf 'opam-version: "2.0"\n' > "$(pwd)/canary/templates/opam-local-repo/repo"
OPAMVAR_CANARY_ZARITH_SRC="/home/red/code/contrib/zarith-all/zarith-master" opam config subst canary/templates/opam-local-repo/packages/zarith/zarith-no-conf.dev/opam
opam repo remove canary-local 2>/dev/null || true
opam repo add canary-local "file://$(pwd)/canary/templates/opam-local-repo" --rank=1
opam update canary-local
opam remove -y zarith || true
opam install -y zarith-no-conf --verbose --keep-build-dir --assume-depexts \
  && echo 'ok' > /home/red/code/research/tola/_out/canary/projects/zarith/pack_binding/ocaml/pack_lib-fetched_ocaml_binding-built-dev_binding_source_ocaml-fetched-master.ok)
[2026-09-13 20:22:11.989] pack_binding_ocaml         opam_switch  (canary)
[2026-09-13 20:22:11.989] pack_binding_ocaml         platform  (wsl_ubuntu)
[2026-09-13 20:22:21.887] pack_binding_ocaml         cmd_log  (pack_binding_ocaml.out_lib-fetched_ocaml_binding-built-dev_binding_source_ocaml-fetched-master.log)
[2026-09-13 20:22:21.887] pack_binding_ocaml         detect  (ok, output present)
[2026-09-13 20:22:21.887] pack_binding_ocaml         agreement_outcome  (no agreement fires at this action)
[2026-09-13 20:22:22.142] pack_binding_ocaml         check_post  (pass)
[2026-09-13 20:22:22.142] pack_binding_ocaml         done
[2026-09-13 20:22:22.145] pack_binding_ocaml_inspect  check_pre  (pass)
[2026-09-13 20:22:22.147] pack_binding_ocaml_inspect  cmd  (eval $(opam env)
PKG_DIR=$(ocamlfind query 'zarith' 2>/dev/null)
test -n "$PKG_DIR"
python3 canary/scripts/inspect_binding.py --kind mli --dir "$PKG_DIR" \
  --watchlist 'Z,Q,Big_int_Z,Zarith_version' > /home/red/code/research/tola/_out/canary/projects/zarith/pack_binding/ocaml/inspect_lib-fetched_ocaml_binding-built-dev_binding_source_ocaml-fetched-master.json)
[2026-09-13 20:22:22.147] pack_binding_ocaml_inspect  opam_switch  (canary)
[2026-09-13 20:22:22.147] pack_binding_ocaml_inspect  platform  (wsl_ubuntu)
[2026-09-13 20:22:22.210] pack_binding_ocaml_inspect  cmd_log  (pack_binding_ocaml_inspect.out_lib-fetched_ocaml_binding-built-dev_binding_source_ocaml-fetched-master.log)
[2026-09-13 20:22:22.210] pack_binding_ocaml_inspect  detect  (ok, output present)
[2026-09-13 20:22:22.210] pack_binding_ocaml_inspect  agreement_outcome  (no agreement fires at this action)
[2026-09-13 20:22:22.210] pack_binding_ocaml_inspect  check_post  (pass)
[2026-09-13 20:22:22.210] pack_binding_ocaml_inspect  done
[2026-09-13 20:22:22.212] pack_binding_ocaml_stub_inspect  check_pre  (pass)
[2026-09-13 20:22:22.214] pack_binding_ocaml_stub_inspect  cmd  (eval $(opam env)
PKG_DIR=$(ocamlfind query 'zarith' 2>/dev/null)
test -n "$PKG_DIR"
STUB=$(ls "$PKG_DIR"/lib*.a 2>/dev/null | head -1)
test -n "$STUB"
python3 canary/scripts/inspect_binding.py --kind stub --path "$STUB" \
  --prefix '__gmpz_' --watchlist '' \
  > /home/red/code/research/tola/_out/canary/projects/zarith/pack_binding/ocaml/inspect_stub_lib-fetched_ocaml_binding-built-dev_binding_source_ocaml-fetched-master.json)
[2026-09-13 20:22:22.214] pack_binding_ocaml_stub_inspect  opam_switch  (canary)
[2026-09-13 20:22:22.214] pack_binding_ocaml_stub_inspect  platform  (wsl_ubuntu)
[2026-09-13 20:22:22.315] pack_binding_ocaml_stub_inspect  cmd_log  (pack_binding_ocaml_stub_inspect.out_lib-fetched_ocaml_binding-built-dev_binding_source_ocaml-fetched-master.log)
[2026-09-13 20:22:22.315] pack_binding_ocaml_stub_inspect  detect  (ok, output present)
[2026-09-13 20:22:22.315] pack_binding_ocaml_stub_inspect  agreement_outcome  (no agreement fires at this action)
[2026-09-13 20:22:22.315] pack_binding_ocaml_stub_inspect  check_post  (pass)
[2026-09-13 20:22:22.315] pack_binding_ocaml_stub_inspect  done
[2026-09-13 20:22:22.317] probe_lib                  check_pre  (pass)
[2026-09-13 20:22:22.319] probe_lib                  cmd  (LIB_NATIVE=$(ls /usr/lib/x86_64-linux-gnu/libgmp.so* /usr/lib*/libgmp.so* 2>/dev/null \
        "$(brew --prefix gmp 2>/dev/null)/lib/libgmp.dylib" 2>/dev/null \
        | head -1)
test -n "$LIB_NATIVE" -a -e "$LIB_NATIVE"
COUNT=$(nm -D "$LIB_NATIVE" 2>/dev/null | grep -v ' U ' | grep -c '__gmp' || echo 0)
printf '__gmp symbols exported: %s\n' "$COUNT" | tee /home/red/code/research/tola/_out/canary/projects/zarith/probe_lib/probe_lib-fetched_ocaml_binding-built-dev_binding_source_ocaml-fetched-master.log
test "$COUNT" -gt 0)
[2026-09-13 20:22:22.319] probe_lib                  opam_switch  (canary)
[2026-09-13 20:22:22.319] probe_lib                  platform  (wsl_ubuntu)
[2026-09-13 20:22:22.366] probe_lib                  cmd_log  (probe_lib.out_lib-fetched_ocaml_binding-built-dev_binding_source_ocaml-fetched-master.log)
[2026-09-13 20:22:22.366] probe_lib                  detect  (ok, output present)
[2026-09-13 20:22:22.366] probe_lib                  agreement_outcome  (no agreement fires at this action)
[2026-09-13 20:22:22.366] probe_lib                  check_post  (pass)
[2026-09-13 20:22:22.366] probe_lib                  done
[2026-09-13 20:22:22.368] probe_lib_inspect          check_pre  (pass)
[2026-09-13 20:22:22.370] probe_lib_inspect          cmd  (LIB_NATIVE=$(ls /usr/lib/x86_64-linux-gnu/libgmp.so* /usr/lib*/libgmp.so* 2>/dev/null \
        "$(brew --prefix gmp 2>/dev/null)/lib/libgmp.dylib" 2>/dev/null \
        | head -1)
test -n "$LIB_NATIVE" -a -e "$LIB_NATIVE"
nm -D "$LIB_NATIVE" 2>/dev/null \
  | python3 canary/scripts/inspect_native.py --emit-symbols --elf --path "$LIB_NATIVE" --prefixes '__gmpz_,__gmpq_,__gmpf_,__gmpn_,__gmp_' --watchlist '__gmpn_add_n,__gmpn_divexact,__gmpn_gcd,__gmpn_gcdext,__gmpn_get_str,__gmpn_hamdist,__gmpn_lshift,__gmpn_mul,__gmpn_mul_1,__gmpn_mul_n,__gmpn_perfect_square_p,__gmpn_popcount,__gmpn_rshift,__gmpn_scan1,__gmpn_set_str,__gmpn_sqr,__gmpn_sqrtrem,__gmpn_sub_n,__gmpn_tdiv_qr,__gmpz_2fac_ui,__gmpz_bin_ui,__gmpz_clear,__gmpz_congruent_p,__gmpz_divisible_p,__gmpz_fac_ui,__gmpz_fib_ui,__gmpz_init,__gmpz_invert,__gmpz_jacobi,__gmpz_lucnum_ui,__gmpz_mfac_uiui,__gmpz_nextprime,__gmpz_perfect_power_p,__gmpz_pow_ui,__gmpz_powm,__gmpz_powm_sec,__gmpz_primorial_ui,__gmpz_probab_prime_p,__gmpz_realloc2,__gmpz_remove,__gmpz_root,__gmpz_rootrem' \
  > /home/red/code/research/tola/_out/canary/projects/zarith/probe_lib/inspect_lib-fetched_ocaml_binding-built-dev_binding_source_ocaml-fetched-master.json)
[2026-09-13 20:22:22.370] probe_lib_inspect          opam_switch  (canary)
[2026-09-13 20:22:22.370] probe_lib_inspect          platform  (wsl_ubuntu)
[2026-09-13 20:22:22.424] probe_lib_inspect          cmd_log  (probe_lib_inspect.out_lib-fetched_ocaml_binding-built-dev_binding_source_ocaml-fetched-master.log)
[2026-09-13 20:22:22.424] probe_lib_inspect          detect  (ok, output present)
[2026-09-13 20:22:22.424] probe_lib_inspect          agreement_outcome  (no agreement fires at this action)
[2026-09-13 20:22:22.424] probe_lib_inspect          check_post  (pass)
[2026-09-13 20:22:22.424] probe_lib_inspect          done
[2026-09-13 20:22:22.426] probe_binding_ocaml        check_pre  (pass)
[2026-09-13 20:22:22.428] probe_binding_ocaml        cmd  (eval $(opam env) && export LD_LIBRARY_PATH=/home/red/code/research/tola/_out/canary/projects/zarith/probe_binding/ocaml/../../src_lib-fetched_ocaml_binding-built-dev_binding_source_ocaml-fetched-master: && ocamlfind ocamlopt -I /home/red/code/research/tola/_out/canary/projects/zarith/probe_binding/ocaml/../../src_lib-fetched_ocaml_binding-built-dev_binding_source_ocaml-fetched-master /home/red/code/research/tola/_out/canary/projects/zarith/probe_binding/ocaml/../../src_lib-fetched_ocaml_binding-built-dev_binding_source_ocaml-fetched-master/zarith.cmxa canary/examples/zarith/zarith_example.ml -o /home/red/code/research/tola/_out/canary/projects/zarith/probe_binding/ocaml/zarith_example > /home/red/code/research/tola/_out/canary/projects/zarith/probe_binding/ocaml/probe_lib-fetched_ocaml_binding-built-dev_binding_source_ocaml-fetched-master.log 2>&1 && /home/red/code/research/tola/_out/canary/projects/zarith/probe_binding/ocaml/zarith_example >> /home/red/code/research/tola/_out/canary/projects/zarith/probe_binding/ocaml/probe_lib-fetched_ocaml_binding-built-dev_binding_source_ocaml-fetched-master.log 2>&1 && cat /home/red/code/research/tola/_out/canary/projects/zarith/probe_binding/ocaml/probe_lib-fetched_ocaml_binding-built-dev_binding_source_ocaml-fetched-master.log)
[2026-09-13 20:22:22.428] probe_binding_ocaml        opam_switch  (canary)
[2026-09-13 20:22:22.428] probe_binding_ocaml        platform  (wsl_ubuntu)
[2026-09-13 20:22:22.551] probe_binding_ocaml        cmd_log  (probe_binding_ocaml.out_lib-fetched_ocaml_binding-built-dev_binding_source_ocaml-fetched-master.log)
[2026-09-13 20:22:22.551] probe_binding_ocaml        detect  (ok, output present)
[2026-09-13 20:22:22.552] probe_binding_ocaml        agreement_outcome  (required_symbols_exported/stub_requirements_vs_library_exports: holds)
[2026-09-13 20:22:22.552] probe_binding_ocaml        agreement_outcome  (api_names_present/watchlist_vs_user_surface: unavailable: no user-facing surface inspection in this world)
[2026-09-13 20:22:22.552] probe_binding_ocaml        agreement_outcome  (behavior_matches/probe_assertions: not_implemented: the expected values live inside the probe's source as embedded assertions, and the observation is the probe's …)
[2026-09-13 20:22:22.552] probe_binding_ocaml        agreement_outcome  (soname_matches_requirement/library_identity_vs_consumer_record: not_applicable: this binding mechanism produces no artifact carrying a dependency or symbol-version record (a static archive h…)
[2026-09-13 20:22:22.552] probe_binding_ocaml        agreement_outcome  (required_versions_exported/required_tags_vs_provider_exports: not_applicable: this binding mechanism produces no artifact carrying a dependency or symbol-version record (a static archive h…)
[2026-09-13 20:22:22.552] probe_binding_ocaml        agreement_outcome  (signatures_agree/header_vs_stub_signature_summaries: unavailable: no header signature summary in this world)
[2026-09-13 20:22:22.552] probe_binding_ocaml        agreement_outcome  (dependencies_provided/recorded_dependencies_vs_world_providers: not_applicable: this binding mechanism produces no artifact carrying a dependency or symbol-version record (a static archive h…)
[2026-09-13 20:22:22.552] probe_binding_ocaml        agreement_outcome  (repack_preserves_api/declared_repacking_relation: not_implemented: the repacking relation is not specified: "preserves" has no agreed scope, so there is nothing to compare a bin…)
[2026-09-13 20:22:22.552] probe_binding_ocaml        agreement_outcome  (repack_complete/composed_faithfulness: not_implemented: the claim's scope is unsettled ("loses nothing" needs an allowed-omission policy), and two of the three agreem…)
[2026-09-13 20:22:22.553] probe_binding_ocaml        compat_note  (required_symbols_exported: consumer requires 42 of the provider's 620 symbols (e.g. __gmpn_add_n in use; __gmp_0 in the unused remainder) — POSSIBLY OUT-OF-DATE (a small consumer surface may be by design or lag))
[2026-09-13 20:22:22.553] probe_binding_ocaml        done  (no compat failure predicted; success expected)
[2026-09-13 20:22:22.555] probe_binding_ocaml_inspect  check_pre  (pass)
[2026-09-13 20:22:22.558] probe_binding_ocaml_inspect  cmd  (eval $(opam env)
PKG_DIR=$(ocamlfind query 'zarith' 2>/dev/null)
test -n "$PKG_DIR"
{ for f in "$PKG_DIR"/*.cmxa "$PKG_DIR"/*.cma; do
    [ -f "$f" ] && ocamlobjinfo "$f"
  done
} | python3 canary/scripts/inspect_ocaml.py --path 'zarith' --watchlist 'Z,Q,Big_int_Z,Zarith_version' \
  > /home/red/code/research/tola/_out/canary/projects/zarith/probe_binding/ocaml/inspect_lib-fetched_ocaml_binding-built-dev_binding_source_ocaml-fetched-master.json)
[2026-09-13 20:22:22.558] probe_binding_ocaml_inspect  opam_switch  (canary)
[2026-09-13 20:22:22.558] probe_binding_ocaml_inspect  platform  (wsl_ubuntu)
[2026-09-13 20:22:22.618] probe_binding_ocaml_inspect  cmd_log  (probe_binding_ocaml_inspect.out_lib-fetched_ocaml_binding-built-dev_binding_source_ocaml-fetched-master.log)
[2026-09-13 20:22:22.618] probe_binding_ocaml_inspect  detect  (ok, output present)
[2026-09-13 20:22:22.619] probe_binding_ocaml_inspect  agreement_outcome  (required_symbols_exported/stub_requirements_vs_library_exports: holds)
[2026-09-13 20:22:22.619] probe_binding_ocaml_inspect  agreement_outcome  (api_names_present/watchlist_vs_user_surface: unavailable: no user-facing surface inspection in this world)
[2026-09-13 20:22:22.619] probe_binding_ocaml_inspect  agreement_outcome  (behavior_matches/probe_assertions: not_implemented: the expected values live inside the probe's source as embedded assertions, and the observation is the probe's …)
[2026-09-13 20:22:22.619] probe_binding_ocaml_inspect  agreement_outcome  (soname_matches_requirement/library_identity_vs_consumer_record: not_applicable: this binding mechanism produces no artifact carrying a dependency or symbol-version record (a static archive h…)
[2026-09-13 20:22:22.619] probe_binding_ocaml_inspect  agreement_outcome  (required_versions_exported/required_tags_vs_provider_exports: not_applicable: this binding mechanism produces no artifact carrying a dependency or symbol-version record (a static archive h…)
[2026-09-13 20:22:22.619] probe_binding_ocaml_inspect  agreement_outcome  (signatures_agree/header_vs_stub_signature_summaries: unavailable: no header signature summary in this world)
[2026-09-13 20:22:22.619] probe_binding_ocaml_inspect  agreement_outcome  (dependencies_provided/recorded_dependencies_vs_world_providers: not_applicable: this binding mechanism produces no artifact carrying a dependency or symbol-version record (a static archive h…)
[2026-09-13 20:22:22.619] probe_binding_ocaml_inspect  agreement_outcome  (repack_preserves_api/declared_repacking_relation: not_implemented: the repacking relation is not specified: "preserves" has no agreed scope, so there is nothing to compare a bin…)
[2026-09-13 20:22:22.619] probe_binding_ocaml_inspect  agreement_outcome  (repack_complete/composed_faithfulness: not_implemented: the claim's scope is unsettled ("loses nothing" needs an allowed-omission policy), and two of the three agreem…)
[2026-09-13 20:22:22.619] probe_binding_ocaml_inspect  compat_note  (required_symbols_exported: consumer requires 42 of the provider's 620 symbols (e.g. __gmpn_add_n in use; __gmp_0 in the unused remainder) — POSSIBLY OUT-OF-DATE (a small consumer surface may be by design or lag))
[2026-09-13 20:22:22.619] probe_binding_ocaml_inspect  check_post  (pass)
[2026-09-13 20:22:22.619] probe_binding_ocaml_inspect  done
[2026-09-13 20:22:22.621] *                          graph_end  (10/10 completed)
[2026-09-13 20:22:22.622] *                          diagram  (_out/canary/projects/zarith/-run/diagrams/all.mmd)
[2026-09-13 20:22:22.622] *                          diagram  (_out/canary/projects/zarith/-run/diagrams/full.mmd)
[2026-09-13 20:22:22.622] *                          view  (lib (3 steps))
[2026-09-13 20:22:22.622] *                          view  (probes (4 steps))
[2026-09-13 20:22:22.622] *                          view  (binding_ocaml (6 steps))
[2026-09-13 20:22:22.623] *                          html  (_out/canary/projects/zarith/-run/result.html)
[2026-09-13 20:22:22.624] *                          index  (_out/canary/projects/index.html)
[2026-09-13 20:22:22.624] !                          invariant  (full.mmd: missing [2])
[2026-09-13 20:22:22.624] !                          invariant  (SOME FAILED)
[2026-09-13 20:23:57.758] *                          run_start  (zarith)
[2026-09-13 20:23:57.767] *                          variant_start  (lib-fetched_ocaml_binding-fetched_binding_source_ocaml-fetched-1.14)
[2026-09-13 20:23:57.767] *                          graph_start  (7 steps)
[2026-09-13 20:23:57.767] fetch_lib                  warm_gate  (marker + fingerprint + check_post passed)
[2026-09-13 20:23:57.767] fetch_lib                  skip  (verdict marker (prior success))
[2026-09-13 20:23:57.767] fetch_binding_ocaml        warm_gate  (marker + fingerprint + check_post passed)
[2026-09-13 20:23:57.767] fetch_binding_ocaml        skip  (verdict marker (prior success))
[2026-09-13 20:23:57.767] fetch_binding_ocaml_stub_inspect  warm_check_post  (FAIL — the postcondition no longer holds; re-running)
[2026-09-13 20:23:57.767] fetch_binding_ocaml_stub_inspect  check_pre  (pass)
[2026-09-13 20:23:57.769] fetch_binding_ocaml_stub_inspect  cmd  (eval $(opam env)
PKG_DIR=$(ocamlfind query 'zarith' 2>/dev/null)
test -n "$PKG_DIR"
STUB=$(ls "$PKG_DIR"/lib*.a 2>/dev/null | head -1)
test -n "$STUB"
python3 canary/scripts/inspect_binding.py --kind stub --path "$STUB" \
  --prefix '__gmpz_' --watchlist '' \
  > /home/red/code/research/tola/_out/canary/projects/zarith/fetch_binding/ocaml/inspect_stub_lib-fetched_ocaml_binding-fetched_binding_source_ocaml-fetched-1.14.json)
[2026-09-13 20:23:57.769] fetch_binding_ocaml_stub_inspect  opam_switch  (canary)
[2026-09-13 20:23:57.769] fetch_binding_ocaml_stub_inspect  platform  (wsl_ubuntu)
[2026-09-13 20:23:57.878] fetch_binding_ocaml_stub_inspect  cmd_log  (fetch_binding_ocaml_stub_inspect.out_lib-fetched_ocaml_binding-fetched_binding_source_ocaml-fetched-1.14.log)
[2026-09-13 20:23:57.879] fetch_binding_ocaml_stub_inspect  detect  (ok, output present)
[2026-09-13 20:23:57.879] fetch_binding_ocaml_stub_inspect  agreement_outcome  (no agreement fires at this action)
[2026-09-13 20:23:57.879] fetch_binding_ocaml_stub_inspect  check_post  (pass)
[2026-09-13 20:23:57.879] fetch_binding_ocaml_stub_inspect  done
[2026-09-13 20:23:57.882] probe_lib                  check_pre  (pass)
[2026-09-13 20:23:57.884] probe_lib                  cmd  (LIB_NATIVE=$(ls /usr/lib/x86_64-linux-gnu/libgmp.so* /usr/lib*/libgmp.so* 2>/dev/null \
        "$(brew --prefix gmp 2>/dev/null)/lib/libgmp.dylib" 2>/dev/null \
        | head -1)
test -n "$LIB_NATIVE" -a -e "$LIB_NATIVE"
COUNT=$(nm -D "$LIB_NATIVE" 2>/dev/null | grep -v ' U ' | grep -c '__gmp' || echo 0)
printf '__gmp symbols exported: %s\n' "$COUNT" | tee /home/red/code/research/tola/_out/canary/projects/zarith/probe_lib/probe_lib-fetched_ocaml_binding-fetched_binding_source_ocaml-fetched-1.14.log
test "$COUNT" -gt 0)
[2026-09-13 20:23:57.884] probe_lib                  opam_switch  (canary)
[2026-09-13 20:23:57.884] probe_lib                  platform  (wsl_ubuntu)
[2026-09-13 20:23:57.931] probe_lib                  cmd_log  (probe_lib.out_lib-fetched_ocaml_binding-fetched_binding_source_ocaml-fetched-1.14.log)
[2026-09-13 20:23:57.931] probe_lib                  detect  (ok, output present)
[2026-09-13 20:23:57.931] probe_lib                  agreement_outcome  (no agreement fires at this action)
[2026-09-13 20:23:57.931] probe_lib                  check_post  (pass)
[2026-09-13 20:23:57.931] probe_lib                  done
[2026-09-13 20:23:57.933] probe_lib_inspect          check_pre  (pass)
[2026-09-13 20:23:57.936] probe_lib_inspect          cmd  (LIB_NATIVE=$(ls /usr/lib/x86_64-linux-gnu/libgmp.so* /usr/lib*/libgmp.so* 2>/dev/null \
        "$(brew --prefix gmp 2>/dev/null)/lib/libgmp.dylib" 2>/dev/null \
        | head -1)
test -n "$LIB_NATIVE" -a -e "$LIB_NATIVE"
nm -D "$LIB_NATIVE" 2>/dev/null \
  | python3 canary/scripts/inspect_native.py --emit-symbols --elf --path "$LIB_NATIVE" --prefixes '__gmpz_,__gmpq_,__gmpf_,__gmpn_,__gmp_' --watchlist '__gmpn_add_n,__gmpn_divexact,__gmpn_gcd,__gmpn_gcdext,__gmpn_get_str,__gmpn_hamdist,__gmpn_lshift,__gmpn_mul,__gmpn_mul_1,__gmpn_mul_n,__gmpn_perfect_square_p,__gmpn_popcount,__gmpn_rshift,__gmpn_scan1,__gmpn_set_str,__gmpn_sqr,__gmpn_sqrtrem,__gmpn_sub_n,__gmpn_tdiv_qr,__gmpz_2fac_ui,__gmpz_bin_ui,__gmpz_clear,__gmpz_congruent_p,__gmpz_divisible_p,__gmpz_fac_ui,__gmpz_fib_ui,__gmpz_init,__gmpz_invert,__gmpz_jacobi,__gmpz_lucnum_ui,__gmpz_mfac_uiui,__gmpz_nextprime,__gmpz_perfect_power_p,__gmpz_pow_ui,__gmpz_powm,__gmpz_powm_sec,__gmpz_primorial_ui,__gmpz_probab_prime_p,__gmpz_realloc2,__gmpz_remove,__gmpz_root,__gmpz_rootrem' \
  > /home/red/code/research/tola/_out/canary/projects/zarith/probe_lib/inspect_lib-fetched_ocaml_binding-fetched_binding_source_ocaml-fetched-1.14.json)
[2026-09-13 20:23:57.936] probe_lib_inspect          opam_switch  (canary)
[2026-09-13 20:23:57.936] probe_lib_inspect          platform  (wsl_ubuntu)
[2026-09-13 20:23:57.994] probe_lib_inspect          cmd_log  (probe_lib_inspect.out_lib-fetched_ocaml_binding-fetched_binding_source_ocaml-fetched-1.14.log)
[2026-09-13 20:23:57.994] probe_lib_inspect          detect  (ok, output present)
[2026-09-13 20:23:57.994] probe_lib_inspect          agreement_outcome  (no agreement fires at this action)
[2026-09-13 20:23:57.994] probe_lib_inspect          check_post  (pass)
[2026-09-13 20:23:57.994] probe_lib_inspect          done
[2026-09-13 20:23:57.996] probe_binding_ocaml        check_pre  (pass)
[2026-09-13 20:23:57.998] probe_binding_ocaml        cmd  (eval $(opam env)
INSTALLED=$(opam list zarith --installed --short --columns=version 2>/dev/null)
test "$INSTALLED" = "1.14" || eval $(opam env) && opam install zarith.1.14 -y --assume-depexts
eval $(opam env)
ocamlfind ocamlopt -package zarith -linkpkg canary/examples/zarith/zarith_example.ml -o /home/red/code/research/tola/_out/canary/projects/zarith/probe_binding/ocaml/zarith_example > /home/red/code/research/tola/_out/canary/projects/zarith/probe_binding/ocaml/probe_lib-fetched_ocaml_binding-fetched_binding_source_ocaml-fetched-1.14.log 2>&1 && /home/red/code/research/tola/_out/canary/projects/zarith/probe_binding/ocaml/zarith_example >> /home/red/code/research/tola/_out/canary/projects/zarith/probe_binding/ocaml/probe_lib-fetched_ocaml_binding-fetched_binding_source_ocaml-fetched-1.14.log 2>&1
RC=$?
cat /home/red/code/research/tola/_out/canary/projects/zarith/probe_binding/ocaml/probe_lib-fetched_ocaml_binding-fetched_binding_source_ocaml-fetched-1.14.log
exit $RC)
[2026-09-13 20:23:57.998] probe_binding_ocaml        opam_switch  (canary)
[2026-09-13 20:23:57.998] probe_binding_ocaml        platform  (wsl_ubuntu)
[2026-09-13 20:24:04.431] probe_binding_ocaml        cmd_log  (probe_binding_ocaml.out_lib-fetched_ocaml_binding-fetched_binding_source_ocaml-fetched-1.14.log)
[2026-09-13 20:24:04.431] probe_binding_ocaml        detect  (ok, output present)
[2026-09-13 20:24:04.432] probe_binding_ocaml        agreement_outcome  (required_symbols_exported/stub_requirements_vs_library_exports: holds)
[2026-09-13 20:24:04.432] probe_binding_ocaml        agreement_outcome  (api_names_present/watchlist_vs_user_surface: unavailable: no user-facing surface inspection in this world)
[2026-09-13 20:24:04.432] probe_binding_ocaml        agreement_outcome  (behavior_matches/probe_assertions: not_implemented: the expected values live inside the probe's source as embedded assertions, and the observation is the probe's …)
[2026-09-13 20:24:04.432] probe_binding_ocaml        agreement_outcome  (soname_matches_requirement/library_identity_vs_consumer_record: not_applicable: this binding mechanism produces no artifact carrying a dependency or symbol-version record (a static archive h…)
[2026-09-13 20:24:04.432] probe_binding_ocaml        agreement_outcome  (required_versions_exported/required_tags_vs_provider_exports: not_applicable: this binding mechanism produces no artifact carrying a dependency or symbol-version record (a static archive h…)
[2026-09-13 20:24:04.432] probe_binding_ocaml        agreement_outcome  (signatures_agree/header_vs_stub_signature_summaries: unavailable: no header signature summary in this world)
[2026-09-13 20:24:04.432] probe_binding_ocaml        agreement_outcome  (dependencies_provided/recorded_dependencies_vs_world_providers: not_applicable: this binding mechanism produces no artifact carrying a dependency or symbol-version record (a static archive h…)
[2026-09-13 20:24:04.432] probe_binding_ocaml        agreement_outcome  (repack_preserves_api/declared_repacking_relation: not_implemented: the repacking relation is not specified: "preserves" has no agreed scope, so there is nothing to compare a bin…)
[2026-09-13 20:24:04.432] probe_binding_ocaml        agreement_outcome  (repack_complete/composed_faithfulness: not_implemented: the claim's scope is unsettled ("loses nothing" needs an allowed-omission policy), and two of the three agreem…)
[2026-09-13 20:24:04.432] probe_binding_ocaml        compat_note  (required_symbols_exported: consumer requires 23 of the provider's 620 symbols (e.g. __gmpz_2fac_ui in use; __gmp_0 in the unused remainder) — POSSIBLY OUT-OF-DATE (a small consumer surface may be by design or lag))
[2026-09-13 20:24:04.708] probe_binding_ocaml        check_post  (pass)
[2026-09-13 20:24:04.709] probe_binding_ocaml        done
[2026-09-13 20:24:04.711] probe_binding_ocaml_inspect  check_pre  (pass)
[2026-09-13 20:24:04.713] probe_binding_ocaml_inspect  cmd  (eval $(opam env)
PKG_DIR=$(ocamlfind query 'zarith' 2>/dev/null)
test -n "$PKG_DIR"
{ for f in "$PKG_DIR"/*.cmxa "$PKG_DIR"/*.cma; do
    [ -f "$f" ] && ocamlobjinfo "$f"
  done
} | python3 canary/scripts/inspect_ocaml.py --path 'zarith' --watchlist 'Z,Q,Big_int_Z,Zarith_version' \
  > /home/red/code/research/tola/_out/canary/projects/zarith/probe_binding/ocaml/inspect_lib-fetched_ocaml_binding-fetched_binding_source_ocaml-fetched-1.14.json)
[2026-09-13 20:24:04.713] probe_binding_ocaml_inspect  opam_switch  (canary)
[2026-09-13 20:24:04.713] probe_binding_ocaml_inspect  platform  (wsl_ubuntu)
[2026-09-13 20:24:04.767] probe_binding_ocaml_inspect  cmd_log  (probe_binding_ocaml_inspect.out_lib-fetched_ocaml_binding-fetched_binding_source_ocaml-fetched-1.14.log)
[2026-09-13 20:24:04.767] probe_binding_ocaml_inspect  detect  (ok, output present)
[2026-09-13 20:24:04.767] probe_binding_ocaml_inspect  agreement_outcome  (required_symbols_exported/stub_requirements_vs_library_exports: holds)
[2026-09-13 20:24:04.767] probe_binding_ocaml_inspect  agreement_outcome  (api_names_present/watchlist_vs_user_surface: unavailable: no user-facing surface inspection in this world)
[2026-09-13 20:24:04.767] probe_binding_ocaml_inspect  agreement_outcome  (behavior_matches/probe_assertions: not_implemented: the expected values live inside the probe's source as embedded assertions, and the observation is the probe's …)
[2026-09-13 20:24:04.767] probe_binding_ocaml_inspect  agreement_outcome  (soname_matches_requirement/library_identity_vs_consumer_record: not_applicable: this binding mechanism produces no artifact carrying a dependency or symbol-version record (a static archive h…)
[2026-09-13 20:24:04.767] probe_binding_ocaml_inspect  agreement_outcome  (required_versions_exported/required_tags_vs_provider_exports: not_applicable: this binding mechanism produces no artifact carrying a dependency or symbol-version record (a static archive h…)
[2026-09-13 20:24:04.767] probe_binding_ocaml_inspect  agreement_outcome  (signatures_agree/header_vs_stub_signature_summaries: unavailable: no header signature summary in this world)
[2026-09-13 20:24:04.767] probe_binding_ocaml_inspect  agreement_outcome  (dependencies_provided/recorded_dependencies_vs_world_providers: not_applicable: this binding mechanism produces no artifact carrying a dependency or symbol-version record (a static archive h…)
[2026-09-13 20:24:04.767] probe_binding_ocaml_inspect  agreement_outcome  (repack_preserves_api/declared_repacking_relation: not_implemented: the repacking relation is not specified: "preserves" has no agreed scope, so there is nothing to compare a bin…)
[2026-09-13 20:24:04.767] probe_binding_ocaml_inspect  agreement_outcome  (repack_complete/composed_faithfulness: not_implemented: the claim's scope is unsettled ("loses nothing" needs an allowed-omission policy), and two of the three agreem…)
[2026-09-13 20:24:04.769] probe_binding_ocaml_inspect  compat_note  (required_symbols_exported: consumer requires 23 of the provider's 620 symbols (e.g. __gmpz_2fac_ui in use; __gmp_0 in the unused remainder) — POSSIBLY OUT-OF-DATE (a small consumer surface may be by design or lag))
[2026-09-13 20:24:04.769] probe_binding_ocaml_inspect  check_post  (pass)
[2026-09-13 20:24:04.769] probe_binding_ocaml_inspect  done
[2026-09-13 20:24:04.771] *                          graph_end  (7/7 completed)
[2026-09-13 20:24:04.771] *                          diagram  (_out/canary/projects/zarith/-run/diagrams/all.mmd)
[2026-09-13 20:24:04.771] *                          diagram  (_out/canary/projects/zarith/-run/diagrams/full.mmd)
[2026-09-13 20:24:04.771] *                          view  (lib (3 steps))
[2026-09-13 20:24:04.772] *                          view  (probes (4 steps))
[2026-09-13 20:24:04.772] *                          view  (binding_ocaml (4 steps))
[2026-09-13 20:24:04.772] *                          html  (_out/canary/projects/zarith/-run/result.html)
[2026-09-13 20:24:04.773] *                          index  (_out/canary/projects/index.html)
[2026-09-13 20:24:04.773] *                          invariant  (full.mmd: OK (7 nodes, 7 IDs))
[2026-09-13 20:24:04.774] *                          invariant  (binding_ocaml.mmd: OK (6 nodes, 7 IDs))
[2026-09-13 20:24:04.774] *                          invariant  (source.mmd: OK (5 nodes, 7 IDs))
[2026-09-13 20:24:04.774] *                          invariant  (lib.mmd: OK (5 nodes, 7 IDs))
[2026-09-13 20:24:04.774] *                          invariant  (all.mmd: OK (4 nodes, 7 IDs))
[2026-09-13 20:24:04.774] *                          invariant  (probes.mmd: OK (7 nodes, 7 IDs))
[2026-09-13 20:24:04.774] *                          invariant  (ALL OK)
[2026-09-13 20:24:04.794] *                          variant_start  (lib-fetched_ocaml_binding-built-dev_binding_source_ocaml-fetched-master)
[2026-09-13 20:24:04.794] *                          graph_start  (9 steps)
[2026-09-13 20:24:04.794] fetch_lib                  warm_gate  (marker + fingerprint + check_post passed)
[2026-09-13 20:24:04.794] fetch_lib                  skip  (verdict marker (prior success))
[2026-09-13 20:24:04.794] fetch_binding_source_ocaml  warm_gate  (marker + fingerprint + check_post passed)
[2026-09-13 20:24:04.794] fetch_binding_source_ocaml  skip  (verdict marker (prior success))
[2026-09-13 20:24:04.794] build_binding_ocaml        warm_gate  (marker + fingerprint + check_post passed)
[2026-09-13 20:24:04.794] build_binding_ocaml        skip  (verdict marker (prior success))
[2026-09-13 20:24:05.052] pack_binding_ocaml         warm_check_post  (FAIL — the postcondition no longer holds; re-running)
[2026-09-13 20:24:05.052] pack_binding_ocaml_stub_inspect  warm_gate  (marker + fingerprint + check_post passed)
[2026-09-13 20:24:05.052] pack_binding_ocaml_stub_inspect  skip  (verdict marker (prior success))
[2026-09-13 20:24:05.052] pack_binding_ocaml         check_pre  (pass)
[2026-09-13 20:24:05.055] pack_binding_ocaml         cmd  (eval $(opam env)
printf 'opam-version: "2.0"\n' > "$(pwd)/canary/templates/opam-local-repo/repo"
OPAMVAR_CANARY_ZARITH_SRC="/home/red/code/contrib/zarith-all/zarith-master" opam config subst canary/templates/opam-local-repo/packages/zarith/zarith-no-conf.dev/opam
opam repo remove canary-local 2>/dev/null || true
opam repo add canary-local "file://$(pwd)/canary/templates/opam-local-repo" --rank=1
opam update canary-local
opam remove -y zarith || true
opam install -y zarith-no-conf --verbose --keep-build-dir --assume-depexts \
  && echo 'ok' > /home/red/code/research/tola/_out/canary/projects/zarith/pack_binding/ocaml/pack_lib-fetched_ocaml_binding-built-dev_binding_source_ocaml-fetched-master.ok)
[2026-09-13 20:24:05.055] pack_binding_ocaml         opam_switch  (canary)
[2026-09-13 20:24:05.055] pack_binding_ocaml         platform  (wsl_ubuntu)
[2026-09-13 20:24:13.490] pack_binding_ocaml         cmd_log  (pack_binding_ocaml.out_lib-fetched_ocaml_binding-built-dev_binding_source_ocaml-fetched-master.log)
[2026-09-13 20:24:13.490] pack_binding_ocaml         detect  (ok, output present)
[2026-09-13 20:24:13.490] pack_binding_ocaml         agreement_outcome  (no agreement fires at this action)
[2026-09-13 20:24:13.751] pack_binding_ocaml         check_post  (pass)
[2026-09-13 20:24:13.751] pack_binding_ocaml         done
[2026-09-13 20:24:13.753] probe_lib                  check_pre  (pass)
[2026-09-13 20:24:13.755] probe_lib                  cmd  (LIB_NATIVE=$(ls /usr/lib/x86_64-linux-gnu/libgmp.so* /usr/lib*/libgmp.so* 2>/dev/null \
        "$(brew --prefix gmp 2>/dev/null)/lib/libgmp.dylib" 2>/dev/null \
        | head -1)
test -n "$LIB_NATIVE" -a -e "$LIB_NATIVE"
COUNT=$(nm -D "$LIB_NATIVE" 2>/dev/null | grep -v ' U ' | grep -c '__gmp' || echo 0)
printf '__gmp symbols exported: %s\n' "$COUNT" | tee /home/red/code/research/tola/_out/canary/projects/zarith/probe_lib/probe_lib-fetched_ocaml_binding-built-dev_binding_source_ocaml-fetched-master.log
test "$COUNT" -gt 0)
[2026-09-13 20:24:13.755] probe_lib                  opam_switch  (canary)
[2026-09-13 20:24:13.755] probe_lib                  platform  (wsl_ubuntu)
[2026-09-13 20:24:13.801] probe_lib                  cmd_log  (probe_lib.out_lib-fetched_ocaml_binding-built-dev_binding_source_ocaml-fetched-master.log)
[2026-09-13 20:24:13.801] probe_lib                  detect  (ok, output present)
[2026-09-13 20:24:13.801] probe_lib                  agreement_outcome  (no agreement fires at this action)
[2026-09-13 20:24:13.801] probe_lib                  check_post  (pass)
[2026-09-13 20:24:13.801] probe_lib                  done
[2026-09-13 20:24:13.803] probe_lib_inspect          check_pre  (pass)
[2026-09-13 20:24:13.805] probe_lib_inspect          cmd  (LIB_NATIVE=$(ls /usr/lib/x86_64-linux-gnu/libgmp.so* /usr/lib*/libgmp.so* 2>/dev/null \
        "$(brew --prefix gmp 2>/dev/null)/lib/libgmp.dylib" 2>/dev/null \
        | head -1)
test -n "$LIB_NATIVE" -a -e "$LIB_NATIVE"
nm -D "$LIB_NATIVE" 2>/dev/null \
  | python3 canary/scripts/inspect_native.py --emit-symbols --elf --path "$LIB_NATIVE" --prefixes '__gmpz_,__gmpq_,__gmpf_,__gmpn_,__gmp_' --watchlist '__gmpn_add_n,__gmpn_divexact,__gmpn_gcd,__gmpn_gcdext,__gmpn_get_str,__gmpn_hamdist,__gmpn_lshift,__gmpn_mul,__gmpn_mul_1,__gmpn_mul_n,__gmpn_perfect_square_p,__gmpn_popcount,__gmpn_rshift,__gmpn_scan1,__gmpn_set_str,__gmpn_sqr,__gmpn_sqrtrem,__gmpn_sub_n,__gmpn_tdiv_qr,__gmpz_2fac_ui,__gmpz_bin_ui,__gmpz_clear,__gmpz_congruent_p,__gmpz_divisible_p,__gmpz_fac_ui,__gmpz_fib_ui,__gmpz_init,__gmpz_invert,__gmpz_jacobi,__gmpz_lucnum_ui,__gmpz_mfac_uiui,__gmpz_nextprime,__gmpz_perfect_power_p,__gmpz_pow_ui,__gmpz_powm,__gmpz_powm_sec,__gmpz_primorial_ui,__gmpz_probab_prime_p,__gmpz_realloc2,__gmpz_remove,__gmpz_root,__gmpz_rootrem' \
  > /home/red/code/research/tola/_out/canary/projects/zarith/probe_lib/inspect_lib-fetched_ocaml_binding-built-dev_binding_source_ocaml-fetched-master.json)
[2026-09-13 20:24:13.805] probe_lib_inspect          opam_switch  (canary)
[2026-09-13 20:24:13.805] probe_lib_inspect          platform  (wsl_ubuntu)
[2026-09-13 20:24:13.864] probe_lib_inspect          cmd_log  (probe_lib_inspect.out_lib-fetched_ocaml_binding-built-dev_binding_source_ocaml-fetched-master.log)
[2026-09-13 20:24:13.864] probe_lib_inspect          detect  (ok, output present)
[2026-09-13 20:24:13.864] probe_lib_inspect          agreement_outcome  (no agreement fires at this action)
[2026-09-13 20:24:13.864] probe_lib_inspect          check_post  (pass)
[2026-09-13 20:24:13.864] probe_lib_inspect          done
[2026-09-13 20:24:13.866] probe_binding_ocaml        check_pre  (pass)
[2026-09-13 20:24:13.868] probe_binding_ocaml        cmd  (eval $(opam env) && export LD_LIBRARY_PATH=/home/red/code/research/tola/_out/canary/projects/zarith/probe_binding/ocaml/../../src_lib-fetched_ocaml_binding-built-dev_binding_source_ocaml-fetched-master: && ocamlfind ocamlopt -I /home/red/code/research/tola/_out/canary/projects/zarith/probe_binding/ocaml/../../src_lib-fetched_ocaml_binding-built-dev_binding_source_ocaml-fetched-master /home/red/code/research/tola/_out/canary/projects/zarith/probe_binding/ocaml/../../src_lib-fetched_ocaml_binding-built-dev_binding_source_ocaml-fetched-master/zarith.cmxa canary/examples/zarith/zarith_example.ml -o /home/red/code/research/tola/_out/canary/projects/zarith/probe_binding/ocaml/zarith_example > /home/red/code/research/tola/_out/canary/projects/zarith/probe_binding/ocaml/probe_lib-fetched_ocaml_binding-built-dev_binding_source_ocaml-fetched-master.log 2>&1 && /home/red/code/research/tola/_out/canary/projects/zarith/probe_binding/ocaml/zarith_example >> /home/red/code/research/tola/_out/canary/projects/zarith/probe_binding/ocaml/probe_lib-fetched_ocaml_binding-built-dev_binding_source_ocaml-fetched-master.log 2>&1 && cat /home/red/code/research/tola/_out/canary/projects/zarith/probe_binding/ocaml/probe_lib-fetched_ocaml_binding-built-dev_binding_source_ocaml-fetched-master.log)
[2026-09-13 20:24:13.868] probe_binding_ocaml        opam_switch  (canary)
[2026-09-13 20:24:13.868] probe_binding_ocaml        platform  (wsl_ubuntu)
[2026-09-13 20:24:13.987] probe_binding_ocaml        cmd_log  (probe_binding_ocaml.out_lib-fetched_ocaml_binding-built-dev_binding_source_ocaml-fetched-master.log)
[2026-09-13 20:24:13.987] probe_binding_ocaml        detect  (ok, output present)
[2026-09-13 20:24:13.988] probe_binding_ocaml        agreement_outcome  (required_symbols_exported/stub_requirements_vs_library_exports: holds)
[2026-09-13 20:24:13.988] probe_binding_ocaml        agreement_outcome  (api_names_present/watchlist_vs_user_surface: unavailable: no user-facing surface inspection in this world)
[2026-09-13 20:24:13.988] probe_binding_ocaml        agreement_outcome  (behavior_matches/probe_assertions: not_implemented: the expected values live inside the probe's source as embedded assertions, and the observation is the probe's …)
[2026-09-13 20:24:13.988] probe_binding_ocaml        agreement_outcome  (soname_matches_requirement/library_identity_vs_consumer_record: not_applicable: this binding mechanism produces no artifact carrying a dependency or symbol-version record (a static archive h…)
[2026-09-13 20:24:13.988] probe_binding_ocaml        agreement_outcome  (required_versions_exported/required_tags_vs_provider_exports: not_applicable: this binding mechanism produces no artifact carrying a dependency or symbol-version record (a static archive h…)
[2026-09-13 20:24:13.988] probe_binding_ocaml        agreement_outcome  (signatures_agree/header_vs_stub_signature_summaries: unavailable: no header signature summary in this world)
[2026-09-13 20:24:13.988] probe_binding_ocaml        agreement_outcome  (dependencies_provided/recorded_dependencies_vs_world_providers: not_applicable: this binding mechanism produces no artifact carrying a dependency or symbol-version record (a static archive h…)
[2026-09-13 20:24:13.988] probe_binding_ocaml        agreement_outcome  (repack_preserves_api/declared_repacking_relation: not_implemented: the repacking relation is not specified: "preserves" has no agreed scope, so there is nothing to compare a bin…)
[2026-09-13 20:24:13.988] probe_binding_ocaml        agreement_outcome  (repack_complete/composed_faithfulness: not_implemented: the claim's scope is unsettled ("loses nothing" needs an allowed-omission policy), and two of the three agreem…)
[2026-09-13 20:24:13.988] probe_binding_ocaml        compat_note  (required_symbols_exported: consumer requires 42 of the provider's 620 symbols (e.g. __gmpn_add_n in use; __gmp_0 in the unused remainder) — POSSIBLY OUT-OF-DATE (a small consumer surface may be by design or lag))
[2026-09-13 20:24:13.988] probe_binding_ocaml        done  (no compat failure predicted; success expected)
[2026-09-13 20:24:13.990] probe_binding_ocaml_inspect  check_pre  (pass)
[2026-09-13 20:24:13.992] probe_binding_ocaml_inspect  cmd  (eval $(opam env)
PKG_DIR=$(ocamlfind query 'zarith' 2>/dev/null)
test -n "$PKG_DIR"
{ for f in "$PKG_DIR"/*.cmxa "$PKG_DIR"/*.cma; do
    [ -f "$f" ] && ocamlobjinfo "$f"
  done
} | python3 canary/scripts/inspect_ocaml.py --path 'zarith' --watchlist 'Z,Q,Big_int_Z,Zarith_version' \
  > /home/red/code/research/tola/_out/canary/projects/zarith/probe_binding/ocaml/inspect_lib-fetched_ocaml_binding-built-dev_binding_source_ocaml-fetched-master.json)
[2026-09-13 20:24:13.992] probe_binding_ocaml_inspect  opam_switch  (canary)
[2026-09-13 20:24:13.992] probe_binding_ocaml_inspect  platform  (wsl_ubuntu)
[2026-09-13 20:24:14.048] probe_binding_ocaml_inspect  cmd_log  (probe_binding_ocaml_inspect.out_lib-fetched_ocaml_binding-built-dev_binding_source_ocaml-fetched-master.log)
[2026-09-13 20:24:14.048] probe_binding_ocaml_inspect  detect  (ok, output present)
[2026-09-13 20:24:14.048] probe_binding_ocaml_inspect  agreement_outcome  (required_symbols_exported/stub_requirements_vs_library_exports: holds)
[2026-09-13 20:24:14.048] probe_binding_ocaml_inspect  agreement_outcome  (api_names_present/watchlist_vs_user_surface: unavailable: no user-facing surface inspection in this world)
[2026-09-13 20:24:14.048] probe_binding_ocaml_inspect  agreement_outcome  (behavior_matches/probe_assertions: not_implemented: the expected values live inside the probe's source as embedded assertions, and the observation is the probe's …)
[2026-09-13 20:24:14.048] probe_binding_ocaml_inspect  agreement_outcome  (soname_matches_requirement/library_identity_vs_consumer_record: not_applicable: this binding mechanism produces no artifact carrying a dependency or symbol-version record (a static archive h…)
[2026-09-13 20:24:14.048] probe_binding_ocaml_inspect  agreement_outcome  (required_versions_exported/required_tags_vs_provider_exports: not_applicable: this binding mechanism produces no artifact carrying a dependency or symbol-version record (a static archive h…)
[2026-09-13 20:24:14.048] probe_binding_ocaml_inspect  agreement_outcome  (signatures_agree/header_vs_stub_signature_summaries: unavailable: no header signature summary in this world)
[2026-09-13 20:24:14.048] probe_binding_ocaml_inspect  agreement_outcome  (dependencies_provided/recorded_dependencies_vs_world_providers: not_applicable: this binding mechanism produces no artifact carrying a dependency or symbol-version record (a static archive h…)
[2026-09-13 20:24:14.048] probe_binding_ocaml_inspect  agreement_outcome  (repack_preserves_api/declared_repacking_relation: not_implemented: the repacking relation is not specified: "preserves" has no agreed scope, so there is nothing to compare a bin…)
[2026-09-13 20:24:14.048] probe_binding_ocaml_inspect  agreement_outcome  (repack_complete/composed_faithfulness: not_implemented: the claim's scope is unsettled ("loses nothing" needs an allowed-omission policy), and two of the three agreem…)
[2026-09-13 20:24:14.049] probe_binding_ocaml_inspect  compat_note  (required_symbols_exported: consumer requires 42 of the provider's 620 symbols (e.g. __gmpn_add_n in use; __gmp_0 in the unused remainder) — POSSIBLY OUT-OF-DATE (a small consumer surface may be by design or lag))
[2026-09-13 20:24:14.049] probe_binding_ocaml_inspect  check_post  (pass)
[2026-09-13 20:24:14.049] probe_binding_ocaml_inspect  done
[2026-09-13 20:24:14.051] *                          graph_end  (9/9 completed)
[2026-09-13 20:24:14.051] *                          diagram  (_out/canary/projects/zarith/-run/diagrams/all.mmd)
[2026-09-13 20:24:14.051] *                          diagram  (_out/canary/projects/zarith/-run/diagrams/full.mmd)
[2026-09-13 20:24:14.051] *                          view  (lib (3 steps))
[2026-09-13 20:24:14.051] *                          view  (probes (4 steps))
[2026-09-13 20:24:14.052] *                          view  (binding_ocaml (5 steps))
[2026-09-13 20:24:14.053] *                          html  (_out/canary/projects/zarith/-run/result.html)
[2026-09-13 20:24:14.054] *                          index  (_out/canary/projects/index.html)
[2026-09-13 20:24:14.054] !                          invariant  (full.mmd: missing [2])
[2026-09-13 20:24:14.054] !                          invariant  (SOME FAILED)
[2026-09-15 12:51:15.827] *                          run_start  (zarith)
[2026-09-15 12:51:15.834] *                          variant_start  (lib-fetched_ocaml_binding-fetched_binding_source_ocaml-fetched-1.14)
[2026-09-15 12:51:15.834] *                          graph_start  (7 steps)
[2026-09-15 12:51:15.835] fetch_lib                  warm_gate  (marker + fingerprint + check_post passed)
[2026-09-15 12:51:15.835] fetch_lib                  skip  (verdict marker (prior success))
[2026-09-15 12:51:15.835] fetch_binding_ocaml        warm_gate  (marker + fingerprint + check_post passed)
[2026-09-15 12:51:15.835] fetch_binding_ocaml        skip  (verdict marker (prior success))
[2026-09-15 12:51:15.835] fetch_binding_ocaml_stub_inspect  warm_gate  (marker + fingerprint + check_post passed)
[2026-09-15 12:51:15.835] fetch_binding_ocaml_stub_inspect  skip  (verdict marker (prior success))
[2026-09-15 12:51:15.835] probe_binding_ocaml        marker_stale  (spec changed since the marker — re-running)
[2026-09-15 12:51:15.836] probe_binding_ocaml_inspect  warm_gate  (marker + fingerprint + check_post passed)
[2026-09-15 12:51:15.836] probe_binding_ocaml_inspect  skip  (verdict marker (prior success))
[2026-09-15 12:51:15.836] probe_lib                  warm_gate  (marker + fingerprint + check_post passed)
[2026-09-15 12:51:15.836] probe_lib                  skip  (verdict marker (prior success))
[2026-09-15 12:51:15.836] probe_lib_inspect          warm_gate  (marker + fingerprint + check_post passed)
[2026-09-15 12:51:15.836] probe_lib_inspect          skip  (verdict marker (prior success))
[2026-09-15 12:51:15.836] probe_binding_ocaml        check_pre  (pass)
[2026-09-15 12:51:15.838] probe_binding_ocaml        cmd  (eval $(opam env)
INSTALLED=$(opam list zarith --installed --short --columns=version 2>/dev/null)
test "$INSTALLED" = "1.14" || eval $(opam env) && opam install zarith.1.14 -y --assume-depexts
eval $(opam env)
ocamlfind ocamlopt -package zarith -linkpkg canary/examples/zarith/zarith_example.ml -o /home/red/code/research/tola/_out/canary/projects/zarith/probe_binding/ocaml/zarith_example > /home/red/code/research/tola/_out/canary/projects/zarith/probe_binding/ocaml/probe_lib-fetched_ocaml_binding-fetched_binding_source_ocaml-fetched-1.14.log 2>&1 && /home/red/code/research/tola/_out/canary/projects/zarith/probe_binding/ocaml/zarith_example >> /home/red/code/research/tola/_out/canary/projects/zarith/probe_binding/ocaml/probe_lib-fetched_ocaml_binding-fetched_binding_source_ocaml-fetched-1.14.log 2>&1
RC=$?
test -f /home/red/code/research/tola/_out/canary/projects/zarith/probe_binding/ocaml/zarith_example && { nm -D "/home/red/code/research/tola/_out/canary/projects/zarith/probe_binding/ocaml/zarith_example" 2>/dev/null \
  | python3 canary/scripts/inspect_native.py --elf --path "/home/red/code/research/tola/_out/canary/projects/zarith/probe_binding/ocaml/zarith_example" --prefixes '' --watchlist '' \
  > /home/red/code/research/tola/_out/canary/projects/zarith/probe_binding/ocaml/inspect_abi_lib-fetched_ocaml_binding-fetched_binding_source_ocaml-fetched-1.14.json ; } || true
cat /home/red/code/research/tola/_out/canary/projects/zarith/probe_binding/ocaml/probe_lib-fetched_ocaml_binding-fetched_binding_source_ocaml-fetched-1.14.log
exit $RC)
[2026-09-15 12:51:15.838] probe_binding_ocaml        opam_switch  (canary)
[2026-09-15 12:51:15.838] probe_binding_ocaml        platform  (wsl_ubuntu)
[2026-09-15 12:51:20.817] probe_binding_ocaml        cmd_log  (probe_binding_ocaml.out_lib-fetched_ocaml_binding-fetched_binding_source_ocaml-fetched-1.14.log)
[2026-09-15 12:51:20.817] probe_binding_ocaml        detect  (ok, output present)
[2026-09-15 12:51:20.819] probe_binding_ocaml        agreement_outcome  (required_symbols_exported/stub_requirements_vs_library_exports: holds)
[2026-09-15 12:51:20.819] probe_binding_ocaml        agreement_outcome  (api_names_present/watchlist_vs_user_surface: unavailable: no user-facing surface inspection in this world)
[2026-09-15 12:51:20.819] probe_binding_ocaml        agreement_outcome  (behavior_matches/probe_assertions: not_implemented: the expected values live inside the probe's source as embedded assertions, and the observation is the probe's …)
[2026-09-15 12:51:20.819] probe_binding_ocaml        agreement_outcome  (soname_matches_requirement/library_identity_vs_consumer_record: holds)
[2026-09-15 12:51:20.819] probe_binding_ocaml        agreement_outcome  (required_versions_exported/required_tags_vs_provider_exports: inconclusive: one side carries no symbol versioning; an empty requirement set decides nothing)
[2026-09-15 12:51:20.819] probe_binding_ocaml        agreement_outcome  (signatures_agree/header_vs_stub_signature_summaries: unavailable: no header signature summary in this world)
[2026-09-15 12:51:20.819] probe_binding_ocaml        agreement_outcome  (dependencies_provided/recorded_dependencies_vs_world_providers: holds)
[2026-09-15 12:51:20.819] probe_binding_ocaml        agreement_outcome  (repack_preserves_api/declared_repacking_relation: not_implemented: the repacking relation is not specified: "preserves" has no agreed scope, so there is nothing to compare a bin…)
[2026-09-15 12:51:20.819] probe_binding_ocaml        agreement_outcome  (repack_complete/composed_faithfulness: not_implemented: the claim's scope is unsettled ("loses nothing" needs an allowed-omission policy), and two of the three agreem…)
[2026-09-15 12:51:20.820] probe_binding_ocaml        compat_note  (required_symbols_exported: consumer requires 23 of the provider's 620 symbols (e.g. __gmpz_2fac_ui in use; __gmp_0 in the unused remainder) — POSSIBLY OUT-OF-DATE (a small consumer surface may be by design or lag))
[2026-09-15 12:51:21.088] probe_binding_ocaml        check_post  (pass)
[2026-09-15 12:51:21.088] probe_binding_ocaml        done
[2026-09-15 12:51:21.090] *                          graph_end  (7/7 completed)
[2026-09-15 12:51:21.090] *                          diagram  (_out/canary/projects/zarith/-run/diagrams/all.mmd)
[2026-09-15 12:51:21.091] *                          diagram  (_out/canary/projects/zarith/-run/diagrams/full.mmd)
[2026-09-15 12:51:21.091] *                          view  (lib (3 steps))
[2026-09-15 12:51:21.091] *                          view  (probes (4 steps))
[2026-09-15 12:51:21.091] *                          view  (binding_ocaml (4 steps))
[2026-09-15 12:51:21.092] *                          html  (_out/canary/projects/zarith/-run/result.html)
[2026-09-15 12:51:21.093] *                          index  (_out/canary/projects/index.html)
[2026-09-15 12:51:21.093] *                          invariant  (full.mmd: OK (7 nodes, 7 IDs))
[2026-09-15 12:51:21.093] *                          invariant  (binding_ocaml.mmd: OK (6 nodes, 7 IDs))
[2026-09-15 12:51:21.094] *                          invariant  (source.mmd: OK (5 nodes, 7 IDs))
[2026-09-15 12:51:21.094] *                          invariant  (lib.mmd: OK (5 nodes, 7 IDs))
[2026-09-15 12:51:21.094] *                          invariant  (all.mmd: OK (4 nodes, 7 IDs))
[2026-09-15 12:51:21.094] *                          invariant  (probes.mmd: OK (7 nodes, 7 IDs))
[2026-09-15 12:51:21.094] *                          invariant  (ALL OK)
[2026-09-15 12:51:21.135] *                          variant_start  (lib-fetched_ocaml_binding-built-dev_binding_source_ocaml-fetched-master)
[2026-09-15 12:51:21.135] *                          graph_start  (9 steps)
[2026-09-15 12:51:21.135] fetch_lib                  warm_gate  (marker + fingerprint + check_post passed)
[2026-09-15 12:51:21.135] fetch_lib                  skip  (verdict marker (prior success))
[2026-09-15 12:51:21.136] fetch_binding_source_ocaml  warm_gate  (marker + fingerprint + check_post passed)
[2026-09-15 12:51:21.136] fetch_binding_source_ocaml  skip  (verdict marker (prior success))
[2026-09-15 12:51:21.136] build_binding_ocaml        warm_gate  (marker + fingerprint + check_post passed)
[2026-09-15 12:51:21.136] build_binding_ocaml        skip  (verdict marker (prior success))
[2026-09-15 12:51:21.384] pack_binding_ocaml         warm_check_post  (FAIL — the postcondition no longer holds; re-running)
[2026-09-15 12:51:21.384] pack_binding_ocaml_stub_inspect  warm_gate  (marker + fingerprint + check_post passed)
[2026-09-15 12:51:21.384] pack_binding_ocaml_stub_inspect  skip  (verdict marker (prior success))
[2026-09-15 12:51:21.384] probe_binding_ocaml        warm_gate  (marker + fingerprint + check_post passed)
[2026-09-15 12:51:21.385] probe_binding_ocaml        skip  (verdict marker (prior success))
[2026-09-15 12:51:21.385] probe_binding_ocaml_inspect  warm_gate  (marker + fingerprint + check_post passed)
[2026-09-15 12:51:21.385] probe_binding_ocaml_inspect  skip  (verdict marker (prior success))
[2026-09-15 12:51:21.385] probe_lib                  warm_gate  (marker + fingerprint + check_post passed)
[2026-09-15 12:51:21.385] probe_lib                  skip  (verdict marker (prior success))
[2026-09-15 12:51:21.385] probe_lib_inspect          warm_gate  (marker + fingerprint + check_post passed)
[2026-09-15 12:51:21.385] probe_lib_inspect          skip  (verdict marker (prior success))
[2026-09-15 12:51:21.385] pack_binding_ocaml         check_pre  (pass)
[2026-09-15 12:51:21.387] pack_binding_ocaml         cmd  (eval $(opam env)
printf 'opam-version: "2.0"\n' > "$(pwd)/canary/templates/opam-local-repo/repo"
OPAMVAR_CANARY_ZARITH_SRC="/home/red/code/contrib/zarith-all/zarith-master" opam config subst canary/templates/opam-local-repo/packages/zarith/zarith-no-conf.dev/opam
opam repo remove canary-local 2>/dev/null || true
opam repo add canary-local "file://$(pwd)/canary/templates/opam-local-repo" --rank=1
opam update canary-local
opam remove -y zarith || true
opam install -y zarith-no-conf --verbose --keep-build-dir --assume-depexts \
  && echo 'ok' > /home/red/code/research/tola/_out/canary/projects/zarith/pack_binding/ocaml/pack_lib-fetched_ocaml_binding-built-dev_binding_source_ocaml-fetched-master.ok)
[2026-09-15 12:51:21.387] pack_binding_ocaml         opam_switch  (canary)
[2026-09-15 12:51:21.387] pack_binding_ocaml         platform  (wsl_ubuntu)
[2026-09-15 12:51:32.023] pack_binding_ocaml         cmd_log  (pack_binding_ocaml.out_lib-fetched_ocaml_binding-built-dev_binding_source_ocaml-fetched-master.log)
[2026-09-15 12:51:32.023] pack_binding_ocaml         detect  (ok, output present)
[2026-09-15 12:51:32.023] pack_binding_ocaml         agreement_outcome  (no agreement fires at this action)
[2026-09-15 12:51:32.276] pack_binding_ocaml         check_post  (pass)
[2026-09-15 12:51:32.276] pack_binding_ocaml         done
[2026-09-15 12:51:32.278] *                          graph_end  (9/9 completed)
[2026-09-15 12:51:32.278] *                          diagram  (_out/canary/projects/zarith/-run/diagrams/all.mmd)
[2026-09-15 12:51:32.278] *                          diagram  (_out/canary/projects/zarith/-run/diagrams/full.mmd)
[2026-09-15 12:51:32.278] *                          view  (lib (3 steps))
[2026-09-15 12:51:32.279] *                          view  (probes (4 steps))
[2026-09-15 12:51:32.279] *                          view  (binding_ocaml (5 steps))
[2026-09-15 12:51:32.279] *                          html  (_out/canary/projects/zarith/-run/result.html)
[2026-09-15 12:51:32.281] *                          index  (_out/canary/projects/index.html)
[2026-09-15 12:51:32.281] !                          invariant  (full.mmd: missing [2])
[2026-09-15 12:51:32.281] !                          invariant  (SOME FAILED)
