[2026-08-21 00:30:27.764] *                          variant_start  (source-fetched_lib-fetched_ocaml_binding-fetched-0.6.0_app-vendored-stable)
[2026-08-21 00:30:27.764] *                          graph_start  (8 steps)
[2026-08-21 00:30:27.764] fetch_source               check_pre  (pass)
[2026-08-21 00:30:27.769] fetch_source               cmd  (if [ -d _out/canary/projects/openssl/3.0.13_openssl-3.0.13/src/.git ]; then cd _out/canary/projects/openssl/3.0.13_openssl-3.0.13/src && git fetch && git checkout openssl-3.0.13; else git clone https://github.com/openssl/openssl.git _out/canary/projects/openssl/3.0.13_openssl-3.0.13/src && cd _out/canary/projects/openssl/3.0.13_openssl-3.0.13/src && git checkout openssl-3.0.13; fi && echo '_out/canary/projects/openssl/3.0.13_openssl-3.0.13/src' > /home/red/code/research/tola/_out/canary/projects/ssl/fetch_source/source_source-fetched_lib-fetched_ocaml_binding-fetched-0.6.0_app-vendored-stable.ok)
[2026-08-21 00:30:28.302] fetch_source               cmd_log  (fetch_source.out_source-fetched_lib-fetched_ocaml_binding-fetched-0.6.0_app-vendored-stable.log)
[2026-08-21 00:30:28.302] fetch_source               detect  (ok, output present)
[2026-08-21 00:30:28.302] fetch_source               check_post  (pass)
[2026-08-21 00:30:28.302] fetch_source               done
[2026-08-21 00:30:28.307] fetch_lib                  check_pre  (pass)
[2026-08-21 00:30:28.309] fetch_lib                  cmd  (sudo apt-get install -y libssl-dev && echo 'installed' > /home/red/code/research/tola/_out/canary/projects/ssl/fetch_lib/lib_source-fetched_lib-fetched_ocaml_binding-fetched-0.6.0_app-vendored-stable.ok)
[2026-08-21 00:30:28.706] fetch_lib                  cmd_log  (fetch_lib.out_source-fetched_lib-fetched_ocaml_binding-fetched-0.6.0_app-vendored-stable.log)
[2026-08-21 00:30:28.706] fetch_lib                  detect  (ok, output present)
[2026-08-21 00:30:28.706] fetch_lib                  check_post  (pass)
[2026-08-21 00:30:28.706] fetch_lib                  done
[2026-08-21 00:30:28.708] fetch_binding_ocaml        check_pre  (pass)
[2026-08-21 00:30:28.711] fetch_binding_ocaml        cmd  (eval $(opam env) && opam install ssl.0.6.0 -y && eval $(opam env) && opam install -y ocamlfind && echo 'installed' > /home/red/code/research/tola/_out/canary/projects/ssl/fetch_binding/ocaml/binding_source-fetched_lib-fetched_ocaml_binding-fetched-0.6.0_app-vendored-stable.ok)
[2026-08-21 00:30:34.735] fetch_binding_ocaml        cmd_log  (fetch_binding_ocaml.out_source-fetched_lib-fetched_ocaml_binding-fetched-0.6.0_app-vendored-stable.log)
[2026-08-21 00:30:34.736] fetch_binding_ocaml        detect  (ok, output present)
[2026-08-21 00:30:35.103] fetch_binding_ocaml        check_post  (pass)
[2026-08-21 00:30:35.103] fetch_binding_ocaml        done
[2026-08-21 00:30:35.105] fetch_binding_ocaml_inspect  check_pre  (pass)
[2026-08-21 00:30:35.107] fetch_binding_ocaml_inspect  cmd  (eval $(opam env)
PKG_DIR=$(ocamlfind query 'ssl' 2>/dev/null)
test -n "$PKG_DIR"
python3 canary/scripts/inspect_binding.py --kind mli --dir "$PKG_DIR" \
  --watchlist 'Ssl,Ssl.init,Ssl.native_library_version' > /home/red/code/research/tola/_out/canary/projects/ssl/fetch_binding/ocaml/inspect_source-fetched_lib-fetched_ocaml_binding-fetched-0.6.0_app-vendored-stable.json && mv /home/red/code/research/tola/_out/canary/projects/ssl/fetch_binding/ocaml/inspect_source-fetched_lib-fetched_ocaml_binding-fetched-0.6.0_app-vendored-stable.json /home/red/code/research/tola/_out/canary/projects/ssl/fetch_binding/ocaml/inspect_nlv_source-fetched_lib-fetched_ocaml_binding-fetched-0.6.0_app-vendored-stable.json && eval $(opam env)
PKG_DIR=$(ocamlfind query 'ssl' 2>/dev/null)
test -n "$PKG_DIR"
python3 canary/scripts/inspect_binding.py --kind mli --dir "$PKG_DIR" \
  --watchlist 'Ssl,Ssl.init,Ssl.create_context' > /home/red/code/research/tola/_out/canary/projects/ssl/fetch_binding/ocaml/inspect_source-fetched_lib-fetched_ocaml_binding-fetched-0.6.0_app-vendored-stable.json)
[2026-08-21 00:30:35.231] fetch_binding_ocaml_inspect  cmd_log  (fetch_binding_ocaml_inspect.out_source-fetched_lib-fetched_ocaml_binding-fetched-0.6.0_app-vendored-stable.log)
[2026-08-21 00:30:35.231] fetch_binding_ocaml_inspect  detect  (ok, output present)
[2026-08-21 00:30:35.231] fetch_binding_ocaml_inspect  check_post  (pass)
[2026-08-21 00:30:35.231] fetch_binding_ocaml_inspect  done
[2026-08-21 00:30:35.233] probe_binding_ocaml        check_pre  (pass)
[2026-08-21 00:30:35.236] probe_binding_ocaml        cmd  (eval $(opam env)
INSTALLED=$(opam list ssl --installed --short --columns=version 2>/dev/null)
test "$INSTALLED" = "0.6.0" || { echo "WORLD MISMATCH: switch has ssl $INSTALLED, scenario declares ssl 0.6.0"; exit 1; }
eval $(opam env)
ocamlfind ocamlopt -package ssl -linkpkg canary/examples/ssl_variant/app_core.ml -o /home/red/code/research/tola/_out/canary/projects/ssl/probe_binding/ocaml/ssl_app_core > /home/red/code/research/tola/_out/canary/projects/ssl/probe_binding/ocaml/probe_source-fetched_lib-fetched_ocaml_binding-fetched-0.6.0_app-vendored-stable.log 2>&1 && /home/red/code/research/tola/_out/canary/projects/ssl/probe_binding/ocaml/ssl_app_core >> /home/red/code/research/tola/_out/canary/projects/ssl/probe_binding/ocaml/probe_source-fetched_lib-fetched_ocaml_binding-fetched-0.6.0_app-vendored-stable.log 2>&1
RC=$?
cat /home/red/code/research/tola/_out/canary/projects/ssl/probe_binding/ocaml/probe_source-fetched_lib-fetched_ocaml_binding-fetched-0.6.0_app-vendored-stable.log
exit $RC)
[2026-08-21 00:30:35.629] probe_binding_ocaml        cmd_log  (probe_binding_ocaml.out_source-fetched_lib-fetched_ocaml_binding-fetched-0.6.0_app-vendored-stable.log)
[2026-08-21 00:30:35.629] probe_binding_ocaml        detect  (ok, output present)
[2026-08-21 00:30:35.629] probe_binding_ocaml        compat_predicted  (no contract fired)
[2026-08-21 00:30:35.629] probe_binding_ocaml        contract_skipped  (c3 cmp_behavior: disabled in registry (blocked))
[2026-08-21 00:30:35.629] probe_binding_ocaml        contract_skipped  (c7 api_sound_repack: disabled in registry (stubbed))
[2026-08-21 00:30:35.629] probe_binding_ocaml        contract_skipped  (c8 cmp_api_faithfulness: disabled in registry (stubbed))
[2026-08-21 00:30:35.629] probe_binding_ocaml        done  (no compat failure predicted; success expected)
[2026-08-21 00:30:35.631] probe_app_ocaml            check_pre  (pass)
[2026-08-21 00:30:35.633] probe_app_ocaml            cmd  (eval $(opam env)
INSTALLED=$(opam list ssl --installed --short --columns=version 2>/dev/null)
test "$INSTALLED" = "0.6.0" || { echo "WORLD MISMATCH: switch has ssl $INSTALLED, scenario declares ssl 0.6.0"; exit 1; }
eval $(opam env)
ocamlfind ocamlopt -package ssl -linkpkg canary/examples/ssl_variant/app_nlv.ml -o /home/red/code/research/tola/_out/canary/projects/ssl/probe_app_ocaml/ssl_app_nlv > /home/red/code/research/tola/_out/canary/projects/ssl/probe_app_ocaml/probe_source-fetched_lib-fetched_ocaml_binding-fetched-0.6.0_app-vendored-stable.log 2>&1 && /home/red/code/research/tola/_out/canary/projects/ssl/probe_app_ocaml/ssl_app_nlv >> /home/red/code/research/tola/_out/canary/projects/ssl/probe_app_ocaml/probe_source-fetched_lib-fetched_ocaml_binding-fetched-0.6.0_app-vendored-stable.log 2>&1
RC=$?
cat /home/red/code/research/tola/_out/canary/projects/ssl/probe_app_ocaml/probe_source-fetched_lib-fetched_ocaml_binding-fetched-0.6.0_app-vendored-stable.log
exit $RC)
[2026-08-21 00:30:35.942] probe_app_ocaml            cmd_log  (probe_app_ocaml.out_source-fetched_lib-fetched_ocaml_binding-fetched-0.6.0_app-vendored-stable.log)
[2026-08-21 00:30:35.942] probe_app_ocaml            cmd_fail  (exit 2)
[2026-08-21 00:30:35.942] probe_app_ocaml            cmd_out  (File "canary/examples/ssl_variant/app_nlv.ml", line 9, characters 9-35:)
[2026-08-21 00:30:35.942] probe_app_ocaml            cmd_out  (9 |   ignore Ssl.native_library_version;)
[2026-08-21 00:30:35.942] probe_app_ocaml            cmd_out  (             ^^^^^^^^^^^^^^^^^^^^^^^^^^)
[2026-08-21 00:30:35.942] probe_app_ocaml            cmd_out  (Error: Unbound value Ssl.native_library_version)
[2026-08-21 00:30:35.942] probe_app_ocaml            detect  (error, output present)
[2026-08-21 00:30:35.942] probe_app_ocaml            compat_predicted  (c2 cmp_api_completeness: 2 substring(s))
[2026-08-21 00:30:35.942] probe_app_ocaml            contract_skipped  (c3 cmp_behavior: disabled in registry (blocked))
[2026-08-21 00:30:35.942] probe_app_ocaml            contract_skipped  (c7 api_sound_repack: disabled in registry (stubbed))
[2026-08-21 00:30:35.942] probe_app_ocaml            contract_skipped  (c8 cmp_api_faithfulness: disabled in registry (stubbed))
[2026-08-21 00:30:35.942] probe_app_ocaml            done  (expected failure confirmed (derived) [c2])
[2026-08-21 00:30:35.944] probe_lib                  check_pre  (pass)
[2026-08-21 00:30:35.947] probe_lib                  cmd  (LIB_NATIVE=$(ls /usr/lib/x86_64-linux-gnu/libssl.so.* /usr/lib*/libssl.so.* 2>/dev/null \
        "$(brew --prefix openssl@3 2>/dev/null)/lib/libssl.dylib" 2>/dev/null \
        | head -1)
test -n "$LIB_NATIVE" -a -e "$LIB_NATIVE"
COUNT=$(nm -D "$LIB_NATIVE" 2>/dev/null | grep -v ' U ' | grep -c 'SSL_' || echo 0)
printf 'SSL_ symbols exported: %s\n' "$COUNT" | tee /home/red/code/research/tola/_out/canary/projects/ssl/probe_lib/probe_source-fetched_lib-fetched_ocaml_binding-fetched-0.6.0_app-vendored-stable.log
test "$COUNT" -gt 0)
[2026-08-21 00:30:36.006] probe_lib                  cmd_log  (probe_lib.out_source-fetched_lib-fetched_ocaml_binding-fetched-0.6.0_app-vendored-stable.log)
[2026-08-21 00:30:36.006] probe_lib                  detect  (ok, output present)
[2026-08-21 00:30:36.006] probe_lib                  check_post  (pass)
[2026-08-21 00:30:36.006] probe_lib                  done
[2026-08-21 00:30:36.008] probe_lib_inspect          check_pre  (pass)
[2026-08-21 00:30:36.010] probe_lib_inspect          cmd  (LIB_NATIVE=$(ls /usr/lib/x86_64-linux-gnu/libssl.so.* /usr/lib*/libssl.so.* 2>/dev/null \
        "$(brew --prefix openssl@3 2>/dev/null)/lib/libssl.dylib" 2>/dev/null \
        | head -1)
test -n "$LIB_NATIVE" -a -e "$LIB_NATIVE"
nm -D "$LIB_NATIVE" 2>/dev/null \
  | python3 canary/scripts/inspect_native.py --emit-symbols --elf --path "$LIB_NATIVE" --prefixes 'SSL_,TLS_,BIO_' --watchlist 'SSL_CTX_new,SSL_new,SSL_connect,SSL_read,SSL_write,TLS_method' \
  > /home/red/code/research/tola/_out/canary/projects/ssl/probe_lib/inspect_source-fetched_lib-fetched_ocaml_binding-fetched-0.6.0_app-vendored-stable.json)
[2026-08-21 00:30:36.072] probe_lib_inspect          cmd_log  (probe_lib_inspect.out_source-fetched_lib-fetched_ocaml_binding-fetched-0.6.0_app-vendored-stable.log)
[2026-08-21 00:30:36.072] probe_lib_inspect          detect  (ok, output present)
[2026-08-21 00:30:36.072] probe_lib_inspect          check_post  (pass)
[2026-08-21 00:30:36.072] probe_lib_inspect          done
[2026-08-21 00:30:36.074] *                          graph_end  (8/8 completed)
[2026-08-21 00:30:36.075] *                          diagram  (_out/canary/projects/ssl/-run/diagrams/all.mmd)
[2026-08-21 00:30:36.075] *                          diagram  (_out/canary/projects/ssl/-run/diagrams/full.mmd)
[2026-08-21 00:30:36.075] *                          view  (source (1 steps))
[2026-08-21 00:30:36.075] *                          view  (lib (3 steps))
[2026-08-21 00:30:36.075] *                          view  (probes (4 steps))
[2026-08-21 00:30:36.076] *                          view  (binding_ocaml (3 steps))
[2026-08-21 00:30:36.077] *                          html  (_out/canary/projects/ssl/-run/result.html)
[2026-08-21 00:30:36.078] *                          index  (_out/canary/projects/index.html)
[2026-08-21 00:30:36.078] *                          invariant  (full.mmd: OK (8 nodes, 8 IDs))
[2026-08-21 00:30:36.078] *                          invariant  (binding_ocaml.mmd: OK (7 nodes, 8 IDs))
[2026-08-21 00:30:36.078] *                          invariant  (source.mmd: OK (6 nodes, 8 IDs))
[2026-08-21 00:30:36.078] *                          invariant  (lib.mmd: OK (7 nodes, 8 IDs))
[2026-08-21 00:30:36.078] *                          invariant  (all.mmd: OK (6 nodes, 8 IDs))
[2026-08-21 00:30:36.078] *                          invariant  (probes.mmd: OK (8 nodes, 8 IDs))
[2026-08-21 00:30:36.078] *                          invariant  (ALL OK)
[2026-08-21 00:30:36.111] *                          variant_start  (source-fetched_lib-fetched_ocaml_binding-fetched-0.7.0_app-vendored-stable)
[2026-08-21 00:30:36.111] *                          graph_start  (8 steps)
[2026-08-21 00:30:36.111] fetch_source               check_pre  (pass)
[2026-08-21 00:30:36.115] fetch_source               cmd  (if [ -d _out/canary/projects/openssl/3.0.13_openssl-3.0.13/src/.git ]; then cd _out/canary/projects/openssl/3.0.13_openssl-3.0.13/src && git fetch && git checkout openssl-3.0.13; else git clone https://github.com/openssl/openssl.git _out/canary/projects/openssl/3.0.13_openssl-3.0.13/src && cd _out/canary/projects/openssl/3.0.13_openssl-3.0.13/src && git checkout openssl-3.0.13; fi && echo '_out/canary/projects/openssl/3.0.13_openssl-3.0.13/src' > /home/red/code/research/tola/_out/canary/projects/ssl/fetch_source/source_source-fetched_lib-fetched_ocaml_binding-fetched-0.7.0_app-vendored-stable.ok)
[2026-08-21 00:30:36.501] fetch_source               cmd_log  (fetch_source.out_source-fetched_lib-fetched_ocaml_binding-fetched-0.7.0_app-vendored-stable.log)
[2026-08-21 00:30:36.501] fetch_source               detect  (ok, output present)
[2026-08-21 00:30:36.501] fetch_source               check_post  (pass)
[2026-08-21 00:30:36.501] fetch_source               done
[2026-08-21 00:30:36.505] fetch_lib                  check_pre  (pass)
[2026-08-21 00:30:36.507] fetch_lib                  cmd  (sudo apt-get install -y libssl-dev && echo 'installed' > /home/red/code/research/tola/_out/canary/projects/ssl/fetch_lib/lib_source-fetched_lib-fetched_ocaml_binding-fetched-0.7.0_app-vendored-stable.ok)
[2026-08-21 00:30:36.917] fetch_lib                  cmd_log  (fetch_lib.out_source-fetched_lib-fetched_ocaml_binding-fetched-0.7.0_app-vendored-stable.log)
[2026-08-21 00:30:36.917] fetch_lib                  detect  (ok, output present)
[2026-08-21 00:30:36.917] fetch_lib                  check_post  (pass)
[2026-08-21 00:30:36.917] fetch_lib                  done
[2026-08-21 00:30:36.919] fetch_binding_ocaml        check_pre  (pass)
[2026-08-21 00:30:36.921] fetch_binding_ocaml        cmd  (eval $(opam env) && opam install ssl.0.7.0 -y && eval $(opam env) && opam install -y ocamlfind && echo 'installed' > /home/red/code/research/tola/_out/canary/projects/ssl/fetch_binding/ocaml/binding_source-fetched_lib-fetched_ocaml_binding-fetched-0.7.0_app-vendored-stable.ok)
[2026-08-21 00:30:41.650] fetch_binding_ocaml        cmd_log  (fetch_binding_ocaml.out_source-fetched_lib-fetched_ocaml_binding-fetched-0.7.0_app-vendored-stable.log)
[2026-08-21 00:30:41.650] fetch_binding_ocaml        detect  (ok, output present)
[2026-08-21 00:30:41.923] fetch_binding_ocaml        check_post  (pass)
[2026-08-21 00:30:41.923] fetch_binding_ocaml        done
[2026-08-21 00:30:41.925] fetch_binding_ocaml_inspect  check_pre  (pass)
[2026-08-21 00:30:41.927] fetch_binding_ocaml_inspect  cmd  (eval $(opam env)
PKG_DIR=$(ocamlfind query 'ssl' 2>/dev/null)
test -n "$PKG_DIR"
python3 canary/scripts/inspect_binding.py --kind mli --dir "$PKG_DIR" \
  --watchlist 'Ssl,Ssl.init,Ssl.native_library_version' > /home/red/code/research/tola/_out/canary/projects/ssl/fetch_binding/ocaml/inspect_source-fetched_lib-fetched_ocaml_binding-fetched-0.7.0_app-vendored-stable.json && mv /home/red/code/research/tola/_out/canary/projects/ssl/fetch_binding/ocaml/inspect_source-fetched_lib-fetched_ocaml_binding-fetched-0.7.0_app-vendored-stable.json /home/red/code/research/tola/_out/canary/projects/ssl/fetch_binding/ocaml/inspect_nlv_source-fetched_lib-fetched_ocaml_binding-fetched-0.7.0_app-vendored-stable.json && eval $(opam env)
PKG_DIR=$(ocamlfind query 'ssl' 2>/dev/null)
test -n "$PKG_DIR"
python3 canary/scripts/inspect_binding.py --kind mli --dir "$PKG_DIR" \
  --watchlist 'Ssl,Ssl.init,Ssl.create_context' > /home/red/code/research/tola/_out/canary/projects/ssl/fetch_binding/ocaml/inspect_source-fetched_lib-fetched_ocaml_binding-fetched-0.7.0_app-vendored-stable.json)
[2026-08-21 00:30:42.060] fetch_binding_ocaml_inspect  cmd_log  (fetch_binding_ocaml_inspect.out_source-fetched_lib-fetched_ocaml_binding-fetched-0.7.0_app-vendored-stable.log)
[2026-08-21 00:30:42.060] fetch_binding_ocaml_inspect  detect  (ok, output present)
[2026-08-21 00:30:42.060] fetch_binding_ocaml_inspect  check_post  (pass)
[2026-08-21 00:30:42.060] fetch_binding_ocaml_inspect  done
[2026-08-21 00:30:42.063] probe_binding_ocaml        check_pre  (pass)
[2026-08-21 00:30:42.065] probe_binding_ocaml        cmd  (eval $(opam env)
INSTALLED=$(opam list ssl --installed --short --columns=version 2>/dev/null)
test "$INSTALLED" = "0.7.0" || { echo "WORLD MISMATCH: switch has ssl $INSTALLED, scenario declares ssl 0.7.0"; exit 1; }
eval $(opam env)
ocamlfind ocamlopt -package ssl -linkpkg canary/examples/ssl_variant/app_core.ml -o /home/red/code/research/tola/_out/canary/projects/ssl/probe_binding/ocaml/ssl_app_core > /home/red/code/research/tola/_out/canary/projects/ssl/probe_binding/ocaml/probe_source-fetched_lib-fetched_ocaml_binding-fetched-0.7.0_app-vendored-stable.log 2>&1 && /home/red/code/research/tola/_out/canary/projects/ssl/probe_binding/ocaml/ssl_app_core >> /home/red/code/research/tola/_out/canary/projects/ssl/probe_binding/ocaml/probe_source-fetched_lib-fetched_ocaml_binding-fetched-0.7.0_app-vendored-stable.log 2>&1
RC=$?
cat /home/red/code/research/tola/_out/canary/projects/ssl/probe_binding/ocaml/probe_source-fetched_lib-fetched_ocaml_binding-fetched-0.7.0_app-vendored-stable.log
exit $RC)
[2026-08-21 00:30:42.470] probe_binding_ocaml        cmd_log  (probe_binding_ocaml.out_source-fetched_lib-fetched_ocaml_binding-fetched-0.7.0_app-vendored-stable.log)
[2026-08-21 00:30:42.470] probe_binding_ocaml        detect  (ok, output present)
[2026-08-21 00:30:42.470] probe_binding_ocaml        compat_predicted  (no contract fired)
[2026-08-21 00:30:42.470] probe_binding_ocaml        contract_skipped  (c3 cmp_behavior: disabled in registry (blocked))
[2026-08-21 00:30:42.470] probe_binding_ocaml        contract_skipped  (c7 api_sound_repack: disabled in registry (stubbed))
[2026-08-21 00:30:42.470] probe_binding_ocaml        contract_skipped  (c8 cmp_api_faithfulness: disabled in registry (stubbed))
[2026-08-21 00:30:42.470] probe_binding_ocaml        done  (no compat failure predicted; success expected)
[2026-08-21 00:30:42.472] probe_app_ocaml            check_pre  (pass)
[2026-08-21 00:30:42.474] probe_app_ocaml            cmd  (eval $(opam env)
INSTALLED=$(opam list ssl --installed --short --columns=version 2>/dev/null)
test "$INSTALLED" = "0.7.0" || { echo "WORLD MISMATCH: switch has ssl $INSTALLED, scenario declares ssl 0.7.0"; exit 1; }
eval $(opam env)
ocamlfind ocamlopt -package ssl -linkpkg canary/examples/ssl_variant/app_nlv.ml -o /home/red/code/research/tola/_out/canary/projects/ssl/probe_app_ocaml/ssl_app_nlv > /home/red/code/research/tola/_out/canary/projects/ssl/probe_app_ocaml/probe_source-fetched_lib-fetched_ocaml_binding-fetched-0.7.0_app-vendored-stable.log 2>&1 && /home/red/code/research/tola/_out/canary/projects/ssl/probe_app_ocaml/ssl_app_nlv >> /home/red/code/research/tola/_out/canary/projects/ssl/probe_app_ocaml/probe_source-fetched_lib-fetched_ocaml_binding-fetched-0.7.0_app-vendored-stable.log 2>&1
RC=$?
cat /home/red/code/research/tola/_out/canary/projects/ssl/probe_app_ocaml/probe_source-fetched_lib-fetched_ocaml_binding-fetched-0.7.0_app-vendored-stable.log
exit $RC)
[2026-08-21 00:30:42.870] probe_app_ocaml            cmd_log  (probe_app_ocaml.out_source-fetched_lib-fetched_ocaml_binding-fetched-0.7.0_app-vendored-stable.log)
[2026-08-21 00:30:42.870] probe_app_ocaml            detect  (ok, output present)
[2026-08-21 00:30:42.870] probe_app_ocaml            compat_predicted  (no contract fired)
[2026-08-21 00:30:42.870] probe_app_ocaml            contract_skipped  (c3 cmp_behavior: disabled in registry (blocked))
[2026-08-21 00:30:42.870] probe_app_ocaml            contract_skipped  (c7 api_sound_repack: disabled in registry (stubbed))
[2026-08-21 00:30:42.870] probe_app_ocaml            contract_skipped  (c8 cmp_api_faithfulness: disabled in registry (stubbed))
[2026-08-21 00:30:42.870] probe_app_ocaml            done  (no compat failure predicted; success expected)
[2026-08-21 00:30:42.872] probe_lib                  check_pre  (pass)
[2026-08-21 00:30:42.874] probe_lib                  cmd  (LIB_NATIVE=$(ls /usr/lib/x86_64-linux-gnu/libssl.so.* /usr/lib*/libssl.so.* 2>/dev/null \
        "$(brew --prefix openssl@3 2>/dev/null)/lib/libssl.dylib" 2>/dev/null \
        | head -1)
test -n "$LIB_NATIVE" -a -e "$LIB_NATIVE"
COUNT=$(nm -D "$LIB_NATIVE" 2>/dev/null | grep -v ' U ' | grep -c 'SSL_' || echo 0)
printf 'SSL_ symbols exported: %s\n' "$COUNT" | tee /home/red/code/research/tola/_out/canary/projects/ssl/probe_lib/probe_source-fetched_lib-fetched_ocaml_binding-fetched-0.7.0_app-vendored-stable.log
test "$COUNT" -gt 0)
[2026-08-21 00:30:42.930] probe_lib                  cmd_log  (probe_lib.out_source-fetched_lib-fetched_ocaml_binding-fetched-0.7.0_app-vendored-stable.log)
[2026-08-21 00:30:42.930] probe_lib                  detect  (ok, output present)
[2026-08-21 00:30:42.930] probe_lib                  check_post  (pass)
[2026-08-21 00:30:42.930] probe_lib                  done
[2026-08-21 00:30:42.932] probe_lib_inspect          check_pre  (pass)
[2026-08-21 00:30:42.934] probe_lib_inspect          cmd  (LIB_NATIVE=$(ls /usr/lib/x86_64-linux-gnu/libssl.so.* /usr/lib*/libssl.so.* 2>/dev/null \
        "$(brew --prefix openssl@3 2>/dev/null)/lib/libssl.dylib" 2>/dev/null \
        | head -1)
test -n "$LIB_NATIVE" -a -e "$LIB_NATIVE"
nm -D "$LIB_NATIVE" 2>/dev/null \
  | python3 canary/scripts/inspect_native.py --emit-symbols --elf --path "$LIB_NATIVE" --prefixes 'SSL_,TLS_,BIO_' --watchlist 'SSL_CTX_new,SSL_new,SSL_connect,SSL_read,SSL_write,TLS_method' \
  > /home/red/code/research/tola/_out/canary/projects/ssl/probe_lib/inspect_source-fetched_lib-fetched_ocaml_binding-fetched-0.7.0_app-vendored-stable.json)
[2026-08-21 00:30:43.001] probe_lib_inspect          cmd_log  (probe_lib_inspect.out_source-fetched_lib-fetched_ocaml_binding-fetched-0.7.0_app-vendored-stable.log)
[2026-08-21 00:30:43.001] probe_lib_inspect          detect  (ok, output present)
[2026-08-21 00:30:43.001] probe_lib_inspect          check_post  (pass)
[2026-08-21 00:30:43.001] probe_lib_inspect          done
[2026-08-21 00:30:43.003] *                          graph_end  (8/8 completed)
[2026-08-21 00:30:43.004] *                          diagram  (_out/canary/projects/ssl/-run/diagrams/all.mmd)
[2026-08-21 00:30:43.004] *                          diagram  (_out/canary/projects/ssl/-run/diagrams/full.mmd)
[2026-08-21 00:30:43.004] *                          view  (source (1 steps))
[2026-08-21 00:30:43.004] *                          view  (lib (3 steps))
[2026-08-21 00:30:43.004] *                          view  (probes (4 steps))
[2026-08-21 00:30:43.004] *                          view  (binding_ocaml (3 steps))
[2026-08-21 00:30:43.005] *                          html  (_out/canary/projects/ssl/-run/result.html)
[2026-08-21 00:30:43.006] *                          index  (_out/canary/projects/index.html)
[2026-08-21 00:30:43.007] *                          invariant  (full.mmd: OK (8 nodes, 8 IDs))
[2026-08-21 00:30:43.007] *                          invariant  (binding_ocaml.mmd: OK (7 nodes, 8 IDs))
[2026-08-21 00:30:43.007] *                          invariant  (source.mmd: OK (6 nodes, 8 IDs))
[2026-08-21 00:30:43.007] *                          invariant  (lib.mmd: OK (7 nodes, 8 IDs))
[2026-08-21 00:30:43.007] *                          invariant  (all.mmd: OK (6 nodes, 8 IDs))
[2026-08-21 00:30:43.007] *                          invariant  (probes.mmd: OK (8 nodes, 8 IDs))
[2026-08-21 00:30:43.007] *                          invariant  (ALL OK)
[2026-09-12 20:18:21.263] *                          variant_start  (source-fetched_lib-fetched_ocaml_binding-fetched-0.6.0_app-vendored-stable)
[2026-09-12 20:18:21.264] *                          graph_start  (7 steps)
[2026-09-12 20:18:21.264] fetch_lib                  marker_stale  (spec changed since the marker — re-running)
[2026-09-12 20:18:21.264] fetch_binding_ocaml        marker_stale  (spec changed since the marker — re-running)
[2026-09-12 20:18:21.265] probe_lib                  marker_stale  (spec changed since the marker — re-running)
[2026-09-12 20:18:21.266] probe_lib_inspect          marker_stale  (spec changed since the marker — re-running)
[2026-09-12 20:18:21.266] fetch_lib                  check_pre  (pass)
[2026-09-12 20:18:21.268] fetch_lib                  cmd  (sudo apt-get install -y libssl-dev && echo 'installed' > /home/red/code/research/tola/_out/canary/projects/ssl/fetch_lib/lib_source-fetched_lib-fetched_ocaml_binding-fetched-0.6.0_app-vendored-stable.ok)
[2026-09-12 20:18:21.268] fetch_lib                  opam_switch  (canary)
[2026-09-12 20:18:21.268] fetch_lib                  platform  (wsl_ubuntu)
[2026-09-12 20:18:21.679] fetch_lib                  cmd_log  (fetch_lib.out_source-fetched_lib-fetched_ocaml_binding-fetched-0.6.0_app-vendored-stable.log)
[2026-09-12 20:18:21.679] fetch_lib                  detect  (ok, output present)
[2026-09-12 20:18:21.679] fetch_lib                  agreement_outcome  (no agreement fires at this action)
[2026-09-12 20:18:21.679] fetch_lib                  check_post  (pass)
[2026-09-12 20:18:21.679] fetch_lib                  done
[2026-09-12 20:18:21.681] fetch_binding_ocaml        check_pre  (pass)
[2026-09-12 20:18:21.683] fetch_binding_ocaml        cmd  (eval $(opam env) && opam install ssl.0.6.0 -y && eval $(opam env) && opam install -y ocamlfind && echo 'installed' > /home/red/code/research/tola/_out/canary/projects/ssl/fetch_binding/ocaml/binding_source-fetched_lib-fetched_ocaml_binding-fetched-0.6.0_app-vendored-stable.ok)
[2026-09-12 20:18:21.683] fetch_binding_ocaml        opam_switch  (canary)
[2026-09-12 20:18:21.683] fetch_binding_ocaml        platform  (wsl_ubuntu)
[2026-09-12 20:18:28.431] fetch_binding_ocaml        cmd_log  (fetch_binding_ocaml.out_source-fetched_lib-fetched_ocaml_binding-fetched-0.6.0_app-vendored-stable.log)
[2026-09-12 20:18:28.431] fetch_binding_ocaml        detect  (ok, output present)
[2026-09-12 20:18:28.431] fetch_binding_ocaml        agreement_outcome  (no agreement fires at this action)
[2026-09-12 20:18:28.687] fetch_binding_ocaml        check_post  (pass)
[2026-09-12 20:18:28.687] fetch_binding_ocaml        done
[2026-09-12 20:18:28.690] fetch_binding_ocaml_inspect  check_pre  (pass)
[2026-09-12 20:18:28.692] fetch_binding_ocaml_inspect  cmd  (eval $(opam env)
PKG_DIR=$(ocamlfind query 'ssl' 2>/dev/null)
test -n "$PKG_DIR"
python3 canary/scripts/inspect_binding.py --kind mli --dir "$PKG_DIR" \
  --watchlist 'Ssl,Ssl.init,Ssl.native_library_version' > /home/red/code/research/tola/_out/canary/projects/ssl/fetch_binding/ocaml/inspect_source-fetched_lib-fetched_ocaml_binding-fetched-0.6.0_app-vendored-stable.json && mv /home/red/code/research/tola/_out/canary/projects/ssl/fetch_binding/ocaml/inspect_source-fetched_lib-fetched_ocaml_binding-fetched-0.6.0_app-vendored-stable.json /home/red/code/research/tola/_out/canary/projects/ssl/fetch_binding/ocaml/inspect_nlv_source-fetched_lib-fetched_ocaml_binding-fetched-0.6.0_app-vendored-stable.json && eval $(opam env)
PKG_DIR=$(ocamlfind query 'ssl' 2>/dev/null)
test -n "$PKG_DIR"
python3 canary/scripts/inspect_binding.py --kind mli --dir "$PKG_DIR" \
  --watchlist 'Ssl,Ssl.init,Ssl.create_context' > /home/red/code/research/tola/_out/canary/projects/ssl/fetch_binding/ocaml/inspect_source-fetched_lib-fetched_ocaml_binding-fetched-0.6.0_app-vendored-stable.json)
[2026-09-12 20:18:28.692] fetch_binding_ocaml_inspect  opam_switch  (canary)
[2026-09-12 20:18:28.692] fetch_binding_ocaml_inspect  platform  (wsl_ubuntu)
[2026-09-12 20:18:28.816] fetch_binding_ocaml_inspect  cmd_log  (fetch_binding_ocaml_inspect.out_source-fetched_lib-fetched_ocaml_binding-fetched-0.6.0_app-vendored-stable.log)
[2026-09-12 20:18:28.816] fetch_binding_ocaml_inspect  detect  (ok, output present)
[2026-09-12 20:18:28.816] fetch_binding_ocaml_inspect  agreement_outcome  (no agreement fires at this action)
[2026-09-12 20:18:28.816] fetch_binding_ocaml_inspect  check_post  (pass)
[2026-09-12 20:18:28.816] fetch_binding_ocaml_inspect  done
[2026-09-12 20:18:28.819] probe_binding_ocaml        check_pre  (pass)
[2026-09-12 20:18:28.821] probe_binding_ocaml        cmd  (eval $(opam env)
INSTALLED=$(opam list ssl --installed --short --columns=version --color=never 2>/dev/null)
test "$INSTALLED" = "0.6.0" || { echo "WORLD MISMATCH: switch has ssl $INSTALLED, scenario declares ssl 0.6.0"; exit 1; }
eval $(opam env)
ocamlfind ocamlopt -package ssl -linkpkg canary/examples/ssl_variant/app_core.ml -o /home/red/code/research/tola/_out/canary/projects/ssl/probe_binding/ocaml/ssl_app_core > /home/red/code/research/tola/_out/canary/projects/ssl/probe_binding/ocaml/probe_source-fetched_lib-fetched_ocaml_binding-fetched-0.6.0_app-vendored-stable.log 2>&1 && /home/red/code/research/tola/_out/canary/projects/ssl/probe_binding/ocaml/ssl_app_core >> /home/red/code/research/tola/_out/canary/projects/ssl/probe_binding/ocaml/probe_source-fetched_lib-fetched_ocaml_binding-fetched-0.6.0_app-vendored-stable.log 2>&1
RC=$?
cat /home/red/code/research/tola/_out/canary/projects/ssl/probe_binding/ocaml/probe_source-fetched_lib-fetched_ocaml_binding-fetched-0.6.0_app-vendored-stable.log
exit $RC)
[2026-09-12 20:18:28.821] probe_binding_ocaml        opam_switch  (canary)
[2026-09-12 20:18:28.821] probe_binding_ocaml        platform  (wsl_ubuntu)
[2026-09-12 20:18:29.238] probe_binding_ocaml        cmd_log  (probe_binding_ocaml.out_source-fetched_lib-fetched_ocaml_binding-fetched-0.6.0_app-vendored-stable.log)
[2026-09-12 20:18:29.238] probe_binding_ocaml        detect  (ok, output present)
[2026-09-12 20:18:29.238] probe_binding_ocaml        agreement_outcome  (required_symbols_exported/stub_requirements_vs_library_exports: unavailable: no native library inspection in this world)
[2026-09-12 20:18:29.238] probe_binding_ocaml        agreement_outcome  (api_names_present/watchlist_vs_user_surface: holds)
[2026-09-12 20:18:29.238] probe_binding_ocaml        agreement_outcome  (behavior_matches/probe_assertions: not_implemented: the expected values live inside the probe's source as embedded assertions, and the observation is the probe's …)
[2026-09-12 20:18:29.238] probe_binding_ocaml        agreement_outcome  (soname_matches_requirement/library_identity_vs_consumer_record: not_applicable: this binding mechanism produces no artifact carrying a dependency or symbol-version record (a static archive h…)
[2026-09-12 20:18:29.238] probe_binding_ocaml        agreement_outcome  (required_versions_exported/required_tags_vs_provider_exports: not_applicable: this binding mechanism produces no artifact carrying a dependency or symbol-version record (a static archive h…)
[2026-09-12 20:18:29.238] probe_binding_ocaml        agreement_outcome  (signatures_agree/header_vs_stub_signature_summaries: unavailable: no header signature summary in this world)
[2026-09-12 20:18:29.238] probe_binding_ocaml        agreement_outcome  (dependencies_provided/recorded_dependencies_vs_world_providers: not_applicable: this binding mechanism produces no artifact carrying a dependency or symbol-version record (a static archive h…)
[2026-09-12 20:18:29.238] probe_binding_ocaml        agreement_outcome  (repack_preserves_api/declared_repacking_relation: not_implemented: the repacking relation is not specified: "preserves" has no agreed scope, so there is nothing to compare a bin…)
[2026-09-12 20:18:29.238] probe_binding_ocaml        agreement_outcome  (repack_complete/composed_faithfulness: not_implemented: the claim's scope is unsettled ("loses nothing" needs an allowed-omission policy), and two of the three agreem…)
[2026-09-12 20:18:29.238] probe_binding_ocaml        done  (no compat failure predicted; success expected)
[2026-09-12 20:18:29.241] probe_app_ocaml            check_pre  (pass)
[2026-09-12 20:18:29.243] probe_app_ocaml            cmd  (eval $(opam env)
INSTALLED=$(opam list ssl --installed --short --columns=version --color=never 2>/dev/null)
test "$INSTALLED" = "0.6.0" || { echo "WORLD MISMATCH: switch has ssl $INSTALLED, scenario declares ssl 0.6.0"; exit 1; }
eval $(opam env)
ocamlfind ocamlopt -package ssl -linkpkg canary/examples/ssl_variant/app_nlv.ml -o /home/red/code/research/tola/_out/canary/projects/ssl/probe_app_ocaml/ssl_app_nlv > /home/red/code/research/tola/_out/canary/projects/ssl/probe_app_ocaml/probe_source-fetched_lib-fetched_ocaml_binding-fetched-0.6.0_app-vendored-stable.log 2>&1 && /home/red/code/research/tola/_out/canary/projects/ssl/probe_app_ocaml/ssl_app_nlv >> /home/red/code/research/tola/_out/canary/projects/ssl/probe_app_ocaml/probe_source-fetched_lib-fetched_ocaml_binding-fetched-0.6.0_app-vendored-stable.log 2>&1
RC=$?
cat /home/red/code/research/tola/_out/canary/projects/ssl/probe_app_ocaml/probe_source-fetched_lib-fetched_ocaml_binding-fetched-0.6.0_app-vendored-stable.log
exit $RC)
[2026-09-12 20:18:29.243] probe_app_ocaml            opam_switch  (canary)
[2026-09-12 20:18:29.243] probe_app_ocaml            platform  (wsl_ubuntu)
[2026-09-12 20:18:29.534] probe_app_ocaml            cmd_log  (probe_app_ocaml.out_source-fetched_lib-fetched_ocaml_binding-fetched-0.6.0_app-vendored-stable.log)
[2026-09-12 20:18:29.534] probe_app_ocaml            cmd_fail  (exit 2)
[2026-09-12 20:18:29.534] probe_app_ocaml            cmd_out  (File "canary/examples/ssl_variant/app_nlv.ml", line 9, characters 9-35:)
[2026-09-12 20:18:29.534] probe_app_ocaml            cmd_out  (9 |   ignore Ssl.native_library_version;)
[2026-09-12 20:18:29.534] probe_app_ocaml            cmd_out  (             ^^^^^^^^^^^^^^^^^^^^^^^^^^)
[2026-09-12 20:18:29.534] probe_app_ocaml            cmd_out  (Error: Unbound value Ssl.native_library_version)
[2026-09-12 20:18:29.534] probe_app_ocaml            detect  (error, output present)
[2026-09-12 20:18:29.535] probe_app_ocaml            agreement_outcome  (api_names_present/watchlist_vs_user_surface: violated: Ssl.native_library_version)
[2026-09-12 20:18:29.535] probe_app_ocaml            agreement_outcome  (behavior_matches/probe_assertions: not_implemented: the expected values live inside the probe's source as embedded assertions, and the observation is the probe's …)
[2026-09-12 20:18:29.535] probe_app_ocaml            agreement_outcome  (repack_preserves_api/declared_repacking_relation: not_implemented: the repacking relation is not specified: "preserves" has no agreed scope, so there is nothing to compare a bin…)
[2026-09-12 20:18:29.535] probe_app_ocaml            agreement_outcome  (repack_complete/composed_faithfulness: not_implemented: the claim's scope is unsettled ("loses nothing" needs an allowed-omission policy), and two of the three agreem…)
[2026-09-12 20:18:29.563] probe_app_ocaml            agreement_confirmed  (api_names_present: predicted text present in this run's output)
[2026-09-12 20:18:29.563] probe_app_ocaml            done  (expected failure confirmed (derived) [api_names_present])
[2026-09-12 20:18:29.566] probe_lib                  check_pre  (pass)
[2026-09-12 20:18:29.569] probe_lib                  cmd  (LIB_NATIVE=$(ls /usr/lib/x86_64-linux-gnu/libssl.so.* /usr/lib*/libssl.so.* 2>/dev/null \
        "$(brew --prefix openssl@3 2>/dev/null)/lib/libssl.dylib" 2>/dev/null \
        | head -1)
test -n "$LIB_NATIVE" -a -e "$LIB_NATIVE"
COUNT=$(nm -D "$LIB_NATIVE" 2>/dev/null | grep -v ' U ' | grep -c 'SSL_' || echo 0)
printf 'SSL_ symbols exported: %s\n' "$COUNT" | tee /home/red/code/research/tola/_out/canary/projects/ssl/probe_lib/probe_source-fetched_lib-fetched_ocaml_binding-fetched-0.6.0_app-vendored-stable.log
test "$COUNT" -gt 0)
[2026-09-12 20:18:29.569] probe_lib                  opam_switch  (canary)
[2026-09-12 20:18:29.569] probe_lib                  platform  (wsl_ubuntu)
[2026-09-12 20:18:29.645] probe_lib                  cmd_log  (probe_lib.out_source-fetched_lib-fetched_ocaml_binding-fetched-0.6.0_app-vendored-stable.log)
[2026-09-12 20:18:29.645] probe_lib                  detect  (ok, output present)
[2026-09-12 20:18:29.645] probe_lib                  agreement_outcome  (no agreement fires at this action)
[2026-09-12 20:18:29.645] probe_lib                  check_post  (pass)
[2026-09-12 20:18:29.645] probe_lib                  done
[2026-09-12 20:18:29.648] probe_lib_inspect          check_pre  (pass)
[2026-09-12 20:18:29.649] probe_lib_inspect          cmd  (LIB_NATIVE=$(ls /usr/lib/x86_64-linux-gnu/libssl.so.* /usr/lib*/libssl.so.* 2>/dev/null \
        "$(brew --prefix openssl@3 2>/dev/null)/lib/libssl.dylib" 2>/dev/null \
        | head -1)
test -n "$LIB_NATIVE" -a -e "$LIB_NATIVE"
nm -D "$LIB_NATIVE" 2>/dev/null \
  | python3 canary/scripts/inspect_native.py --emit-symbols --elf --path "$LIB_NATIVE" --prefixes 'SSL_,TLS_,BIO_' --watchlist 'SSL_CTX_new,SSL_new,SSL_connect,SSL_read,SSL_write,TLS_method' \
  > /home/red/code/research/tola/_out/canary/projects/ssl/probe_lib/inspect_source-fetched_lib-fetched_ocaml_binding-fetched-0.6.0_app-vendored-stable.json)
[2026-09-12 20:18:29.649] probe_lib_inspect          opam_switch  (canary)
[2026-09-12 20:18:29.649] probe_lib_inspect          platform  (wsl_ubuntu)
[2026-09-12 20:18:29.730] probe_lib_inspect          cmd_log  (probe_lib_inspect.out_source-fetched_lib-fetched_ocaml_binding-fetched-0.6.0_app-vendored-stable.log)
[2026-09-12 20:18:29.731] probe_lib_inspect          detect  (ok, output present)
[2026-09-12 20:18:29.731] probe_lib_inspect          agreement_outcome  (no agreement fires at this action)
[2026-09-12 20:18:29.731] probe_lib_inspect          check_post  (pass)
[2026-09-12 20:18:29.731] probe_lib_inspect          done
[2026-09-12 20:18:29.733] *                          graph_end  (7/7 completed)
[2026-09-12 20:18:29.733] *                          diagram  (_out/canary/projects/ssl/-run/diagrams/all.mmd)
[2026-09-12 20:18:29.733] *                          diagram  (_out/canary/projects/ssl/-run/diagrams/full.mmd)
[2026-09-12 20:18:29.733] *                          view  (lib (3 steps))
[2026-09-12 20:18:29.733] *                          view  (probes (4 steps))
[2026-09-12 20:18:29.733] *                          view  (binding_ocaml (3 steps))
[2026-09-12 20:18:29.734] *                          html  (_out/canary/projects/ssl/-run/result.html)
[2026-09-12 20:18:29.735] *                          index  (_out/canary/projects/index.html)
[2026-09-12 20:18:29.735] *                          invariant  (full.mmd: OK (7 nodes, 7 IDs))
[2026-09-12 20:18:29.735] *                          invariant  (binding_ocaml.mmd: OK (6 nodes, 7 IDs))
[2026-09-12 20:18:29.736] !                          invariant  (source.mmd: extra [8])
[2026-09-12 20:18:29.736] !                          invariant  (SOME FAILED)
[2026-09-12 20:18:29.757] *                          variant_start  (source-fetched_lib-fetched_ocaml_binding-fetched-0.7.0_app-vendored-stable)
[2026-09-12 20:18:29.757] *                          graph_start  (7 steps)
[2026-09-12 20:18:29.757] fetch_lib                  marker_stale  (spec changed since the marker — re-running)
[2026-09-12 20:18:29.758] fetch_binding_ocaml        marker_stale  (spec changed since the marker — re-running)
[2026-09-12 20:18:29.758] probe_lib                  marker_stale  (spec changed since the marker — re-running)
[2026-09-12 20:18:29.758] probe_lib_inspect          marker_stale  (spec changed since the marker — re-running)
[2026-09-12 20:18:29.759] fetch_lib                  check_pre  (pass)
[2026-09-12 20:18:29.761] fetch_lib                  cmd  (sudo apt-get install -y libssl-dev && echo 'installed' > /home/red/code/research/tola/_out/canary/projects/ssl/fetch_lib/lib_source-fetched_lib-fetched_ocaml_binding-fetched-0.7.0_app-vendored-stable.ok)
[2026-09-12 20:18:29.761] fetch_lib                  opam_switch  (canary)
[2026-09-12 20:18:29.761] fetch_lib                  platform  (wsl_ubuntu)
[2026-09-12 20:18:30.148] fetch_lib                  cmd_log  (fetch_lib.out_source-fetched_lib-fetched_ocaml_binding-fetched-0.7.0_app-vendored-stable.log)
[2026-09-12 20:18:30.148] fetch_lib                  detect  (ok, output present)
[2026-09-12 20:18:30.148] fetch_lib                  agreement_outcome  (no agreement fires at this action)
[2026-09-12 20:18:30.148] fetch_lib                  check_post  (pass)
[2026-09-12 20:18:30.148] fetch_lib                  done
[2026-09-12 20:18:30.150] fetch_binding_ocaml        check_pre  (pass)
[2026-09-12 20:18:30.152] fetch_binding_ocaml        cmd  (eval $(opam env) && opam install ssl.0.7.0 -y && eval $(opam env) && opam install -y ocamlfind && echo 'installed' > /home/red/code/research/tola/_out/canary/projects/ssl/fetch_binding/ocaml/binding_source-fetched_lib-fetched_ocaml_binding-fetched-0.7.0_app-vendored-stable.ok)
[2026-09-12 20:18:30.152] fetch_binding_ocaml        opam_switch  (canary)
[2026-09-12 20:18:30.152] fetch_binding_ocaml        platform  (wsl_ubuntu)
[2026-09-12 20:18:36.274] fetch_binding_ocaml        cmd_log  (fetch_binding_ocaml.out_source-fetched_lib-fetched_ocaml_binding-fetched-0.7.0_app-vendored-stable.log)
[2026-09-12 20:18:36.274] fetch_binding_ocaml        detect  (ok, output present)
[2026-09-12 20:18:36.274] fetch_binding_ocaml        agreement_outcome  (no agreement fires at this action)
[2026-09-12 20:18:35.615] fetch_binding_ocaml        check_post  (pass)
[2026-09-12 20:18:35.615] fetch_binding_ocaml        done
[2026-09-12 20:18:35.617] fetch_binding_ocaml_inspect  check_pre  (pass)
[2026-09-12 20:18:35.619] fetch_binding_ocaml_inspect  cmd  (eval $(opam env)
PKG_DIR=$(ocamlfind query 'ssl' 2>/dev/null)
test -n "$PKG_DIR"
python3 canary/scripts/inspect_binding.py --kind mli --dir "$PKG_DIR" \
  --watchlist 'Ssl,Ssl.init,Ssl.native_library_version' > /home/red/code/research/tola/_out/canary/projects/ssl/fetch_binding/ocaml/inspect_source-fetched_lib-fetched_ocaml_binding-fetched-0.7.0_app-vendored-stable.json && mv /home/red/code/research/tola/_out/canary/projects/ssl/fetch_binding/ocaml/inspect_source-fetched_lib-fetched_ocaml_binding-fetched-0.7.0_app-vendored-stable.json /home/red/code/research/tola/_out/canary/projects/ssl/fetch_binding/ocaml/inspect_nlv_source-fetched_lib-fetched_ocaml_binding-fetched-0.7.0_app-vendored-stable.json && eval $(opam env)
PKG_DIR=$(ocamlfind query 'ssl' 2>/dev/null)
test -n "$PKG_DIR"
python3 canary/scripts/inspect_binding.py --kind mli --dir "$PKG_DIR" \
  --watchlist 'Ssl,Ssl.init,Ssl.create_context' > /home/red/code/research/tola/_out/canary/projects/ssl/fetch_binding/ocaml/inspect_source-fetched_lib-fetched_ocaml_binding-fetched-0.7.0_app-vendored-stable.json)
[2026-09-12 20:18:35.619] fetch_binding_ocaml_inspect  opam_switch  (canary)
[2026-09-12 20:18:35.619] fetch_binding_ocaml_inspect  platform  (wsl_ubuntu)
[2026-09-12 20:18:35.745] fetch_binding_ocaml_inspect  cmd_log  (fetch_binding_ocaml_inspect.out_source-fetched_lib-fetched_ocaml_binding-fetched-0.7.0_app-vendored-stable.log)
[2026-09-12 20:18:35.745] fetch_binding_ocaml_inspect  detect  (ok, output present)
[2026-09-12 20:18:35.745] fetch_binding_ocaml_inspect  agreement_outcome  (no agreement fires at this action)
[2026-09-12 20:18:35.745] fetch_binding_ocaml_inspect  check_post  (pass)
[2026-09-12 20:18:35.745] fetch_binding_ocaml_inspect  done
[2026-09-12 20:18:35.748] probe_binding_ocaml        check_pre  (pass)
[2026-09-12 20:18:35.750] probe_binding_ocaml        cmd  (eval $(opam env)
INSTALLED=$(opam list ssl --installed --short --columns=version --color=never 2>/dev/null)
test "$INSTALLED" = "0.7.0" || { echo "WORLD MISMATCH: switch has ssl $INSTALLED, scenario declares ssl 0.7.0"; exit 1; }
eval $(opam env)
ocamlfind ocamlopt -package ssl -linkpkg canary/examples/ssl_variant/app_core.ml -o /home/red/code/research/tola/_out/canary/projects/ssl/probe_binding/ocaml/ssl_app_core > /home/red/code/research/tola/_out/canary/projects/ssl/probe_binding/ocaml/probe_source-fetched_lib-fetched_ocaml_binding-fetched-0.7.0_app-vendored-stable.log 2>&1 && /home/red/code/research/tola/_out/canary/projects/ssl/probe_binding/ocaml/ssl_app_core >> /home/red/code/research/tola/_out/canary/projects/ssl/probe_binding/ocaml/probe_source-fetched_lib-fetched_ocaml_binding-fetched-0.7.0_app-vendored-stable.log 2>&1
RC=$?
cat /home/red/code/research/tola/_out/canary/projects/ssl/probe_binding/ocaml/probe_source-fetched_lib-fetched_ocaml_binding-fetched-0.7.0_app-vendored-stable.log
exit $RC)
[2026-09-12 20:18:35.750] probe_binding_ocaml        opam_switch  (canary)
[2026-09-12 20:18:35.750] probe_binding_ocaml        platform  (wsl_ubuntu)
[2026-09-12 20:18:36.197] probe_binding_ocaml        cmd_log  (probe_binding_ocaml.out_source-fetched_lib-fetched_ocaml_binding-fetched-0.7.0_app-vendored-stable.log)
[2026-09-12 20:18:36.197] probe_binding_ocaml        detect  (ok, output present)
[2026-09-12 20:18:36.198] probe_binding_ocaml        agreement_outcome  (required_symbols_exported/stub_requirements_vs_library_exports: unavailable: no native library inspection in this world)
[2026-09-12 20:18:36.198] probe_binding_ocaml        agreement_outcome  (api_names_present/watchlist_vs_user_surface: holds)
[2026-09-12 20:18:36.198] probe_binding_ocaml        agreement_outcome  (behavior_matches/probe_assertions: not_implemented: the expected values live inside the probe's source as embedded assertions, and the observation is the probe's …)
[2026-09-12 20:18:36.198] probe_binding_ocaml        agreement_outcome  (soname_matches_requirement/library_identity_vs_consumer_record: not_applicable: this binding mechanism produces no artifact carrying a dependency or symbol-version record (a static archive h…)
[2026-09-12 20:18:36.198] probe_binding_ocaml        agreement_outcome  (required_versions_exported/required_tags_vs_provider_exports: not_applicable: this binding mechanism produces no artifact carrying a dependency or symbol-version record (a static archive h…)
[2026-09-12 20:18:36.198] probe_binding_ocaml        agreement_outcome  (signatures_agree/header_vs_stub_signature_summaries: unavailable: no header signature summary in this world)
[2026-09-12 20:18:36.198] probe_binding_ocaml        agreement_outcome  (dependencies_provided/recorded_dependencies_vs_world_providers: not_applicable: this binding mechanism produces no artifact carrying a dependency or symbol-version record (a static archive h…)
[2026-09-12 20:18:36.198] probe_binding_ocaml        agreement_outcome  (repack_preserves_api/declared_repacking_relation: not_implemented: the repacking relation is not specified: "preserves" has no agreed scope, so there is nothing to compare a bin…)
[2026-09-12 20:18:36.198] probe_binding_ocaml        agreement_outcome  (repack_complete/composed_faithfulness: not_implemented: the claim's scope is unsettled ("loses nothing" needs an allowed-omission policy), and two of the three agreem…)
[2026-09-12 20:18:36.198] probe_binding_ocaml        done  (no compat failure predicted; success expected)
[2026-09-12 20:18:36.200] probe_app_ocaml            check_pre  (pass)
[2026-09-12 20:18:36.202] probe_app_ocaml            cmd  (eval $(opam env)
INSTALLED=$(opam list ssl --installed --short --columns=version --color=never 2>/dev/null)
test "$INSTALLED" = "0.7.0" || { echo "WORLD MISMATCH: switch has ssl $INSTALLED, scenario declares ssl 0.7.0"; exit 1; }
eval $(opam env)
ocamlfind ocamlopt -package ssl -linkpkg canary/examples/ssl_variant/app_nlv.ml -o /home/red/code/research/tola/_out/canary/projects/ssl/probe_app_ocaml/ssl_app_nlv > /home/red/code/research/tola/_out/canary/projects/ssl/probe_app_ocaml/probe_source-fetched_lib-fetched_ocaml_binding-fetched-0.7.0_app-vendored-stable.log 2>&1 && /home/red/code/research/tola/_out/canary/projects/ssl/probe_app_ocaml/ssl_app_nlv >> /home/red/code/research/tola/_out/canary/projects/ssl/probe_app_ocaml/probe_source-fetched_lib-fetched_ocaml_binding-fetched-0.7.0_app-vendored-stable.log 2>&1
RC=$?
cat /home/red/code/research/tola/_out/canary/projects/ssl/probe_app_ocaml/probe_source-fetched_lib-fetched_ocaml_binding-fetched-0.7.0_app-vendored-stable.log
exit $RC)
[2026-09-12 20:18:36.202] probe_app_ocaml            opam_switch  (canary)
[2026-09-12 20:18:36.202] probe_app_ocaml            platform  (wsl_ubuntu)
[2026-09-12 20:18:36.620] probe_app_ocaml            cmd_log  (probe_app_ocaml.out_source-fetched_lib-fetched_ocaml_binding-fetched-0.7.0_app-vendored-stable.log)
[2026-09-12 20:18:36.621] probe_app_ocaml            detect  (ok, output present)
[2026-09-12 20:18:36.621] probe_app_ocaml            agreement_outcome  (api_names_present/watchlist_vs_user_surface: holds)
[2026-09-12 20:18:36.621] probe_app_ocaml            agreement_outcome  (behavior_matches/probe_assertions: not_implemented: the expected values live inside the probe's source as embedded assertions, and the observation is the probe's …)
[2026-09-12 20:18:36.621] probe_app_ocaml            agreement_outcome  (repack_preserves_api/declared_repacking_relation: not_implemented: the repacking relation is not specified: "preserves" has no agreed scope, so there is nothing to compare a bin…)
[2026-09-12 20:18:36.621] probe_app_ocaml            agreement_outcome  (repack_complete/composed_faithfulness: not_implemented: the claim's scope is unsettled ("loses nothing" needs an allowed-omission policy), and two of the three agreem…)
[2026-09-12 20:18:36.621] probe_app_ocaml            done  (no compat failure predicted; success expected)
[2026-09-12 20:18:36.623] probe_lib                  check_pre  (pass)
[2026-09-12 20:18:36.625] probe_lib                  cmd  (LIB_NATIVE=$(ls /usr/lib/x86_64-linux-gnu/libssl.so.* /usr/lib*/libssl.so.* 2>/dev/null \
        "$(brew --prefix openssl@3 2>/dev/null)/lib/libssl.dylib" 2>/dev/null \
        | head -1)
test -n "$LIB_NATIVE" -a -e "$LIB_NATIVE"
COUNT=$(nm -D "$LIB_NATIVE" 2>/dev/null | grep -v ' U ' | grep -c 'SSL_' || echo 0)
printf 'SSL_ symbols exported: %s\n' "$COUNT" | tee /home/red/code/research/tola/_out/canary/projects/ssl/probe_lib/probe_source-fetched_lib-fetched_ocaml_binding-fetched-0.7.0_app-vendored-stable.log
test "$COUNT" -gt 0)
[2026-09-12 20:18:36.625] probe_lib                  opam_switch  (canary)
[2026-09-12 20:18:36.625] probe_lib                  platform  (wsl_ubuntu)
[2026-09-12 20:18:36.696] probe_lib                  cmd_log  (probe_lib.out_source-fetched_lib-fetched_ocaml_binding-fetched-0.7.0_app-vendored-stable.log)
[2026-09-12 20:18:36.696] probe_lib                  detect  (ok, output present)
[2026-09-12 20:18:36.696] probe_lib                  agreement_outcome  (no agreement fires at this action)
[2026-09-12 20:18:36.696] probe_lib                  check_post  (pass)
[2026-09-12 20:18:36.696] probe_lib                  done
[2026-09-12 20:18:36.698] probe_lib_inspect          check_pre  (pass)
[2026-09-12 20:18:36.700] probe_lib_inspect          cmd  (LIB_NATIVE=$(ls /usr/lib/x86_64-linux-gnu/libssl.so.* /usr/lib*/libssl.so.* 2>/dev/null \
        "$(brew --prefix openssl@3 2>/dev/null)/lib/libssl.dylib" 2>/dev/null \
        | head -1)
test -n "$LIB_NATIVE" -a -e "$LIB_NATIVE"
nm -D "$LIB_NATIVE" 2>/dev/null \
  | python3 canary/scripts/inspect_native.py --emit-symbols --elf --path "$LIB_NATIVE" --prefixes 'SSL_,TLS_,BIO_' --watchlist 'SSL_CTX_new,SSL_new,SSL_connect,SSL_read,SSL_write,TLS_method' \
  > /home/red/code/research/tola/_out/canary/projects/ssl/probe_lib/inspect_source-fetched_lib-fetched_ocaml_binding-fetched-0.7.0_app-vendored-stable.json)
[2026-09-12 20:18:36.700] probe_lib_inspect          opam_switch  (canary)
[2026-09-12 20:18:36.700] probe_lib_inspect          platform  (wsl_ubuntu)
[2026-09-12 20:18:36.779] probe_lib_inspect          cmd_log  (probe_lib_inspect.out_source-fetched_lib-fetched_ocaml_binding-fetched-0.7.0_app-vendored-stable.log)
[2026-09-12 20:18:36.779] probe_lib_inspect          detect  (ok, output present)
[2026-09-12 20:18:36.779] probe_lib_inspect          agreement_outcome  (no agreement fires at this action)
[2026-09-12 20:18:36.779] probe_lib_inspect          check_post  (pass)
[2026-09-12 20:18:36.779] probe_lib_inspect          done
[2026-09-12 20:18:36.782] *                          graph_end  (7/7 completed)
[2026-09-12 20:18:36.782] *                          diagram  (_out/canary/projects/ssl/-run/diagrams/all.mmd)
[2026-09-12 20:18:36.782] *                          diagram  (_out/canary/projects/ssl/-run/diagrams/full.mmd)
[2026-09-12 20:18:36.782] *                          view  (lib (3 steps))
[2026-09-12 20:18:36.782] *                          view  (probes (4 steps))
[2026-09-12 20:18:36.782] *                          view  (binding_ocaml (3 steps))
[2026-09-12 20:18:36.784] *                          html  (_out/canary/projects/ssl/-run/result.html)
[2026-09-12 20:18:36.785] *                          index  (_out/canary/projects/index.html)
[2026-09-12 20:18:36.785] *                          invariant  (full.mmd: OK (7 nodes, 7 IDs))
[2026-09-12 20:18:36.785] *                          invariant  (binding_ocaml.mmd: OK (6 nodes, 7 IDs))
[2026-09-12 20:18:36.785] !                          invariant  (source.mmd: extra [8])
[2026-09-12 20:18:36.785] !                          invariant  (SOME FAILED)
[2026-09-12 22:43:07.254] *                          run_start  (ssl)
[2026-09-12 22:43:07.263] *                          variant_start  (source-fetched_lib-fetched_ocaml_binding-fetched-0.6.0_app-vendored-stable)
[2026-09-12 22:43:07.263] *                          graph_start  (7 steps)
[2026-09-12 22:43:07.264] fetch_lib                  warm_gate  (marker + fingerprint + check_post passed)
[2026-09-12 22:43:07.264] fetch_lib                  skip  (verdict marker (prior success))
[2026-09-12 22:43:07.539] fetch_binding_ocaml        warm_check_post  (FAIL — the postcondition no longer holds; re-running)
[2026-09-12 22:43:07.540] fetch_binding_ocaml_inspect  warm_gate  (marker + fingerprint + check_post passed)
[2026-09-12 22:43:07.540] fetch_binding_ocaml_inspect  skip  (verdict marker (prior success))
[2026-09-12 22:43:07.540] probe_app_ocaml            warm_gate  (marker + fingerprint + check_post passed)
[2026-09-12 22:43:07.541] probe_app_ocaml            skip  (verdict marker (prior xfail) [api_names_present])
[2026-09-12 22:43:07.541] probe_lib                  warm_gate  (marker + fingerprint + check_post passed)
[2026-09-12 22:43:07.541] probe_lib                  skip  (verdict marker (prior success))
[2026-09-12 22:43:07.541] probe_lib_inspect          warm_gate  (marker + fingerprint + check_post passed)
[2026-09-12 22:43:07.541] probe_lib_inspect          skip  (verdict marker (prior success))
[2026-09-12 22:43:07.541] fetch_binding_ocaml        check_pre  (pass)
[2026-09-12 22:43:07.544] fetch_binding_ocaml        cmd  (eval $(opam env) && opam install ssl.0.6.0 -y && eval $(opam env) && opam install -y ocamlfind && echo 'installed' > /home/red/code/research/tola/_out/canary/projects/ssl/fetch_binding/ocaml/binding_source-fetched_lib-fetched_ocaml_binding-fetched-0.6.0_app-vendored-stable.ok)
[2026-09-12 22:43:07.544] fetch_binding_ocaml        opam_switch  (canary)
[2026-09-12 22:43:07.544] fetch_binding_ocaml        platform  (wsl_ubuntu)
[2026-09-12 22:43:13.105] fetch_binding_ocaml        cmd_log  (fetch_binding_ocaml.out_source-fetched_lib-fetched_ocaml_binding-fetched-0.6.0_app-vendored-stable.log)
[2026-09-12 22:43:13.105] fetch_binding_ocaml        detect  (ok, output present)
[2026-09-12 22:43:13.105] fetch_binding_ocaml        agreement_outcome  (no agreement fires at this action)
[2026-09-12 22:43:13.382] fetch_binding_ocaml        check_post  (pass)
[2026-09-12 22:43:13.382] fetch_binding_ocaml        done
[2026-09-12 22:43:13.384] probe_binding_ocaml        check_pre  (pass)
[2026-09-12 22:43:13.387] probe_binding_ocaml        cmd  (eval $(opam env)
INSTALLED=$(opam list ssl --installed --short --columns=version --color=never 2>/dev/null)
test "$INSTALLED" = "0.6.0" || { echo "WORLD MISMATCH: switch has ssl $INSTALLED, scenario declares ssl 0.6.0"; exit 1; }
eval $(opam env)
ocamlfind ocamlopt -package ssl -linkpkg canary/examples/ssl_variant/app_core.ml -o /home/red/code/research/tola/_out/canary/projects/ssl/probe_binding/ocaml/ssl_app_core > /home/red/code/research/tola/_out/canary/projects/ssl/probe_binding/ocaml/probe_source-fetched_lib-fetched_ocaml_binding-fetched-0.6.0_app-vendored-stable.log 2>&1 && /home/red/code/research/tola/_out/canary/projects/ssl/probe_binding/ocaml/ssl_app_core >> /home/red/code/research/tola/_out/canary/projects/ssl/probe_binding/ocaml/probe_source-fetched_lib-fetched_ocaml_binding-fetched-0.6.0_app-vendored-stable.log 2>&1
RC=$?
cat /home/red/code/research/tola/_out/canary/projects/ssl/probe_binding/ocaml/probe_source-fetched_lib-fetched_ocaml_binding-fetched-0.6.0_app-vendored-stable.log
exit $RC)
[2026-09-12 22:43:13.387] probe_binding_ocaml        opam_switch  (canary)
[2026-09-12 22:43:13.387] probe_binding_ocaml        platform  (wsl_ubuntu)
[2026-09-12 22:43:13.792] probe_binding_ocaml        cmd_log  (probe_binding_ocaml.out_source-fetched_lib-fetched_ocaml_binding-fetched-0.6.0_app-vendored-stable.log)
[2026-09-12 22:43:13.793] probe_binding_ocaml        detect  (ok, output present)
[2026-09-12 22:43:13.794] probe_binding_ocaml        agreement_outcome  (required_symbols_exported/stub_requirements_vs_library_exports: unavailable: no compiled-stub inspection in this world)
[2026-09-12 22:43:13.794] probe_binding_ocaml        agreement_outcome  (api_names_present/watchlist_vs_user_surface: holds)
[2026-09-12 22:43:13.794] probe_binding_ocaml        agreement_outcome  (behavior_matches/probe_assertions: not_implemented: the expected values live inside the probe's source as embedded assertions, and the observation is the probe's …)
[2026-09-12 22:43:13.794] probe_binding_ocaml        agreement_outcome  (soname_matches_requirement/library_identity_vs_consumer_record: not_applicable: this binding mechanism produces no artifact carrying a dependency or symbol-version record (a static archive h…)
[2026-09-12 22:43:13.794] probe_binding_ocaml        agreement_outcome  (required_versions_exported/required_tags_vs_provider_exports: not_applicable: this binding mechanism produces no artifact carrying a dependency or symbol-version record (a static archive h…)
[2026-09-12 22:43:13.794] probe_binding_ocaml        agreement_outcome  (signatures_agree/header_vs_stub_signature_summaries: unavailable: no header signature summary in this world)
[2026-09-12 22:43:13.794] probe_binding_ocaml        agreement_outcome  (dependencies_provided/recorded_dependencies_vs_world_providers: not_applicable: this binding mechanism produces no artifact carrying a dependency or symbol-version record (a static archive h…)
[2026-09-12 22:43:13.794] probe_binding_ocaml        agreement_outcome  (repack_preserves_api/declared_repacking_relation: not_implemented: the repacking relation is not specified: "preserves" has no agreed scope, so there is nothing to compare a bin…)
[2026-09-12 22:43:13.794] probe_binding_ocaml        agreement_outcome  (repack_complete/composed_faithfulness: not_implemented: the claim's scope is unsettled ("loses nothing" needs an allowed-omission policy), and two of the three agreem…)
[2026-09-12 22:43:13.794] probe_binding_ocaml        done  (no compat failure predicted; success expected)
[2026-09-12 22:43:13.797] *                          graph_end  (7/7 completed)
[2026-09-12 22:43:13.797] *                          diagram  (_out/canary/projects/ssl/-run/diagrams/all.mmd)
[2026-09-12 22:43:13.797] *                          diagram  (_out/canary/projects/ssl/-run/diagrams/full.mmd)
[2026-09-12 22:43:13.797] *                          view  (lib (3 steps))
[2026-09-12 22:43:13.797] *                          view  (probes (4 steps))
[2026-09-12 22:43:13.797] *                          view  (binding_ocaml (3 steps))
[2026-09-12 22:43:13.799] *                          html  (_out/canary/projects/ssl/-run/result.html)
[2026-09-12 22:43:13.805] *                          index  (_out/canary/projects/index.html)
[2026-09-12 22:43:13.805] *                          invariant  (full.mmd: OK (7 nodes, 7 IDs))
[2026-09-12 22:43:13.805] *                          invariant  (binding_ocaml.mmd: OK (6 nodes, 7 IDs))
[2026-09-12 22:43:13.805] !                          invariant  (source.mmd: extra [8])
[2026-09-12 22:43:13.805] !                          invariant  (SOME FAILED)
[2026-09-12 22:43:13.833] *                          variant_start  (source-fetched_lib-fetched_ocaml_binding-fetched-0.7.0_app-vendored-stable)
[2026-09-12 22:43:13.833] *                          graph_start  (7 steps)
[2026-09-12 22:43:13.833] fetch_lib                  warm_gate  (marker + fingerprint + check_post passed)
[2026-09-12 22:43:13.833] fetch_lib                  skip  (verdict marker (prior success))
[2026-09-12 22:43:14.096] fetch_binding_ocaml        warm_check_post  (FAIL — the postcondition no longer holds; re-running)
[2026-09-12 22:43:14.096] fetch_binding_ocaml_inspect  warm_gate  (marker + fingerprint + check_post passed)
[2026-09-12 22:43:14.096] fetch_binding_ocaml_inspect  skip  (verdict marker (prior success))
[2026-09-12 22:43:14.097] probe_app_ocaml            warm_gate  (marker + fingerprint + check_post passed)
[2026-09-12 22:43:14.097] probe_app_ocaml            skip  (verdict marker (prior success))
[2026-09-12 22:43:14.097] probe_lib                  warm_gate  (marker + fingerprint + check_post passed)
[2026-09-12 22:43:14.097] probe_lib                  skip  (verdict marker (prior success))
[2026-09-12 22:43:14.097] probe_lib_inspect          warm_gate  (marker + fingerprint + check_post passed)
[2026-09-12 22:43:14.097] probe_lib_inspect          skip  (verdict marker (prior success))
[2026-09-12 22:43:14.097] fetch_binding_ocaml        check_pre  (pass)
[2026-09-12 22:43:14.100] fetch_binding_ocaml        cmd  (eval $(opam env) && opam install ssl.0.7.0 -y && eval $(opam env) && opam install -y ocamlfind && echo 'installed' > /home/red/code/research/tola/_out/canary/projects/ssl/fetch_binding/ocaml/binding_source-fetched_lib-fetched_ocaml_binding-fetched-0.7.0_app-vendored-stable.ok)
[2026-09-12 22:43:14.100] fetch_binding_ocaml        opam_switch  (canary)
[2026-09-12 22:43:14.100] fetch_binding_ocaml        platform  (wsl_ubuntu)
[2026-09-12 22:43:19.662] fetch_binding_ocaml        cmd_log  (fetch_binding_ocaml.out_source-fetched_lib-fetched_ocaml_binding-fetched-0.7.0_app-vendored-stable.log)
[2026-09-12 22:43:19.662] fetch_binding_ocaml        detect  (ok, output present)
[2026-09-12 22:43:19.662] fetch_binding_ocaml        agreement_outcome  (no agreement fires at this action)
[2026-09-12 22:43:19.946] fetch_binding_ocaml        check_post  (pass)
[2026-09-12 22:43:19.946] fetch_binding_ocaml        done
[2026-09-12 22:43:19.949] probe_binding_ocaml        check_pre  (pass)
[2026-09-12 22:43:19.951] probe_binding_ocaml        cmd  (eval $(opam env)
INSTALLED=$(opam list ssl --installed --short --columns=version --color=never 2>/dev/null)
test "$INSTALLED" = "0.7.0" || { echo "WORLD MISMATCH: switch has ssl $INSTALLED, scenario declares ssl 0.7.0"; exit 1; }
eval $(opam env)
ocamlfind ocamlopt -package ssl -linkpkg canary/examples/ssl_variant/app_core.ml -o /home/red/code/research/tola/_out/canary/projects/ssl/probe_binding/ocaml/ssl_app_core > /home/red/code/research/tola/_out/canary/projects/ssl/probe_binding/ocaml/probe_source-fetched_lib-fetched_ocaml_binding-fetched-0.7.0_app-vendored-stable.log 2>&1 && /home/red/code/research/tola/_out/canary/projects/ssl/probe_binding/ocaml/ssl_app_core >> /home/red/code/research/tola/_out/canary/projects/ssl/probe_binding/ocaml/probe_source-fetched_lib-fetched_ocaml_binding-fetched-0.7.0_app-vendored-stable.log 2>&1
RC=$?
cat /home/red/code/research/tola/_out/canary/projects/ssl/probe_binding/ocaml/probe_source-fetched_lib-fetched_ocaml_binding-fetched-0.7.0_app-vendored-stable.log
exit $RC)
[2026-09-12 22:43:19.951] probe_binding_ocaml        opam_switch  (canary)
[2026-09-12 22:43:19.951] probe_binding_ocaml        platform  (wsl_ubuntu)
[2026-09-12 22:43:20.355] probe_binding_ocaml        cmd_log  (probe_binding_ocaml.out_source-fetched_lib-fetched_ocaml_binding-fetched-0.7.0_app-vendored-stable.log)
[2026-09-12 22:43:20.356] probe_binding_ocaml        detect  (ok, output present)
[2026-09-12 22:43:20.357] probe_binding_ocaml        agreement_outcome  (required_symbols_exported/stub_requirements_vs_library_exports: unavailable: no compiled-stub inspection in this world)
[2026-09-12 22:43:20.357] probe_binding_ocaml        agreement_outcome  (api_names_present/watchlist_vs_user_surface: holds)
[2026-09-12 22:43:20.357] probe_binding_ocaml        agreement_outcome  (behavior_matches/probe_assertions: not_implemented: the expected values live inside the probe's source as embedded assertions, and the observation is the probe's …)
[2026-09-12 22:43:20.357] probe_binding_ocaml        agreement_outcome  (soname_matches_requirement/library_identity_vs_consumer_record: not_applicable: this binding mechanism produces no artifact carrying a dependency or symbol-version record (a static archive h…)
[2026-09-12 22:43:20.357] probe_binding_ocaml        agreement_outcome  (required_versions_exported/required_tags_vs_provider_exports: not_applicable: this binding mechanism produces no artifact carrying a dependency or symbol-version record (a static archive h…)
[2026-09-12 22:43:20.357] probe_binding_ocaml        agreement_outcome  (signatures_agree/header_vs_stub_signature_summaries: unavailable: no header signature summary in this world)
[2026-09-12 22:43:20.357] probe_binding_ocaml        agreement_outcome  (dependencies_provided/recorded_dependencies_vs_world_providers: not_applicable: this binding mechanism produces no artifact carrying a dependency or symbol-version record (a static archive h…)
[2026-09-12 22:43:20.357] probe_binding_ocaml        agreement_outcome  (repack_preserves_api/declared_repacking_relation: not_implemented: the repacking relation is not specified: "preserves" has no agreed scope, so there is nothing to compare a bin…)
[2026-09-12 22:43:20.357] probe_binding_ocaml        agreement_outcome  (repack_complete/composed_faithfulness: not_implemented: the claim's scope is unsettled ("loses nothing" needs an allowed-omission policy), and two of the three agreem…)
[2026-09-12 22:43:20.357] probe_binding_ocaml        done  (no compat failure predicted; success expected)
[2026-09-12 22:43:20.359] *                          graph_end  (7/7 completed)
[2026-09-12 22:43:20.359] *                          diagram  (_out/canary/projects/ssl/-run/diagrams/all.mmd)
[2026-09-12 22:43:20.360] *                          diagram  (_out/canary/projects/ssl/-run/diagrams/full.mmd)
[2026-09-12 22:43:20.360] *                          view  (lib (3 steps))
[2026-09-12 22:43:20.360] *                          view  (probes (4 steps))
[2026-09-12 22:43:20.360] *                          view  (binding_ocaml (3 steps))
[2026-09-12 22:43:20.361] *                          html  (_out/canary/projects/ssl/-run/result.html)
[2026-09-12 22:43:20.362] *                          index  (_out/canary/projects/index.html)
[2026-09-12 22:43:20.362] *                          invariant  (full.mmd: OK (7 nodes, 7 IDs))
[2026-09-12 22:43:20.362] *                          invariant  (binding_ocaml.mmd: OK (6 nodes, 7 IDs))
[2026-09-12 22:43:20.362] !                          invariant  (source.mmd: extra [8])
[2026-09-12 22:43:20.362] !                          invariant  (SOME FAILED)
[2026-09-13 20:16:09.327] *                          run_start  (ssl)
[2026-09-13 20:16:09.335] *                          variant_start  (source-fetched_lib-fetched_ocaml_binding-fetched-0.6.0_app-vendored-stable)
[2026-09-13 20:16:09.335] *                          graph_start  (7 steps)
[2026-09-13 20:16:09.336] fetch_lib                  warm_gate  (marker + fingerprint + check_post passed)
[2026-09-13 20:16:09.336] fetch_lib                  skip  (verdict marker (prior success))
[2026-09-13 20:16:09.686] fetch_binding_ocaml        warm_check_post  (FAIL — the postcondition no longer holds; re-running)
[2026-09-13 20:16:09.690] fetch_binding_ocaml_inspect  warm_gate  (marker + fingerprint + check_post passed)
[2026-09-13 20:16:09.690] fetch_binding_ocaml_inspect  skip  (verdict marker (prior success))
[2026-09-13 20:16:09.690] probe_app_ocaml            warm_gate  (marker + fingerprint + check_post passed)
[2026-09-13 20:16:09.690] probe_app_ocaml            skip  (verdict marker (prior xfail) [api_names_present])
[2026-09-13 20:16:09.690] fetch_binding_ocaml        check_pre  (pass)
[2026-09-13 20:16:09.693] fetch_binding_ocaml        cmd  (eval $(opam env) && opam install ssl.0.6.0 -y && eval $(opam env) && opam install -y ocamlfind && echo 'installed' > /home/red/code/research/tola/_out/canary/projects/ssl/fetch_binding/ocaml/binding_source-fetched_lib-fetched_ocaml_binding-fetched-0.6.0_app-vendored-stable.ok)
[2026-09-13 20:16:09.693] fetch_binding_ocaml        opam_switch  (canary)
[2026-09-13 20:16:09.693] fetch_binding_ocaml        platform  (wsl_ubuntu)
[2026-09-13 20:16:15.616] fetch_binding_ocaml        cmd_log  (fetch_binding_ocaml.out_source-fetched_lib-fetched_ocaml_binding-fetched-0.6.0_app-vendored-stable.log)
[2026-09-13 20:16:15.616] fetch_binding_ocaml        detect  (ok, output present)
[2026-09-13 20:16:15.616] fetch_binding_ocaml        agreement_outcome  (no agreement fires at this action)
[2026-09-13 20:16:15.871] fetch_binding_ocaml        check_post  (pass)
[2026-09-13 20:16:15.871] fetch_binding_ocaml        done
[2026-09-13 20:16:15.874] probe_lib                  check_pre  (pass)
[2026-09-13 20:16:15.876] probe_lib                  cmd  (LIB_NATIVE=$(ls /usr/lib/x86_64-linux-gnu/libssl.so.* /usr/lib*/libssl.so.* 2>/dev/null \
        "$(brew --prefix openssl@3 2>/dev/null)/lib/libssl.dylib" 2>/dev/null \
        | head -1)
test -n "$LIB_NATIVE" -a -e "$LIB_NATIVE"
COUNT=$(nm -D "$LIB_NATIVE" 2>/dev/null | grep -v ' U ' | grep -c 'SSL_' || echo 0)
printf 'SSL_ symbols exported: %s\n' "$COUNT" | tee /home/red/code/research/tola/_out/canary/projects/ssl/probe_lib/probe_source-fetched_lib-fetched_ocaml_binding-fetched-0.6.0_app-vendored-stable.log
test "$COUNT" -gt 0)
[2026-09-13 20:16:15.876] probe_lib                  opam_switch  (canary)
[2026-09-13 20:16:15.876] probe_lib                  platform  (wsl_ubuntu)
[2026-09-13 20:16:15.930] probe_lib                  cmd_log  (probe_lib.out_source-fetched_lib-fetched_ocaml_binding-fetched-0.6.0_app-vendored-stable.log)
[2026-09-13 20:16:15.930] probe_lib                  detect  (ok, output present)
[2026-09-13 20:16:15.930] probe_lib                  agreement_outcome  (no agreement fires at this action)
[2026-09-13 20:16:15.930] probe_lib                  check_post  (pass)
[2026-09-13 20:16:15.930] probe_lib                  done
[2026-09-13 20:16:15.932] probe_lib_inspect          check_pre  (pass)
[2026-09-13 20:16:15.934] probe_lib_inspect          cmd  (LIB_NATIVE=$(ls /usr/lib/x86_64-linux-gnu/libssl.so.* /usr/lib*/libssl.so.* 2>/dev/null \
        "$(brew --prefix openssl@3 2>/dev/null)/lib/libssl.dylib" 2>/dev/null \
        | head -1)
test -n "$LIB_NATIVE" -a -e "$LIB_NATIVE"
nm -D "$LIB_NATIVE" 2>/dev/null \
  | python3 canary/scripts/inspect_native.py --emit-symbols --elf --path "$LIB_NATIVE" --prefixes 'SSL_,TLS_,BIO_' --watchlist 'SSL_CTX_new,SSL_new,SSL_connect,SSL_read,SSL_write,TLS_method' \
  > /home/red/code/research/tola/_out/canary/projects/ssl/probe_lib/inspect_source-fetched_lib-fetched_ocaml_binding-fetched-0.6.0_app-vendored-stable.json)
[2026-09-13 20:16:15.934] probe_lib_inspect          opam_switch  (canary)
[2026-09-13 20:16:15.934] probe_lib_inspect          platform  (wsl_ubuntu)
[2026-09-13 20:16:15.989] probe_lib_inspect          cmd_log  (probe_lib_inspect.out_source-fetched_lib-fetched_ocaml_binding-fetched-0.6.0_app-vendored-stable.log)
[2026-09-13 20:16:15.989] probe_lib_inspect          detect  (ok, output present)
[2026-09-13 20:16:15.989] probe_lib_inspect          agreement_outcome  (no agreement fires at this action)
[2026-09-13 20:16:15.989] probe_lib_inspect          check_post  (pass)
[2026-09-13 20:16:15.989] probe_lib_inspect          done
[2026-09-13 20:16:15.992] probe_binding_ocaml        check_pre  (pass)
[2026-09-13 20:16:15.994] probe_binding_ocaml        cmd  (eval $(opam env)
INSTALLED=$(opam list ssl --installed --short --columns=version --color=never 2>/dev/null)
test "$INSTALLED" = "0.6.0" || { echo "WORLD MISMATCH: switch has ssl $INSTALLED, scenario declares ssl 0.6.0"; exit 1; }
eval $(opam env)
ocamlfind ocamlopt -package ssl -linkpkg canary/examples/ssl_variant/app_core.ml -o /home/red/code/research/tola/_out/canary/projects/ssl/probe_binding/ocaml/ssl_app_core > /home/red/code/research/tola/_out/canary/projects/ssl/probe_binding/ocaml/probe_source-fetched_lib-fetched_ocaml_binding-fetched-0.6.0_app-vendored-stable.log 2>&1 && /home/red/code/research/tola/_out/canary/projects/ssl/probe_binding/ocaml/ssl_app_core >> /home/red/code/research/tola/_out/canary/projects/ssl/probe_binding/ocaml/probe_source-fetched_lib-fetched_ocaml_binding-fetched-0.6.0_app-vendored-stable.log 2>&1
RC=$?
cat /home/red/code/research/tola/_out/canary/projects/ssl/probe_binding/ocaml/probe_source-fetched_lib-fetched_ocaml_binding-fetched-0.6.0_app-vendored-stable.log
exit $RC)
[2026-09-13 20:16:15.994] probe_binding_ocaml        opam_switch  (canary)
[2026-09-13 20:16:15.994] probe_binding_ocaml        platform  (wsl_ubuntu)
[2026-09-13 20:16:16.388] probe_binding_ocaml        cmd_log  (probe_binding_ocaml.out_source-fetched_lib-fetched_ocaml_binding-fetched-0.6.0_app-vendored-stable.log)
[2026-09-13 20:16:16.388] probe_binding_ocaml        detect  (ok, output present)
[2026-09-13 20:16:16.390] probe_binding_ocaml        agreement_outcome  (required_symbols_exported/stub_requirements_vs_library_exports: unavailable: no compiled-stub inspection in this world)
[2026-09-13 20:16:16.390] probe_binding_ocaml        agreement_outcome  (api_names_present/watchlist_vs_user_surface: holds)
[2026-09-13 20:16:16.390] probe_binding_ocaml        agreement_outcome  (behavior_matches/probe_assertions: not_implemented: the expected values live inside the probe's source as embedded assertions, and the observation is the probe's …)
[2026-09-13 20:16:16.390] probe_binding_ocaml        agreement_outcome  (soname_matches_requirement/library_identity_vs_consumer_record: not_applicable: this binding mechanism produces no artifact carrying a dependency or symbol-version record (a static archive h…)
[2026-09-13 20:16:16.390] probe_binding_ocaml        agreement_outcome  (required_versions_exported/required_tags_vs_provider_exports: not_applicable: this binding mechanism produces no artifact carrying a dependency or symbol-version record (a static archive h…)
[2026-09-13 20:16:16.390] probe_binding_ocaml        agreement_outcome  (signatures_agree/header_vs_stub_signature_summaries: unavailable: no header signature summary in this world)
[2026-09-13 20:16:16.390] probe_binding_ocaml        agreement_outcome  (dependencies_provided/recorded_dependencies_vs_world_providers: not_applicable: this binding mechanism produces no artifact carrying a dependency or symbol-version record (a static archive h…)
[2026-09-13 20:16:16.390] probe_binding_ocaml        agreement_outcome  (repack_preserves_api/declared_repacking_relation: not_implemented: the repacking relation is not specified: "preserves" has no agreed scope, so there is nothing to compare a bin…)
[2026-09-13 20:16:16.390] probe_binding_ocaml        agreement_outcome  (repack_complete/composed_faithfulness: not_implemented: the claim's scope is unsettled ("loses nothing" needs an allowed-omission policy), and two of the three agreem…)
[2026-09-13 20:16:16.390] probe_binding_ocaml        done  (no compat failure predicted; success expected)
[2026-09-13 20:16:16.392] *                          graph_end  (7/7 completed)
[2026-09-13 20:16:16.393] *                          diagram  (_out/canary/projects/ssl/-run/diagrams/all.mmd)
[2026-09-13 20:16:16.393] *                          diagram  (_out/canary/projects/ssl/-run/diagrams/full.mmd)
[2026-09-13 20:16:16.393] *                          view  (lib (3 steps))
[2026-09-13 20:16:16.393] *                          view  (probes (4 steps))
[2026-09-13 20:16:16.393] *                          view  (binding_ocaml (3 steps))
[2026-09-13 20:16:16.395] *                          html  (_out/canary/projects/ssl/-run/result.html)
[2026-09-13 20:16:16.396] *                          index  (_out/canary/projects/index.html)
[2026-09-13 20:16:16.396] *                          invariant  (full.mmd: OK (7 nodes, 7 IDs))
[2026-09-13 20:16:16.396] *                          invariant  (binding_ocaml.mmd: OK (6 nodes, 7 IDs))
[2026-09-13 20:16:16.396] !                          invariant  (source.mmd: extra [8])
[2026-09-13 20:16:16.396] !                          invariant  (SOME FAILED)
[2026-09-13 20:16:16.425] *                          variant_start  (source-fetched_lib-fetched_ocaml_binding-fetched-0.7.0_app-vendored-stable)
[2026-09-13 20:16:16.425] *                          graph_start  (7 steps)
[2026-09-13 20:16:16.425] fetch_lib                  warm_gate  (marker + fingerprint + check_post passed)
[2026-09-13 20:16:16.425] fetch_lib                  skip  (verdict marker (prior success))
[2026-09-13 20:16:16.683] fetch_binding_ocaml        warm_check_post  (FAIL — the postcondition no longer holds; re-running)
[2026-09-13 20:16:16.684] fetch_binding_ocaml_inspect  warm_gate  (marker + fingerprint + check_post passed)
[2026-09-13 20:16:16.684] fetch_binding_ocaml_inspect  skip  (verdict marker (prior success))
[2026-09-13 20:16:16.687] probe_app_ocaml            warm_gate  (marker + fingerprint + check_post passed)
[2026-09-13 20:16:16.687] probe_app_ocaml            skip  (verdict marker (prior success))
[2026-09-13 20:16:16.687] fetch_binding_ocaml        check_pre  (pass)
[2026-09-13 20:16:16.689] fetch_binding_ocaml        cmd  (eval $(opam env) && opam install ssl.0.7.0 -y && eval $(opam env) && opam install -y ocamlfind && echo 'installed' > /home/red/code/research/tola/_out/canary/projects/ssl/fetch_binding/ocaml/binding_source-fetched_lib-fetched_ocaml_binding-fetched-0.7.0_app-vendored-stable.ok)
[2026-09-13 20:16:16.689] fetch_binding_ocaml        opam_switch  (canary)
[2026-09-13 20:16:16.689] fetch_binding_ocaml        platform  (wsl_ubuntu)
[2026-09-13 20:16:21.806] fetch_binding_ocaml        cmd_log  (fetch_binding_ocaml.out_source-fetched_lib-fetched_ocaml_binding-fetched-0.7.0_app-vendored-stable.log)
[2026-09-13 20:16:21.806] fetch_binding_ocaml        detect  (ok, output present)
[2026-09-13 20:16:21.806] fetch_binding_ocaml        agreement_outcome  (no agreement fires at this action)
[2026-09-13 20:16:22.074] fetch_binding_ocaml        check_post  (pass)
[2026-09-13 20:16:22.074] fetch_binding_ocaml        done
[2026-09-13 20:16:22.076] probe_lib                  check_pre  (pass)
[2026-09-13 20:16:22.078] probe_lib                  cmd  (LIB_NATIVE=$(ls /usr/lib/x86_64-linux-gnu/libssl.so.* /usr/lib*/libssl.so.* 2>/dev/null \
        "$(brew --prefix openssl@3 2>/dev/null)/lib/libssl.dylib" 2>/dev/null \
        | head -1)
test -n "$LIB_NATIVE" -a -e "$LIB_NATIVE"
COUNT=$(nm -D "$LIB_NATIVE" 2>/dev/null | grep -v ' U ' | grep -c 'SSL_' || echo 0)
printf 'SSL_ symbols exported: %s\n' "$COUNT" | tee /home/red/code/research/tola/_out/canary/projects/ssl/probe_lib/probe_source-fetched_lib-fetched_ocaml_binding-fetched-0.7.0_app-vendored-stable.log
test "$COUNT" -gt 0)
[2026-09-13 20:16:22.078] probe_lib                  opam_switch  (canary)
[2026-09-13 20:16:22.078] probe_lib                  platform  (wsl_ubuntu)
[2026-09-13 20:16:22.125] probe_lib                  cmd_log  (probe_lib.out_source-fetched_lib-fetched_ocaml_binding-fetched-0.7.0_app-vendored-stable.log)
[2026-09-13 20:16:22.125] probe_lib                  detect  (ok, output present)
[2026-09-13 20:16:22.125] probe_lib                  agreement_outcome  (no agreement fires at this action)
[2026-09-13 20:16:22.125] probe_lib                  check_post  (pass)
[2026-09-13 20:16:22.125] probe_lib                  done
[2026-09-13 20:16:22.127] probe_lib_inspect          check_pre  (pass)
[2026-09-13 20:16:22.129] probe_lib_inspect          cmd  (LIB_NATIVE=$(ls /usr/lib/x86_64-linux-gnu/libssl.so.* /usr/lib*/libssl.so.* 2>/dev/null \
        "$(brew --prefix openssl@3 2>/dev/null)/lib/libssl.dylib" 2>/dev/null \
        | head -1)
test -n "$LIB_NATIVE" -a -e "$LIB_NATIVE"
nm -D "$LIB_NATIVE" 2>/dev/null \
  | python3 canary/scripts/inspect_native.py --emit-symbols --elf --path "$LIB_NATIVE" --prefixes 'SSL_,TLS_,BIO_' --watchlist 'SSL_CTX_new,SSL_new,SSL_connect,SSL_read,SSL_write,TLS_method' \
  > /home/red/code/research/tola/_out/canary/projects/ssl/probe_lib/inspect_source-fetched_lib-fetched_ocaml_binding-fetched-0.7.0_app-vendored-stable.json)
[2026-09-13 20:16:22.130] probe_lib_inspect          opam_switch  (canary)
[2026-09-13 20:16:22.130] probe_lib_inspect          platform  (wsl_ubuntu)
[2026-09-13 20:16:22.183] probe_lib_inspect          cmd_log  (probe_lib_inspect.out_source-fetched_lib-fetched_ocaml_binding-fetched-0.7.0_app-vendored-stable.log)
[2026-09-13 20:16:22.183] probe_lib_inspect          detect  (ok, output present)
[2026-09-13 20:16:22.183] probe_lib_inspect          agreement_outcome  (no agreement fires at this action)
[2026-09-13 20:16:22.183] probe_lib_inspect          check_post  (pass)
[2026-09-13 20:16:22.183] probe_lib_inspect          done
[2026-09-13 20:16:22.186] probe_binding_ocaml        check_pre  (pass)
[2026-09-13 20:16:22.188] probe_binding_ocaml        cmd  (eval $(opam env)
INSTALLED=$(opam list ssl --installed --short --columns=version --color=never 2>/dev/null)
test "$INSTALLED" = "0.7.0" || { echo "WORLD MISMATCH: switch has ssl $INSTALLED, scenario declares ssl 0.7.0"; exit 1; }
eval $(opam env)
ocamlfind ocamlopt -package ssl -linkpkg canary/examples/ssl_variant/app_core.ml -o /home/red/code/research/tola/_out/canary/projects/ssl/probe_binding/ocaml/ssl_app_core > /home/red/code/research/tola/_out/canary/projects/ssl/probe_binding/ocaml/probe_source-fetched_lib-fetched_ocaml_binding-fetched-0.7.0_app-vendored-stable.log 2>&1 && /home/red/code/research/tola/_out/canary/projects/ssl/probe_binding/ocaml/ssl_app_core >> /home/red/code/research/tola/_out/canary/projects/ssl/probe_binding/ocaml/probe_source-fetched_lib-fetched_ocaml_binding-fetched-0.7.0_app-vendored-stable.log 2>&1
RC=$?
cat /home/red/code/research/tola/_out/canary/projects/ssl/probe_binding/ocaml/probe_source-fetched_lib-fetched_ocaml_binding-fetched-0.7.0_app-vendored-stable.log
exit $RC)
[2026-09-13 20:16:22.188] probe_binding_ocaml        opam_switch  (canary)
[2026-09-13 20:16:22.188] probe_binding_ocaml        platform  (wsl_ubuntu)
[2026-09-13 20:16:22.562] probe_binding_ocaml        cmd_log  (probe_binding_ocaml.out_source-fetched_lib-fetched_ocaml_binding-fetched-0.7.0_app-vendored-stable.log)
[2026-09-13 20:16:22.562] probe_binding_ocaml        detect  (ok, output present)
[2026-09-13 20:16:22.563] probe_binding_ocaml        agreement_outcome  (required_symbols_exported/stub_requirements_vs_library_exports: unavailable: no compiled-stub inspection in this world)
[2026-09-13 20:16:22.563] probe_binding_ocaml        agreement_outcome  (api_names_present/watchlist_vs_user_surface: holds)
[2026-09-13 20:16:22.563] probe_binding_ocaml        agreement_outcome  (behavior_matches/probe_assertions: not_implemented: the expected values live inside the probe's source as embedded assertions, and the observation is the probe's …)
[2026-09-13 20:16:22.563] probe_binding_ocaml        agreement_outcome  (soname_matches_requirement/library_identity_vs_consumer_record: not_applicable: this binding mechanism produces no artifact carrying a dependency or symbol-version record (a static archive h…)
[2026-09-13 20:16:22.563] probe_binding_ocaml        agreement_outcome  (required_versions_exported/required_tags_vs_provider_exports: not_applicable: this binding mechanism produces no artifact carrying a dependency or symbol-version record (a static archive h…)
[2026-09-13 20:16:22.563] probe_binding_ocaml        agreement_outcome  (signatures_agree/header_vs_stub_signature_summaries: unavailable: no header signature summary in this world)
[2026-09-13 20:16:22.563] probe_binding_ocaml        agreement_outcome  (dependencies_provided/recorded_dependencies_vs_world_providers: not_applicable: this binding mechanism produces no artifact carrying a dependency or symbol-version record (a static archive h…)
[2026-09-13 20:16:22.563] probe_binding_ocaml        agreement_outcome  (repack_preserves_api/declared_repacking_relation: not_implemented: the repacking relation is not specified: "preserves" has no agreed scope, so there is nothing to compare a bin…)
[2026-09-13 20:16:22.563] probe_binding_ocaml        agreement_outcome  (repack_complete/composed_faithfulness: not_implemented: the claim's scope is unsettled ("loses nothing" needs an allowed-omission policy), and two of the three agreem…)
[2026-09-13 20:16:22.563] probe_binding_ocaml        done  (no compat failure predicted; success expected)
[2026-09-13 20:16:22.565] *                          graph_end  (7/7 completed)
[2026-09-13 20:16:22.565] *                          diagram  (_out/canary/projects/ssl/-run/diagrams/all.mmd)
[2026-09-13 20:16:22.565] *                          diagram  (_out/canary/projects/ssl/-run/diagrams/full.mmd)
[2026-09-13 20:16:22.565] *                          view  (lib (3 steps))
[2026-09-13 20:16:22.566] *                          view  (probes (4 steps))
[2026-09-13 20:16:22.566] *                          view  (binding_ocaml (3 steps))
[2026-09-13 20:16:22.567] *                          html  (_out/canary/projects/ssl/-run/result.html)
[2026-09-13 20:16:22.568] *                          index  (_out/canary/projects/index.html)
[2026-09-13 20:16:22.568] *                          invariant  (full.mmd: OK (7 nodes, 7 IDs))
[2026-09-13 20:16:22.568] *                          invariant  (binding_ocaml.mmd: OK (6 nodes, 7 IDs))
[2026-09-13 20:16:22.568] !                          invariant  (source.mmd: extra [8])
[2026-09-13 20:16:22.568] !                          invariant  (SOME FAILED)
[2026-09-13 20:18:04.860] *                          run_start  (ssl)
[2026-09-13 20:18:04.868] *                          variant_start  (source-fetched_lib-fetched_ocaml_binding-fetched-0.6.0_app-vendored-stable)
[2026-09-13 20:18:04.868] *                          graph_start  (8 steps)
[2026-09-13 20:18:04.868] fetch_lib                  warm_gate  (marker + fingerprint + check_post passed)
[2026-09-13 20:18:04.868] fetch_lib                  skip  (verdict marker (prior success))
[2026-09-13 20:18:05.127] fetch_binding_ocaml        warm_check_post  (FAIL — the postcondition no longer holds; re-running)
[2026-09-13 20:18:05.128] fetch_binding_ocaml_inspect  warm_gate  (marker + fingerprint + check_post passed)
[2026-09-13 20:18:05.128] fetch_binding_ocaml_inspect  skip  (verdict marker (prior success))
[2026-09-13 20:18:05.128] probe_app_ocaml            warm_gate  (marker + fingerprint + check_post passed)
[2026-09-13 20:18:05.128] probe_app_ocaml            skip  (verdict marker (prior xfail) [api_names_present])
[2026-09-13 20:18:05.128] fetch_binding_ocaml        check_pre  (pass)
[2026-09-13 20:18:05.130] fetch_binding_ocaml        cmd  (eval $(opam env) && opam install ssl.0.6.0 -y && eval $(opam env) && opam install -y ocamlfind && echo 'installed' > /home/red/code/research/tola/_out/canary/projects/ssl/fetch_binding/ocaml/binding_source-fetched_lib-fetched_ocaml_binding-fetched-0.6.0_app-vendored-stable.ok)
[2026-09-13 20:18:05.130] fetch_binding_ocaml        opam_switch  (canary)
[2026-09-13 20:18:05.130] fetch_binding_ocaml        platform  (wsl_ubuntu)
[2026-09-13 20:18:10.791] fetch_binding_ocaml        cmd_log  (fetch_binding_ocaml.out_source-fetched_lib-fetched_ocaml_binding-fetched-0.6.0_app-vendored-stable.log)
[2026-09-13 20:18:10.791] fetch_binding_ocaml        detect  (ok, output present)
[2026-09-13 20:18:10.791] fetch_binding_ocaml        agreement_outcome  (no agreement fires at this action)
[2026-09-13 20:18:11.050] fetch_binding_ocaml        check_post  (pass)
[2026-09-13 20:18:11.050] fetch_binding_ocaml        done
[2026-09-13 20:18:11.053] fetch_binding_ocaml_stub_inspect  check_pre  (pass)
[2026-09-13 20:18:11.054] fetch_binding_ocaml_stub_inspect  cmd  (eval $(opam env)
PKG_DIR=$(ocamlfind query 'ssl' 2>/dev/null)
test -n "$PKG_DIR"
STUB=$(ls "$PKG_DIR"/lib*.a 2>/dev/null | head -1)
test -n "$STUB"
python3 canary/scripts/inspect_binding.py --kind stub --path "$STUB" \
  --prefix 'SSL_' --watchlist '' \
  > /home/red/code/research/tola/_out/canary/projects/ssl/fetch_binding/ocaml/inspect_stub_source-fetched_lib-fetched_ocaml_binding-fetched-0.6.0_app-vendored-stable.json)
[2026-09-13 20:18:11.054] fetch_binding_ocaml_stub_inspect  opam_switch  (canary)
[2026-09-13 20:18:11.055] fetch_binding_ocaml_stub_inspect  platform  (wsl_ubuntu)
[2026-09-13 20:18:11.160] fetch_binding_ocaml_stub_inspect  cmd_log  (fetch_binding_ocaml_stub_inspect.out_source-fetched_lib-fetched_ocaml_binding-fetched-0.6.0_app-vendored-stable.log)
[2026-09-13 20:18:11.160] fetch_binding_ocaml_stub_inspect  detect  (ok, output present)
[2026-09-13 20:18:11.160] fetch_binding_ocaml_stub_inspect  agreement_outcome  (no agreement fires at this action)
[2026-09-13 20:18:11.160] fetch_binding_ocaml_stub_inspect  check_post  (pass)
[2026-09-13 20:18:11.160] fetch_binding_ocaml_stub_inspect  done
[2026-09-13 20:18:11.162] probe_lib                  check_pre  (pass)
[2026-09-13 20:18:11.164] probe_lib                  cmd  (LIB_NATIVE=$(ls /usr/lib/x86_64-linux-gnu/libssl.so.* /usr/lib*/libssl.so.* 2>/dev/null \
        "$(brew --prefix openssl@3 2>/dev/null)/lib/libssl.dylib" 2>/dev/null \
        | head -1)
test -n "$LIB_NATIVE" -a -e "$LIB_NATIVE"
COUNT=$(nm -D "$LIB_NATIVE" 2>/dev/null | grep -v ' U ' | grep -c 'SSL_' || echo 0)
printf 'SSL_ symbols exported: %s\n' "$COUNT" | tee /home/red/code/research/tola/_out/canary/projects/ssl/probe_lib/probe_source-fetched_lib-fetched_ocaml_binding-fetched-0.6.0_app-vendored-stable.log
test "$COUNT" -gt 0)
[2026-09-13 20:18:11.164] probe_lib                  opam_switch  (canary)
[2026-09-13 20:18:11.164] probe_lib                  platform  (wsl_ubuntu)
[2026-09-13 20:18:11.210] probe_lib                  cmd_log  (probe_lib.out_source-fetched_lib-fetched_ocaml_binding-fetched-0.6.0_app-vendored-stable.log)
[2026-09-13 20:18:11.211] probe_lib                  detect  (ok, output present)
[2026-09-13 20:18:11.211] probe_lib                  agreement_outcome  (no agreement fires at this action)
[2026-09-13 20:18:11.211] probe_lib                  check_post  (pass)
[2026-09-13 20:18:11.211] probe_lib                  done
[2026-09-13 20:18:11.213] probe_lib_inspect          check_pre  (pass)
[2026-09-13 20:18:11.215] probe_lib_inspect          cmd  (LIB_NATIVE=$(ls /usr/lib/x86_64-linux-gnu/libssl.so.* /usr/lib*/libssl.so.* 2>/dev/null \
        "$(brew --prefix openssl@3 2>/dev/null)/lib/libssl.dylib" 2>/dev/null \
        | head -1)
test -n "$LIB_NATIVE" -a -e "$LIB_NATIVE"
nm -D "$LIB_NATIVE" 2>/dev/null \
  | python3 canary/scripts/inspect_native.py --emit-symbols --elf --path "$LIB_NATIVE" --prefixes 'SSL_,TLS_,BIO_' --watchlist 'SSL_CTX_new,SSL_new,SSL_connect,SSL_read,SSL_write,TLS_method' \
  > /home/red/code/research/tola/_out/canary/projects/ssl/probe_lib/inspect_source-fetched_lib-fetched_ocaml_binding-fetched-0.6.0_app-vendored-stable.json)
[2026-09-13 20:18:11.215] probe_lib_inspect          opam_switch  (canary)
[2026-09-13 20:18:11.215] probe_lib_inspect          platform  (wsl_ubuntu)
[2026-09-13 20:18:11.269] probe_lib_inspect          cmd_log  (probe_lib_inspect.out_source-fetched_lib-fetched_ocaml_binding-fetched-0.6.0_app-vendored-stable.log)
[2026-09-13 20:18:11.269] probe_lib_inspect          detect  (ok, output present)
[2026-09-13 20:18:11.269] probe_lib_inspect          agreement_outcome  (no agreement fires at this action)
[2026-09-13 20:18:11.269] probe_lib_inspect          check_post  (pass)
[2026-09-13 20:18:11.269] probe_lib_inspect          done
[2026-09-13 20:18:11.272] probe_binding_ocaml        check_pre  (pass)
[2026-09-13 20:18:11.274] probe_binding_ocaml        cmd  (eval $(opam env)
INSTALLED=$(opam list ssl --installed --short --columns=version --color=never 2>/dev/null)
test "$INSTALLED" = "0.6.0" || { echo "WORLD MISMATCH: switch has ssl $INSTALLED, scenario declares ssl 0.6.0"; exit 1; }
eval $(opam env)
ocamlfind ocamlopt -package ssl -linkpkg canary/examples/ssl_variant/app_core.ml -o /home/red/code/research/tola/_out/canary/projects/ssl/probe_binding/ocaml/ssl_app_core > /home/red/code/research/tola/_out/canary/projects/ssl/probe_binding/ocaml/probe_source-fetched_lib-fetched_ocaml_binding-fetched-0.6.0_app-vendored-stable.log 2>&1 && /home/red/code/research/tola/_out/canary/projects/ssl/probe_binding/ocaml/ssl_app_core >> /home/red/code/research/tola/_out/canary/projects/ssl/probe_binding/ocaml/probe_source-fetched_lib-fetched_ocaml_binding-fetched-0.6.0_app-vendored-stable.log 2>&1
RC=$?
cat /home/red/code/research/tola/_out/canary/projects/ssl/probe_binding/ocaml/probe_source-fetched_lib-fetched_ocaml_binding-fetched-0.6.0_app-vendored-stable.log
exit $RC)
[2026-09-13 20:18:11.274] probe_binding_ocaml        opam_switch  (canary)
[2026-09-13 20:18:11.274] probe_binding_ocaml        platform  (wsl_ubuntu)
[2026-09-13 20:18:11.654] probe_binding_ocaml        cmd_log  (probe_binding_ocaml.out_source-fetched_lib-fetched_ocaml_binding-fetched-0.6.0_app-vendored-stable.log)
[2026-09-13 20:18:11.655] probe_binding_ocaml        detect  (ok, output present)
[2026-09-13 20:18:11.656] probe_binding_ocaml        agreement_outcome  (required_symbols_exported/stub_requirements_vs_library_exports: holds)
[2026-09-13 20:18:11.656] probe_binding_ocaml        agreement_outcome  (api_names_present/watchlist_vs_user_surface: holds)
[2026-09-13 20:18:11.656] probe_binding_ocaml        agreement_outcome  (behavior_matches/probe_assertions: not_implemented: the expected values live inside the probe's source as embedded assertions, and the observation is the probe's …)
[2026-09-13 20:18:11.656] probe_binding_ocaml        agreement_outcome  (soname_matches_requirement/library_identity_vs_consumer_record: not_applicable: this binding mechanism produces no artifact carrying a dependency or symbol-version record (a static archive h…)
[2026-09-13 20:18:11.656] probe_binding_ocaml        agreement_outcome  (required_versions_exported/required_tags_vs_provider_exports: not_applicable: this binding mechanism produces no artifact carrying a dependency or symbol-version record (a static archive h…)
[2026-09-13 20:18:11.656] probe_binding_ocaml        agreement_outcome  (signatures_agree/header_vs_stub_signature_summaries: unavailable: no header signature summary in this world)
[2026-09-13 20:18:11.656] probe_binding_ocaml        agreement_outcome  (dependencies_provided/recorded_dependencies_vs_world_providers: not_applicable: this binding mechanism produces no artifact carrying a dependency or symbol-version record (a static archive h…)
[2026-09-13 20:18:11.656] probe_binding_ocaml        agreement_outcome  (repack_preserves_api/declared_repacking_relation: not_implemented: the repacking relation is not specified: "preserves" has no agreed scope, so there is nothing to compare a bin…)
[2026-09-13 20:18:11.656] probe_binding_ocaml        agreement_outcome  (repack_complete/composed_faithfulness: not_implemented: the claim's scope is unsettled ("loses nothing" needs an allowed-omission policy), and two of the three agreem…)
[2026-09-13 20:18:11.657] probe_binding_ocaml        compat_note  (required_symbols_exported: consumer requires 43 of the provider's 485 symbols (e.g. SSL_CIPHER_description in use; BIO_f_ssl in the unused remainder) — POSSIBLY OUT-OF-DATE (a small consumer surface may be by design or lag))
[2026-09-13 20:18:11.657] probe_binding_ocaml        done  (no compat failure predicted; success expected)
[2026-09-13 20:18:11.659] *                          graph_end  (8/8 completed)
[2026-09-13 20:18:11.659] *                          diagram  (_out/canary/projects/ssl/-run/diagrams/all.mmd)
[2026-09-13 20:18:11.659] *                          diagram  (_out/canary/projects/ssl/-run/diagrams/full.mmd)
[2026-09-13 20:18:11.660] *                          view  (lib (3 steps))
[2026-09-13 20:18:11.660] *                          view  (probes (4 steps))
[2026-09-13 20:18:11.660] *                          view  (binding_ocaml (4 steps))
[2026-09-13 20:18:11.661] *                          html  (_out/canary/projects/ssl/-run/result.html)
[2026-09-13 20:18:11.662] *                          index  (_out/canary/projects/index.html)
[2026-09-13 20:18:11.662] *                          invariant  (full.mmd: OK (8 nodes, 8 IDs))
[2026-09-13 20:18:11.662] *                          invariant  (binding_ocaml.mmd: OK (7 nodes, 8 IDs))
[2026-09-13 20:18:11.662] *                          invariant  (source.mmd: OK (6 nodes, 8 IDs))
[2026-09-13 20:18:11.662] *                          invariant  (lib.mmd: OK (6 nodes, 8 IDs))
[2026-09-13 20:18:11.662] *                          invariant  (all.mmd: OK (5 nodes, 8 IDs))
[2026-09-13 20:18:11.662] *                          invariant  (probes.mmd: OK (8 nodes, 8 IDs))
[2026-09-13 20:18:11.662] *                          invariant  (ALL OK)
[2026-09-13 20:18:11.680] *                          variant_start  (source-fetched_lib-fetched_ocaml_binding-fetched-0.7.0_app-vendored-stable)
[2026-09-13 20:18:11.680] *                          graph_start  (8 steps)
[2026-09-13 20:18:11.680] fetch_lib                  warm_gate  (marker + fingerprint + check_post passed)
[2026-09-13 20:18:11.680] fetch_lib                  skip  (verdict marker (prior success))
[2026-09-13 20:18:11.939] fetch_binding_ocaml        warm_check_post  (FAIL — the postcondition no longer holds; re-running)
[2026-09-13 20:18:11.939] fetch_binding_ocaml_inspect  warm_gate  (marker + fingerprint + check_post passed)
[2026-09-13 20:18:11.939] fetch_binding_ocaml_inspect  skip  (verdict marker (prior success))
[2026-09-13 20:18:11.939] probe_app_ocaml            warm_gate  (marker + fingerprint + check_post passed)
[2026-09-13 20:18:11.939] probe_app_ocaml            skip  (verdict marker (prior success))
[2026-09-13 20:18:11.939] fetch_binding_ocaml        check_pre  (pass)
[2026-09-13 20:18:11.941] fetch_binding_ocaml        cmd  (eval $(opam env) && opam install ssl.0.7.0 -y && eval $(opam env) && opam install -y ocamlfind && echo 'installed' > /home/red/code/research/tola/_out/canary/projects/ssl/fetch_binding/ocaml/binding_source-fetched_lib-fetched_ocaml_binding-fetched-0.7.0_app-vendored-stable.ok)
[2026-09-13 20:18:11.941] fetch_binding_ocaml        opam_switch  (canary)
[2026-09-13 20:18:11.941] fetch_binding_ocaml        platform  (wsl_ubuntu)
[2026-09-13 20:18:17.193] fetch_binding_ocaml        cmd_log  (fetch_binding_ocaml.out_source-fetched_lib-fetched_ocaml_binding-fetched-0.7.0_app-vendored-stable.log)
[2026-09-13 20:18:17.194] fetch_binding_ocaml        detect  (ok, output present)
[2026-09-13 20:18:17.194] fetch_binding_ocaml        agreement_outcome  (no agreement fires at this action)
[2026-09-13 20:18:17.455] fetch_binding_ocaml        check_post  (pass)
[2026-09-13 20:18:17.455] fetch_binding_ocaml        done
[2026-09-13 20:18:17.458] fetch_binding_ocaml_stub_inspect  check_pre  (pass)
[2026-09-13 20:18:17.460] fetch_binding_ocaml_stub_inspect  cmd  (eval $(opam env)
PKG_DIR=$(ocamlfind query 'ssl' 2>/dev/null)
test -n "$PKG_DIR"
STUB=$(ls "$PKG_DIR"/lib*.a 2>/dev/null | head -1)
test -n "$STUB"
python3 canary/scripts/inspect_binding.py --kind stub --path "$STUB" \
  --prefix 'SSL_' --watchlist '' \
  > /home/red/code/research/tola/_out/canary/projects/ssl/fetch_binding/ocaml/inspect_stub_source-fetched_lib-fetched_ocaml_binding-fetched-0.7.0_app-vendored-stable.json)
[2026-09-13 20:18:17.460] fetch_binding_ocaml_stub_inspect  opam_switch  (canary)
[2026-09-13 20:18:17.460] fetch_binding_ocaml_stub_inspect  platform  (wsl_ubuntu)
[2026-09-13 20:18:17.563] fetch_binding_ocaml_stub_inspect  cmd_log  (fetch_binding_ocaml_stub_inspect.out_source-fetched_lib-fetched_ocaml_binding-fetched-0.7.0_app-vendored-stable.log)
[2026-09-13 20:18:17.563] fetch_binding_ocaml_stub_inspect  detect  (ok, output present)
[2026-09-13 20:18:17.563] fetch_binding_ocaml_stub_inspect  agreement_outcome  (no agreement fires at this action)
[2026-09-13 20:18:17.563] fetch_binding_ocaml_stub_inspect  check_post  (pass)
[2026-09-13 20:18:17.563] fetch_binding_ocaml_stub_inspect  done
[2026-09-13 20:18:17.566] probe_lib                  check_pre  (pass)
[2026-09-13 20:18:17.568] probe_lib                  cmd  (LIB_NATIVE=$(ls /usr/lib/x86_64-linux-gnu/libssl.so.* /usr/lib*/libssl.so.* 2>/dev/null \
        "$(brew --prefix openssl@3 2>/dev/null)/lib/libssl.dylib" 2>/dev/null \
        | head -1)
test -n "$LIB_NATIVE" -a -e "$LIB_NATIVE"
COUNT=$(nm -D "$LIB_NATIVE" 2>/dev/null | grep -v ' U ' | grep -c 'SSL_' || echo 0)
printf 'SSL_ symbols exported: %s\n' "$COUNT" | tee /home/red/code/research/tola/_out/canary/projects/ssl/probe_lib/probe_source-fetched_lib-fetched_ocaml_binding-fetched-0.7.0_app-vendored-stable.log
test "$COUNT" -gt 0)
[2026-09-13 20:18:17.568] probe_lib                  opam_switch  (canary)
[2026-09-13 20:18:17.568] probe_lib                  platform  (wsl_ubuntu)
[2026-09-13 20:18:17.615] probe_lib                  cmd_log  (probe_lib.out_source-fetched_lib-fetched_ocaml_binding-fetched-0.7.0_app-vendored-stable.log)
[2026-09-13 20:18:17.615] probe_lib                  detect  (ok, output present)
[2026-09-13 20:18:17.615] probe_lib                  agreement_outcome  (no agreement fires at this action)
[2026-09-13 20:18:17.615] probe_lib                  check_post  (pass)
[2026-09-13 20:18:17.615] probe_lib                  done
[2026-09-13 20:18:17.618] probe_lib_inspect          check_pre  (pass)
[2026-09-13 20:18:17.620] probe_lib_inspect          cmd  (LIB_NATIVE=$(ls /usr/lib/x86_64-linux-gnu/libssl.so.* /usr/lib*/libssl.so.* 2>/dev/null \
        "$(brew --prefix openssl@3 2>/dev/null)/lib/libssl.dylib" 2>/dev/null \
        | head -1)
test -n "$LIB_NATIVE" -a -e "$LIB_NATIVE"
nm -D "$LIB_NATIVE" 2>/dev/null \
  | python3 canary/scripts/inspect_native.py --emit-symbols --elf --path "$LIB_NATIVE" --prefixes 'SSL_,TLS_,BIO_' --watchlist 'SSL_CTX_new,SSL_new,SSL_connect,SSL_read,SSL_write,TLS_method' \
  > /home/red/code/research/tola/_out/canary/projects/ssl/probe_lib/inspect_source-fetched_lib-fetched_ocaml_binding-fetched-0.7.0_app-vendored-stable.json)
[2026-09-13 20:18:17.620] probe_lib_inspect          opam_switch  (canary)
[2026-09-13 20:18:17.620] probe_lib_inspect          platform  (wsl_ubuntu)
[2026-09-13 20:18:17.684] probe_lib_inspect          cmd_log  (probe_lib_inspect.out_source-fetched_lib-fetched_ocaml_binding-fetched-0.7.0_app-vendored-stable.log)
[2026-09-13 20:18:17.684] probe_lib_inspect          detect  (ok, output present)
[2026-09-13 20:18:17.684] probe_lib_inspect          agreement_outcome  (no agreement fires at this action)
[2026-09-13 20:18:17.684] probe_lib_inspect          check_post  (pass)
[2026-09-13 20:18:17.684] probe_lib_inspect          done
[2026-09-13 20:18:17.686] probe_binding_ocaml        check_pre  (pass)
[2026-09-13 20:18:17.689] probe_binding_ocaml        cmd  (eval $(opam env)
INSTALLED=$(opam list ssl --installed --short --columns=version --color=never 2>/dev/null)
test "$INSTALLED" = "0.7.0" || { echo "WORLD MISMATCH: switch has ssl $INSTALLED, scenario declares ssl 0.7.0"; exit 1; }
eval $(opam env)
ocamlfind ocamlopt -package ssl -linkpkg canary/examples/ssl_variant/app_core.ml -o /home/red/code/research/tola/_out/canary/projects/ssl/probe_binding/ocaml/ssl_app_core > /home/red/code/research/tola/_out/canary/projects/ssl/probe_binding/ocaml/probe_source-fetched_lib-fetched_ocaml_binding-fetched-0.7.0_app-vendored-stable.log 2>&1 && /home/red/code/research/tola/_out/canary/projects/ssl/probe_binding/ocaml/ssl_app_core >> /home/red/code/research/tola/_out/canary/projects/ssl/probe_binding/ocaml/probe_source-fetched_lib-fetched_ocaml_binding-fetched-0.7.0_app-vendored-stable.log 2>&1
RC=$?
cat /home/red/code/research/tola/_out/canary/projects/ssl/probe_binding/ocaml/probe_source-fetched_lib-fetched_ocaml_binding-fetched-0.7.0_app-vendored-stable.log
exit $RC)
[2026-09-13 20:18:17.689] probe_binding_ocaml        opam_switch  (canary)
[2026-09-13 20:18:17.689] probe_binding_ocaml        platform  (wsl_ubuntu)
[2026-09-13 20:18:18.075] probe_binding_ocaml        cmd_log  (probe_binding_ocaml.out_source-fetched_lib-fetched_ocaml_binding-fetched-0.7.0_app-vendored-stable.log)
[2026-09-13 20:18:18.075] probe_binding_ocaml        detect  (ok, output present)
[2026-09-13 20:18:18.077] probe_binding_ocaml        agreement_outcome  (required_symbols_exported/stub_requirements_vs_library_exports: holds)
[2026-09-13 20:18:18.077] probe_binding_ocaml        agreement_outcome  (api_names_present/watchlist_vs_user_surface: holds)
[2026-09-13 20:18:18.077] probe_binding_ocaml        agreement_outcome  (behavior_matches/probe_assertions: not_implemented: the expected values live inside the probe's source as embedded assertions, and the observation is the probe's …)
[2026-09-13 20:18:18.077] probe_binding_ocaml        agreement_outcome  (soname_matches_requirement/library_identity_vs_consumer_record: not_applicable: this binding mechanism produces no artifact carrying a dependency or symbol-version record (a static archive h…)
[2026-09-13 20:18:18.077] probe_binding_ocaml        agreement_outcome  (required_versions_exported/required_tags_vs_provider_exports: not_applicable: this binding mechanism produces no artifact carrying a dependency or symbol-version record (a static archive h…)
[2026-09-13 20:18:18.077] probe_binding_ocaml        agreement_outcome  (signatures_agree/header_vs_stub_signature_summaries: unavailable: no header signature summary in this world)
[2026-09-13 20:18:18.077] probe_binding_ocaml        agreement_outcome  (dependencies_provided/recorded_dependencies_vs_world_providers: not_applicable: this binding mechanism produces no artifact carrying a dependency or symbol-version record (a static archive h…)
[2026-09-13 20:18:18.077] probe_binding_ocaml        agreement_outcome  (repack_preserves_api/declared_repacking_relation: not_implemented: the repacking relation is not specified: "preserves" has no agreed scope, so there is nothing to compare a bin…)
[2026-09-13 20:18:18.077] probe_binding_ocaml        agreement_outcome  (repack_complete/composed_faithfulness: not_implemented: the claim's scope is unsettled ("loses nothing" needs an allowed-omission policy), and two of the three agreem…)
[2026-09-13 20:18:18.077] probe_binding_ocaml        compat_note  (required_symbols_exported: consumer requires 43 of the provider's 485 symbols (e.g. SSL_CIPHER_description in use; BIO_f_ssl in the unused remainder) — POSSIBLY OUT-OF-DATE (a small consumer surface may be by design or lag))
[2026-09-13 20:18:18.077] probe_binding_ocaml        done  (no compat failure predicted; success expected)
[2026-09-13 20:18:18.080] *                          graph_end  (8/8 completed)
[2026-09-13 20:18:18.080] *                          diagram  (_out/canary/projects/ssl/-run/diagrams/all.mmd)
[2026-09-13 20:18:18.080] *                          diagram  (_out/canary/projects/ssl/-run/diagrams/full.mmd)
[2026-09-13 20:18:18.080] *                          view  (lib (3 steps))
[2026-09-13 20:18:18.080] *                          view  (probes (4 steps))
[2026-09-13 20:18:18.080] *                          view  (binding_ocaml (4 steps))
[2026-09-13 20:18:18.081] *                          html  (_out/canary/projects/ssl/-run/result.html)
[2026-09-13 20:18:18.082] *                          index  (_out/canary/projects/index.html)
[2026-09-13 20:18:18.083] *                          invariant  (full.mmd: OK (8 nodes, 8 IDs))
[2026-09-13 20:18:18.083] *                          invariant  (binding_ocaml.mmd: OK (7 nodes, 8 IDs))
[2026-09-13 20:18:18.083] *                          invariant  (source.mmd: OK (6 nodes, 8 IDs))
[2026-09-13 20:18:18.083] *                          invariant  (lib.mmd: OK (6 nodes, 8 IDs))
[2026-09-13 20:18:18.083] *                          invariant  (all.mmd: OK (5 nodes, 8 IDs))
[2026-09-13 20:18:18.083] *                          invariant  (probes.mmd: OK (8 nodes, 8 IDs))
[2026-09-13 20:18:18.083] *                          invariant  (ALL OK)
[2026-09-13 20:24:19.059] *                          run_start  (ssl)
[2026-09-13 20:24:19.067] *                          variant_start  (source-fetched_lib-fetched_ocaml_binding-fetched-0.6.0_app-vendored-stable)
[2026-09-13 20:24:19.067] *                          graph_start  (8 steps)
[2026-09-13 20:24:19.067] fetch_lib                  warm_gate  (marker + fingerprint + check_post passed)
[2026-09-13 20:24:19.067] fetch_lib                  skip  (verdict marker (prior success))
[2026-09-13 20:24:19.324] fetch_binding_ocaml        warm_check_post  (FAIL — the postcondition no longer holds; re-running)
[2026-09-13 20:24:19.325] fetch_binding_ocaml_inspect  warm_check_post  (FAIL — the postcondition no longer holds; re-running)
[2026-09-13 20:24:19.325] fetch_binding_ocaml_stub_inspect  warm_check_post  (FAIL — the postcondition no longer holds; re-running)
[2026-09-13 20:24:19.325] probe_app_ocaml            warm_gate  (marker + fingerprint + check_post passed)
[2026-09-13 20:24:19.325] probe_app_ocaml            skip  (verdict marker (prior xfail) [api_names_present])
[2026-09-13 20:24:19.325] fetch_binding_ocaml        check_pre  (pass)
[2026-09-13 20:24:19.327] fetch_binding_ocaml        cmd  (eval $(opam env) && opam install ssl.0.6.0 -y && eval $(opam env) && opam install -y ocamlfind && echo 'installed' > /home/red/code/research/tola/_out/canary/projects/ssl/fetch_binding/ocaml/binding_source-fetched_lib-fetched_ocaml_binding-fetched-0.6.0_app-vendored-stable.ok)
[2026-09-13 20:24:19.327] fetch_binding_ocaml        opam_switch  (canary)
[2026-09-13 20:24:19.327] fetch_binding_ocaml        platform  (wsl_ubuntu)
[2026-09-13 20:24:24.793] fetch_binding_ocaml        cmd_log  (fetch_binding_ocaml.out_source-fetched_lib-fetched_ocaml_binding-fetched-0.6.0_app-vendored-stable.log)
[2026-09-13 20:24:24.793] fetch_binding_ocaml        detect  (ok, output present)
[2026-09-13 20:24:24.793] fetch_binding_ocaml        agreement_outcome  (no agreement fires at this action)
[2026-09-13 20:24:25.046] fetch_binding_ocaml        check_post  (pass)
[2026-09-13 20:24:25.046] fetch_binding_ocaml        done
[2026-09-13 20:24:25.049] fetch_binding_ocaml_inspect  check_pre  (pass)
[2026-09-13 20:24:25.050] fetch_binding_ocaml_inspect  cmd  (eval $(opam env)
PKG_DIR=$(ocamlfind query 'ssl' 2>/dev/null)
test -n "$PKG_DIR"
python3 canary/scripts/inspect_binding.py --kind mli --dir "$PKG_DIR" \
  --watchlist 'Ssl,Ssl.init,Ssl.native_library_version' > /home/red/code/research/tola/_out/canary/projects/ssl/fetch_binding/ocaml/inspect_source-fetched_lib-fetched_ocaml_binding-fetched-0.6.0_app-vendored-stable.json && mv /home/red/code/research/tola/_out/canary/projects/ssl/fetch_binding/ocaml/inspect_source-fetched_lib-fetched_ocaml_binding-fetched-0.6.0_app-vendored-stable.json /home/red/code/research/tola/_out/canary/projects/ssl/fetch_binding/ocaml/inspect_nlv_source-fetched_lib-fetched_ocaml_binding-fetched-0.6.0_app-vendored-stable.json && eval $(opam env)
PKG_DIR=$(ocamlfind query 'ssl' 2>/dev/null)
test -n "$PKG_DIR"
python3 canary/scripts/inspect_binding.py --kind mli --dir "$PKG_DIR" \
  --watchlist 'Ssl,Ssl.init,Ssl.create_context' > /home/red/code/research/tola/_out/canary/projects/ssl/fetch_binding/ocaml/inspect_source-fetched_lib-fetched_ocaml_binding-fetched-0.6.0_app-vendored-stable.json)
[2026-09-13 20:24:25.051] fetch_binding_ocaml_inspect  opam_switch  (canary)
[2026-09-13 20:24:25.051] fetch_binding_ocaml_inspect  platform  (wsl_ubuntu)
[2026-09-13 20:24:25.173] fetch_binding_ocaml_inspect  cmd_log  (fetch_binding_ocaml_inspect.out_source-fetched_lib-fetched_ocaml_binding-fetched-0.6.0_app-vendored-stable.log)
[2026-09-13 20:24:25.173] fetch_binding_ocaml_inspect  detect  (ok, output present)
[2026-09-13 20:24:25.173] fetch_binding_ocaml_inspect  agreement_outcome  (no agreement fires at this action)
[2026-09-13 20:24:25.173] fetch_binding_ocaml_inspect  check_post  (pass)
[2026-09-13 20:24:25.173] fetch_binding_ocaml_inspect  done
[2026-09-13 20:24:25.175] fetch_binding_ocaml_stub_inspect  check_pre  (pass)
[2026-09-13 20:24:25.177] fetch_binding_ocaml_stub_inspect  cmd  (eval $(opam env)
PKG_DIR=$(ocamlfind query 'ssl' 2>/dev/null)
test -n "$PKG_DIR"
STUB=$(ls "$PKG_DIR"/lib*.a 2>/dev/null | head -1)
test -n "$STUB"
python3 canary/scripts/inspect_binding.py --kind stub --path "$STUB" \
  --prefix 'SSL_' --watchlist '' \
  > /home/red/code/research/tola/_out/canary/projects/ssl/fetch_binding/ocaml/inspect_stub_source-fetched_lib-fetched_ocaml_binding-fetched-0.6.0_app-vendored-stable.json)
[2026-09-13 20:24:25.177] fetch_binding_ocaml_stub_inspect  opam_switch  (canary)
[2026-09-13 20:24:25.177] fetch_binding_ocaml_stub_inspect  platform  (wsl_ubuntu)
[2026-09-13 20:24:25.284] fetch_binding_ocaml_stub_inspect  cmd_log  (fetch_binding_ocaml_stub_inspect.out_source-fetched_lib-fetched_ocaml_binding-fetched-0.6.0_app-vendored-stable.log)
[2026-09-13 20:24:25.284] fetch_binding_ocaml_stub_inspect  detect  (ok, output present)
[2026-09-13 20:24:25.284] fetch_binding_ocaml_stub_inspect  agreement_outcome  (no agreement fires at this action)
[2026-09-13 20:24:25.284] fetch_binding_ocaml_stub_inspect  check_post  (pass)
[2026-09-13 20:24:25.284] fetch_binding_ocaml_stub_inspect  done
[2026-09-13 20:24:25.286] probe_lib                  check_pre  (pass)
[2026-09-13 20:24:25.288] probe_lib                  cmd  (LIB_NATIVE=$(ls /usr/lib/x86_64-linux-gnu/libssl.so.* /usr/lib*/libssl.so.* 2>/dev/null \
        "$(brew --prefix openssl@3 2>/dev/null)/lib/libssl.dylib" 2>/dev/null \
        | head -1)
test -n "$LIB_NATIVE" -a -e "$LIB_NATIVE"
COUNT=$(nm -D "$LIB_NATIVE" 2>/dev/null | grep -v ' U ' | grep -c 'SSL_' || echo 0)
printf 'SSL_ symbols exported: %s\n' "$COUNT" | tee /home/red/code/research/tola/_out/canary/projects/ssl/probe_lib/probe_source-fetched_lib-fetched_ocaml_binding-fetched-0.6.0_app-vendored-stable.log
test "$COUNT" -gt 0)
[2026-09-13 20:24:25.288] probe_lib                  opam_switch  (canary)
[2026-09-13 20:24:25.288] probe_lib                  platform  (wsl_ubuntu)
[2026-09-13 20:24:25.334] probe_lib                  cmd_log  (probe_lib.out_source-fetched_lib-fetched_ocaml_binding-fetched-0.6.0_app-vendored-stable.log)
[2026-09-13 20:24:25.334] probe_lib                  detect  (ok, output present)
[2026-09-13 20:24:25.334] probe_lib                  agreement_outcome  (no agreement fires at this action)
[2026-09-13 20:24:25.334] probe_lib                  check_post  (pass)
[2026-09-13 20:24:25.334] probe_lib                  done
[2026-09-13 20:24:25.336] probe_lib_inspect          check_pre  (pass)
[2026-09-13 20:24:25.338] probe_lib_inspect          cmd  (LIB_NATIVE=$(ls /usr/lib/x86_64-linux-gnu/libssl.so.* /usr/lib*/libssl.so.* 2>/dev/null \
        "$(brew --prefix openssl@3 2>/dev/null)/lib/libssl.dylib" 2>/dev/null \
        | head -1)
test -n "$LIB_NATIVE" -a -e "$LIB_NATIVE"
nm -D "$LIB_NATIVE" 2>/dev/null \
  | python3 canary/scripts/inspect_native.py --emit-symbols --elf --path "$LIB_NATIVE" --prefixes 'SSL_,TLS_,BIO_' --watchlist 'SSL_CTX_new,SSL_new,SSL_connect,SSL_read,SSL_write,TLS_method' \
  > /home/red/code/research/tola/_out/canary/projects/ssl/probe_lib/inspect_source-fetched_lib-fetched_ocaml_binding-fetched-0.6.0_app-vendored-stable.json)
[2026-09-13 20:24:25.338] probe_lib_inspect          opam_switch  (canary)
[2026-09-13 20:24:25.338] probe_lib_inspect          platform  (wsl_ubuntu)
[2026-09-13 20:24:25.390] probe_lib_inspect          cmd_log  (probe_lib_inspect.out_source-fetched_lib-fetched_ocaml_binding-fetched-0.6.0_app-vendored-stable.log)
[2026-09-13 20:24:25.390] probe_lib_inspect          detect  (ok, output present)
[2026-09-13 20:24:25.391] probe_lib_inspect          agreement_outcome  (no agreement fires at this action)
[2026-09-13 20:24:25.391] probe_lib_inspect          check_post  (pass)
[2026-09-13 20:24:25.391] probe_lib_inspect          done
[2026-09-13 20:24:25.393] probe_binding_ocaml        check_pre  (pass)
[2026-09-13 20:24:25.395] probe_binding_ocaml        cmd  (eval $(opam env)
INSTALLED=$(opam list ssl --installed --short --columns=version --color=never 2>/dev/null)
test "$INSTALLED" = "0.6.0" || { echo "WORLD MISMATCH: switch has ssl $INSTALLED, scenario declares ssl 0.6.0"; exit 1; }
eval $(opam env)
ocamlfind ocamlopt -package ssl -linkpkg canary/examples/ssl_variant/app_core.ml -o /home/red/code/research/tola/_out/canary/projects/ssl/probe_binding/ocaml/ssl_app_core > /home/red/code/research/tola/_out/canary/projects/ssl/probe_binding/ocaml/probe_source-fetched_lib-fetched_ocaml_binding-fetched-0.6.0_app-vendored-stable.log 2>&1 && /home/red/code/research/tola/_out/canary/projects/ssl/probe_binding/ocaml/ssl_app_core >> /home/red/code/research/tola/_out/canary/projects/ssl/probe_binding/ocaml/probe_source-fetched_lib-fetched_ocaml_binding-fetched-0.6.0_app-vendored-stable.log 2>&1
RC=$?
cat /home/red/code/research/tola/_out/canary/projects/ssl/probe_binding/ocaml/probe_source-fetched_lib-fetched_ocaml_binding-fetched-0.6.0_app-vendored-stable.log
exit $RC)
[2026-09-13 20:24:25.395] probe_binding_ocaml        opam_switch  (canary)
[2026-09-13 20:24:25.395] probe_binding_ocaml        platform  (wsl_ubuntu)
[2026-09-13 20:24:25.773] probe_binding_ocaml        cmd_log  (probe_binding_ocaml.out_source-fetched_lib-fetched_ocaml_binding-fetched-0.6.0_app-vendored-stable.log)
[2026-09-13 20:24:25.773] probe_binding_ocaml        detect  (ok, output present)
[2026-09-13 20:24:25.774] probe_binding_ocaml        agreement_outcome  (required_symbols_exported/stub_requirements_vs_library_exports: holds)
[2026-09-13 20:24:25.774] probe_binding_ocaml        agreement_outcome  (api_names_present/watchlist_vs_user_surface: holds)
[2026-09-13 20:24:25.774] probe_binding_ocaml        agreement_outcome  (behavior_matches/probe_assertions: not_implemented: the expected values live inside the probe's source as embedded assertions, and the observation is the probe's …)
[2026-09-13 20:24:25.774] probe_binding_ocaml        agreement_outcome  (soname_matches_requirement/library_identity_vs_consumer_record: not_applicable: this binding mechanism produces no artifact carrying a dependency or symbol-version record (a static archive h…)
[2026-09-13 20:24:25.774] probe_binding_ocaml        agreement_outcome  (required_versions_exported/required_tags_vs_provider_exports: not_applicable: this binding mechanism produces no artifact carrying a dependency or symbol-version record (a static archive h…)
[2026-09-13 20:24:25.774] probe_binding_ocaml        agreement_outcome  (signatures_agree/header_vs_stub_signature_summaries: unavailable: no header signature summary in this world)
[2026-09-13 20:24:25.774] probe_binding_ocaml        agreement_outcome  (dependencies_provided/recorded_dependencies_vs_world_providers: not_applicable: this binding mechanism produces no artifact carrying a dependency or symbol-version record (a static archive h…)
[2026-09-13 20:24:25.774] probe_binding_ocaml        agreement_outcome  (repack_preserves_api/declared_repacking_relation: not_implemented: the repacking relation is not specified: "preserves" has no agreed scope, so there is nothing to compare a bin…)
[2026-09-13 20:24:25.774] probe_binding_ocaml        agreement_outcome  (repack_complete/composed_faithfulness: not_implemented: the claim's scope is unsettled ("loses nothing" needs an allowed-omission policy), and two of the three agreem…)
[2026-09-13 20:24:25.776] probe_binding_ocaml        compat_note  (required_symbols_exported: consumer requires 43 of the provider's 485 symbols (e.g. SSL_CIPHER_description in use; BIO_f_ssl in the unused remainder) — POSSIBLY OUT-OF-DATE (a small consumer surface may be by design or lag))
[2026-09-13 20:24:25.776] probe_binding_ocaml        done  (no compat failure predicted; success expected)
[2026-09-13 20:24:25.778] *                          graph_end  (8/8 completed)
[2026-09-13 20:24:25.778] *                          diagram  (_out/canary/projects/ssl/-run/diagrams/all.mmd)
[2026-09-13 20:24:25.778] *                          diagram  (_out/canary/projects/ssl/-run/diagrams/full.mmd)
[2026-09-13 20:24:25.778] *                          view  (lib (3 steps))
[2026-09-13 20:24:25.778] *                          view  (probes (4 steps))
[2026-09-13 20:24:25.778] *                          view  (binding_ocaml (4 steps))
[2026-09-13 20:24:25.780] *                          html  (_out/canary/projects/ssl/-run/result.html)
[2026-09-13 20:24:25.781] *                          index  (_out/canary/projects/index.html)
[2026-09-13 20:24:25.781] *                          invariant  (full.mmd: OK (8 nodes, 8 IDs))
[2026-09-13 20:24:25.781] *                          invariant  (binding_ocaml.mmd: OK (7 nodes, 8 IDs))
[2026-09-13 20:24:25.781] *                          invariant  (source.mmd: OK (6 nodes, 8 IDs))
[2026-09-13 20:24:25.781] *                          invariant  (lib.mmd: OK (6 nodes, 8 IDs))
[2026-09-13 20:24:25.781] *                          invariant  (all.mmd: OK (5 nodes, 8 IDs))
[2026-09-13 20:24:25.781] *                          invariant  (probes.mmd: OK (8 nodes, 8 IDs))
[2026-09-13 20:24:25.781] *                          invariant  (ALL OK)
[2026-09-13 20:24:25.799] *                          variant_start  (source-fetched_lib-fetched_ocaml_binding-fetched-0.7.0_app-vendored-stable)
[2026-09-13 20:24:25.799] *                          graph_start  (8 steps)
[2026-09-13 20:24:25.799] fetch_lib                  warm_gate  (marker + fingerprint + check_post passed)
[2026-09-13 20:24:25.799] fetch_lib                  skip  (verdict marker (prior success))
[2026-09-13 20:24:26.055] fetch_binding_ocaml        warm_check_post  (FAIL — the postcondition no longer holds; re-running)
[2026-09-13 20:24:26.055] fetch_binding_ocaml_inspect  warm_check_post  (FAIL — the postcondition no longer holds; re-running)
[2026-09-13 20:24:26.055] fetch_binding_ocaml_stub_inspect  warm_check_post  (FAIL — the postcondition no longer holds; re-running)
[2026-09-13 20:24:26.055] probe_app_ocaml            warm_gate  (marker + fingerprint + check_post passed)
[2026-09-13 20:24:26.055] probe_app_ocaml            skip  (verdict marker (prior success))
[2026-09-13 20:24:26.055] fetch_binding_ocaml        check_pre  (pass)
[2026-09-13 20:24:26.057] fetch_binding_ocaml        cmd  (eval $(opam env) && opam install ssl.0.7.0 -y && eval $(opam env) && opam install -y ocamlfind && echo 'installed' > /home/red/code/research/tola/_out/canary/projects/ssl/fetch_binding/ocaml/binding_source-fetched_lib-fetched_ocaml_binding-fetched-0.7.0_app-vendored-stable.ok)
[2026-09-13 20:24:26.057] fetch_binding_ocaml        opam_switch  (canary)
[2026-09-13 20:24:26.057] fetch_binding_ocaml        platform  (wsl_ubuntu)
[2026-09-13 20:24:31.051] fetch_binding_ocaml        cmd_log  (fetch_binding_ocaml.out_source-fetched_lib-fetched_ocaml_binding-fetched-0.7.0_app-vendored-stable.log)
[2026-09-13 20:24:31.051] fetch_binding_ocaml        detect  (ok, output present)
[2026-09-13 20:24:31.051] fetch_binding_ocaml        agreement_outcome  (no agreement fires at this action)
[2026-09-13 20:24:31.305] fetch_binding_ocaml        check_post  (pass)
[2026-09-13 20:24:31.305] fetch_binding_ocaml        done
[2026-09-13 20:24:31.308] fetch_binding_ocaml_inspect  check_pre  (pass)
[2026-09-13 20:24:31.310] fetch_binding_ocaml_inspect  cmd  (eval $(opam env)
PKG_DIR=$(ocamlfind query 'ssl' 2>/dev/null)
test -n "$PKG_DIR"
python3 canary/scripts/inspect_binding.py --kind mli --dir "$PKG_DIR" \
  --watchlist 'Ssl,Ssl.init,Ssl.native_library_version' > /home/red/code/research/tola/_out/canary/projects/ssl/fetch_binding/ocaml/inspect_source-fetched_lib-fetched_ocaml_binding-fetched-0.7.0_app-vendored-stable.json && mv /home/red/code/research/tola/_out/canary/projects/ssl/fetch_binding/ocaml/inspect_source-fetched_lib-fetched_ocaml_binding-fetched-0.7.0_app-vendored-stable.json /home/red/code/research/tola/_out/canary/projects/ssl/fetch_binding/ocaml/inspect_nlv_source-fetched_lib-fetched_ocaml_binding-fetched-0.7.0_app-vendored-stable.json && eval $(opam env)
PKG_DIR=$(ocamlfind query 'ssl' 2>/dev/null)
test -n "$PKG_DIR"
python3 canary/scripts/inspect_binding.py --kind mli --dir "$PKG_DIR" \
  --watchlist 'Ssl,Ssl.init,Ssl.create_context' > /home/red/code/research/tola/_out/canary/projects/ssl/fetch_binding/ocaml/inspect_source-fetched_lib-fetched_ocaml_binding-fetched-0.7.0_app-vendored-stable.json)
[2026-09-13 20:24:31.310] fetch_binding_ocaml_inspect  opam_switch  (canary)
[2026-09-13 20:24:31.310] fetch_binding_ocaml_inspect  platform  (wsl_ubuntu)
[2026-09-13 20:24:31.427] fetch_binding_ocaml_inspect  cmd_log  (fetch_binding_ocaml_inspect.out_source-fetched_lib-fetched_ocaml_binding-fetched-0.7.0_app-vendored-stable.log)
[2026-09-13 20:24:31.427] fetch_binding_ocaml_inspect  detect  (ok, output present)
[2026-09-13 20:24:31.427] fetch_binding_ocaml_inspect  agreement_outcome  (no agreement fires at this action)
[2026-09-13 20:24:31.427] fetch_binding_ocaml_inspect  check_post  (pass)
[2026-09-13 20:24:31.427] fetch_binding_ocaml_inspect  done
[2026-09-13 20:24:31.430] fetch_binding_ocaml_stub_inspect  check_pre  (pass)
[2026-09-13 20:24:31.432] fetch_binding_ocaml_stub_inspect  cmd  (eval $(opam env)
PKG_DIR=$(ocamlfind query 'ssl' 2>/dev/null)
test -n "$PKG_DIR"
STUB=$(ls "$PKG_DIR"/lib*.a 2>/dev/null | head -1)
test -n "$STUB"
python3 canary/scripts/inspect_binding.py --kind stub --path "$STUB" \
  --prefix 'SSL_' --watchlist '' \
  > /home/red/code/research/tola/_out/canary/projects/ssl/fetch_binding/ocaml/inspect_stub_source-fetched_lib-fetched_ocaml_binding-fetched-0.7.0_app-vendored-stable.json)
[2026-09-13 20:24:31.432] fetch_binding_ocaml_stub_inspect  opam_switch  (canary)
[2026-09-13 20:24:31.432] fetch_binding_ocaml_stub_inspect  platform  (wsl_ubuntu)
[2026-09-13 20:24:31.530] fetch_binding_ocaml_stub_inspect  cmd_log  (fetch_binding_ocaml_stub_inspect.out_source-fetched_lib-fetched_ocaml_binding-fetched-0.7.0_app-vendored-stable.log)
[2026-09-13 20:24:31.530] fetch_binding_ocaml_stub_inspect  detect  (ok, output present)
[2026-09-13 20:24:31.530] fetch_binding_ocaml_stub_inspect  agreement_outcome  (no agreement fires at this action)
[2026-09-13 20:24:31.530] fetch_binding_ocaml_stub_inspect  check_post  (pass)
[2026-09-13 20:24:31.530] fetch_binding_ocaml_stub_inspect  done
[2026-09-13 20:24:31.532] probe_lib                  check_pre  (pass)
[2026-09-13 20:24:31.534] probe_lib                  cmd  (LIB_NATIVE=$(ls /usr/lib/x86_64-linux-gnu/libssl.so.* /usr/lib*/libssl.so.* 2>/dev/null \
        "$(brew --prefix openssl@3 2>/dev/null)/lib/libssl.dylib" 2>/dev/null \
        | head -1)
test -n "$LIB_NATIVE" -a -e "$LIB_NATIVE"
COUNT=$(nm -D "$LIB_NATIVE" 2>/dev/null | grep -v ' U ' | grep -c 'SSL_' || echo 0)
printf 'SSL_ symbols exported: %s\n' "$COUNT" | tee /home/red/code/research/tola/_out/canary/projects/ssl/probe_lib/probe_source-fetched_lib-fetched_ocaml_binding-fetched-0.7.0_app-vendored-stable.log
test "$COUNT" -gt 0)
[2026-09-13 20:24:31.534] probe_lib                  opam_switch  (canary)
[2026-09-13 20:24:31.534] probe_lib                  platform  (wsl_ubuntu)
[2026-09-13 20:24:31.580] probe_lib                  cmd_log  (probe_lib.out_source-fetched_lib-fetched_ocaml_binding-fetched-0.7.0_app-vendored-stable.log)
[2026-09-13 20:24:31.580] probe_lib                  detect  (ok, output present)
[2026-09-13 20:24:31.580] probe_lib                  agreement_outcome  (no agreement fires at this action)
[2026-09-13 20:24:31.580] probe_lib                  check_post  (pass)
[2026-09-13 20:24:31.580] probe_lib                  done
[2026-09-13 20:24:31.582] probe_lib_inspect          check_pre  (pass)
[2026-09-13 20:24:31.584] probe_lib_inspect          cmd  (LIB_NATIVE=$(ls /usr/lib/x86_64-linux-gnu/libssl.so.* /usr/lib*/libssl.so.* 2>/dev/null \
        "$(brew --prefix openssl@3 2>/dev/null)/lib/libssl.dylib" 2>/dev/null \
        | head -1)
test -n "$LIB_NATIVE" -a -e "$LIB_NATIVE"
nm -D "$LIB_NATIVE" 2>/dev/null \
  | python3 canary/scripts/inspect_native.py --emit-symbols --elf --path "$LIB_NATIVE" --prefixes 'SSL_,TLS_,BIO_' --watchlist 'SSL_CTX_new,SSL_new,SSL_connect,SSL_read,SSL_write,TLS_method' \
  > /home/red/code/research/tola/_out/canary/projects/ssl/probe_lib/inspect_source-fetched_lib-fetched_ocaml_binding-fetched-0.7.0_app-vendored-stable.json)
[2026-09-13 20:24:31.584] probe_lib_inspect          opam_switch  (canary)
[2026-09-13 20:24:31.584] probe_lib_inspect          platform  (wsl_ubuntu)
[2026-09-13 20:24:31.638] probe_lib_inspect          cmd_log  (probe_lib_inspect.out_source-fetched_lib-fetched_ocaml_binding-fetched-0.7.0_app-vendored-stable.log)
[2026-09-13 20:24:31.638] probe_lib_inspect          detect  (ok, output present)
[2026-09-13 20:24:31.638] probe_lib_inspect          agreement_outcome  (no agreement fires at this action)
[2026-09-13 20:24:31.638] probe_lib_inspect          check_post  (pass)
[2026-09-13 20:24:31.638] probe_lib_inspect          done
[2026-09-13 20:24:31.640] probe_binding_ocaml        check_pre  (pass)
[2026-09-13 20:24:31.642] probe_binding_ocaml        cmd  (eval $(opam env)
INSTALLED=$(opam list ssl --installed --short --columns=version --color=never 2>/dev/null)
test "$INSTALLED" = "0.7.0" || { echo "WORLD MISMATCH: switch has ssl $INSTALLED, scenario declares ssl 0.7.0"; exit 1; }
eval $(opam env)
ocamlfind ocamlopt -package ssl -linkpkg canary/examples/ssl_variant/app_core.ml -o /home/red/code/research/tola/_out/canary/projects/ssl/probe_binding/ocaml/ssl_app_core > /home/red/code/research/tola/_out/canary/projects/ssl/probe_binding/ocaml/probe_source-fetched_lib-fetched_ocaml_binding-fetched-0.7.0_app-vendored-stable.log 2>&1 && /home/red/code/research/tola/_out/canary/projects/ssl/probe_binding/ocaml/ssl_app_core >> /home/red/code/research/tola/_out/canary/projects/ssl/probe_binding/ocaml/probe_source-fetched_lib-fetched_ocaml_binding-fetched-0.7.0_app-vendored-stable.log 2>&1
RC=$?
cat /home/red/code/research/tola/_out/canary/projects/ssl/probe_binding/ocaml/probe_source-fetched_lib-fetched_ocaml_binding-fetched-0.7.0_app-vendored-stable.log
exit $RC)
[2026-09-13 20:24:31.642] probe_binding_ocaml        opam_switch  (canary)
[2026-09-13 20:24:31.643] probe_binding_ocaml        platform  (wsl_ubuntu)
[2026-09-13 20:24:32.026] probe_binding_ocaml        cmd_log  (probe_binding_ocaml.out_source-fetched_lib-fetched_ocaml_binding-fetched-0.7.0_app-vendored-stable.log)
[2026-09-13 20:24:32.026] probe_binding_ocaml        detect  (ok, output present)
[2026-09-13 20:24:32.027] probe_binding_ocaml        agreement_outcome  (required_symbols_exported/stub_requirements_vs_library_exports: holds)
[2026-09-13 20:24:32.027] probe_binding_ocaml        agreement_outcome  (api_names_present/watchlist_vs_user_surface: holds)
[2026-09-13 20:24:32.027] probe_binding_ocaml        agreement_outcome  (behavior_matches/probe_assertions: not_implemented: the expected values live inside the probe's source as embedded assertions, and the observation is the probe's …)
[2026-09-13 20:24:32.027] probe_binding_ocaml        agreement_outcome  (soname_matches_requirement/library_identity_vs_consumer_record: not_applicable: this binding mechanism produces no artifact carrying a dependency or symbol-version record (a static archive h…)
[2026-09-13 20:24:32.027] probe_binding_ocaml        agreement_outcome  (required_versions_exported/required_tags_vs_provider_exports: not_applicable: this binding mechanism produces no artifact carrying a dependency or symbol-version record (a static archive h…)
[2026-09-13 20:24:32.027] probe_binding_ocaml        agreement_outcome  (signatures_agree/header_vs_stub_signature_summaries: unavailable: no header signature summary in this world)
[2026-09-13 20:24:32.027] probe_binding_ocaml        agreement_outcome  (dependencies_provided/recorded_dependencies_vs_world_providers: not_applicable: this binding mechanism produces no artifact carrying a dependency or symbol-version record (a static archive h…)
[2026-09-13 20:24:32.027] probe_binding_ocaml        agreement_outcome  (repack_preserves_api/declared_repacking_relation: not_implemented: the repacking relation is not specified: "preserves" has no agreed scope, so there is nothing to compare a bin…)
[2026-09-13 20:24:32.027] probe_binding_ocaml        agreement_outcome  (repack_complete/composed_faithfulness: not_implemented: the claim's scope is unsettled ("loses nothing" needs an allowed-omission policy), and two of the three agreem…)
[2026-09-13 20:24:32.027] probe_binding_ocaml        compat_note  (required_symbols_exported: consumer requires 43 of the provider's 485 symbols (e.g. SSL_CIPHER_description in use; BIO_f_ssl in the unused remainder) — POSSIBLY OUT-OF-DATE (a small consumer surface may be by design or lag))
[2026-09-13 20:24:32.028] probe_binding_ocaml        done  (no compat failure predicted; success expected)
[2026-09-13 20:24:32.029] *                          graph_end  (8/8 completed)
[2026-09-13 20:24:32.030] *                          diagram  (_out/canary/projects/ssl/-run/diagrams/all.mmd)
[2026-09-13 20:24:32.030] *                          diagram  (_out/canary/projects/ssl/-run/diagrams/full.mmd)
[2026-09-13 20:24:32.030] *                          view  (lib (3 steps))
[2026-09-13 20:24:32.030] *                          view  (probes (4 steps))
[2026-09-13 20:24:32.030] *                          view  (binding_ocaml (4 steps))
[2026-09-13 20:24:32.031] *                          html  (_out/canary/projects/ssl/-run/result.html)
[2026-09-13 20:24:32.032] *                          index  (_out/canary/projects/index.html)
[2026-09-13 20:24:32.032] *                          invariant  (full.mmd: OK (8 nodes, 8 IDs))
[2026-09-13 20:24:32.032] *                          invariant  (binding_ocaml.mmd: OK (7 nodes, 8 IDs))
[2026-09-13 20:24:32.032] *                          invariant  (source.mmd: OK (6 nodes, 8 IDs))
[2026-09-13 20:24:32.032] *                          invariant  (lib.mmd: OK (6 nodes, 8 IDs))
[2026-09-13 20:24:32.032] *                          invariant  (all.mmd: OK (5 nodes, 8 IDs))
[2026-09-13 20:24:32.032] *                          invariant  (probes.mmd: OK (8 nodes, 8 IDs))
[2026-09-13 20:24:32.033] *                          invariant  (ALL OK)
[2026-09-15 12:22:59.638] *                          run_start  (ssl)
[2026-09-15 12:22:59.646] *                          variant_start  (source-fetched_lib-fetched_ocaml_binding-fetched-0.6.0_app-vendored-stable)
[2026-09-15 12:22:59.646] *                          graph_start  (8 steps)
[2026-09-15 12:22:59.646] fetch_lib                  warm_gate  (marker + fingerprint + check_post passed)
[2026-09-15 12:22:59.646] fetch_lib                  skip  (verdict marker (prior success))
[2026-09-15 12:22:59.876] fetch_binding_ocaml        warm_check_post  (FAIL — the postcondition no longer holds; re-running)
[2026-09-15 12:22:59.876] fetch_binding_ocaml_inspect  warm_gate  (marker + fingerprint + check_post passed)
[2026-09-15 12:22:59.876] fetch_binding_ocaml_inspect  skip  (verdict marker (prior success))
[2026-09-15 12:22:59.877] fetch_binding_ocaml_stub_inspect  warm_gate  (marker + fingerprint + check_post passed)
[2026-09-15 12:22:59.877] fetch_binding_ocaml_stub_inspect  skip  (verdict marker (prior success))
[2026-09-15 12:22:59.877] probe_lib                  warm_gate  (marker + fingerprint + check_post passed)
[2026-09-15 12:22:59.877] probe_lib                  skip  (verdict marker (prior success))
[2026-09-15 12:22:59.877] probe_lib_inspect          warm_gate  (marker + fingerprint + check_post passed)
[2026-09-15 12:22:59.877] probe_lib_inspect          skip  (verdict marker (prior success))
[2026-09-15 12:22:59.877] fetch_binding_ocaml        check_pre  (pass)
[2026-09-15 12:22:59.879] fetch_binding_ocaml        cmd  (eval $(opam env) && opam install ssl.0.6.0 -y && eval $(opam env) && opam install -y ocamlfind && echo 'installed' > /home/red/code/research/tola/_out/canary/projects/ssl/fetch_binding/ocaml/binding_source-fetched_lib-fetched_ocaml_binding-fetched-0.6.0_app-vendored-stable.ok)
[2026-09-15 12:22:59.879] fetch_binding_ocaml        opam_switch  (canary)
[2026-09-15 12:22:59.879] fetch_binding_ocaml        platform  (wsl_ubuntu)
[2026-09-15 12:23:03.211] fetch_binding_ocaml        cmd_log  (fetch_binding_ocaml.out_source-fetched_lib-fetched_ocaml_binding-fetched-0.6.0_app-vendored-stable.log)
[2026-09-15 12:23:03.211] fetch_binding_ocaml        detect  (ok, output present)
[2026-09-15 12:23:03.211] fetch_binding_ocaml        agreement_outcome  (no agreement fires at this action)
[2026-09-15 12:23:03.446] fetch_binding_ocaml        check_post  (pass)
[2026-09-15 12:23:03.446] fetch_binding_ocaml        done
[2026-09-15 12:23:03.449] probe_binding_ocaml        check_pre  (pass)
[2026-09-15 12:23:03.450] probe_binding_ocaml        cmd  (eval $(opam env)
INSTALLED=$(opam list ssl --installed --short --columns=version --color=never 2>/dev/null)
test "$INSTALLED" = "0.6.0" || { echo "WORLD MISMATCH: switch has ssl $INSTALLED, scenario declares ssl 0.6.0"; exit 1; }
eval $(opam env)
ocamlfind ocamlopt -package ssl -linkpkg canary/examples/ssl_variant/app_core.ml -o /home/red/code/research/tola/_out/canary/projects/ssl/probe_binding/ocaml/ssl_app_core > /home/red/code/research/tola/_out/canary/projects/ssl/probe_binding/ocaml/probe_source-fetched_lib-fetched_ocaml_binding-fetched-0.6.0_app-vendored-stable.log 2>&1 && /home/red/code/research/tola/_out/canary/projects/ssl/probe_binding/ocaml/ssl_app_core >> /home/red/code/research/tola/_out/canary/projects/ssl/probe_binding/ocaml/probe_source-fetched_lib-fetched_ocaml_binding-fetched-0.6.0_app-vendored-stable.log 2>&1
RC=$?
test -f /home/red/code/research/tola/_out/canary/projects/ssl/probe_binding/ocaml/ssl_app_core && { nm -D "/home/red/code/research/tola/_out/canary/projects/ssl/probe_binding/ocaml/ssl_app_core" 2>/dev/null \
  | python3 canary/scripts/inspect_native.py --elf --path "/home/red/code/research/tola/_out/canary/projects/ssl/probe_binding/ocaml/ssl_app_core" --prefixes '' --watchlist '' \
  > /home/red/code/research/tola/_out/canary/projects/ssl/probe_binding/ocaml/inspect_abi_source-fetched_lib-fetched_ocaml_binding-fetched-0.6.0_app-vendored-stable.json ; } || true
cat /home/red/code/research/tola/_out/canary/projects/ssl/probe_binding/ocaml/probe_source-fetched_lib-fetched_ocaml_binding-fetched-0.6.0_app-vendored-stable.log
exit $RC)
[2026-09-15 12:23:03.450] probe_binding_ocaml        opam_switch  (canary)
[2026-09-15 12:23:03.450] probe_binding_ocaml        platform  (wsl_ubuntu)
[2026-09-15 12:23:03.849] probe_binding_ocaml        cmd_log  (probe_binding_ocaml.out_source-fetched_lib-fetched_ocaml_binding-fetched-0.6.0_app-vendored-stable.log)
[2026-09-15 12:23:03.849] probe_binding_ocaml        detect  (ok, output present)
[2026-09-15 12:23:03.853] probe_binding_ocaml        agreement_outcome  (required_symbols_exported/stub_requirements_vs_library_exports: holds)
[2026-09-15 12:23:03.853] probe_binding_ocaml        agreement_outcome  (api_names_present/watchlist_vs_user_surface: holds)
[2026-09-15 12:23:03.853] probe_binding_ocaml        agreement_outcome  (behavior_matches/probe_assertions: not_implemented: the expected values live inside the probe's source as embedded assertions, and the observation is the probe's …)
[2026-09-15 12:23:03.853] probe_binding_ocaml        agreement_outcome  (soname_matches_requirement/library_identity_vs_consumer_record: holds)
[2026-09-15 12:23:03.853] probe_binding_ocaml        agreement_outcome  (required_versions_exported/required_tags_vs_provider_exports: unavailable: no consumer versioned-requirement record in this world)
[2026-09-15 12:23:03.853] probe_binding_ocaml        agreement_outcome  (signatures_agree/header_vs_stub_signature_summaries: unavailable: no header signature summary in this world)
[2026-09-15 12:23:03.853] probe_binding_ocaml        agreement_outcome  (dependencies_provided/recorded_dependencies_vs_world_providers: violated: libcrypto.so.3)
[2026-09-15 12:23:03.853] probe_binding_ocaml        agreement_outcome  (repack_preserves_api/declared_repacking_relation: not_implemented: the repacking relation is not specified: "preserves" has no agreed scope, so there is nothing to compare a bin…)
[2026-09-15 12:23:03.853] probe_binding_ocaml        agreement_outcome  (repack_complete/composed_faithfulness: not_implemented: the claim's scope is unsettled ("loses nothing" needs an allowed-omission policy), and two of the three agreem…)
[2026-09-15 12:23:03.854] probe_binding_ocaml        compat_note  (required_symbols_exported: consumer requires 43 of the provider's 485 symbols (e.g. SSL_CIPHER_description in use; BIO_f_ssl in the unused remainder) — POSSIBLY OUT-OF-DATE (a small consumer surface may be by design or lag))
[2026-09-15 12:23:03.859] probe_binding_ocaml        unexpected_success  (compat failure predicted (derived) but command succeeded)
[2026-09-15 12:23:03.859] probe_app_ocaml            check_pre  (pass)
[2026-09-15 12:23:03.861] probe_app_ocaml            cmd  (eval $(opam env)
INSTALLED=$(opam list ssl --installed --short --columns=version --color=never 2>/dev/null)
test "$INSTALLED" = "0.6.0" || { echo "WORLD MISMATCH: switch has ssl $INSTALLED, scenario declares ssl 0.6.0"; exit 1; }
eval $(opam env)
ocamlfind ocamlopt -package ssl -linkpkg canary/examples/ssl_variant/app_nlv.ml -o /home/red/code/research/tola/_out/canary/projects/ssl/probe_app_ocaml/ssl_app_nlv > /home/red/code/research/tola/_out/canary/projects/ssl/probe_app_ocaml/probe_source-fetched_lib-fetched_ocaml_binding-fetched-0.6.0_app-vendored-stable.log 2>&1 && /home/red/code/research/tola/_out/canary/projects/ssl/probe_app_ocaml/ssl_app_nlv >> /home/red/code/research/tola/_out/canary/projects/ssl/probe_app_ocaml/probe_source-fetched_lib-fetched_ocaml_binding-fetched-0.6.0_app-vendored-stable.log 2>&1
RC=$?
test -f /home/red/code/research/tola/_out/canary/projects/ssl/probe_app_ocaml/ssl_app_nlv && { nm -D "/home/red/code/research/tola/_out/canary/projects/ssl/probe_app_ocaml/ssl_app_nlv" 2>/dev/null \
  | python3 canary/scripts/inspect_native.py --elf --path "/home/red/code/research/tola/_out/canary/projects/ssl/probe_app_ocaml/ssl_app_nlv" --prefixes '' --watchlist '' \
  > /home/red/code/research/tola/_out/canary/projects/ssl/probe_app_ocaml/inspect_abi_source-fetched_lib-fetched_ocaml_binding-fetched-0.6.0_app-vendored-stable.json ; } || true
cat /home/red/code/research/tola/_out/canary/projects/ssl/probe_app_ocaml/probe_source-fetched_lib-fetched_ocaml_binding-fetched-0.6.0_app-vendored-stable.log
exit $RC)
[2026-09-15 12:23:03.861] probe_app_ocaml            opam_switch  (canary)
[2026-09-15 12:23:03.861] probe_app_ocaml            platform  (wsl_ubuntu)
[2026-09-15 12:23:04.191] probe_app_ocaml            cmd_log  (probe_app_ocaml.out_source-fetched_lib-fetched_ocaml_binding-fetched-0.6.0_app-vendored-stable.log)
[2026-09-15 12:23:04.191] probe_app_ocaml            cmd_fail  (exit 2)
[2026-09-15 12:23:04.191] probe_app_ocaml            cmd_out  (File "canary/examples/ssl_variant/app_nlv.ml", line 9, characters 9-35:)
[2026-09-15 12:23:04.191] probe_app_ocaml            cmd_out  (9 |   ignore Ssl.native_library_version;)
[2026-09-15 12:23:04.191] probe_app_ocaml            cmd_out  (             ^^^^^^^^^^^^^^^^^^^^^^^^^^)
[2026-09-15 12:23:04.191] probe_app_ocaml            cmd_out  (Error: Unbound value Ssl.native_library_version)
[2026-09-15 12:23:04.191] probe_app_ocaml            detect  (error, output present)
[2026-09-15 12:23:04.191] probe_app_ocaml            agreement_outcome  (api_names_present/watchlist_vs_user_surface: violated: Ssl.native_library_version)
[2026-09-15 12:23:04.191] probe_app_ocaml            agreement_outcome  (behavior_matches/probe_assertions: not_implemented: the expected values live inside the probe's source as embedded assertions, and the observation is the probe's …)
[2026-09-15 12:23:04.191] probe_app_ocaml            agreement_outcome  (repack_preserves_api/declared_repacking_relation: not_implemented: the repacking relation is not specified: "preserves" has no agreed scope, so there is nothing to compare a bin…)
[2026-09-15 12:23:04.191] probe_app_ocaml            agreement_outcome  (repack_complete/composed_faithfulness: not_implemented: the claim's scope is unsettled ("loses nothing" needs an allowed-omission policy), and two of the three agreem…)
[2026-09-15 12:23:04.222] probe_app_ocaml            agreement_confirmed  (api_names_present: predicted text present in this run's output)
[2026-09-15 12:23:04.222] probe_app_ocaml            done  (expected failure confirmed (derived) [api_names_present])
[2026-09-15 12:23:04.224] *                          graph_end  (7/8 completed)
[2026-09-15 12:23:04.224] probe_binding_ocaml        failed
[2026-09-15 12:23:04.224] *                          diagram  (_out/canary/projects/ssl/-run/diagrams/all.mmd)
[2026-09-15 12:23:04.224] *                          diagram  (_out/canary/projects/ssl/-run/diagrams/full.mmd)
[2026-09-15 12:23:04.224] *                          view  (lib (3 steps))
[2026-09-15 12:23:04.224] *                          view  (probes (4 steps))
[2026-09-15 12:23:04.225] *                          view  (binding_ocaml (4 steps))
[2026-09-15 12:23:04.225] *                          html  (_out/canary/projects/ssl/-run/result.html)
[2026-09-15 12:23:04.226] *                          index  (_out/canary/projects/index.html)
[2026-09-15 12:23:04.226] *                          invariant  (full.mmd: OK (8 nodes, 8 IDs))
[2026-09-15 12:23:04.226] *                          invariant  (binding_ocaml.mmd: OK (7 nodes, 8 IDs))
[2026-09-15 12:23:04.227] *                          invariant  (source.mmd: OK (6 nodes, 8 IDs))
[2026-09-15 12:23:04.227] *                          invariant  (lib.mmd: OK (6 nodes, 8 IDs))
[2026-09-15 12:23:04.227] *                          invariant  (all.mmd: OK (5 nodes, 8 IDs))
[2026-09-15 12:23:04.227] *                          invariant  (probes.mmd: OK (8 nodes, 8 IDs))
[2026-09-15 12:23:04.227] *                          invariant  (ALL OK)
[2026-09-15 12:23:04.246] *                          variant_start  (source-fetched_lib-fetched_ocaml_binding-fetched-0.7.0_app-vendored-stable)
[2026-09-15 12:23:04.246] *                          graph_start  (8 steps)
[2026-09-15 12:23:04.246] fetch_lib                  warm_gate  (marker + fingerprint + check_post passed)
[2026-09-15 12:23:04.246] fetch_lib                  skip  (verdict marker (prior success))
[2026-09-15 12:23:04.484] fetch_binding_ocaml        warm_check_post  (FAIL — the postcondition no longer holds; re-running)
[2026-09-15 12:23:04.485] fetch_binding_ocaml_inspect  warm_gate  (marker + fingerprint + check_post passed)
[2026-09-15 12:23:04.485] fetch_binding_ocaml_inspect  skip  (verdict marker (prior success))
[2026-09-15 12:23:04.485] fetch_binding_ocaml_stub_inspect  warm_gate  (marker + fingerprint + check_post passed)
[2026-09-15 12:23:04.485] fetch_binding_ocaml_stub_inspect  skip  (verdict marker (prior success))
[2026-09-15 12:23:04.485] probe_lib                  warm_gate  (marker + fingerprint + check_post passed)
[2026-09-15 12:23:04.485] probe_lib                  skip  (verdict marker (prior success))
[2026-09-15 12:23:04.485] probe_lib_inspect          warm_gate  (marker + fingerprint + check_post passed)
[2026-09-15 12:23:04.485] probe_lib_inspect          skip  (verdict marker (prior success))
[2026-09-15 12:23:04.485] fetch_binding_ocaml        check_pre  (pass)
[2026-09-15 12:23:04.487] fetch_binding_ocaml        cmd  (eval $(opam env) && opam install ssl.0.7.0 -y && eval $(opam env) && opam install -y ocamlfind && echo 'installed' > /home/red/code/research/tola/_out/canary/projects/ssl/fetch_binding/ocaml/binding_source-fetched_lib-fetched_ocaml_binding-fetched-0.7.0_app-vendored-stable.ok)
[2026-09-15 12:23:04.487] fetch_binding_ocaml        opam_switch  (canary)
[2026-09-15 12:23:04.487] fetch_binding_ocaml        platform  (wsl_ubuntu)
[2026-09-15 12:23:09.293] fetch_binding_ocaml        cmd_log  (fetch_binding_ocaml.out_source-fetched_lib-fetched_ocaml_binding-fetched-0.7.0_app-vendored-stable.log)
[2026-09-15 12:23:09.293] fetch_binding_ocaml        detect  (ok, output present)
[2026-09-15 12:23:09.293] fetch_binding_ocaml        agreement_outcome  (no agreement fires at this action)
[2026-09-15 12:23:09.544] fetch_binding_ocaml        check_post  (pass)
[2026-09-15 12:23:09.544] fetch_binding_ocaml        done
[2026-09-15 12:23:09.546] probe_binding_ocaml        check_pre  (pass)
[2026-09-15 12:23:09.548] probe_binding_ocaml        cmd  (eval $(opam env)
INSTALLED=$(opam list ssl --installed --short --columns=version --color=never 2>/dev/null)
test "$INSTALLED" = "0.7.0" || { echo "WORLD MISMATCH: switch has ssl $INSTALLED, scenario declares ssl 0.7.0"; exit 1; }
eval $(opam env)
ocamlfind ocamlopt -package ssl -linkpkg canary/examples/ssl_variant/app_core.ml -o /home/red/code/research/tola/_out/canary/projects/ssl/probe_binding/ocaml/ssl_app_core > /home/red/code/research/tola/_out/canary/projects/ssl/probe_binding/ocaml/probe_source-fetched_lib-fetched_ocaml_binding-fetched-0.7.0_app-vendored-stable.log 2>&1 && /home/red/code/research/tola/_out/canary/projects/ssl/probe_binding/ocaml/ssl_app_core >> /home/red/code/research/tola/_out/canary/projects/ssl/probe_binding/ocaml/probe_source-fetched_lib-fetched_ocaml_binding-fetched-0.7.0_app-vendored-stable.log 2>&1
RC=$?
test -f /home/red/code/research/tola/_out/canary/projects/ssl/probe_binding/ocaml/ssl_app_core && { nm -D "/home/red/code/research/tola/_out/canary/projects/ssl/probe_binding/ocaml/ssl_app_core" 2>/dev/null \
  | python3 canary/scripts/inspect_native.py --elf --path "/home/red/code/research/tola/_out/canary/projects/ssl/probe_binding/ocaml/ssl_app_core" --prefixes '' --watchlist '' \
  > /home/red/code/research/tola/_out/canary/projects/ssl/probe_binding/ocaml/inspect_abi_source-fetched_lib-fetched_ocaml_binding-fetched-0.7.0_app-vendored-stable.json ; } || true
cat /home/red/code/research/tola/_out/canary/projects/ssl/probe_binding/ocaml/probe_source-fetched_lib-fetched_ocaml_binding-fetched-0.7.0_app-vendored-stable.log
exit $RC)
[2026-09-15 12:23:09.548] probe_binding_ocaml        opam_switch  (canary)
[2026-09-15 12:23:09.548] probe_binding_ocaml        platform  (wsl_ubuntu)
[2026-09-15 12:23:09.955] probe_binding_ocaml        cmd_log  (probe_binding_ocaml.out_source-fetched_lib-fetched_ocaml_binding-fetched-0.7.0_app-vendored-stable.log)
[2026-09-15 12:23:09.955] probe_binding_ocaml        detect  (ok, output present)
[2026-09-15 12:23:09.957] probe_binding_ocaml        agreement_outcome  (required_symbols_exported/stub_requirements_vs_library_exports: holds)
[2026-09-15 12:23:09.957] probe_binding_ocaml        agreement_outcome  (api_names_present/watchlist_vs_user_surface: holds)
[2026-09-15 12:23:09.957] probe_binding_ocaml        agreement_outcome  (behavior_matches/probe_assertions: not_implemented: the expected values live inside the probe's source as embedded assertions, and the observation is the probe's …)
[2026-09-15 12:23:09.957] probe_binding_ocaml        agreement_outcome  (soname_matches_requirement/library_identity_vs_consumer_record: holds)
[2026-09-15 12:23:09.957] probe_binding_ocaml        agreement_outcome  (required_versions_exported/required_tags_vs_provider_exports: unavailable: no consumer versioned-requirement record in this world)
[2026-09-15 12:23:09.957] probe_binding_ocaml        agreement_outcome  (signatures_agree/header_vs_stub_signature_summaries: unavailable: no header signature summary in this world)
[2026-09-15 12:23:09.957] probe_binding_ocaml        agreement_outcome  (dependencies_provided/recorded_dependencies_vs_world_providers: violated: libcrypto.so.3)
[2026-09-15 12:23:09.957] probe_binding_ocaml        agreement_outcome  (repack_preserves_api/declared_repacking_relation: not_implemented: the repacking relation is not specified: "preserves" has no agreed scope, so there is nothing to compare a bin…)
[2026-09-15 12:23:09.957] probe_binding_ocaml        agreement_outcome  (repack_complete/composed_faithfulness: not_implemented: the claim's scope is unsettled ("loses nothing" needs an allowed-omission policy), and two of the three agreem…)
[2026-09-15 12:23:09.958] probe_binding_ocaml        compat_note  (required_symbols_exported: consumer requires 43 of the provider's 485 symbols (e.g. SSL_CIPHER_description in use; BIO_f_ssl in the unused remainder) — POSSIBLY OUT-OF-DATE (a small consumer surface may be by design or lag))
[2026-09-15 12:23:09.963] probe_binding_ocaml        unexpected_success  (compat failure predicted (derived) but command succeeded)
[2026-09-15 12:23:09.963] probe_app_ocaml            check_pre  (pass)
[2026-09-15 12:23:09.965] probe_app_ocaml            cmd  (eval $(opam env)
INSTALLED=$(opam list ssl --installed --short --columns=version --color=never 2>/dev/null)
test "$INSTALLED" = "0.7.0" || { echo "WORLD MISMATCH: switch has ssl $INSTALLED, scenario declares ssl 0.7.0"; exit 1; }
eval $(opam env)
ocamlfind ocamlopt -package ssl -linkpkg canary/examples/ssl_variant/app_nlv.ml -o /home/red/code/research/tola/_out/canary/projects/ssl/probe_app_ocaml/ssl_app_nlv > /home/red/code/research/tola/_out/canary/projects/ssl/probe_app_ocaml/probe_source-fetched_lib-fetched_ocaml_binding-fetched-0.7.0_app-vendored-stable.log 2>&1 && /home/red/code/research/tola/_out/canary/projects/ssl/probe_app_ocaml/ssl_app_nlv >> /home/red/code/research/tola/_out/canary/projects/ssl/probe_app_ocaml/probe_source-fetched_lib-fetched_ocaml_binding-fetched-0.7.0_app-vendored-stable.log 2>&1
RC=$?
test -f /home/red/code/research/tola/_out/canary/projects/ssl/probe_app_ocaml/ssl_app_nlv && { nm -D "/home/red/code/research/tola/_out/canary/projects/ssl/probe_app_ocaml/ssl_app_nlv" 2>/dev/null \
  | python3 canary/scripts/inspect_native.py --elf --path "/home/red/code/research/tola/_out/canary/projects/ssl/probe_app_ocaml/ssl_app_nlv" --prefixes '' --watchlist '' \
  > /home/red/code/research/tola/_out/canary/projects/ssl/probe_app_ocaml/inspect_abi_source-fetched_lib-fetched_ocaml_binding-fetched-0.7.0_app-vendored-stable.json ; } || true
cat /home/red/code/research/tola/_out/canary/projects/ssl/probe_app_ocaml/probe_source-fetched_lib-fetched_ocaml_binding-fetched-0.7.0_app-vendored-stable.log
exit $RC)
[2026-09-15 12:23:09.965] probe_app_ocaml            opam_switch  (canary)
[2026-09-15 12:23:09.965] probe_app_ocaml            platform  (wsl_ubuntu)
[2026-09-15 12:23:10.387] probe_app_ocaml            cmd_log  (probe_app_ocaml.out_source-fetched_lib-fetched_ocaml_binding-fetched-0.7.0_app-vendored-stable.log)
[2026-09-15 12:23:10.387] probe_app_ocaml            detect  (ok, output present)
[2026-09-15 12:23:10.387] probe_app_ocaml            agreement_outcome  (api_names_present/watchlist_vs_user_surface: holds)
[2026-09-15 12:23:10.387] probe_app_ocaml            agreement_outcome  (behavior_matches/probe_assertions: not_implemented: the expected values live inside the probe's source as embedded assertions, and the observation is the probe's …)
[2026-09-15 12:23:10.387] probe_app_ocaml            agreement_outcome  (repack_preserves_api/declared_repacking_relation: not_implemented: the repacking relation is not specified: "preserves" has no agreed scope, so there is nothing to compare a bin…)
[2026-09-15 12:23:10.387] probe_app_ocaml            agreement_outcome  (repack_complete/composed_faithfulness: not_implemented: the claim's scope is unsettled ("loses nothing" needs an allowed-omission policy), and two of the three agreem…)
[2026-09-15 12:23:10.387] probe_app_ocaml            done  (no compat failure predicted; success expected)
[2026-09-15 12:23:10.390] *                          graph_end  (7/8 completed)
[2026-09-15 12:23:10.390] probe_binding_ocaml        failed
[2026-09-15 12:23:10.390] *                          diagram  (_out/canary/projects/ssl/-run/diagrams/all.mmd)
[2026-09-15 12:23:10.390] *                          diagram  (_out/canary/projects/ssl/-run/diagrams/full.mmd)
[2026-09-15 12:23:10.390] *                          view  (lib (3 steps))
[2026-09-15 12:23:10.390] *                          view  (probes (4 steps))
[2026-09-15 12:23:10.390] *                          view  (binding_ocaml (4 steps))
[2026-09-15 12:23:10.390] *                          html  (_out/canary/projects/ssl/-run/result.html)
[2026-09-15 12:23:10.391] *                          index  (_out/canary/projects/index.html)
[2026-09-15 12:23:10.392] *                          invariant  (full.mmd: OK (8 nodes, 8 IDs))
[2026-09-15 12:23:10.392] *                          invariant  (binding_ocaml.mmd: OK (7 nodes, 8 IDs))
[2026-09-15 12:23:10.392] *                          invariant  (source.mmd: OK (6 nodes, 8 IDs))
[2026-09-15 12:23:10.392] *                          invariant  (lib.mmd: OK (6 nodes, 8 IDs))
[2026-09-15 12:23:10.392] *                          invariant  (all.mmd: OK (5 nodes, 8 IDs))
[2026-09-15 12:23:10.392] *                          invariant  (probes.mmd: OK (8 nodes, 8 IDs))
[2026-09-15 12:23:10.392] *                          invariant  (ALL OK)
[2026-09-15 12:24:07.602] *                          run_start  (ssl)
[2026-09-15 12:24:07.610] *                          variant_start  (source-fetched_lib-fetched_ocaml_binding-fetched-0.6.0_app-vendored-stable)
[2026-09-15 12:24:07.610] *                          graph_start  (8 steps)
[2026-09-15 12:24:07.610] fetch_lib                  warm_gate  (marker + fingerprint + check_post passed)
[2026-09-15 12:24:07.610] fetch_lib                  skip  (verdict marker (prior success))
[2026-09-15 12:24:07.856] fetch_binding_ocaml        warm_check_post  (FAIL — the postcondition no longer holds; re-running)
[2026-09-15 12:24:07.856] fetch_binding_ocaml_inspect  warm_gate  (marker + fingerprint + check_post passed)
[2026-09-15 12:24:07.856] fetch_binding_ocaml_inspect  skip  (verdict marker (prior success))
[2026-09-15 12:24:07.856] fetch_binding_ocaml_stub_inspect  warm_gate  (marker + fingerprint + check_post passed)
[2026-09-15 12:24:07.856] fetch_binding_ocaml_stub_inspect  skip  (verdict marker (prior success))
[2026-09-15 12:24:07.856] probe_app_ocaml            warm_gate  (marker + fingerprint + check_post passed)
[2026-09-15 12:24:07.856] probe_app_ocaml            skip  (verdict marker (prior xfail) [api_names_present])
[2026-09-15 12:24:07.856] probe_lib                  warm_gate  (marker + fingerprint + check_post passed)
[2026-09-15 12:24:07.856] probe_lib                  skip  (verdict marker (prior success))
[2026-09-15 12:24:07.856] probe_lib_inspect          warm_gate  (marker + fingerprint + check_post passed)
[2026-09-15 12:24:07.856] probe_lib_inspect          skip  (verdict marker (prior success))
[2026-09-15 12:24:07.856] fetch_binding_ocaml        check_pre  (pass)
[2026-09-15 12:24:07.858] fetch_binding_ocaml        cmd  (eval $(opam env) && opam install ssl.0.6.0 -y && eval $(opam env) && opam install -y ocamlfind && echo 'installed' > /home/red/code/research/tola/_out/canary/projects/ssl/fetch_binding/ocaml/binding_source-fetched_lib-fetched_ocaml_binding-fetched-0.6.0_app-vendored-stable.ok)
[2026-09-15 12:24:07.858] fetch_binding_ocaml        opam_switch  (canary)
[2026-09-15 12:24:07.858] fetch_binding_ocaml        platform  (wsl_ubuntu)
[2026-09-15 12:24:13.235] fetch_binding_ocaml        cmd_log  (fetch_binding_ocaml.out_source-fetched_lib-fetched_ocaml_binding-fetched-0.6.0_app-vendored-stable.log)
[2026-09-15 12:24:13.235] fetch_binding_ocaml        detect  (ok, output present)
[2026-09-15 12:24:13.235] fetch_binding_ocaml        agreement_outcome  (no agreement fires at this action)
[2026-09-15 12:24:13.494] fetch_binding_ocaml        check_post  (pass)
[2026-09-15 12:24:13.494] fetch_binding_ocaml        done
[2026-09-15 12:24:13.496] probe_binding_ocaml        check_pre  (pass)
[2026-09-15 12:24:13.498] probe_binding_ocaml        cmd  (eval $(opam env)
INSTALLED=$(opam list ssl --installed --short --columns=version --color=never 2>/dev/null)
test "$INSTALLED" = "0.6.0" || { echo "WORLD MISMATCH: switch has ssl $INSTALLED, scenario declares ssl 0.6.0"; exit 1; }
eval $(opam env)
ocamlfind ocamlopt -package ssl -linkpkg canary/examples/ssl_variant/app_core.ml -o /home/red/code/research/tola/_out/canary/projects/ssl/probe_binding/ocaml/ssl_app_core > /home/red/code/research/tola/_out/canary/projects/ssl/probe_binding/ocaml/probe_source-fetched_lib-fetched_ocaml_binding-fetched-0.6.0_app-vendored-stable.log 2>&1 && /home/red/code/research/tola/_out/canary/projects/ssl/probe_binding/ocaml/ssl_app_core >> /home/red/code/research/tola/_out/canary/projects/ssl/probe_binding/ocaml/probe_source-fetched_lib-fetched_ocaml_binding-fetched-0.6.0_app-vendored-stable.log 2>&1
RC=$?
test -f /home/red/code/research/tola/_out/canary/projects/ssl/probe_binding/ocaml/ssl_app_core && { nm -D "/home/red/code/research/tola/_out/canary/projects/ssl/probe_binding/ocaml/ssl_app_core" 2>/dev/null \
  | python3 canary/scripts/inspect_native.py --elf --path "/home/red/code/research/tola/_out/canary/projects/ssl/probe_binding/ocaml/ssl_app_core" --prefixes '' --watchlist '' \
  > /home/red/code/research/tola/_out/canary/projects/ssl/probe_binding/ocaml/inspect_abi_source-fetched_lib-fetched_ocaml_binding-fetched-0.6.0_app-vendored-stable.json ; } || true
cat /home/red/code/research/tola/_out/canary/projects/ssl/probe_binding/ocaml/probe_source-fetched_lib-fetched_ocaml_binding-fetched-0.6.0_app-vendored-stable.log
exit $RC)
[2026-09-15 12:24:13.498] probe_binding_ocaml        opam_switch  (canary)
[2026-09-15 12:24:13.498] probe_binding_ocaml        platform  (wsl_ubuntu)
[2026-09-15 12:24:13.947] probe_binding_ocaml        cmd_log  (probe_binding_ocaml.out_source-fetched_lib-fetched_ocaml_binding-fetched-0.6.0_app-vendored-stable.log)
[2026-09-15 12:24:13.947] probe_binding_ocaml        detect  (ok, output present)
[2026-09-15 12:24:13.950] probe_binding_ocaml        agreement_outcome  (required_symbols_exported/stub_requirements_vs_library_exports: holds)
[2026-09-15 12:24:13.950] probe_binding_ocaml        agreement_outcome  (api_names_present/watchlist_vs_user_surface: holds)
[2026-09-15 12:24:13.950] probe_binding_ocaml        agreement_outcome  (behavior_matches/probe_assertions: not_implemented: the expected values live inside the probe's source as embedded assertions, and the observation is the probe's …)
[2026-09-15 12:24:13.950] probe_binding_ocaml        agreement_outcome  (soname_matches_requirement/library_identity_vs_consumer_record: holds)
[2026-09-15 12:24:13.950] probe_binding_ocaml        agreement_outcome  (required_versions_exported/required_tags_vs_provider_exports: violated: GLIBC_2.10,GLIBC_2.11,GLIBC_2.14,GLIBC_2.15,GLIBC_2.16,GLIBC_2.17,GLIBC_2.2.5,GLIBC_2.25,GLIBC_2.28,GLIBC_2.29…)
[2026-09-15 12:24:13.950] probe_binding_ocaml        agreement_outcome  (signatures_agree/header_vs_stub_signature_summaries: unavailable: no header signature summary in this world)
[2026-09-15 12:24:13.950] probe_binding_ocaml        agreement_outcome  (dependencies_provided/recorded_dependencies_vs_world_providers: violated: libcrypto.so.3)
[2026-09-15 12:24:13.950] probe_binding_ocaml        agreement_outcome  (repack_preserves_api/declared_repacking_relation: not_implemented: the repacking relation is not specified: "preserves" has no agreed scope, so there is nothing to compare a bin…)
[2026-09-15 12:24:13.950] probe_binding_ocaml        agreement_outcome  (repack_complete/composed_faithfulness: not_implemented: the claim's scope is unsettled ("loses nothing" needs an allowed-omission policy), and two of the three agreem…)
[2026-09-15 12:24:13.951] probe_binding_ocaml        compat_note  (required_symbols_exported: consumer requires 43 of the provider's 485 symbols (e.g. SSL_CIPHER_description in use; BIO_f_ssl in the unused remainder) — POSSIBLY OUT-OF-DATE (a small consumer surface may be by design or lag))
[2026-09-15 12:24:13.961] probe_binding_ocaml        unexpected_success  (compat failure predicted (derived) but command succeeded)
[2026-09-15 12:24:13.961] *                          graph_end  (7/8 completed)
[2026-09-15 12:24:13.961] probe_binding_ocaml        failed
[2026-09-15 12:24:13.962] *                          diagram  (_out/canary/projects/ssl/-run/diagrams/all.mmd)
[2026-09-15 12:24:13.962] *                          diagram  (_out/canary/projects/ssl/-run/diagrams/full.mmd)
[2026-09-15 12:24:13.962] *                          view  (lib (3 steps))
[2026-09-15 12:24:13.962] *                          view  (probes (4 steps))
[2026-09-15 12:24:13.962] *                          view  (binding_ocaml (4 steps))
[2026-09-15 12:24:13.963] *                          html  (_out/canary/projects/ssl/-run/result.html)
[2026-09-15 12:24:13.964] *                          index  (_out/canary/projects/index.html)
[2026-09-15 12:24:13.964] *                          invariant  (full.mmd: OK (8 nodes, 8 IDs))
[2026-09-15 12:24:13.964] *                          invariant  (binding_ocaml.mmd: OK (7 nodes, 8 IDs))
[2026-09-15 12:24:13.964] *                          invariant  (source.mmd: OK (6 nodes, 8 IDs))
[2026-09-15 12:24:13.964] *                          invariant  (lib.mmd: OK (6 nodes, 8 IDs))
[2026-09-15 12:24:13.964] *                          invariant  (all.mmd: OK (5 nodes, 8 IDs))
[2026-09-15 12:24:13.964] *                          invariant  (probes.mmd: OK (8 nodes, 8 IDs))
[2026-09-15 12:24:13.964] *                          invariant  (ALL OK)
[2026-09-15 12:24:13.982] *                          variant_start  (source-fetched_lib-fetched_ocaml_binding-fetched-0.7.0_app-vendored-stable)
[2026-09-15 12:24:13.982] *                          graph_start  (8 steps)
[2026-09-15 12:24:13.982] fetch_lib                  warm_gate  (marker + fingerprint + check_post passed)
[2026-09-15 12:24:13.982] fetch_lib                  skip  (verdict marker (prior success))
[2026-09-15 12:24:14.238] fetch_binding_ocaml        warm_check_post  (FAIL — the postcondition no longer holds; re-running)
[2026-09-15 12:24:14.239] fetch_binding_ocaml_inspect  warm_gate  (marker + fingerprint + check_post passed)
[2026-09-15 12:24:14.239] fetch_binding_ocaml_inspect  skip  (verdict marker (prior success))
[2026-09-15 12:24:14.239] fetch_binding_ocaml_stub_inspect  warm_gate  (marker + fingerprint + check_post passed)
[2026-09-15 12:24:14.239] fetch_binding_ocaml_stub_inspect  skip  (verdict marker (prior success))
[2026-09-15 12:24:14.239] probe_app_ocaml            warm_gate  (marker + fingerprint + check_post passed)
[2026-09-15 12:24:14.239] probe_app_ocaml            skip  (verdict marker (prior success))
[2026-09-15 12:24:14.239] probe_lib                  warm_gate  (marker + fingerprint + check_post passed)
[2026-09-15 12:24:14.239] probe_lib                  skip  (verdict marker (prior success))
[2026-09-15 12:24:14.239] probe_lib_inspect          warm_gate  (marker + fingerprint + check_post passed)
[2026-09-15 12:24:14.239] probe_lib_inspect          skip  (verdict marker (prior success))
[2026-09-15 12:24:14.239] fetch_binding_ocaml        check_pre  (pass)
[2026-09-15 12:24:14.241] fetch_binding_ocaml        cmd  (eval $(opam env) && opam install ssl.0.7.0 -y && eval $(opam env) && opam install -y ocamlfind && echo 'installed' > /home/red/code/research/tola/_out/canary/projects/ssl/fetch_binding/ocaml/binding_source-fetched_lib-fetched_ocaml_binding-fetched-0.7.0_app-vendored-stable.ok)
[2026-09-15 12:24:14.241] fetch_binding_ocaml        opam_switch  (canary)
[2026-09-15 12:24:14.241] fetch_binding_ocaml        platform  (wsl_ubuntu)
[2026-09-15 12:24:19.260] fetch_binding_ocaml        cmd_log  (fetch_binding_ocaml.out_source-fetched_lib-fetched_ocaml_binding-fetched-0.7.0_app-vendored-stable.log)
[2026-09-15 12:24:19.260] fetch_binding_ocaml        detect  (ok, output present)
[2026-09-15 12:24:19.260] fetch_binding_ocaml        agreement_outcome  (no agreement fires at this action)
[2026-09-15 12:24:19.517] fetch_binding_ocaml        check_post  (pass)
[2026-09-15 12:24:19.517] fetch_binding_ocaml        done
[2026-09-15 12:24:19.520] probe_binding_ocaml        check_pre  (pass)
[2026-09-15 12:24:19.521] probe_binding_ocaml        cmd  (eval $(opam env)
INSTALLED=$(opam list ssl --installed --short --columns=version --color=never 2>/dev/null)
test "$INSTALLED" = "0.7.0" || { echo "WORLD MISMATCH: switch has ssl $INSTALLED, scenario declares ssl 0.7.0"; exit 1; }
eval $(opam env)
ocamlfind ocamlopt -package ssl -linkpkg canary/examples/ssl_variant/app_core.ml -o /home/red/code/research/tola/_out/canary/projects/ssl/probe_binding/ocaml/ssl_app_core > /home/red/code/research/tola/_out/canary/projects/ssl/probe_binding/ocaml/probe_source-fetched_lib-fetched_ocaml_binding-fetched-0.7.0_app-vendored-stable.log 2>&1 && /home/red/code/research/tola/_out/canary/projects/ssl/probe_binding/ocaml/ssl_app_core >> /home/red/code/research/tola/_out/canary/projects/ssl/probe_binding/ocaml/probe_source-fetched_lib-fetched_ocaml_binding-fetched-0.7.0_app-vendored-stable.log 2>&1
RC=$?
test -f /home/red/code/research/tola/_out/canary/projects/ssl/probe_binding/ocaml/ssl_app_core && { nm -D "/home/red/code/research/tola/_out/canary/projects/ssl/probe_binding/ocaml/ssl_app_core" 2>/dev/null \
  | python3 canary/scripts/inspect_native.py --elf --path "/home/red/code/research/tola/_out/canary/projects/ssl/probe_binding/ocaml/ssl_app_core" --prefixes '' --watchlist '' \
  > /home/red/code/research/tola/_out/canary/projects/ssl/probe_binding/ocaml/inspect_abi_source-fetched_lib-fetched_ocaml_binding-fetched-0.7.0_app-vendored-stable.json ; } || true
cat /home/red/code/research/tola/_out/canary/projects/ssl/probe_binding/ocaml/probe_source-fetched_lib-fetched_ocaml_binding-fetched-0.7.0_app-vendored-stable.log
exit $RC)
[2026-09-15 12:24:19.521] probe_binding_ocaml        opam_switch  (canary)
[2026-09-15 12:24:19.521] probe_binding_ocaml        platform  (wsl_ubuntu)
[2026-09-15 12:24:19.936] probe_binding_ocaml        cmd_log  (probe_binding_ocaml.out_source-fetched_lib-fetched_ocaml_binding-fetched-0.7.0_app-vendored-stable.log)
[2026-09-15 12:24:19.936] probe_binding_ocaml        detect  (ok, output present)
[2026-09-15 12:24:19.939] probe_binding_ocaml        agreement_outcome  (required_symbols_exported/stub_requirements_vs_library_exports: holds)
[2026-09-15 12:24:19.939] probe_binding_ocaml        agreement_outcome  (api_names_present/watchlist_vs_user_surface: holds)
[2026-09-15 12:24:19.939] probe_binding_ocaml        agreement_outcome  (behavior_matches/probe_assertions: not_implemented: the expected values live inside the probe's source as embedded assertions, and the observation is the probe's …)
[2026-09-15 12:24:19.939] probe_binding_ocaml        agreement_outcome  (soname_matches_requirement/library_identity_vs_consumer_record: holds)
[2026-09-15 12:24:19.939] probe_binding_ocaml        agreement_outcome  (required_versions_exported/required_tags_vs_provider_exports: violated: GLIBC_2.10,GLIBC_2.11,GLIBC_2.14,GLIBC_2.15,GLIBC_2.16,GLIBC_2.17,GLIBC_2.2.5,GLIBC_2.25,GLIBC_2.28,GLIBC_2.29…)
[2026-09-15 12:24:19.939] probe_binding_ocaml        agreement_outcome  (signatures_agree/header_vs_stub_signature_summaries: unavailable: no header signature summary in this world)
[2026-09-15 12:24:19.939] probe_binding_ocaml        agreement_outcome  (dependencies_provided/recorded_dependencies_vs_world_providers: violated: libcrypto.so.3)
[2026-09-15 12:24:19.939] probe_binding_ocaml        agreement_outcome  (repack_preserves_api/declared_repacking_relation: not_implemented: the repacking relation is not specified: "preserves" has no agreed scope, so there is nothing to compare a bin…)
[2026-09-15 12:24:19.939] probe_binding_ocaml        agreement_outcome  (repack_complete/composed_faithfulness: not_implemented: the claim's scope is unsettled ("loses nothing" needs an allowed-omission policy), and two of the three agreem…)
[2026-09-15 12:24:19.939] probe_binding_ocaml        compat_note  (required_symbols_exported: consumer requires 43 of the provider's 485 symbols (e.g. SSL_CIPHER_description in use; BIO_f_ssl in the unused remainder) — POSSIBLY OUT-OF-DATE (a small consumer surface may be by design or lag))
[2026-09-15 12:24:19.949] probe_binding_ocaml        unexpected_success  (compat failure predicted (derived) but command succeeded)
[2026-09-15 12:24:19.949] *                          graph_end  (7/8 completed)
[2026-09-15 12:24:19.949] probe_binding_ocaml        failed
[2026-09-15 12:24:19.950] *                          diagram  (_out/canary/projects/ssl/-run/diagrams/all.mmd)
[2026-09-15 12:24:19.950] *                          diagram  (_out/canary/projects/ssl/-run/diagrams/full.mmd)
[2026-09-15 12:24:19.950] *                          view  (lib (3 steps))
[2026-09-15 12:24:19.950] *                          view  (probes (4 steps))
[2026-09-15 12:24:19.950] *                          view  (binding_ocaml (4 steps))
[2026-09-15 12:24:19.951] *                          html  (_out/canary/projects/ssl/-run/result.html)
[2026-09-15 12:24:19.952] *                          index  (_out/canary/projects/index.html)
[2026-09-15 12:24:19.952] *                          invariant  (full.mmd: OK (8 nodes, 8 IDs))
[2026-09-15 12:24:19.952] *                          invariant  (binding_ocaml.mmd: OK (7 nodes, 8 IDs))
[2026-09-15 12:24:19.952] *                          invariant  (source.mmd: OK (6 nodes, 8 IDs))
[2026-09-15 12:24:19.952] *                          invariant  (lib.mmd: OK (6 nodes, 8 IDs))
[2026-09-15 12:24:19.952] *                          invariant  (all.mmd: OK (5 nodes, 8 IDs))
[2026-09-15 12:24:19.952] *                          invariant  (probes.mmd: OK (8 nodes, 8 IDs))
[2026-09-15 12:24:19.952] *                          invariant  (ALL OK)
[2026-09-15 12:25:04.243] *                          run_start  (ssl)
[2026-09-15 12:25:04.250] *                          variant_start  (source-fetched_lib-fetched_ocaml_binding-fetched-0.6.0_app-vendored-stable)
[2026-09-15 12:25:04.250] *                          graph_start  (8 steps)
[2026-09-15 12:25:04.250] fetch_lib                  warm_gate  (marker + fingerprint + check_post passed)
[2026-09-15 12:25:04.250] fetch_lib                  skip  (verdict marker (prior success))
[2026-09-15 12:25:04.514] fetch_binding_ocaml        warm_check_post  (FAIL — the postcondition no longer holds; re-running)
[2026-09-15 12:25:04.514] fetch_binding_ocaml_inspect  warm_gate  (marker + fingerprint + check_post passed)
[2026-09-15 12:25:04.514] fetch_binding_ocaml_inspect  skip  (verdict marker (prior success))
[2026-09-15 12:25:04.514] fetch_binding_ocaml_stub_inspect  warm_gate  (marker + fingerprint + check_post passed)
[2026-09-15 12:25:04.514] fetch_binding_ocaml_stub_inspect  skip  (verdict marker (prior success))
[2026-09-15 12:25:04.514] probe_app_ocaml            warm_gate  (marker + fingerprint + check_post passed)
[2026-09-15 12:25:04.514] probe_app_ocaml            skip  (verdict marker (prior xfail) [api_names_present])
[2026-09-15 12:25:04.514] probe_lib                  warm_gate  (marker + fingerprint + check_post passed)
[2026-09-15 12:25:04.514] probe_lib                  skip  (verdict marker (prior success))
[2026-09-15 12:25:04.514] probe_lib_inspect          warm_gate  (marker + fingerprint + check_post passed)
[2026-09-15 12:25:04.514] probe_lib_inspect          skip  (verdict marker (prior success))
[2026-09-15 12:25:04.514] fetch_binding_ocaml        check_pre  (pass)
[2026-09-15 12:25:04.517] fetch_binding_ocaml        cmd  (eval $(opam env) && opam install ssl.0.6.0 -y && eval $(opam env) && opam install -y ocamlfind && echo 'installed' > /home/red/code/research/tola/_out/canary/projects/ssl/fetch_binding/ocaml/binding_source-fetched_lib-fetched_ocaml_binding-fetched-0.6.0_app-vendored-stable.ok)
[2026-09-15 12:25:04.517] fetch_binding_ocaml        opam_switch  (canary)
[2026-09-15 12:25:04.517] fetch_binding_ocaml        platform  (wsl_ubuntu)
[2026-09-15 12:25:09.887] fetch_binding_ocaml        cmd_log  (fetch_binding_ocaml.out_source-fetched_lib-fetched_ocaml_binding-fetched-0.6.0_app-vendored-stable.log)
[2026-09-15 12:25:09.887] fetch_binding_ocaml        detect  (ok, output present)
[2026-09-15 12:25:09.887] fetch_binding_ocaml        agreement_outcome  (no agreement fires at this action)
[2026-09-15 12:25:10.138] fetch_binding_ocaml        check_post  (pass)
[2026-09-15 12:25:10.138] fetch_binding_ocaml        done
[2026-09-15 12:25:10.140] probe_binding_ocaml        check_pre  (pass)
[2026-09-15 12:25:10.142] probe_binding_ocaml        cmd  (eval $(opam env)
INSTALLED=$(opam list ssl --installed --short --columns=version --color=never 2>/dev/null)
test "$INSTALLED" = "0.6.0" || { echo "WORLD MISMATCH: switch has ssl $INSTALLED, scenario declares ssl 0.6.0"; exit 1; }
eval $(opam env)
ocamlfind ocamlopt -package ssl -linkpkg canary/examples/ssl_variant/app_core.ml -o /home/red/code/research/tola/_out/canary/projects/ssl/probe_binding/ocaml/ssl_app_core > /home/red/code/research/tola/_out/canary/projects/ssl/probe_binding/ocaml/probe_source-fetched_lib-fetched_ocaml_binding-fetched-0.6.0_app-vendored-stable.log 2>&1 && /home/red/code/research/tola/_out/canary/projects/ssl/probe_binding/ocaml/ssl_app_core >> /home/red/code/research/tola/_out/canary/projects/ssl/probe_binding/ocaml/probe_source-fetched_lib-fetched_ocaml_binding-fetched-0.6.0_app-vendored-stable.log 2>&1
RC=$?
test -f /home/red/code/research/tola/_out/canary/projects/ssl/probe_binding/ocaml/ssl_app_core && { nm -D "/home/red/code/research/tola/_out/canary/projects/ssl/probe_binding/ocaml/ssl_app_core" 2>/dev/null \
  | python3 canary/scripts/inspect_native.py --elf --path "/home/red/code/research/tola/_out/canary/projects/ssl/probe_binding/ocaml/ssl_app_core" --prefixes '' --watchlist '' \
  > /home/red/code/research/tola/_out/canary/projects/ssl/probe_binding/ocaml/inspect_abi_source-fetched_lib-fetched_ocaml_binding-fetched-0.6.0_app-vendored-stable.json ; } || true
cat /home/red/code/research/tola/_out/canary/projects/ssl/probe_binding/ocaml/probe_source-fetched_lib-fetched_ocaml_binding-fetched-0.6.0_app-vendored-stable.log
exit $RC)
[2026-09-15 12:25:10.142] probe_binding_ocaml        opam_switch  (canary)
[2026-09-15 12:25:10.142] probe_binding_ocaml        platform  (wsl_ubuntu)
[2026-09-15 12:25:10.555] probe_binding_ocaml        cmd_log  (probe_binding_ocaml.out_source-fetched_lib-fetched_ocaml_binding-fetched-0.6.0_app-vendored-stable.log)
[2026-09-15 12:25:10.555] probe_binding_ocaml        detect  (ok, output present)
[2026-09-15 12:25:10.559] probe_binding_ocaml        agreement_outcome  (required_symbols_exported/stub_requirements_vs_library_exports: holds)
[2026-09-15 12:25:10.559] probe_binding_ocaml        agreement_outcome  (api_names_present/watchlist_vs_user_surface: holds)
[2026-09-15 12:25:10.559] probe_binding_ocaml        agreement_outcome  (behavior_matches/probe_assertions: not_implemented: the expected values live inside the probe's source as embedded assertions, and the observation is the probe's …)
[2026-09-15 12:25:10.559] probe_binding_ocaml        agreement_outcome  (soname_matches_requirement/library_identity_vs_consumer_record: holds)
[2026-09-15 12:25:10.559] probe_binding_ocaml        agreement_outcome  (required_versions_exported/required_tags_vs_provider_exports: holds)
[2026-09-15 12:25:10.559] probe_binding_ocaml        agreement_outcome  (signatures_agree/header_vs_stub_signature_summaries: unavailable: no header signature summary in this world)
[2026-09-15 12:25:10.559] probe_binding_ocaml        agreement_outcome  (dependencies_provided/recorded_dependencies_vs_world_providers: violated: libcrypto.so.3)
[2026-09-15 12:25:10.559] probe_binding_ocaml        agreement_outcome  (repack_preserves_api/declared_repacking_relation: not_implemented: the repacking relation is not specified: "preserves" has no agreed scope, so there is nothing to compare a bin…)
[2026-09-15 12:25:10.559] probe_binding_ocaml        agreement_outcome  (repack_complete/composed_faithfulness: not_implemented: the claim's scope is unsettled ("loses nothing" needs an allowed-omission policy), and two of the three agreem…)
[2026-09-15 12:25:10.560] probe_binding_ocaml        compat_note  (required_symbols_exported: consumer requires 43 of the provider's 485 symbols (e.g. SSL_CIPHER_description in use; BIO_f_ssl in the unused remainder) — POSSIBLY OUT-OF-DATE (a small consumer surface may be by design or lag))
[2026-09-15 12:25:10.565] probe_binding_ocaml        unexpected_success  (compat failure predicted (derived) but command succeeded)
[2026-09-15 12:25:10.565] *                          graph_end  (7/8 completed)
[2026-09-15 12:25:10.565] probe_binding_ocaml        failed
[2026-09-15 12:25:10.565] *                          diagram  (_out/canary/projects/ssl/-run/diagrams/all.mmd)
[2026-09-15 12:25:10.565] *                          diagram  (_out/canary/projects/ssl/-run/diagrams/full.mmd)
[2026-09-15 12:25:10.565] *                          view  (lib (3 steps))
[2026-09-15 12:25:10.565] *                          view  (probes (4 steps))
[2026-09-15 12:25:10.565] *                          view  (binding_ocaml (4 steps))
[2026-09-15 12:25:10.567] *                          html  (_out/canary/projects/ssl/-run/result.html)
[2026-09-15 12:25:10.568] *                          index  (_out/canary/projects/index.html)
[2026-09-15 12:25:10.568] *                          invariant  (full.mmd: OK (8 nodes, 8 IDs))
[2026-09-15 12:25:10.568] *                          invariant  (binding_ocaml.mmd: OK (7 nodes, 8 IDs))
[2026-09-15 12:25:10.568] *                          invariant  (source.mmd: OK (6 nodes, 8 IDs))
[2026-09-15 12:25:10.568] *                          invariant  (lib.mmd: OK (6 nodes, 8 IDs))
[2026-09-15 12:25:10.568] *                          invariant  (all.mmd: OK (5 nodes, 8 IDs))
[2026-09-15 12:25:10.568] *                          invariant  (probes.mmd: OK (8 nodes, 8 IDs))
[2026-09-15 12:25:10.568] *                          invariant  (ALL OK)
[2026-09-15 12:25:10.585] *                          variant_start  (source-fetched_lib-fetched_ocaml_binding-fetched-0.7.0_app-vendored-stable)
[2026-09-15 12:25:10.585] *                          graph_start  (8 steps)
[2026-09-15 12:25:10.585] fetch_lib                  warm_gate  (marker + fingerprint + check_post passed)
[2026-09-15 12:25:10.585] fetch_lib                  skip  (verdict marker (prior success))
[2026-09-15 12:25:10.834] fetch_binding_ocaml        warm_check_post  (FAIL — the postcondition no longer holds; re-running)
[2026-09-15 12:25:10.834] fetch_binding_ocaml_inspect  warm_gate  (marker + fingerprint + check_post passed)
[2026-09-15 12:25:10.834] fetch_binding_ocaml_inspect  skip  (verdict marker (prior success))
[2026-09-15 12:25:10.834] fetch_binding_ocaml_stub_inspect  warm_gate  (marker + fingerprint + check_post passed)
[2026-09-15 12:25:10.834] fetch_binding_ocaml_stub_inspect  skip  (verdict marker (prior success))
[2026-09-15 12:25:10.834] probe_app_ocaml            warm_gate  (marker + fingerprint + check_post passed)
[2026-09-15 12:25:10.834] probe_app_ocaml            skip  (verdict marker (prior success))
[2026-09-15 12:25:10.834] probe_lib                  warm_gate  (marker + fingerprint + check_post passed)
[2026-09-15 12:25:10.834] probe_lib                  skip  (verdict marker (prior success))
[2026-09-15 12:25:10.834] probe_lib_inspect          warm_gate  (marker + fingerprint + check_post passed)
[2026-09-15 12:25:10.834] probe_lib_inspect          skip  (verdict marker (prior success))
[2026-09-15 12:25:10.834] fetch_binding_ocaml        check_pre  (pass)
[2026-09-15 12:25:10.836] fetch_binding_ocaml        cmd  (eval $(opam env) && opam install ssl.0.7.0 -y && eval $(opam env) && opam install -y ocamlfind && echo 'installed' > /home/red/code/research/tola/_out/canary/projects/ssl/fetch_binding/ocaml/binding_source-fetched_lib-fetched_ocaml_binding-fetched-0.7.0_app-vendored-stable.ok)
[2026-09-15 12:25:10.836] fetch_binding_ocaml        opam_switch  (canary)
[2026-09-15 12:25:10.836] fetch_binding_ocaml        platform  (wsl_ubuntu)
[2026-09-15 12:25:15.683] fetch_binding_ocaml        cmd_log  (fetch_binding_ocaml.out_source-fetched_lib-fetched_ocaml_binding-fetched-0.7.0_app-vendored-stable.log)
[2026-09-15 12:25:15.683] fetch_binding_ocaml        detect  (ok, output present)
[2026-09-15 12:25:15.683] fetch_binding_ocaml        agreement_outcome  (no agreement fires at this action)
[2026-09-15 12:25:15.930] fetch_binding_ocaml        check_post  (pass)
[2026-09-15 12:25:15.930] fetch_binding_ocaml        done
[2026-09-15 12:25:15.932] probe_binding_ocaml        check_pre  (pass)
[2026-09-15 12:25:15.934] probe_binding_ocaml        cmd  (eval $(opam env)
INSTALLED=$(opam list ssl --installed --short --columns=version --color=never 2>/dev/null)
test "$INSTALLED" = "0.7.0" || { echo "WORLD MISMATCH: switch has ssl $INSTALLED, scenario declares ssl 0.7.0"; exit 1; }
eval $(opam env)
ocamlfind ocamlopt -package ssl -linkpkg canary/examples/ssl_variant/app_core.ml -o /home/red/code/research/tola/_out/canary/projects/ssl/probe_binding/ocaml/ssl_app_core > /home/red/code/research/tola/_out/canary/projects/ssl/probe_binding/ocaml/probe_source-fetched_lib-fetched_ocaml_binding-fetched-0.7.0_app-vendored-stable.log 2>&1 && /home/red/code/research/tola/_out/canary/projects/ssl/probe_binding/ocaml/ssl_app_core >> /home/red/code/research/tola/_out/canary/projects/ssl/probe_binding/ocaml/probe_source-fetched_lib-fetched_ocaml_binding-fetched-0.7.0_app-vendored-stable.log 2>&1
RC=$?
test -f /home/red/code/research/tola/_out/canary/projects/ssl/probe_binding/ocaml/ssl_app_core && { nm -D "/home/red/code/research/tola/_out/canary/projects/ssl/probe_binding/ocaml/ssl_app_core" 2>/dev/null \
  | python3 canary/scripts/inspect_native.py --elf --path "/home/red/code/research/tola/_out/canary/projects/ssl/probe_binding/ocaml/ssl_app_core" --prefixes '' --watchlist '' \
  > /home/red/code/research/tola/_out/canary/projects/ssl/probe_binding/ocaml/inspect_abi_source-fetched_lib-fetched_ocaml_binding-fetched-0.7.0_app-vendored-stable.json ; } || true
cat /home/red/code/research/tola/_out/canary/projects/ssl/probe_binding/ocaml/probe_source-fetched_lib-fetched_ocaml_binding-fetched-0.7.0_app-vendored-stable.log
exit $RC)
[2026-09-15 12:25:15.934] probe_binding_ocaml        opam_switch  (canary)
[2026-09-15 12:25:15.934] probe_binding_ocaml        platform  (wsl_ubuntu)
[2026-09-15 12:25:16.335] probe_binding_ocaml        cmd_log  (probe_binding_ocaml.out_source-fetched_lib-fetched_ocaml_binding-fetched-0.7.0_app-vendored-stable.log)
[2026-09-15 12:25:16.335] probe_binding_ocaml        detect  (ok, output present)
[2026-09-15 12:25:16.338] probe_binding_ocaml        agreement_outcome  (required_symbols_exported/stub_requirements_vs_library_exports: holds)
[2026-09-15 12:25:16.338] probe_binding_ocaml        agreement_outcome  (api_names_present/watchlist_vs_user_surface: holds)
[2026-09-15 12:25:16.338] probe_binding_ocaml        agreement_outcome  (behavior_matches/probe_assertions: not_implemented: the expected values live inside the probe's source as embedded assertions, and the observation is the probe's …)
[2026-09-15 12:25:16.338] probe_binding_ocaml        agreement_outcome  (soname_matches_requirement/library_identity_vs_consumer_record: holds)
[2026-09-15 12:25:16.338] probe_binding_ocaml        agreement_outcome  (required_versions_exported/required_tags_vs_provider_exports: holds)
[2026-09-15 12:25:16.338] probe_binding_ocaml        agreement_outcome  (signatures_agree/header_vs_stub_signature_summaries: unavailable: no header signature summary in this world)
[2026-09-15 12:25:16.338] probe_binding_ocaml        agreement_outcome  (dependencies_provided/recorded_dependencies_vs_world_providers: violated: libcrypto.so.3)
[2026-09-15 12:25:16.338] probe_binding_ocaml        agreement_outcome  (repack_preserves_api/declared_repacking_relation: not_implemented: the repacking relation is not specified: "preserves" has no agreed scope, so there is nothing to compare a bin…)
[2026-09-15 12:25:16.338] probe_binding_ocaml        agreement_outcome  (repack_complete/composed_faithfulness: not_implemented: the claim's scope is unsettled ("loses nothing" needs an allowed-omission policy), and two of the three agreem…)
[2026-09-15 12:25:16.338] probe_binding_ocaml        compat_note  (required_symbols_exported: consumer requires 43 of the provider's 485 symbols (e.g. SSL_CIPHER_description in use; BIO_f_ssl in the unused remainder) — POSSIBLY OUT-OF-DATE (a small consumer surface may be by design or lag))
[2026-09-15 12:25:16.343] probe_binding_ocaml        unexpected_success  (compat failure predicted (derived) but command succeeded)
[2026-09-15 12:25:16.343] *                          graph_end  (7/8 completed)
[2026-09-15 12:25:16.343] probe_binding_ocaml        failed
[2026-09-15 12:25:16.343] *                          diagram  (_out/canary/projects/ssl/-run/diagrams/all.mmd)
[2026-09-15 12:25:16.343] *                          diagram  (_out/canary/projects/ssl/-run/diagrams/full.mmd)
[2026-09-15 12:25:16.343] *                          view  (lib (3 steps))
[2026-09-15 12:25:16.344] *                          view  (probes (4 steps))
[2026-09-15 12:25:16.344] *                          view  (binding_ocaml (4 steps))
[2026-09-15 12:25:16.344] *                          html  (_out/canary/projects/ssl/-run/result.html)
[2026-09-15 12:25:16.345] *                          index  (_out/canary/projects/index.html)
[2026-09-15 12:25:16.345] *                          invariant  (full.mmd: OK (8 nodes, 8 IDs))
[2026-09-15 12:25:16.345] *                          invariant  (binding_ocaml.mmd: OK (7 nodes, 8 IDs))
[2026-09-15 12:25:16.345] *                          invariant  (source.mmd: OK (6 nodes, 8 IDs))
[2026-09-15 12:25:16.345] *                          invariant  (lib.mmd: OK (6 nodes, 8 IDs))
[2026-09-15 12:25:16.345] *                          invariant  (all.mmd: OK (5 nodes, 8 IDs))
[2026-09-15 12:25:16.346] *                          invariant  (probes.mmd: OK (8 nodes, 8 IDs))
[2026-09-15 12:25:16.346] *                          invariant  (ALL OK)
[2026-09-15 18:47:33.710] *                          run_start  (ssl)
[2026-09-15 18:47:33.719] *                          variant_start  (source-fetched_lib-fetched_ocaml_binding-fetched-0.6.0_app-vendored-stable)
[2026-09-15 18:47:33.719] *                          graph_start  (8 steps)
[2026-09-15 18:47:33.719] fetch_lib                  warm_gate  (marker + fingerprint + check_post passed)
[2026-09-15 18:47:33.719] fetch_lib                  skip  (verdict marker (prior success))
[2026-09-15 18:47:33.982] fetch_binding_ocaml        warm_check_post  (FAIL — the postcondition no longer holds; re-running)
[2026-09-15 18:47:33.983] fetch_binding_ocaml_inspect  warm_gate  (marker + fingerprint + check_post passed)
[2026-09-15 18:47:33.983] fetch_binding_ocaml_inspect  skip  (verdict marker (prior success))
[2026-09-15 18:47:33.983] fetch_binding_ocaml_stub_inspect  warm_gate  (marker + fingerprint + check_post passed)
[2026-09-15 18:47:33.983] fetch_binding_ocaml_stub_inspect  skip  (verdict marker (prior success))
[2026-09-15 18:47:33.984] probe_app_ocaml            warm_gate  (marker + fingerprint + check_post passed)
[2026-09-15 18:47:33.984] probe_app_ocaml            skip  (verdict marker (prior xfail) [api_names_present])
[2026-09-15 18:47:33.984] fetch_binding_ocaml        check_pre  (pass)
[2026-09-15 18:47:33.986] fetch_binding_ocaml        cmd  (eval $(opam env) && opam install ssl.0.6.0 -y && eval $(opam env) && opam install -y ocamlfind && echo 'installed' > /home/red/code/research/tola/_out/canary/projects/ssl/fetch_binding/ocaml/binding_source-fetched_lib-fetched_ocaml_binding-fetched-0.6.0_app-vendored-stable.ok)
[2026-09-15 18:47:33.986] fetch_binding_ocaml        opam_switch  (canary)
[2026-09-15 18:47:33.986] fetch_binding_ocaml        platform  (wsl_ubuntu)
[2026-09-15 18:47:39.755] fetch_binding_ocaml        cmd_log  (fetch_binding_ocaml.out_source-fetched_lib-fetched_ocaml_binding-fetched-0.6.0_app-vendored-stable.log)
[2026-09-15 18:47:39.755] fetch_binding_ocaml        detect  (ok, output present)
[2026-09-15 18:47:39.755] fetch_binding_ocaml        agreement_outcome  (no agreement fires at this action)
[2026-09-15 18:47:40.026] fetch_binding_ocaml        check_post  (pass)
[2026-09-15 18:47:40.026] fetch_binding_ocaml        done
[2026-09-15 18:47:40.028] probe_lib                  check_pre  (pass)
[2026-09-15 18:47:40.031] probe_lib                  cmd  (LIB_NATIVE=$(ls /usr/lib/x86_64-linux-gnu/libssl.so.* /usr/lib*/libssl.so.* 2>/dev/null \
        "$(brew --prefix openssl@3 2>/dev/null)/lib/libssl.dylib" 2>/dev/null \
        | head -1)
test -n "$LIB_NATIVE" -a -e "$LIB_NATIVE"
COUNT=$(nm -D "$LIB_NATIVE" 2>/dev/null | grep -v ' U ' | grep -c 'SSL_' || echo 0)
printf 'SSL_ symbols exported: %s\n' "$COUNT" | tee /home/red/code/research/tola/_out/canary/projects/ssl/probe_lib/probe_source-fetched_lib-fetched_ocaml_binding-fetched-0.6.0_app-vendored-stable.log
test "$COUNT" -gt 0)
[2026-09-15 18:47:40.031] probe_lib                  opam_switch  (canary)
[2026-09-15 18:47:40.031] probe_lib                  platform  (wsl_ubuntu)
[2026-09-15 18:47:40.083] probe_lib                  cmd_log  (probe_lib.out_source-fetched_lib-fetched_ocaml_binding-fetched-0.6.0_app-vendored-stable.log)
[2026-09-15 18:47:40.083] probe_lib                  detect  (ok, output present)
[2026-09-15 18:47:40.083] probe_lib                  agreement_outcome  (no agreement fires at this action)
[2026-09-15 18:47:40.083] probe_lib                  check_post  (pass)
[2026-09-15 18:47:40.083] probe_lib                  done
[2026-09-15 18:47:40.085] probe_lib_inspect          check_pre  (pass)
[2026-09-15 18:47:40.087] probe_lib_inspect          cmd  (LIB_NATIVE=$(ls /usr/lib/x86_64-linux-gnu/libssl.so.* /usr/lib*/libssl.so.* 2>/dev/null \
        "$(brew --prefix openssl@3 2>/dev/null)/lib/libssl.dylib" 2>/dev/null \
        | head -1)
test -n "$LIB_NATIVE" -a -e "$LIB_NATIVE"
nm -D "$LIB_NATIVE" 2>/dev/null \
  | python3 canary/scripts/inspect_native.py --emit-symbols --elf --path "$LIB_NATIVE" --prefixes 'SSL_,TLS_,BIO_' --watchlist 'SSL_CTX_new,SSL_new,SSL_connect,SSL_read,SSL_write,TLS_method' \
  > /home/red/code/research/tola/_out/canary/projects/ssl/probe_lib/inspect_source-fetched_lib-fetched_ocaml_binding-fetched-0.6.0_app-vendored-stable.json)
[2026-09-15 18:47:40.088] probe_lib_inspect          opam_switch  (canary)
[2026-09-15 18:47:40.088] probe_lib_inspect          platform  (wsl_ubuntu)
[2026-09-15 18:47:40.142] probe_lib_inspect          cmd_log  (probe_lib_inspect.out_source-fetched_lib-fetched_ocaml_binding-fetched-0.6.0_app-vendored-stable.log)
[2026-09-15 18:47:40.142] probe_lib_inspect          detect  (ok, output present)
[2026-09-15 18:47:40.142] probe_lib_inspect          agreement_outcome  (no agreement fires at this action)
[2026-09-15 18:47:40.142] probe_lib_inspect          check_post  (pass)
[2026-09-15 18:47:40.142] probe_lib_inspect          done
[2026-09-15 18:47:40.144] probe_binding_ocaml        check_pre  (pass)
[2026-09-15 18:47:40.146] probe_binding_ocaml        cmd  (eval $(opam env)
INSTALLED=$(opam list ssl --installed --short --columns=version --color=never 2>/dev/null)
test "$INSTALLED" = "0.6.0" || { echo "WORLD MISMATCH: switch has ssl $INSTALLED, scenario declares ssl 0.6.0"; exit 1; }
eval $(opam env)
ocamlfind ocamlopt -package ssl -linkpkg canary/examples/ssl_variant/app_core.ml -o /home/red/code/research/tola/_out/canary/projects/ssl/probe_binding/ocaml/ssl_app_core > /home/red/code/research/tola/_out/canary/projects/ssl/probe_binding/ocaml/probe_source-fetched_lib-fetched_ocaml_binding-fetched-0.6.0_app-vendored-stable.log 2>&1 && /home/red/code/research/tola/_out/canary/projects/ssl/probe_binding/ocaml/ssl_app_core >> /home/red/code/research/tola/_out/canary/projects/ssl/probe_binding/ocaml/probe_source-fetched_lib-fetched_ocaml_binding-fetched-0.6.0_app-vendored-stable.log 2>&1
RC=$?
test -f /home/red/code/research/tola/_out/canary/projects/ssl/probe_binding/ocaml/ssl_app_core && { nm -D "/home/red/code/research/tola/_out/canary/projects/ssl/probe_binding/ocaml/ssl_app_core" 2>/dev/null \
  | python3 canary/scripts/inspect_native.py --elf --path "/home/red/code/research/tola/_out/canary/projects/ssl/probe_binding/ocaml/ssl_app_core" --prefixes '' --watchlist '' \
  > /home/red/code/research/tola/_out/canary/projects/ssl/probe_binding/ocaml/inspect_abi_source-fetched_lib-fetched_ocaml_binding-fetched-0.6.0_app-vendored-stable.json ; } || true
cat /home/red/code/research/tola/_out/canary/projects/ssl/probe_binding/ocaml/probe_source-fetched_lib-fetched_ocaml_binding-fetched-0.6.0_app-vendored-stable.log
exit $RC)
[2026-09-15 18:47:40.147] probe_binding_ocaml        opam_switch  (canary)
[2026-09-15 18:47:40.147] probe_binding_ocaml        platform  (wsl_ubuntu)
[2026-09-15 18:47:40.589] probe_binding_ocaml        cmd_log  (probe_binding_ocaml.out_source-fetched_lib-fetched_ocaml_binding-fetched-0.6.0_app-vendored-stable.log)
[2026-09-15 18:47:40.589] probe_binding_ocaml        detect  (ok, output present)
[2026-09-15 18:47:40.593] probe_binding_ocaml        agreement_outcome  (required_symbols_exported/stub_requirements_vs_library_exports: holds)
[2026-09-15 18:47:40.593] probe_binding_ocaml        agreement_outcome  (api_names_present/watchlist_vs_user_surface: holds)
[2026-09-15 18:47:40.593] probe_binding_ocaml        agreement_outcome  (behavior_matches/probe_assertions: not_implemented: the expected values live inside the probe's source as embedded assertions, and the observation is the probe's …)
[2026-09-15 18:47:40.593] probe_binding_ocaml        agreement_outcome  (soname_matches_requirement/library_identity_vs_consumer_record: holds)
[2026-09-15 18:47:40.593] probe_binding_ocaml        agreement_outcome  (required_versions_exported/required_tags_vs_provider_exports: holds)
[2026-09-15 18:47:40.593] probe_binding_ocaml        agreement_outcome  (signatures_agree/header_vs_stub_signature_summaries: unavailable: no header signature summary in this world)
[2026-09-15 18:47:40.593] probe_binding_ocaml        agreement_outcome  (dependencies_provided/recorded_dependencies_vs_world_providers: violated: libcrypto.so.3)
[2026-09-15 18:47:40.593] probe_binding_ocaml        agreement_outcome  (repack_preserves_api/declared_repacking_relation: not_implemented: the repacking relation is not specified: "preserves" has no agreed scope, so there is nothing to compare a bin…)
[2026-09-15 18:47:40.593] probe_binding_ocaml        agreement_outcome  (repack_complete/composed_faithfulness: not_implemented: the claim's scope is unsettled ("loses nothing" needs an allowed-omission policy), and two of the three agreem…)
[2026-09-15 18:47:40.594] probe_binding_ocaml        compat_note  (required_symbols_exported: consumer requires 43 of the provider's 485 symbols (e.g. SSL_CIPHER_description in use; BIO_f_ssl in the unused remainder) — POSSIBLY OUT-OF-DATE (a small consumer surface may be by design or lag))
[2026-09-15 18:47:40.599] probe_binding_ocaml        unexpected_success  (compat failure predicted (derived) but command succeeded)
[2026-09-15 18:47:40.599] *                          graph_end  (7/8 completed)
[2026-09-15 18:47:40.599] probe_binding_ocaml        failed
[2026-09-15 18:47:40.599] *                          diagram  (_out/canary/projects/ssl/-run/diagrams/all.mmd)
[2026-09-15 18:47:40.599] *                          diagram  (_out/canary/projects/ssl/-run/diagrams/full.mmd)
[2026-09-15 18:47:40.600] *                          view  (lib (3 steps))
[2026-09-15 18:47:40.600] *                          view  (probes (4 steps))
[2026-09-15 18:47:40.600] *                          view  (binding_ocaml (4 steps))
[2026-09-15 18:47:40.602] *                          html  (_out/canary/projects/ssl/-run/result.html)
[2026-09-15 18:47:40.603] *                          index  (_out/canary/projects/index.html)
[2026-09-15 18:47:40.603] *                          invariant  (full.mmd: OK (8 nodes, 8 IDs))
[2026-09-15 18:47:40.603] *                          invariant  (binding_ocaml.mmd: OK (7 nodes, 8 IDs))
[2026-09-15 18:47:40.603] *                          invariant  (source.mmd: OK (6 nodes, 8 IDs))
[2026-09-15 18:47:40.603] *                          invariant  (lib.mmd: OK (6 nodes, 8 IDs))
[2026-09-15 18:47:40.603] *                          invariant  (all.mmd: OK (5 nodes, 8 IDs))
[2026-09-15 18:47:40.603] *                          invariant  (probes.mmd: OK (8 nodes, 8 IDs))
[2026-09-15 18:47:40.603] *                          invariant  (ALL OK)
[2026-09-15 18:47:40.625] *                          variant_start  (source-fetched_lib-fetched_ocaml_binding-fetched-0.7.0_app-vendored-stable)
[2026-09-15 18:47:40.625] *                          graph_start  (8 steps)
[2026-09-15 18:47:40.625] fetch_lib                  warm_gate  (marker + fingerprint + check_post passed)
[2026-09-15 18:47:40.625] fetch_lib                  skip  (verdict marker (prior success))
[2026-09-15 18:47:40.891] fetch_binding_ocaml        warm_check_post  (FAIL — the postcondition no longer holds; re-running)
[2026-09-15 18:47:40.895] fetch_binding_ocaml_inspect  warm_gate  (marker + fingerprint + check_post passed)
[2026-09-15 18:47:40.895] fetch_binding_ocaml_inspect  skip  (verdict marker (prior success))
[2026-09-15 18:47:40.896] fetch_binding_ocaml_stub_inspect  warm_gate  (marker + fingerprint + check_post passed)
[2026-09-15 18:47:40.896] fetch_binding_ocaml_stub_inspect  skip  (verdict marker (prior success))
[2026-09-15 18:47:40.896] probe_app_ocaml            warm_gate  (marker + fingerprint + check_post passed)
[2026-09-15 18:47:40.896] probe_app_ocaml            skip  (verdict marker (prior success))
[2026-09-15 18:47:40.896] fetch_binding_ocaml        check_pre  (pass)
[2026-09-15 18:47:40.898] fetch_binding_ocaml        cmd  (eval $(opam env) && opam install ssl.0.7.0 -y && eval $(opam env) && opam install -y ocamlfind && echo 'installed' > /home/red/code/research/tola/_out/canary/projects/ssl/fetch_binding/ocaml/binding_source-fetched_lib-fetched_ocaml_binding-fetched-0.7.0_app-vendored-stable.ok)
[2026-09-15 18:47:40.898] fetch_binding_ocaml        opam_switch  (canary)
[2026-09-15 18:47:40.898] fetch_binding_ocaml        platform  (wsl_ubuntu)
[2026-09-15 18:47:43.626] fetch_binding_ocaml        cmd_log  (fetch_binding_ocaml.out_source-fetched_lib-fetched_ocaml_binding-fetched-0.7.0_app-vendored-stable.log)
[2026-09-15 18:47:43.626] fetch_binding_ocaml        detect  (ok, output present)
[2026-09-15 18:47:43.626] fetch_binding_ocaml        agreement_outcome  (no agreement fires at this action)
[2026-09-15 18:47:43.885] fetch_binding_ocaml        check_post  (pass)
[2026-09-15 18:47:43.885] fetch_binding_ocaml        done
[2026-09-15 18:47:43.888] probe_lib                  check_pre  (pass)
[2026-09-15 18:47:43.890] probe_lib                  cmd  (LIB_NATIVE=$(ls /usr/lib/x86_64-linux-gnu/libssl.so.* /usr/lib*/libssl.so.* 2>/dev/null \
        "$(brew --prefix openssl@3 2>/dev/null)/lib/libssl.dylib" 2>/dev/null \
        | head -1)
test -n "$LIB_NATIVE" -a -e "$LIB_NATIVE"
COUNT=$(nm -D "$LIB_NATIVE" 2>/dev/null | grep -v ' U ' | grep -c 'SSL_' || echo 0)
printf 'SSL_ symbols exported: %s\n' "$COUNT" | tee /home/red/code/research/tola/_out/canary/projects/ssl/probe_lib/probe_source-fetched_lib-fetched_ocaml_binding-fetched-0.7.0_app-vendored-stable.log
test "$COUNT" -gt 0)
[2026-09-15 18:47:43.890] probe_lib                  opam_switch  (canary)
[2026-09-15 18:47:43.890] probe_lib                  platform  (wsl_ubuntu)
[2026-09-15 18:47:43.940] probe_lib                  cmd_log  (probe_lib.out_source-fetched_lib-fetched_ocaml_binding-fetched-0.7.0_app-vendored-stable.log)
[2026-09-15 18:47:43.940] probe_lib                  detect  (ok, output present)
[2026-09-15 18:47:43.940] probe_lib                  agreement_outcome  (no agreement fires at this action)
[2026-09-15 18:47:43.940] probe_lib                  check_post  (pass)
[2026-09-15 18:47:43.940] probe_lib                  done
[2026-09-15 18:47:43.943] probe_lib_inspect          check_pre  (pass)
[2026-09-15 18:47:43.944] probe_lib_inspect          cmd  (LIB_NATIVE=$(ls /usr/lib/x86_64-linux-gnu/libssl.so.* /usr/lib*/libssl.so.* 2>/dev/null \
        "$(brew --prefix openssl@3 2>/dev/null)/lib/libssl.dylib" 2>/dev/null \
        | head -1)
test -n "$LIB_NATIVE" -a -e "$LIB_NATIVE"
nm -D "$LIB_NATIVE" 2>/dev/null \
  | python3 canary/scripts/inspect_native.py --emit-symbols --elf --path "$LIB_NATIVE" --prefixes 'SSL_,TLS_,BIO_' --watchlist 'SSL_CTX_new,SSL_new,SSL_connect,SSL_read,SSL_write,TLS_method' \
  > /home/red/code/research/tola/_out/canary/projects/ssl/probe_lib/inspect_source-fetched_lib-fetched_ocaml_binding-fetched-0.7.0_app-vendored-stable.json)
[2026-09-15 18:47:43.945] probe_lib_inspect          opam_switch  (canary)
[2026-09-15 18:47:43.945] probe_lib_inspect          platform  (wsl_ubuntu)
[2026-09-15 18:47:43.999] probe_lib_inspect          cmd_log  (probe_lib_inspect.out_source-fetched_lib-fetched_ocaml_binding-fetched-0.7.0_app-vendored-stable.log)
[2026-09-15 18:47:43.999] probe_lib_inspect          detect  (ok, output present)
[2026-09-15 18:47:43.999] probe_lib_inspect          agreement_outcome  (no agreement fires at this action)
[2026-09-15 18:47:43.999] probe_lib_inspect          check_post  (pass)
[2026-09-15 18:47:43.999] probe_lib_inspect          done
[2026-09-15 18:47:44.001] probe_binding_ocaml        check_pre  (pass)
[2026-09-15 18:47:44.003] probe_binding_ocaml        cmd  (eval $(opam env)
INSTALLED=$(opam list ssl --installed --short --columns=version --color=never 2>/dev/null)
test "$INSTALLED" = "0.7.0" || { echo "WORLD MISMATCH: switch has ssl $INSTALLED, scenario declares ssl 0.7.0"; exit 1; }
eval $(opam env)
ocamlfind ocamlopt -package ssl -linkpkg canary/examples/ssl_variant/app_core.ml -o /home/red/code/research/tola/_out/canary/projects/ssl/probe_binding/ocaml/ssl_app_core > /home/red/code/research/tola/_out/canary/projects/ssl/probe_binding/ocaml/probe_source-fetched_lib-fetched_ocaml_binding-fetched-0.7.0_app-vendored-stable.log 2>&1 && /home/red/code/research/tola/_out/canary/projects/ssl/probe_binding/ocaml/ssl_app_core >> /home/red/code/research/tola/_out/canary/projects/ssl/probe_binding/ocaml/probe_source-fetched_lib-fetched_ocaml_binding-fetched-0.7.0_app-vendored-stable.log 2>&1
RC=$?
test -f /home/red/code/research/tola/_out/canary/projects/ssl/probe_binding/ocaml/ssl_app_core && { nm -D "/home/red/code/research/tola/_out/canary/projects/ssl/probe_binding/ocaml/ssl_app_core" 2>/dev/null \
  | python3 canary/scripts/inspect_native.py --elf --path "/home/red/code/research/tola/_out/canary/projects/ssl/probe_binding/ocaml/ssl_app_core" --prefixes '' --watchlist '' \
  > /home/red/code/research/tola/_out/canary/projects/ssl/probe_binding/ocaml/inspect_abi_source-fetched_lib-fetched_ocaml_binding-fetched-0.7.0_app-vendored-stable.json ; } || true
cat /home/red/code/research/tola/_out/canary/projects/ssl/probe_binding/ocaml/probe_source-fetched_lib-fetched_ocaml_binding-fetched-0.7.0_app-vendored-stable.log
exit $RC)
[2026-09-15 18:47:44.003] probe_binding_ocaml        opam_switch  (canary)
[2026-09-15 18:47:44.004] probe_binding_ocaml        platform  (wsl_ubuntu)
[2026-09-15 18:47:44.427] probe_binding_ocaml        cmd_log  (probe_binding_ocaml.out_source-fetched_lib-fetched_ocaml_binding-fetched-0.7.0_app-vendored-stable.log)
[2026-09-15 18:47:44.428] probe_binding_ocaml        detect  (ok, output present)
[2026-09-15 18:47:44.430] probe_binding_ocaml        agreement_outcome  (required_symbols_exported/stub_requirements_vs_library_exports: holds)
[2026-09-15 18:47:44.430] probe_binding_ocaml        agreement_outcome  (api_names_present/watchlist_vs_user_surface: holds)
[2026-09-15 18:47:44.430] probe_binding_ocaml        agreement_outcome  (behavior_matches/probe_assertions: not_implemented: the expected values live inside the probe's source as embedded assertions, and the observation is the probe's …)
[2026-09-15 18:47:44.430] probe_binding_ocaml        agreement_outcome  (soname_matches_requirement/library_identity_vs_consumer_record: holds)
[2026-09-15 18:47:44.430] probe_binding_ocaml        agreement_outcome  (required_versions_exported/required_tags_vs_provider_exports: holds)
[2026-09-15 18:47:44.430] probe_binding_ocaml        agreement_outcome  (signatures_agree/header_vs_stub_signature_summaries: unavailable: no header signature summary in this world)
[2026-09-15 18:47:44.430] probe_binding_ocaml        agreement_outcome  (dependencies_provided/recorded_dependencies_vs_world_providers: violated: libcrypto.so.3)
[2026-09-15 18:47:44.430] probe_binding_ocaml        agreement_outcome  (repack_preserves_api/declared_repacking_relation: not_implemented: the repacking relation is not specified: "preserves" has no agreed scope, so there is nothing to compare a bin…)
[2026-09-15 18:47:44.430] probe_binding_ocaml        agreement_outcome  (repack_complete/composed_faithfulness: not_implemented: the claim's scope is unsettled ("loses nothing" needs an allowed-omission policy), and two of the three agreem…)
[2026-09-15 18:47:44.431] probe_binding_ocaml        compat_note  (required_symbols_exported: consumer requires 43 of the provider's 485 symbols (e.g. SSL_CIPHER_description in use; BIO_f_ssl in the unused remainder) — POSSIBLY OUT-OF-DATE (a small consumer surface may be by design or lag))
[2026-09-15 18:47:44.436] probe_binding_ocaml        unexpected_success  (compat failure predicted (derived) but command succeeded)
[2026-09-15 18:47:44.436] *                          graph_end  (7/8 completed)
[2026-09-15 18:47:44.436] probe_binding_ocaml        failed
[2026-09-15 18:47:44.436] *                          diagram  (_out/canary/projects/ssl/-run/diagrams/all.mmd)
[2026-09-15 18:47:44.436] *                          diagram  (_out/canary/projects/ssl/-run/diagrams/full.mmd)
[2026-09-15 18:47:44.437] *                          view  (lib (3 steps))
[2026-09-15 18:47:44.437] *                          view  (probes (4 steps))
[2026-09-15 18:47:44.437] *                          view  (binding_ocaml (4 steps))
[2026-09-15 18:47:44.437] *                          html  (_out/canary/projects/ssl/-run/result.html)
[2026-09-15 18:47:44.438] *                          index  (_out/canary/projects/index.html)
[2026-09-15 18:47:44.438] *                          invariant  (full.mmd: OK (8 nodes, 8 IDs))
[2026-09-15 18:47:44.438] *                          invariant  (binding_ocaml.mmd: OK (7 nodes, 8 IDs))
[2026-09-15 18:47:44.438] *                          invariant  (source.mmd: OK (6 nodes, 8 IDs))
[2026-09-15 18:47:44.439] *                          invariant  (lib.mmd: OK (6 nodes, 8 IDs))
[2026-09-15 18:47:44.439] *                          invariant  (all.mmd: OK (5 nodes, 8 IDs))
[2026-09-15 18:47:44.439] *                          invariant  (probes.mmd: OK (8 nodes, 8 IDs))
[2026-09-15 18:47:44.439] *                          invariant  (ALL OK)
