[2026-08-20 15:51:08.627] *                          variant_start  (source-fetched-1.3.1_lib-fetched_ocaml_binding-fetched)
[2026-08-20 15:51:08.627] *                          graph_start  (7 steps)
[2026-08-20 15:51:08.627] fetch_source               check_pre  (pass)
[2026-08-20 15:51:08.632] fetch_source               cmd  (if [ ! -d /home/red/code/contrib/zlib-all/zlib/.git ]; then git clone https://github.com/madler/zlib.git /home/red/code/contrib/zlib-all/zlib; fi && \
git -C /home/red/code/contrib/zlib-all/zlib fetch -q origin v1.3.1 && \
if [ ! -d /home/red/code/contrib/zlib-all/zlib-v1.3.1 ]; then git -C /home/red/code/contrib/zlib-all/zlib worktree add -f /home/red/code/contrib/zlib-all/zlib-v1.3.1 v1.3.1; fi && \
git -C /home/red/code/contrib/zlib-all/zlib-v1.3.1 checkout -q -f v1.3.1 && \
echo '/home/red/code/contrib/zlib-all/zlib-v1.3.1' > /home/red/code/research/tola/_out/canary/projects/zlib/fetch_source/source_source-fetched-1.3.1_lib-fetched_ocaml_binding-fetched.ok)
[2026-08-20 15:51:08.951] fetch_source               detect  (ok, output present)
[2026-08-20 15:51:08.957] fetch_source               check_post  (pass)
[2026-08-20 15:51:08.957] fetch_source               done
[2026-08-20 15:51:08.962] fetch_lib                  check_pre  (pass)
[2026-08-20 15:51:08.964] fetch_lib                  cmd  (sudo apt-get install -y zlib1g-dev && echo 'installed' > /home/red/code/research/tola/_out/canary/projects/zlib/fetch_lib/lib_source-fetched-1.3.1_lib-fetched_ocaml_binding-fetched.ok)
[2026-08-20 15:51:09.429] fetch_lib                  detect  (ok, output present)
[2026-08-20 15:51:09.429] fetch_lib                  check_post  (pass)
[2026-08-20 15:51:09.429] fetch_lib                  done
[2026-08-20 15:51:09.431] fetch_binding_ocaml        check_pre  (pass)
[2026-08-20 15:51:09.434] fetch_binding_ocaml        cmd  (eval $(opam env) && opam install camlzip -y --assume-depexts && eval $(opam env) && opam install -y ocamlfind && echo 'installed' > /home/red/code/research/tola/_out/canary/projects/zlib/fetch_binding/ocaml/binding_source-fetched-1.3.1_lib-fetched_ocaml_binding-fetched.ok)
[2026-08-20 15:51:10.463] fetch_binding_ocaml        detect  (ok, output present)
[2026-08-20 15:51:10.463] fetch_binding_ocaml        check_post  (pass)
[2026-08-20 15:51:10.463] fetch_binding_ocaml        done
[2026-08-20 15:51:10.465] probe_binding_ocaml        check_pre  (pass)
[2026-08-20 15:51:10.468] probe_binding_ocaml        cmd  (eval $(opam env)
ocamlfind ocamlopt -package camlzip -linkpkg canary/examples/zlib/zlib_example.ml -o /home/red/code/research/tola/_out/canary/projects/zlib/probe_binding/ocaml/zlib_example > /home/red/code/research/tola/_out/canary/projects/zlib/probe_binding/ocaml/probe_source-fetched-1.3.1_lib-fetched_ocaml_binding-fetched.log 2>&1 && /home/red/code/research/tola/_out/canary/projects/zlib/probe_binding/ocaml/zlib_example >> /home/red/code/research/tola/_out/canary/projects/zlib/probe_binding/ocaml/probe_source-fetched-1.3.1_lib-fetched_ocaml_binding-fetched.log 2>&1
RC=$?
cat /home/red/code/research/tola/_out/canary/projects/zlib/probe_binding/ocaml/probe_source-fetched-1.3.1_lib-fetched_ocaml_binding-fetched.log
exit $RC)
[2026-08-20 15:51:10.597] probe_binding_ocaml        detect  (ok, output present)
[2026-08-20 15:51:10.597] probe_binding_ocaml        check_post  (pass)
[2026-08-20 15:51:10.597] probe_binding_ocaml        done
[2026-08-20 15:51:10.599] probe_binding_ocaml_inspect  check_pre  (pass)
[2026-08-20 15:51:10.601] probe_binding_ocaml_inspect  cmd  (eval $(opam env)
PKG_DIR=$(ocamlfind query 'zip' 2>/dev/null)
test -n "$PKG_DIR"
{ for f in "$PKG_DIR"/*.cmxa "$PKG_DIR"/*.cma; do
    [ -f "$f" ] && ocamlobjinfo "$f"
  done
} | python3 canary/scripts/inspect_ocaml.py --path 'zip' --watchlist 'Zlib,Gzip,Zip' \
  > /home/red/code/research/tola/_out/canary/projects/zlib/probe_binding/ocaml/inspect_source-fetched-1.3.1_lib-fetched_ocaml_binding-fetched.json)
[2026-08-20 15:51:10.657] probe_binding_ocaml_inspect  detect  (ok, output present)
[2026-08-20 15:51:10.657] probe_binding_ocaml_inspect  check_post  (pass)
[2026-08-20 15:51:10.657] probe_binding_ocaml_inspect  done
[2026-08-20 15:51:10.659] probe_lib                  check_pre  (pass)
[2026-08-20 15:51:10.661] probe_lib                  cmd  (LIB_NATIVE=$(ls /usr/lib/x86_64-linux-gnu/libz.so.1* /usr/lib*/libz.so.1* 2>/dev/null \
        "$(brew --prefix zlib 2>/dev/null)/lib/libz.dylib" 2>/dev/null \
        | head -1)
test -n "$LIB_NATIVE" -a -e "$LIB_NATIVE"
COUNT=$(nm -D "$LIB_NATIVE" 2>/dev/null | grep -v ' U ' | grep -c 'deflate' || echo 0)
printf 'deflate symbols exported: %s\n' "$COUNT" | tee /home/red/code/research/tola/_out/canary/projects/zlib/probe_lib/probe_source-fetched-1.3.1_lib-fetched_ocaml_binding-fetched.log
test "$COUNT" -gt 0)
[2026-08-20 15:51:10.716] probe_lib                  detect  (ok, output present)
[2026-08-20 15:51:10.716] probe_lib                  check_post  (pass)
[2026-08-20 15:51:10.716] probe_lib                  done
[2026-08-20 15:51:10.718] probe_lib_inspect          check_pre  (pass)
[2026-08-20 15:51:10.720] probe_lib_inspect          cmd  (LIB_NATIVE=$(ls /usr/lib/x86_64-linux-gnu/libz.so.1* /usr/lib*/libz.so.1* 2>/dev/null \
        "$(brew --prefix zlib 2>/dev/null)/lib/libz.dylib" 2>/dev/null \
        | head -1)
test -n "$LIB_NATIVE" -a -e "$LIB_NATIVE"
nm -D "$LIB_NATIVE" 2>/dev/null \
  | python3 canary/scripts/inspect_native.py --emit-symbols --elf --path "$LIB_NATIVE" --prefixes 'deflate,inflate,gz,crc32,adler32' --watchlist 'deflateInit_,deflate,deflateEnd,inflateInit_,inflate,inflateEnd,zlibVersion' \
  > /home/red/code/research/tola/_out/canary/projects/zlib/probe_lib/inspect_source-fetched-1.3.1_lib-fetched_ocaml_binding-fetched.json)
[2026-08-20 15:51:10.776] probe_lib_inspect          detect  (ok, output present)
[2026-08-20 15:51:10.776] probe_lib_inspect          check_post  (pass)
[2026-08-20 15:51:10.776] probe_lib_inspect          done
[2026-08-20 15:51:10.778] *                          graph_end  (7/7 completed)
[2026-08-20 15:51:10.779] *                          diagram  (_out/canary/projects/zlib/-run/diagrams/all.mmd)
[2026-08-20 15:51:10.779] *                          diagram  (_out/canary/projects/zlib/-run/diagrams/full.mmd)
[2026-08-20 15:51:10.779] *                          view  (source (1 steps))
[2026-08-20 15:51:10.779] *                          view  (lib (3 steps))
[2026-08-20 15:51:10.779] *                          view  (probes (4 steps))
[2026-08-20 15:51:10.781] *                          view  (binding_ocaml (3 steps))
[2026-08-20 15:51:10.781] *                          html  (_out/canary/projects/zlib/-run/result.html)
[2026-08-20 15:51:10.782] *                          index  (_out/canary/projects/index.html)
[2026-08-20 15:51:10.782] *                          invariant  (full.mmd: OK (7 nodes, 7 IDs))
[2026-08-20 15:51:10.782] *                          invariant  (binding_ocaml.mmd: OK (6 nodes, 7 IDs))
[2026-08-20 15:51:10.783] *                          invariant  (source.mmd: OK (5 nodes, 7 IDs))
[2026-08-20 15:51:10.783] *                          invariant  (lib.mmd: OK (6 nodes, 7 IDs))
[2026-08-20 15:51:10.783] *                          invariant  (all.mmd: OK (5 nodes, 7 IDs))
[2026-08-20 15:51:10.783] *                          invariant  (probes.mmd: OK (7 nodes, 7 IDs))
[2026-08-20 15:51:10.783] *                          invariant  (ALL OK)
[2026-08-20 15:51:10.821] *                          variant_start  (source-fetched-1.3.1_lib-vendored-dev_ocaml_binding-fetched)
[2026-08-20 15:51:10.821] *                          graph_start  (7 steps)
[2026-08-20 15:51:10.821] fetch_source               check_pre  (pass)
[2026-08-20 15:51:10.825] fetch_source               cmd  (if [ ! -d /home/red/code/contrib/zlib-all/zlib/.git ]; then git clone https://github.com/madler/zlib.git /home/red/code/contrib/zlib-all/zlib; fi && \
git -C /home/red/code/contrib/zlib-all/zlib fetch -q origin v1.3.1 && \
if [ ! -d /home/red/code/contrib/zlib-all/zlib-v1.3.1 ]; then git -C /home/red/code/contrib/zlib-all/zlib worktree add -f /home/red/code/contrib/zlib-all/zlib-v1.3.1 v1.3.1; fi && \
git -C /home/red/code/contrib/zlib-all/zlib-v1.3.1 checkout -q -f v1.3.1 && \
echo '/home/red/code/contrib/zlib-all/zlib-v1.3.1' > /home/red/code/research/tola/_out/canary/projects/zlib/fetch_source/source_source-fetched-1.3.1_lib-vendored-dev_ocaml_binding-fetched.ok)
[2026-08-20 15:51:11.115] fetch_source               detect  (ok, output present)
[2026-08-20 15:51:11.123] fetch_source               check_post  (pass)
[2026-08-20 15:51:11.123] fetch_source               done
[2026-08-20 15:51:11.127] fetch_lib                  check_pre  (pass)
[2026-08-20 15:51:11.128] fetch_lib                  cmd  (sudo apt-get install -y zlib1g-dev && echo 'installed' > /home/red/code/research/tola/_out/canary/projects/zlib/fetch_lib/lib_source-fetched-1.3.1_lib-vendored-dev_ocaml_binding-fetched.ok)
[2026-08-20 15:51:11.545] fetch_lib                  detect  (ok, output present)
[2026-08-20 15:51:11.545] fetch_lib                  check_post  (pass)
[2026-08-20 15:51:11.545] fetch_lib                  done
[2026-08-20 15:51:11.547] fetch_binding_ocaml        check_pre  (pass)
[2026-08-20 15:51:11.549] fetch_binding_ocaml        cmd  (eval $(opam env) && opam install camlzip -y --assume-depexts && eval $(opam env) && opam install -y ocamlfind && echo 'installed' > /home/red/code/research/tola/_out/canary/projects/zlib/fetch_binding/ocaml/binding_source-fetched-1.3.1_lib-vendored-dev_ocaml_binding-fetched.ok)
[2026-08-20 15:51:12.519] fetch_binding_ocaml        detect  (ok, output present)
[2026-08-20 15:51:12.519] fetch_binding_ocaml        check_post  (pass)
[2026-08-20 15:51:12.519] fetch_binding_ocaml        done
[2026-08-20 15:51:12.521] probe_binding_ocaml        check_pre  (pass)
[2026-08-20 15:51:12.523] probe_binding_ocaml        cmd  (eval $(opam env)
export LD_LIBRARY_PATH=/home/red/code/contrib/zlib-all/prebuilt/zlib-1.3.2/lib:$LD_LIBRARY_PATH
ocamlfind ocamlopt -package camlzip -linkpkg canary/examples/zlib/zlib_example.ml -o /home/red/code/research/tola/_out/canary/projects/zlib/probe_binding/ocaml/zlib_example > /home/red/code/research/tola/_out/canary/projects/zlib/probe_binding/ocaml/probe_source-fetched-1.3.1_lib-vendored-dev_ocaml_binding-fetched.log 2>&1 && /home/red/code/research/tola/_out/canary/projects/zlib/probe_binding/ocaml/zlib_example >> /home/red/code/research/tola/_out/canary/projects/zlib/probe_binding/ocaml/probe_source-fetched-1.3.1_lib-vendored-dev_ocaml_binding-fetched.log 2>&1 && grep -qF "/home/red/code/contrib/zlib-all/prebuilt/zlib-1.3.2/lib" /home/red/code/research/tola/_out/canary/projects/zlib/probe_binding/ocaml/probe_source-fetched-1.3.1_lib-vendored-dev_ocaml_binding-fetched.log
RC=$?
cat /home/red/code/research/tola/_out/canary/projects/zlib/probe_binding/ocaml/probe_source-fetched-1.3.1_lib-vendored-dev_ocaml_binding-fetched.log
exit $RC)
[2026-08-20 15:51:12.646] probe_binding_ocaml        detect  (ok, output present)
[2026-08-20 15:51:12.646] probe_binding_ocaml        check_post  (pass)
[2026-08-20 15:51:12.646] probe_binding_ocaml        done
[2026-08-20 15:51:12.648] probe_binding_ocaml_inspect  check_pre  (pass)
[2026-08-20 15:51:12.650] probe_binding_ocaml_inspect  cmd  (eval $(opam env)
PKG_DIR=$(ocamlfind query 'zip' 2>/dev/null)
test -n "$PKG_DIR"
{ for f in "$PKG_DIR"/*.cmxa "$PKG_DIR"/*.cma; do
    [ -f "$f" ] && ocamlobjinfo "$f"
  done
} | python3 canary/scripts/inspect_ocaml.py --path 'zip' --watchlist 'Zlib,Gzip,Zip' \
  > /home/red/code/research/tola/_out/canary/projects/zlib/probe_binding/ocaml/inspect_source-fetched-1.3.1_lib-vendored-dev_ocaml_binding-fetched.json)
[2026-08-20 15:51:12.705] probe_binding_ocaml_inspect  detect  (ok, output present)
[2026-08-20 15:51:12.705] probe_binding_ocaml_inspect  check_post  (pass)
[2026-08-20 15:51:12.705] probe_binding_ocaml_inspect  done
[2026-08-20 15:51:12.707] probe_lib                  check_pre  (pass)
[2026-08-20 15:51:12.709] probe_lib                  cmd  (LIB_NATIVE=$(ls /home/red/code/contrib/zlib-all/prebuilt/zlib-1.3.2/lib/libz.so.1* 2>/dev/null | head -1)
test -n "$LIB_NATIVE" -a -e "$LIB_NATIVE" || { echo "PREBUILT MISSING: /home/red/code/contrib/zlib-all/prebuilt/zlib-1.3.2/lib — run 'canary prebuilt zlib' first" >&2; exit 1; }
COUNT=$(nm -D "$LIB_NATIVE" 2>/dev/null | grep -v ' U ' | grep -c 'deflate' || echo 0)
printf 'deflate symbols exported: %s\n' "$COUNT" | tee /home/red/code/research/tola/_out/canary/projects/zlib/probe_lib/probe_source-fetched-1.3.1_lib-vendored-dev_ocaml_binding-fetched.log
test "$COUNT" -gt 0)
[2026-08-20 15:51:12.757] probe_lib                  detect  (ok, output present)
[2026-08-20 15:51:12.757] probe_lib                  check_post  (pass)
[2026-08-20 15:51:12.758] probe_lib                  done
[2026-08-20 15:51:12.759] probe_lib_inspect          check_pre  (pass)
[2026-08-20 15:51:12.761] probe_lib_inspect          cmd  (LIB_NATIVE=$(ls /home/red/code/contrib/zlib-all/prebuilt/zlib-1.3.2/lib/libz.so.1* 2>/dev/null | head -1)
test -n "$LIB_NATIVE" -a -e "$LIB_NATIVE" || { echo "PREBUILT MISSING: /home/red/code/contrib/zlib-all/prebuilt/zlib-1.3.2/lib — run 'canary prebuilt zlib' first" >&2; exit 1; }
nm -D "$LIB_NATIVE" 2>/dev/null \
  | python3 canary/scripts/inspect_native.py --emit-symbols --elf --path "$LIB_NATIVE" --prefixes 'deflate,inflate,gz,crc32,adler32' --watchlist 'deflateInit_,deflate,deflateEnd,inflateInit_,inflate,inflateEnd,zlibVersion' \
  > /home/red/code/research/tola/_out/canary/projects/zlib/probe_lib/inspect_source-fetched-1.3.1_lib-vendored-dev_ocaml_binding-fetched.json)
[2026-08-20 15:51:12.815] probe_lib_inspect          detect  (ok, output present)
[2026-08-20 15:51:12.815] probe_lib_inspect          check_post  (pass)
[2026-08-20 15:51:12.815] probe_lib_inspect          done
[2026-08-20 15:51:12.818] *                          graph_end  (7/7 completed)
[2026-08-20 15:51:12.818] *                          diagram  (_out/canary/projects/zlib/-run/diagrams/all.mmd)
[2026-08-20 15:51:12.818] *                          diagram  (_out/canary/projects/zlib/-run/diagrams/full.mmd)
[2026-08-20 15:51:12.818] *                          view  (source (1 steps))
[2026-08-20 15:51:12.818] *                          view  (lib (3 steps))
[2026-08-20 15:51:12.819] *                          view  (probes (4 steps))
[2026-08-20 15:51:12.819] *                          view  (binding_ocaml (3 steps))
[2026-08-20 15:51:12.819] *                          html  (_out/canary/projects/zlib/-run/result.html)
[2026-08-20 15:51:12.821] *                          index  (_out/canary/projects/index.html)
[2026-08-20 15:51:12.821] *                          invariant  (full.mmd: OK (7 nodes, 7 IDs))
[2026-08-20 15:51:12.821] *                          invariant  (binding_ocaml.mmd: OK (6 nodes, 7 IDs))
[2026-08-20 15:51:12.821] *                          invariant  (source.mmd: OK (5 nodes, 7 IDs))
[2026-08-20 15:51:12.821] *                          invariant  (lib.mmd: OK (6 nodes, 7 IDs))
[2026-08-20 15:51:12.821] *                          invariant  (all.mmd: OK (5 nodes, 7 IDs))
[2026-08-20 15:51:12.822] *                          invariant  (probes.mmd: OK (7 nodes, 7 IDs))
[2026-08-20 15:51:12.822] *                          invariant  (ALL OK)
[2026-08-26 03:44:22.377] *                          variant_start  (source-fetched-1.3.1_lib-fetched_ocaml_binding-fetched)
[2026-08-26 03:44:22.377] *                          graph_start  (7 steps)
[2026-08-26 03:44:22.380] fetch_source               marker_stale  (spec changed since the marker — re-running)
[2026-08-26 03:44:22.380] fetch_lib                  marker_stale  (spec changed since the marker — re-running)
[2026-08-26 03:44:22.381] fetch_binding_ocaml        marker_stale  (spec changed since the marker — re-running)
[2026-08-26 03:44:22.381] probe_binding_ocaml        marker_stale  (spec changed since the marker — re-running)
[2026-08-26 03:44:22.382] probe_binding_ocaml_inspect  marker_stale  (spec changed since the marker — re-running)
[2026-08-26 03:44:22.382] probe_lib                  marker_stale  (spec changed since the marker — re-running)
[2026-08-26 03:44:22.382] probe_lib_inspect          marker_stale  (spec changed since the marker — re-running)
[2026-08-26 03:44:22.383] fetch_source               check_pre  (pass)
[2026-08-26 03:44:22.386] fetch_source               cmd  (if [ ! -d /home/red/code/contrib/zlib-all/zlib/.git ]; then git clone https://github.com/madler/zlib.git /home/red/code/contrib/zlib-all/zlib; fi && \
git -C /home/red/code/contrib/zlib-all/zlib fetch -q origin v1.3.1 && \
if [ ! -d /home/red/code/contrib/zlib-all/zlib-v1.3.1 ]; then git -C /home/red/code/contrib/zlib-all/zlib worktree add -f /home/red/code/contrib/zlib-all/zlib-v1.3.1 v1.3.1; fi && \
git -C /home/red/code/contrib/zlib-all/zlib-v1.3.1 checkout -q -f v1.3.1 && \
echo '/home/red/code/contrib/zlib-all/zlib-v1.3.1' > /home/red/code/research/tola/_out/canary/projects/zlib/fetch_source/source_source-fetched-1.3.1_lib-fetched_ocaml_binding-fetched.ok)
[2026-08-26 03:44:22.815] fetch_source               cmd_log  (fetch_source.out_source-fetched-1.3.1_lib-fetched_ocaml_binding-fetched.log)
[2026-08-26 03:44:22.815] fetch_source               detect  (ok, output present)
[2026-08-26 03:44:22.821] fetch_source               check_post  (pass)
[2026-08-26 03:44:22.821] fetch_source               done
[2026-08-26 03:44:22.825] fetch_lib                  check_pre  (pass)
[2026-08-26 03:44:22.827] fetch_lib                  cmd  (sudo apt-get install -y zlib1g-dev && echo 'installed' > /home/red/code/research/tola/_out/canary/projects/zlib/fetch_lib/lib_source-fetched-1.3.1_lib-fetched_ocaml_binding-fetched.ok)
[2026-08-26 03:44:23.856] fetch_lib                  cmd_log  (fetch_lib.out_source-fetched-1.3.1_lib-fetched_ocaml_binding-fetched.log)
[2026-08-26 03:44:23.856] fetch_lib                  detect  (ok, output present)
[2026-08-26 03:44:23.856] fetch_lib                  check_post  (pass)
[2026-08-26 03:44:23.856] fetch_lib                  done
[2026-08-26 03:44:23.858] fetch_binding_ocaml        check_pre  (pass)
[2026-08-26 03:44:23.860] fetch_binding_ocaml        cmd  (eval $(opam env) && opam install camlzip -y --assume-depexts && eval $(opam env) && opam install -y ocamlfind && echo 'installed' > /home/red/code/research/tola/_out/canary/projects/zlib/fetch_binding/ocaml/binding_source-fetched-1.3.1_lib-fetched_ocaml_binding-fetched.ok)
[2026-08-26 03:44:28.348] fetch_binding_ocaml        cmd_log  (fetch_binding_ocaml.out_source-fetched-1.3.1_lib-fetched_ocaml_binding-fetched.log)
[2026-08-26 03:44:28.348] fetch_binding_ocaml        detect  (ok, output present)
[2026-08-26 03:44:28.348] fetch_binding_ocaml        check_post  (pass)
[2026-08-26 03:44:28.348] fetch_binding_ocaml        done
[2026-08-26 03:44:28.350] probe_binding_ocaml        check_pre  (pass)
[2026-08-26 03:44:28.352] probe_binding_ocaml        cmd  (eval $(opam env)
ocamlfind ocamlopt -package camlzip -linkpkg canary/examples/zlib/zlib_example.ml -o /home/red/code/research/tola/_out/canary/projects/zlib/probe_binding/ocaml/zlib_example > /home/red/code/research/tola/_out/canary/projects/zlib/probe_binding/ocaml/probe_source-fetched-1.3.1_lib-fetched_ocaml_binding-fetched.log 2>&1 && /home/red/code/research/tola/_out/canary/projects/zlib/probe_binding/ocaml/zlib_example >> /home/red/code/research/tola/_out/canary/projects/zlib/probe_binding/ocaml/probe_source-fetched-1.3.1_lib-fetched_ocaml_binding-fetched.log 2>&1
RC=$?
cat /home/red/code/research/tola/_out/canary/projects/zlib/probe_binding/ocaml/probe_source-fetched-1.3.1_lib-fetched_ocaml_binding-fetched.log
exit $RC)
[2026-08-26 03:44:28.466] probe_binding_ocaml        cmd_log  (probe_binding_ocaml.out_source-fetched-1.3.1_lib-fetched_ocaml_binding-fetched.log)
[2026-08-26 03:44:28.466] probe_binding_ocaml        detect  (ok, output present)
[2026-08-26 03:44:28.467] probe_binding_ocaml        check_post  (pass)
[2026-08-26 03:44:28.467] probe_binding_ocaml        done
[2026-08-26 03:44:28.468] probe_binding_ocaml_inspect  check_pre  (pass)
[2026-08-26 03:44:28.470] probe_binding_ocaml_inspect  cmd  (eval $(opam env)
PKG_DIR=$(ocamlfind query 'zip' 2>/dev/null)
test -n "$PKG_DIR"
{ for f in "$PKG_DIR"/*.cmxa "$PKG_DIR"/*.cma; do
    [ -f "$f" ] && ocamlobjinfo "$f"
  done
} | python3 canary/scripts/inspect_ocaml.py --path 'zip' --watchlist 'Zlib,Gzip,Zip' \
  > /home/red/code/research/tola/_out/canary/projects/zlib/probe_binding/ocaml/inspect_source-fetched-1.3.1_lib-fetched_ocaml_binding-fetched.json)
[2026-08-26 03:44:28.522] probe_binding_ocaml_inspect  cmd_log  (probe_binding_ocaml_inspect.out_source-fetched-1.3.1_lib-fetched_ocaml_binding-fetched.log)
[2026-08-26 03:44:28.522] probe_binding_ocaml_inspect  detect  (ok, output present)
[2026-08-26 03:44:28.522] probe_binding_ocaml_inspect  check_post  (pass)
[2026-08-26 03:44:28.522] probe_binding_ocaml_inspect  done
[2026-08-26 03:44:28.524] probe_lib                  check_pre  (pass)
[2026-08-26 03:44:28.526] probe_lib                  cmd  (LIB_NATIVE=$(ls /usr/lib/x86_64-linux-gnu/libz.so.1* /usr/lib*/libz.so.1* 2>/dev/null \
        "$(brew --prefix zlib 2>/dev/null)/lib/libz.dylib" 2>/dev/null \
        | head -1)
test -n "$LIB_NATIVE" -a -e "$LIB_NATIVE"
COUNT=$(nm -D "$LIB_NATIVE" 2>/dev/null | grep -v ' U ' | grep -c 'deflate' || echo 0)
printf 'deflate symbols exported: %s\n' "$COUNT" | tee /home/red/code/research/tola/_out/canary/projects/zlib/probe_lib/probe_source-fetched-1.3.1_lib-fetched_ocaml_binding-fetched.log
test "$COUNT" -gt 0)
[2026-08-26 03:44:28.571] probe_lib                  cmd_log  (probe_lib.out_source-fetched-1.3.1_lib-fetched_ocaml_binding-fetched.log)
[2026-08-26 03:44:28.571] probe_lib                  detect  (ok, output present)
[2026-08-26 03:44:28.571] probe_lib                  check_post  (pass)
[2026-08-26 03:44:28.571] probe_lib                  done
[2026-08-26 03:44:28.573] probe_lib_inspect          check_pre  (pass)
[2026-08-26 03:44:28.574] probe_lib_inspect          cmd  (LIB_NATIVE=$(ls /usr/lib/x86_64-linux-gnu/libz.so.1* /usr/lib*/libz.so.1* 2>/dev/null \
        "$(brew --prefix zlib 2>/dev/null)/lib/libz.dylib" 2>/dev/null \
        | head -1)
test -n "$LIB_NATIVE" -a -e "$LIB_NATIVE"
nm -D "$LIB_NATIVE" 2>/dev/null \
  | python3 canary/scripts/inspect_native.py --emit-symbols --elf --path "$LIB_NATIVE" --prefixes 'deflate,inflate,gz,crc32,adler32' --watchlist 'deflateInit_,deflate,deflateEnd,inflateInit_,inflate,inflateEnd,zlibVersion' \
  > /home/red/code/research/tola/_out/canary/projects/zlib/probe_lib/inspect_source-fetched-1.3.1_lib-fetched_ocaml_binding-fetched.json)
[2026-08-26 03:44:28.625] probe_lib_inspect          cmd_log  (probe_lib_inspect.out_source-fetched-1.3.1_lib-fetched_ocaml_binding-fetched.log)
[2026-08-26 03:44:28.625] probe_lib_inspect          detect  (ok, output present)
[2026-08-26 03:44:28.625] probe_lib_inspect          check_post  (pass)
[2026-08-26 03:44:28.625] probe_lib_inspect          done
[2026-08-26 03:44:28.627] *                          graph_end  (7/7 completed)
[2026-08-26 03:44:28.627] *                          diagram  (_out/canary/projects/zlib/-run/diagrams/all.mmd)
[2026-08-26 03:44:28.628] *                          diagram  (_out/canary/projects/zlib/-run/diagrams/full.mmd)
[2026-08-26 03:44:28.628] *                          view  (source (1 steps))
[2026-08-26 03:44:28.628] *                          view  (lib (3 steps))
[2026-08-26 03:44:28.628] *                          view  (probes (4 steps))
[2026-08-26 03:44:28.629] *                          view  (binding_ocaml (3 steps))
[2026-08-26 03:44:28.630] *                          html  (_out/canary/projects/zlib/-run/result.html)
[2026-08-26 03:44:28.635] *                          index  (_out/canary/projects/index.html)
[2026-08-26 03:44:28.635] *                          invariant  (full.mmd: OK (7 nodes, 7 IDs))
[2026-08-26 03:44:28.635] *                          invariant  (binding_ocaml.mmd: OK (6 nodes, 7 IDs))
[2026-08-26 03:44:28.635] *                          invariant  (source.mmd: OK (5 nodes, 7 IDs))
[2026-08-26 03:44:28.635] *                          invariant  (lib.mmd: OK (6 nodes, 7 IDs))
[2026-08-26 03:44:28.635] *                          invariant  (all.mmd: OK (5 nodes, 7 IDs))
[2026-08-26 03:44:28.635] *                          invariant  (probes.mmd: OK (7 nodes, 7 IDs))
[2026-08-26 03:44:28.635] *                          invariant  (ALL OK)
[2026-08-26 03:44:28.677] *                          variant_start  (source-fetched-1.3.1_lib-vendored-dev_ocaml_binding-fetched)
[2026-08-26 03:44:28.677] *                          graph_start  (7 steps)
[2026-08-26 03:44:28.679] fetch_source               marker_stale  (spec changed since the marker — re-running)
[2026-08-26 03:44:28.679] fetch_lib                  marker_stale  (spec changed since the marker — re-running)
[2026-08-26 03:44:28.680] fetch_binding_ocaml        marker_stale  (spec changed since the marker — re-running)
[2026-08-26 03:44:28.680] probe_binding_ocaml        marker_stale  (spec changed since the marker — re-running)
[2026-08-26 03:44:28.680] probe_binding_ocaml_inspect  marker_stale  (spec changed since the marker — re-running)
[2026-08-26 03:44:28.680] probe_lib                  marker_stale  (spec changed since the marker — re-running)
[2026-08-26 03:44:28.681] probe_lib_inspect          marker_stale  (spec changed since the marker — re-running)
[2026-08-26 03:44:28.681] fetch_source               check_pre  (pass)
[2026-08-26 03:44:28.685] fetch_source               cmd  (if [ ! -d /home/red/code/contrib/zlib-all/zlib/.git ]; then git clone https://github.com/madler/zlib.git /home/red/code/contrib/zlib-all/zlib; fi && \
git -C /home/red/code/contrib/zlib-all/zlib fetch -q origin v1.3.1 && \
if [ ! -d /home/red/code/contrib/zlib-all/zlib-v1.3.1 ]; then git -C /home/red/code/contrib/zlib-all/zlib worktree add -f /home/red/code/contrib/zlib-all/zlib-v1.3.1 v1.3.1; fi && \
git -C /home/red/code/contrib/zlib-all/zlib-v1.3.1 checkout -q -f v1.3.1 && \
echo '/home/red/code/contrib/zlib-all/zlib-v1.3.1' > /home/red/code/research/tola/_out/canary/projects/zlib/fetch_source/source_source-fetched-1.3.1_lib-vendored-dev_ocaml_binding-fetched.ok)
[2026-08-26 03:44:28.995] fetch_source               cmd_log  (fetch_source.out_source-fetched-1.3.1_lib-vendored-dev_ocaml_binding-fetched.log)
[2026-08-26 03:44:28.996] fetch_source               detect  (ok, output present)
[2026-08-26 03:44:29.001] fetch_source               check_post  (pass)
[2026-08-26 03:44:29.001] fetch_source               done
[2026-08-26 03:44:29.005] fetch_lib                  check_pre  (pass)
[2026-08-26 03:44:29.007] fetch_lib                  cmd  (sudo apt-get install -y zlib1g-dev && echo 'installed' > /home/red/code/research/tola/_out/canary/projects/zlib/fetch_lib/lib_source-fetched-1.3.1_lib-vendored-dev_ocaml_binding-fetched.ok)
[2026-08-26 03:44:29.526] fetch_lib                  cmd_log  (fetch_lib.out_source-fetched-1.3.1_lib-vendored-dev_ocaml_binding-fetched.log)
[2026-08-26 03:44:29.526] fetch_lib                  detect  (ok, output present)
[2026-08-26 03:44:29.526] fetch_lib                  check_post  (pass)
[2026-08-26 03:44:29.526] fetch_lib                  done
[2026-08-26 03:44:29.528] fetch_binding_ocaml        check_pre  (pass)
[2026-08-26 03:44:29.530] fetch_binding_ocaml        cmd  (eval $(opam env) && opam install camlzip -y --assume-depexts && eval $(opam env) && opam install -y ocamlfind && echo 'installed' > /home/red/code/research/tola/_out/canary/projects/zlib/fetch_binding/ocaml/binding_source-fetched-1.3.1_lib-vendored-dev_ocaml_binding-fetched.ok)
[2026-08-26 03:44:30.483] fetch_binding_ocaml        cmd_log  (fetch_binding_ocaml.out_source-fetched-1.3.1_lib-vendored-dev_ocaml_binding-fetched.log)
[2026-08-26 03:44:30.483] fetch_binding_ocaml        detect  (ok, output present)
[2026-08-26 03:44:30.484] fetch_binding_ocaml        check_post  (pass)
[2026-08-26 03:44:30.484] fetch_binding_ocaml        done
[2026-08-26 03:44:30.485] probe_binding_ocaml        check_pre  (pass)
[2026-08-26 03:44:30.487] probe_binding_ocaml        cmd  (eval $(opam env)
export LD_LIBRARY_PATH=/home/red/code/contrib/zlib-all/prebuilt/zlib-1.3.2/lib:$LD_LIBRARY_PATH
ocamlfind ocamlopt -package camlzip -linkpkg canary/examples/zlib/zlib_example.ml -o /home/red/code/research/tola/_out/canary/projects/zlib/probe_binding/ocaml/zlib_example > /home/red/code/research/tola/_out/canary/projects/zlib/probe_binding/ocaml/probe_source-fetched-1.3.1_lib-vendored-dev_ocaml_binding-fetched.log 2>&1 && /home/red/code/research/tola/_out/canary/projects/zlib/probe_binding/ocaml/zlib_example >> /home/red/code/research/tola/_out/canary/projects/zlib/probe_binding/ocaml/probe_source-fetched-1.3.1_lib-vendored-dev_ocaml_binding-fetched.log 2>&1 && grep -qF "/home/red/code/contrib/zlib-all/prebuilt/zlib-1.3.2/lib" /home/red/code/research/tola/_out/canary/projects/zlib/probe_binding/ocaml/probe_source-fetched-1.3.1_lib-vendored-dev_ocaml_binding-fetched.log
RC=$?
cat /home/red/code/research/tola/_out/canary/projects/zlib/probe_binding/ocaml/probe_source-fetched-1.3.1_lib-vendored-dev_ocaml_binding-fetched.log
exit $RC)
[2026-08-26 03:44:30.617] probe_binding_ocaml        cmd_log  (probe_binding_ocaml.out_source-fetched-1.3.1_lib-vendored-dev_ocaml_binding-fetched.log)
[2026-08-26 03:44:30.618] probe_binding_ocaml        detect  (ok, output present)
[2026-08-26 03:44:30.618] probe_binding_ocaml        check_post  (pass)
[2026-08-26 03:44:30.618] probe_binding_ocaml        done
[2026-08-26 03:44:30.620] probe_binding_ocaml_inspect  check_pre  (pass)
[2026-08-26 03:44:30.621] probe_binding_ocaml_inspect  cmd  (eval $(opam env)
PKG_DIR=$(ocamlfind query 'zip' 2>/dev/null)
test -n "$PKG_DIR"
{ for f in "$PKG_DIR"/*.cmxa "$PKG_DIR"/*.cma; do
    [ -f "$f" ] && ocamlobjinfo "$f"
  done
} | python3 canary/scripts/inspect_ocaml.py --path 'zip' --watchlist 'Zlib,Gzip,Zip' \
  > /home/red/code/research/tola/_out/canary/projects/zlib/probe_binding/ocaml/inspect_source-fetched-1.3.1_lib-vendored-dev_ocaml_binding-fetched.json)
[2026-08-26 03:44:30.676] probe_binding_ocaml_inspect  cmd_log  (probe_binding_ocaml_inspect.out_source-fetched-1.3.1_lib-vendored-dev_ocaml_binding-fetched.log)
[2026-08-26 03:44:30.676] probe_binding_ocaml_inspect  detect  (ok, output present)
[2026-08-26 03:44:30.676] probe_binding_ocaml_inspect  check_post  (pass)
[2026-08-26 03:44:30.676] probe_binding_ocaml_inspect  done
[2026-08-26 03:44:30.678] probe_lib                  check_pre  (pass)
[2026-08-26 03:44:30.680] probe_lib                  cmd  (LIB_NATIVE=$(ls /home/red/code/contrib/zlib-all/prebuilt/zlib-1.3.2/lib/libz.so.1* 2>/dev/null | head -1)
test -n "$LIB_NATIVE" -a -e "$LIB_NATIVE" || { echo "PREBUILT MISSING: /home/red/code/contrib/zlib-all/prebuilt/zlib-1.3.2/lib — run 'canary prebuilt zlib' first" >&2; exit 1; }
COUNT=$(nm -D "$LIB_NATIVE" 2>/dev/null | grep -v ' U ' | grep -c 'deflate' || echo 0)
printf 'deflate symbols exported: %s\n' "$COUNT" | tee /home/red/code/research/tola/_out/canary/projects/zlib/probe_lib/probe_source-fetched-1.3.1_lib-vendored-dev_ocaml_binding-fetched.log
test "$COUNT" -gt 0)
[2026-08-26 03:44:30.726] probe_lib                  cmd_log  (probe_lib.out_source-fetched-1.3.1_lib-vendored-dev_ocaml_binding-fetched.log)
[2026-08-26 03:44:30.726] probe_lib                  detect  (ok, output present)
[2026-08-26 03:44:30.726] probe_lib                  check_post  (pass)
[2026-08-26 03:44:30.726] probe_lib                  done
[2026-08-26 03:44:30.729] probe_lib_inspect          check_pre  (pass)
[2026-08-26 03:44:30.732] probe_lib_inspect          cmd  (LIB_NATIVE=$(ls /home/red/code/contrib/zlib-all/prebuilt/zlib-1.3.2/lib/libz.so.1* 2>/dev/null | head -1)
test -n "$LIB_NATIVE" -a -e "$LIB_NATIVE" || { echo "PREBUILT MISSING: /home/red/code/contrib/zlib-all/prebuilt/zlib-1.3.2/lib — run 'canary prebuilt zlib' first" >&2; exit 1; }
nm -D "$LIB_NATIVE" 2>/dev/null \
  | python3 canary/scripts/inspect_native.py --emit-symbols --elf --path "$LIB_NATIVE" --prefixes 'deflate,inflate,gz,crc32,adler32' --watchlist 'deflateInit_,deflate,deflateEnd,inflateInit_,inflate,inflateEnd,zlibVersion' \
  > /home/red/code/research/tola/_out/canary/projects/zlib/probe_lib/inspect_source-fetched-1.3.1_lib-vendored-dev_ocaml_binding-fetched.json)
[2026-08-26 03:44:30.790] probe_lib_inspect          cmd_log  (probe_lib_inspect.out_source-fetched-1.3.1_lib-vendored-dev_ocaml_binding-fetched.log)
[2026-08-26 03:44:30.790] probe_lib_inspect          detect  (ok, output present)
[2026-08-26 03:44:30.790] probe_lib_inspect          check_post  (pass)
[2026-08-26 03:44:30.790] probe_lib_inspect          done
[2026-08-26 03:44:30.792] *                          graph_end  (7/7 completed)
[2026-08-26 03:44:30.792] *                          diagram  (_out/canary/projects/zlib/-run/diagrams/all.mmd)
[2026-08-26 03:44:30.792] *                          diagram  (_out/canary/projects/zlib/-run/diagrams/full.mmd)
[2026-08-26 03:44:30.793] *                          view  (source (1 steps))
[2026-08-26 03:44:30.793] *                          view  (lib (3 steps))
[2026-08-26 03:44:30.793] *                          view  (probes (4 steps))
[2026-08-26 03:44:30.793] *                          view  (binding_ocaml (3 steps))
[2026-08-26 03:44:30.794] *                          html  (_out/canary/projects/zlib/-run/result.html)
[2026-08-26 03:44:30.794] *                          index  (_out/canary/projects/index.html)
[2026-08-26 03:44:30.794] *                          invariant  (full.mmd: OK (7 nodes, 7 IDs))
[2026-08-26 03:44:30.795] *                          invariant  (binding_ocaml.mmd: OK (6 nodes, 7 IDs))
[2026-08-26 03:44:30.795] *                          invariant  (source.mmd: OK (5 nodes, 7 IDs))
[2026-08-26 03:44:30.795] *                          invariant  (lib.mmd: OK (6 nodes, 7 IDs))
[2026-08-26 03:44:30.795] *                          invariant  (all.mmd: OK (5 nodes, 7 IDs))
[2026-08-26 03:44:30.795] *                          invariant  (probes.mmd: OK (7 nodes, 7 IDs))
[2026-08-26 03:44:30.795] *                          invariant  (ALL OK)
[2026-08-26 03:45:28.292] *                          variant_start  (source-fetched-1.3.1_lib-fetched_ocaml_binding-fetched)
[2026-08-26 03:45:28.292] *                          graph_start  (7 steps)
[2026-08-26 03:45:28.295] fetch_source               marker_stale  (spec changed since the marker — re-running)
[2026-08-26 03:45:28.295] fetch_lib                  marker_stale  (spec changed since the marker — re-running)
[2026-08-26 03:45:28.295] fetch_binding_ocaml        marker_stale  (spec changed since the marker — re-running)
[2026-08-26 03:45:28.295] probe_binding_ocaml        marker_stale  (spec changed since the marker — re-running)
[2026-08-26 03:45:28.295] probe_binding_ocaml_inspect  marker_stale  (spec changed since the marker — re-running)
[2026-08-26 03:45:28.296] probe_lib                  marker_stale  (spec changed since the marker — re-running)
[2026-08-26 03:45:28.296] probe_lib_inspect          marker_stale  (spec changed since the marker — re-running)
[2026-08-26 03:45:28.296] fetch_source               check_pre  (pass)
[2026-08-26 03:45:28.300] fetch_source               cmd  (if [ ! -d /home/red/code/contrib/zlib-all/zlib/.git ]; then git clone https://github.com/madler/zlib.git /home/red/code/contrib/zlib-all/zlib; fi && \
git -C /home/red/code/contrib/zlib-all/zlib fetch -q origin v1.3.1 && \
if [ ! -d /home/red/code/contrib/zlib-all/zlib-v1.3.1 ]; then git -C /home/red/code/contrib/zlib-all/zlib worktree add -f /home/red/code/contrib/zlib-all/zlib-v1.3.1 v1.3.1; fi && \
git -C /home/red/code/contrib/zlib-all/zlib-v1.3.1 checkout -q -f v1.3.1 && \
echo '/home/red/code/contrib/zlib-all/zlib-v1.3.1' > /home/red/code/research/tola/_out/canary/projects/zlib/fetch_source/source_source-fetched-1.3.1_lib-fetched_ocaml_binding-fetched.ok)
[2026-08-26 03:45:28.300] fetch_source               opam_switch  (default)
[2026-08-26 03:45:28.622] fetch_source               cmd_log  (fetch_source.out_source-fetched-1.3.1_lib-fetched_ocaml_binding-fetched.log)
[2026-08-26 03:45:28.622] fetch_source               detect  (ok, output present)
[2026-08-26 03:45:28.629] fetch_source               check_post  (pass)
[2026-08-26 03:45:28.629] fetch_source               done
[2026-08-26 03:45:28.633] fetch_lib                  check_pre  (pass)
[2026-08-26 03:45:28.635] fetch_lib                  cmd  (sudo apt-get install -y zlib1g-dev && echo 'installed' > /home/red/code/research/tola/_out/canary/projects/zlib/fetch_lib/lib_source-fetched-1.3.1_lib-fetched_ocaml_binding-fetched.ok)
[2026-08-26 03:45:28.635] fetch_lib                  opam_switch  (default)
[2026-08-26 03:45:29.010] fetch_lib                  cmd_log  (fetch_lib.out_source-fetched-1.3.1_lib-fetched_ocaml_binding-fetched.log)
[2026-08-26 03:45:29.010] fetch_lib                  detect  (ok, output present)
[2026-08-26 03:45:29.010] fetch_lib                  check_post  (pass)
[2026-08-26 03:45:29.010] fetch_lib                  done
[2026-08-26 03:45:29.012] fetch_binding_ocaml        check_pre  (pass)
[2026-08-26 03:45:29.014] fetch_binding_ocaml        cmd  (eval $(opam env) && opam install camlzip -y --assume-depexts && eval $(opam env) && opam install -y ocamlfind && echo 'installed' > /home/red/code/research/tola/_out/canary/projects/zlib/fetch_binding/ocaml/binding_source-fetched-1.3.1_lib-fetched_ocaml_binding-fetched.ok)
[2026-08-26 03:45:29.014] fetch_binding_ocaml        opam_switch  (default)
[2026-08-26 03:45:30.010] fetch_binding_ocaml        cmd_log  (fetch_binding_ocaml.out_source-fetched-1.3.1_lib-fetched_ocaml_binding-fetched.log)
[2026-08-26 03:45:30.010] fetch_binding_ocaml        detect  (ok, output present)
[2026-08-26 03:45:30.010] fetch_binding_ocaml        check_post  (pass)
[2026-08-26 03:45:30.010] fetch_binding_ocaml        done
[2026-08-26 03:45:30.012] probe_binding_ocaml        check_pre  (pass)
[2026-08-26 03:45:30.014] probe_binding_ocaml        cmd  (eval $(opam env)
ocamlfind ocamlopt -package camlzip -linkpkg canary/examples/zlib/zlib_example.ml -o /home/red/code/research/tola/_out/canary/projects/zlib/probe_binding/ocaml/zlib_example > /home/red/code/research/tola/_out/canary/projects/zlib/probe_binding/ocaml/probe_source-fetched-1.3.1_lib-fetched_ocaml_binding-fetched.log 2>&1 && /home/red/code/research/tola/_out/canary/projects/zlib/probe_binding/ocaml/zlib_example >> /home/red/code/research/tola/_out/canary/projects/zlib/probe_binding/ocaml/probe_source-fetched-1.3.1_lib-fetched_ocaml_binding-fetched.log 2>&1
RC=$?
cat /home/red/code/research/tola/_out/canary/projects/zlib/probe_binding/ocaml/probe_source-fetched-1.3.1_lib-fetched_ocaml_binding-fetched.log
exit $RC)
[2026-08-26 03:45:30.014] probe_binding_ocaml        opam_switch  (default)
[2026-08-26 03:45:30.129] probe_binding_ocaml        cmd_log  (probe_binding_ocaml.out_source-fetched-1.3.1_lib-fetched_ocaml_binding-fetched.log)
[2026-08-26 03:45:30.129] probe_binding_ocaml        detect  (ok, output present)
[2026-08-26 03:45:30.129] probe_binding_ocaml        check_post  (pass)
[2026-08-26 03:45:30.129] probe_binding_ocaml        done
[2026-08-26 03:45:30.131] probe_binding_ocaml_inspect  check_pre  (pass)
[2026-08-26 03:45:30.133] probe_binding_ocaml_inspect  cmd  (eval $(opam env)
PKG_DIR=$(ocamlfind query 'zip' 2>/dev/null)
test -n "$PKG_DIR"
{ for f in "$PKG_DIR"/*.cmxa "$PKG_DIR"/*.cma; do
    [ -f "$f" ] && ocamlobjinfo "$f"
  done
} | python3 canary/scripts/inspect_ocaml.py --path 'zip' --watchlist 'Zlib,Gzip,Zip' \
  > /home/red/code/research/tola/_out/canary/projects/zlib/probe_binding/ocaml/inspect_source-fetched-1.3.1_lib-fetched_ocaml_binding-fetched.json)
[2026-08-26 03:45:30.133] probe_binding_ocaml_inspect  opam_switch  (default)
[2026-08-26 03:45:30.194] probe_binding_ocaml_inspect  cmd_log  (probe_binding_ocaml_inspect.out_source-fetched-1.3.1_lib-fetched_ocaml_binding-fetched.log)
[2026-08-26 03:45:30.194] probe_binding_ocaml_inspect  detect  (ok, output present)
[2026-08-26 03:45:30.194] probe_binding_ocaml_inspect  check_post  (pass)
[2026-08-26 03:45:30.194] probe_binding_ocaml_inspect  done
[2026-08-26 03:45:30.196] probe_lib                  check_pre  (pass)
[2026-08-26 03:45:30.198] probe_lib                  cmd  (LIB_NATIVE=$(ls /usr/lib/x86_64-linux-gnu/libz.so.1* /usr/lib*/libz.so.1* 2>/dev/null \
        "$(brew --prefix zlib 2>/dev/null)/lib/libz.dylib" 2>/dev/null \
        | head -1)
test -n "$LIB_NATIVE" -a -e "$LIB_NATIVE"
COUNT=$(nm -D "$LIB_NATIVE" 2>/dev/null | grep -v ' U ' | grep -c 'deflate' || echo 0)
printf 'deflate symbols exported: %s\n' "$COUNT" | tee /home/red/code/research/tola/_out/canary/projects/zlib/probe_lib/probe_source-fetched-1.3.1_lib-fetched_ocaml_binding-fetched.log
test "$COUNT" -gt 0)
[2026-08-26 03:45:30.198] probe_lib                  opam_switch  (default)
[2026-08-26 03:45:30.241] probe_lib                  cmd_log  (probe_lib.out_source-fetched-1.3.1_lib-fetched_ocaml_binding-fetched.log)
[2026-08-26 03:45:30.241] probe_lib                  detect  (ok, output present)
[2026-08-26 03:45:30.241] probe_lib                  check_post  (pass)
[2026-08-26 03:45:30.241] probe_lib                  done
[2026-08-26 03:45:30.243] probe_lib_inspect          check_pre  (pass)
[2026-08-26 03:45:30.245] probe_lib_inspect          cmd  (LIB_NATIVE=$(ls /usr/lib/x86_64-linux-gnu/libz.so.1* /usr/lib*/libz.so.1* 2>/dev/null \
        "$(brew --prefix zlib 2>/dev/null)/lib/libz.dylib" 2>/dev/null \
        | head -1)
test -n "$LIB_NATIVE" -a -e "$LIB_NATIVE"
nm -D "$LIB_NATIVE" 2>/dev/null \
  | python3 canary/scripts/inspect_native.py --emit-symbols --elf --path "$LIB_NATIVE" --prefixes 'deflate,inflate,gz,crc32,adler32' --watchlist 'deflateInit_,deflate,deflateEnd,inflateInit_,inflate,inflateEnd,zlibVersion' \
  > /home/red/code/research/tola/_out/canary/projects/zlib/probe_lib/inspect_source-fetched-1.3.1_lib-fetched_ocaml_binding-fetched.json)
[2026-08-26 03:45:30.245] probe_lib_inspect          opam_switch  (default)
[2026-08-26 03:45:30.293] probe_lib_inspect          cmd_log  (probe_lib_inspect.out_source-fetched-1.3.1_lib-fetched_ocaml_binding-fetched.log)
[2026-08-26 03:45:30.293] probe_lib_inspect          detect  (ok, output present)
[2026-08-26 03:45:30.293] probe_lib_inspect          check_post  (pass)
[2026-08-26 03:45:30.293] probe_lib_inspect          done
[2026-08-26 03:45:30.295] *                          graph_end  (7/7 completed)
[2026-08-26 03:45:30.295] *                          diagram  (_out/canary/projects/zlib/-run/diagrams/all.mmd)
[2026-08-26 03:45:30.296] *                          diagram  (_out/canary/projects/zlib/-run/diagrams/full.mmd)
[2026-08-26 03:45:30.296] *                          view  (source (1 steps))
[2026-08-26 03:45:30.296] *                          view  (lib (3 steps))
[2026-08-26 03:45:30.296] *                          view  (probes (4 steps))
[2026-08-26 03:45:30.296] *                          view  (binding_ocaml (3 steps))
[2026-08-26 03:45:30.298] *                          html  (_out/canary/projects/zlib/-run/result.html)
[2026-08-26 03:45:30.299] *                          index  (_out/canary/projects/index.html)
[2026-08-26 03:45:30.299] *                          invariant  (full.mmd: OK (7 nodes, 7 IDs))
[2026-08-26 03:45:30.299] *                          invariant  (binding_ocaml.mmd: OK (6 nodes, 7 IDs))
[2026-08-26 03:45:30.299] *                          invariant  (source.mmd: OK (5 nodes, 7 IDs))
[2026-08-26 03:45:30.299] *                          invariant  (lib.mmd: OK (6 nodes, 7 IDs))
[2026-08-26 03:45:30.299] *                          invariant  (all.mmd: OK (5 nodes, 7 IDs))
[2026-08-26 03:45:30.299] *                          invariant  (probes.mmd: OK (7 nodes, 7 IDs))
[2026-08-26 03:45:30.299] *                          invariant  (ALL OK)
[2026-08-26 03:45:30.337] *                          variant_start  (source-fetched-1.3.1_lib-vendored-dev_ocaml_binding-fetched)
[2026-08-26 03:45:30.337] *                          graph_start  (7 steps)
[2026-08-26 03:45:30.339] fetch_source               marker_stale  (spec changed since the marker — re-running)
[2026-08-26 03:45:30.339] fetch_lib                  marker_stale  (spec changed since the marker — re-running)
[2026-08-26 03:45:30.339] fetch_binding_ocaml        marker_stale  (spec changed since the marker — re-running)
[2026-08-26 03:45:30.339] probe_binding_ocaml        marker_stale  (spec changed since the marker — re-running)
[2026-08-26 03:45:30.339] probe_binding_ocaml_inspect  marker_stale  (spec changed since the marker — re-running)
[2026-08-26 03:45:30.339] probe_lib                  marker_stale  (spec changed since the marker — re-running)
[2026-08-26 03:45:30.339] probe_lib_inspect          marker_stale  (spec changed since the marker — re-running)
[2026-08-26 03:45:30.339] fetch_source               check_pre  (pass)
[2026-08-26 03:45:30.343] fetch_source               cmd  (if [ ! -d /home/red/code/contrib/zlib-all/zlib/.git ]; then git clone https://github.com/madler/zlib.git /home/red/code/contrib/zlib-all/zlib; fi && \
git -C /home/red/code/contrib/zlib-all/zlib fetch -q origin v1.3.1 && \
if [ ! -d /home/red/code/contrib/zlib-all/zlib-v1.3.1 ]; then git -C /home/red/code/contrib/zlib-all/zlib worktree add -f /home/red/code/contrib/zlib-all/zlib-v1.3.1 v1.3.1; fi && \
git -C /home/red/code/contrib/zlib-all/zlib-v1.3.1 checkout -q -f v1.3.1 && \
echo '/home/red/code/contrib/zlib-all/zlib-v1.3.1' > /home/red/code/research/tola/_out/canary/projects/zlib/fetch_source/source_source-fetched-1.3.1_lib-vendored-dev_ocaml_binding-fetched.ok)
[2026-08-26 03:45:30.343] fetch_source               opam_switch  (default)
[2026-08-26 03:45:30.654] fetch_source               cmd_log  (fetch_source.out_source-fetched-1.3.1_lib-vendored-dev_ocaml_binding-fetched.log)
[2026-08-26 03:45:30.654] fetch_source               detect  (ok, output present)
[2026-08-26 03:45:30.660] fetch_source               check_post  (pass)
[2026-08-26 03:45:30.660] fetch_source               done
[2026-08-26 03:45:30.665] fetch_lib                  check_pre  (pass)
[2026-08-26 03:45:30.666] fetch_lib                  cmd  (sudo apt-get install -y zlib1g-dev && echo 'installed' > /home/red/code/research/tola/_out/canary/projects/zlib/fetch_lib/lib_source-fetched-1.3.1_lib-vendored-dev_ocaml_binding-fetched.ok)
[2026-08-26 03:45:30.666] fetch_lib                  opam_switch  (default)
[2026-08-26 03:45:31.023] fetch_lib                  cmd_log  (fetch_lib.out_source-fetched-1.3.1_lib-vendored-dev_ocaml_binding-fetched.log)
[2026-08-26 03:45:31.023] fetch_lib                  detect  (ok, output present)
[2026-08-26 03:45:31.023] fetch_lib                  check_post  (pass)
[2026-08-26 03:45:31.023] fetch_lib                  done
[2026-08-26 03:45:31.025] fetch_binding_ocaml        check_pre  (pass)
[2026-08-26 03:45:31.027] fetch_binding_ocaml        cmd  (eval $(opam env) && opam install camlzip -y --assume-depexts && eval $(opam env) && opam install -y ocamlfind && echo 'installed' > /home/red/code/research/tola/_out/canary/projects/zlib/fetch_binding/ocaml/binding_source-fetched-1.3.1_lib-vendored-dev_ocaml_binding-fetched.ok)
[2026-08-26 03:45:31.027] fetch_binding_ocaml        opam_switch  (default)
[2026-08-26 03:45:31.974] fetch_binding_ocaml        cmd_log  (fetch_binding_ocaml.out_source-fetched-1.3.1_lib-vendored-dev_ocaml_binding-fetched.log)
[2026-08-26 03:45:31.974] fetch_binding_ocaml        detect  (ok, output present)
[2026-08-26 03:45:31.974] fetch_binding_ocaml        check_post  (pass)
[2026-08-26 03:45:31.974] fetch_binding_ocaml        done
[2026-08-26 03:45:31.976] probe_binding_ocaml        check_pre  (pass)
[2026-08-26 03:45:31.977] probe_binding_ocaml        cmd  (eval $(opam env)
export LD_LIBRARY_PATH=/home/red/code/contrib/zlib-all/prebuilt/zlib-1.3.2/lib:$LD_LIBRARY_PATH
ocamlfind ocamlopt -package camlzip -linkpkg canary/examples/zlib/zlib_example.ml -o /home/red/code/research/tola/_out/canary/projects/zlib/probe_binding/ocaml/zlib_example > /home/red/code/research/tola/_out/canary/projects/zlib/probe_binding/ocaml/probe_source-fetched-1.3.1_lib-vendored-dev_ocaml_binding-fetched.log 2>&1 && /home/red/code/research/tola/_out/canary/projects/zlib/probe_binding/ocaml/zlib_example >> /home/red/code/research/tola/_out/canary/projects/zlib/probe_binding/ocaml/probe_source-fetched-1.3.1_lib-vendored-dev_ocaml_binding-fetched.log 2>&1 && grep -qF "/home/red/code/contrib/zlib-all/prebuilt/zlib-1.3.2/lib" /home/red/code/research/tola/_out/canary/projects/zlib/probe_binding/ocaml/probe_source-fetched-1.3.1_lib-vendored-dev_ocaml_binding-fetched.log
RC=$?
cat /home/red/code/research/tola/_out/canary/projects/zlib/probe_binding/ocaml/probe_source-fetched-1.3.1_lib-vendored-dev_ocaml_binding-fetched.log
exit $RC)
[2026-08-26 03:45:31.977] probe_binding_ocaml        opam_switch  (default)
[2026-08-26 03:45:32.086] probe_binding_ocaml        cmd_log  (probe_binding_ocaml.out_source-fetched-1.3.1_lib-vendored-dev_ocaml_binding-fetched.log)
[2026-08-26 03:45:32.086] probe_binding_ocaml        detect  (ok, output present)
[2026-08-26 03:45:32.086] probe_binding_ocaml        check_post  (pass)
[2026-08-26 03:45:32.086] probe_binding_ocaml        done
[2026-08-26 03:45:32.088] probe_binding_ocaml_inspect  check_pre  (pass)
[2026-08-26 03:45:32.089] probe_binding_ocaml_inspect  cmd  (eval $(opam env)
PKG_DIR=$(ocamlfind query 'zip' 2>/dev/null)
test -n "$PKG_DIR"
{ for f in "$PKG_DIR"/*.cmxa "$PKG_DIR"/*.cma; do
    [ -f "$f" ] && ocamlobjinfo "$f"
  done
} | python3 canary/scripts/inspect_ocaml.py --path 'zip' --watchlist 'Zlib,Gzip,Zip' \
  > /home/red/code/research/tola/_out/canary/projects/zlib/probe_binding/ocaml/inspect_source-fetched-1.3.1_lib-vendored-dev_ocaml_binding-fetched.json)
[2026-08-26 03:45:32.089] probe_binding_ocaml_inspect  opam_switch  (default)
[2026-08-26 03:45:32.148] probe_binding_ocaml_inspect  cmd_log  (probe_binding_ocaml_inspect.out_source-fetched-1.3.1_lib-vendored-dev_ocaml_binding-fetched.log)
[2026-08-26 03:45:32.148] probe_binding_ocaml_inspect  detect  (ok, output present)
[2026-08-26 03:45:32.148] probe_binding_ocaml_inspect  check_post  (pass)
[2026-08-26 03:45:32.148] probe_binding_ocaml_inspect  done
[2026-08-26 03:45:32.150] probe_lib                  check_pre  (pass)
[2026-08-26 03:45:32.152] probe_lib                  cmd  (LIB_NATIVE=$(ls /home/red/code/contrib/zlib-all/prebuilt/zlib-1.3.2/lib/libz.so.1* 2>/dev/null | head -1)
test -n "$LIB_NATIVE" -a -e "$LIB_NATIVE" || { echo "PREBUILT MISSING: /home/red/code/contrib/zlib-all/prebuilt/zlib-1.3.2/lib — run 'canary prebuilt zlib' first" >&2; exit 1; }
COUNT=$(nm -D "$LIB_NATIVE" 2>/dev/null | grep -v ' U ' | grep -c 'deflate' || echo 0)
printf 'deflate symbols exported: %s\n' "$COUNT" | tee /home/red/code/research/tola/_out/canary/projects/zlib/probe_lib/probe_source-fetched-1.3.1_lib-vendored-dev_ocaml_binding-fetched.log
test "$COUNT" -gt 0)
[2026-08-26 03:45:32.152] probe_lib                  opam_switch  (default)
[2026-08-26 03:45:32.194] probe_lib                  cmd_log  (probe_lib.out_source-fetched-1.3.1_lib-vendored-dev_ocaml_binding-fetched.log)
[2026-08-26 03:45:32.194] probe_lib                  detect  (ok, output present)
[2026-08-26 03:45:32.194] probe_lib                  check_post  (pass)
[2026-08-26 03:45:32.194] probe_lib                  done
[2026-08-26 03:45:32.196] probe_lib_inspect          check_pre  (pass)
[2026-08-26 03:45:32.197] probe_lib_inspect          cmd  (LIB_NATIVE=$(ls /home/red/code/contrib/zlib-all/prebuilt/zlib-1.3.2/lib/libz.so.1* 2>/dev/null | head -1)
test -n "$LIB_NATIVE" -a -e "$LIB_NATIVE" || { echo "PREBUILT MISSING: /home/red/code/contrib/zlib-all/prebuilt/zlib-1.3.2/lib — run 'canary prebuilt zlib' first" >&2; exit 1; }
nm -D "$LIB_NATIVE" 2>/dev/null \
  | python3 canary/scripts/inspect_native.py --emit-symbols --elf --path "$LIB_NATIVE" --prefixes 'deflate,inflate,gz,crc32,adler32' --watchlist 'deflateInit_,deflate,deflateEnd,inflateInit_,inflate,inflateEnd,zlibVersion' \
  > /home/red/code/research/tola/_out/canary/projects/zlib/probe_lib/inspect_source-fetched-1.3.1_lib-vendored-dev_ocaml_binding-fetched.json)
[2026-08-26 03:45:32.197] probe_lib_inspect          opam_switch  (default)
[2026-08-26 03:45:32.244] probe_lib_inspect          cmd_log  (probe_lib_inspect.out_source-fetched-1.3.1_lib-vendored-dev_ocaml_binding-fetched.log)
[2026-08-26 03:45:32.244] probe_lib_inspect          detect  (ok, output present)
[2026-08-26 03:45:32.244] probe_lib_inspect          check_post  (pass)
[2026-08-26 03:45:32.244] probe_lib_inspect          done
[2026-08-26 03:45:32.246] *                          graph_end  (7/7 completed)
[2026-08-26 03:45:32.246] *                          diagram  (_out/canary/projects/zlib/-run/diagrams/all.mmd)
[2026-08-26 03:45:32.247] *                          diagram  (_out/canary/projects/zlib/-run/diagrams/full.mmd)
[2026-08-26 03:45:32.247] *                          view  (source (1 steps))
[2026-08-26 03:45:32.247] *                          view  (lib (3 steps))
[2026-08-26 03:45:32.247] *                          view  (probes (4 steps))
[2026-08-26 03:45:32.247] *                          view  (binding_ocaml (3 steps))
[2026-08-26 03:45:32.248] *                          html  (_out/canary/projects/zlib/-run/result.html)
[2026-08-26 03:45:32.249] *                          index  (_out/canary/projects/index.html)
[2026-08-26 03:45:32.249] *                          invariant  (full.mmd: OK (7 nodes, 7 IDs))
[2026-08-26 03:45:32.249] *                          invariant  (binding_ocaml.mmd: OK (6 nodes, 7 IDs))
[2026-08-26 03:45:32.249] *                          invariant  (source.mmd: OK (5 nodes, 7 IDs))
[2026-08-26 03:45:32.249] *                          invariant  (lib.mmd: OK (6 nodes, 7 IDs))
[2026-08-26 03:45:32.249] *                          invariant  (all.mmd: OK (5 nodes, 7 IDs))
[2026-08-26 03:45:32.249] *                          invariant  (probes.mmd: OK (7 nodes, 7 IDs))
[2026-08-26 03:45:32.249] *                          invariant  (ALL OK)
[2026-08-26 03:45:32.638] *                          variant_start  (source-fetched-1.3.1_lib-fetched_ocaml_binding-fetched)
[2026-08-26 03:45:32.638] *                          graph_start  (7 steps)
[2026-08-26 03:45:32.641] fetch_source               marker_stale  (spec changed since the marker — re-running)
[2026-08-26 03:45:32.641] fetch_lib                  marker_stale  (spec changed since the marker — re-running)
[2026-08-26 03:45:32.641] fetch_binding_ocaml        marker_stale  (spec changed since the marker — re-running)
[2026-08-26 03:45:32.641] probe_binding_ocaml        marker_stale  (spec changed since the marker — re-running)
[2026-08-26 03:45:32.641] probe_binding_ocaml_inspect  marker_stale  (spec changed since the marker — re-running)
[2026-08-26 03:45:32.641] probe_lib                  marker_stale  (spec changed since the marker — re-running)
[2026-08-26 03:45:32.641] probe_lib_inspect          marker_stale  (spec changed since the marker — re-running)
[2026-08-26 03:45:32.641] fetch_source               check_pre  (pass)
[2026-08-26 03:45:32.645] fetch_source               cmd  (if [ ! -d /home/red/code/contrib/zlib-all/zlib/.git ]; then git clone https://github.com/madler/zlib.git /home/red/code/contrib/zlib-all/zlib; fi && \
git -C /home/red/code/contrib/zlib-all/zlib fetch -q origin v1.3.1 && \
if [ ! -d /home/red/code/contrib/zlib-all/zlib-v1.3.1 ]; then git -C /home/red/code/contrib/zlib-all/zlib worktree add -f /home/red/code/contrib/zlib-all/zlib-v1.3.1 v1.3.1; fi && \
git -C /home/red/code/contrib/zlib-all/zlib-v1.3.1 checkout -q -f v1.3.1 && \
echo '/home/red/code/contrib/zlib-all/zlib-v1.3.1' > /home/red/code/research/tola/_out/canary/projects/zlib/fetch_source/source_source-fetched-1.3.1_lib-fetched_ocaml_binding-fetched.ok)
[2026-08-26 03:45:32.645] fetch_source               opam_switch  (canary)
[2026-08-26 03:45:32.941] fetch_source               cmd_log  (fetch_source.out_source-fetched-1.3.1_lib-fetched_ocaml_binding-fetched.log)
[2026-08-26 03:45:32.941] fetch_source               detect  (ok, output present)
[2026-08-26 03:45:32.947] fetch_source               check_post  (pass)
[2026-08-26 03:45:32.947] fetch_source               done
[2026-08-26 03:45:32.951] fetch_lib                  check_pre  (pass)
[2026-08-26 03:45:32.953] fetch_lib                  cmd  (sudo apt-get install -y zlib1g-dev && echo 'installed' > /home/red/code/research/tola/_out/canary/projects/zlib/fetch_lib/lib_source-fetched-1.3.1_lib-fetched_ocaml_binding-fetched.ok)
[2026-08-26 03:45:32.953] fetch_lib                  opam_switch  (canary)
[2026-08-26 03:45:33.350] fetch_lib                  cmd_log  (fetch_lib.out_source-fetched-1.3.1_lib-fetched_ocaml_binding-fetched.log)
[2026-08-26 03:45:33.350] fetch_lib                  detect  (ok, output present)
[2026-08-26 03:45:33.350] fetch_lib                  check_post  (pass)
[2026-08-26 03:45:33.350] fetch_lib                  done
[2026-08-26 03:45:33.352] fetch_binding_ocaml        check_pre  (pass)
[2026-08-26 03:45:33.353] fetch_binding_ocaml        cmd  (eval $(opam env) && opam install camlzip -y --assume-depexts && eval $(opam env) && opam install -y ocamlfind && echo 'installed' > /home/red/code/research/tola/_out/canary/projects/zlib/fetch_binding/ocaml/binding_source-fetched-1.3.1_lib-fetched_ocaml_binding-fetched.ok)
[2026-08-26 03:45:33.353] fetch_binding_ocaml        opam_switch  (canary)
[2026-08-26 03:45:34.287] fetch_binding_ocaml        cmd_log  (fetch_binding_ocaml.out_source-fetched-1.3.1_lib-fetched_ocaml_binding-fetched.log)
[2026-08-26 03:45:34.287] fetch_binding_ocaml        detect  (ok, output present)
[2026-08-26 03:45:34.287] fetch_binding_ocaml        check_post  (pass)
[2026-08-26 03:45:34.287] fetch_binding_ocaml        done
[2026-08-26 03:45:34.289] probe_binding_ocaml        check_pre  (pass)
[2026-08-26 03:45:34.291] probe_binding_ocaml        cmd  (eval $(opam env)
ocamlfind ocamlopt -package camlzip -linkpkg canary/examples/zlib/zlib_example.ml -o /home/red/code/research/tola/_out/canary/projects/zlib/probe_binding/ocaml/zlib_example > /home/red/code/research/tola/_out/canary/projects/zlib/probe_binding/ocaml/probe_source-fetched-1.3.1_lib-fetched_ocaml_binding-fetched.log 2>&1 && /home/red/code/research/tola/_out/canary/projects/zlib/probe_binding/ocaml/zlib_example >> /home/red/code/research/tola/_out/canary/projects/zlib/probe_binding/ocaml/probe_source-fetched-1.3.1_lib-fetched_ocaml_binding-fetched.log 2>&1
RC=$?
cat /home/red/code/research/tola/_out/canary/projects/zlib/probe_binding/ocaml/probe_source-fetched-1.3.1_lib-fetched_ocaml_binding-fetched.log
exit $RC)
[2026-08-26 03:45:34.291] probe_binding_ocaml        opam_switch  (canary)
[2026-08-26 03:45:34.407] probe_binding_ocaml        cmd_log  (probe_binding_ocaml.out_source-fetched-1.3.1_lib-fetched_ocaml_binding-fetched.log)
[2026-08-26 03:45:34.407] probe_binding_ocaml        detect  (ok, output present)
[2026-08-26 03:45:34.407] probe_binding_ocaml        check_post  (pass)
[2026-08-26 03:45:34.407] probe_binding_ocaml        done
[2026-08-26 03:45:34.409] probe_binding_ocaml_inspect  check_pre  (pass)
[2026-08-26 03:45:34.411] probe_binding_ocaml_inspect  cmd  (eval $(opam env)
PKG_DIR=$(ocamlfind query 'zip' 2>/dev/null)
test -n "$PKG_DIR"
{ for f in "$PKG_DIR"/*.cmxa "$PKG_DIR"/*.cma; do
    [ -f "$f" ] && ocamlobjinfo "$f"
  done
} | python3 canary/scripts/inspect_ocaml.py --path 'zip' --watchlist 'Zlib,Gzip,Zip' \
  > /home/red/code/research/tola/_out/canary/projects/zlib/probe_binding/ocaml/inspect_source-fetched-1.3.1_lib-fetched_ocaml_binding-fetched.json)
[2026-08-26 03:45:34.411] probe_binding_ocaml_inspect  opam_switch  (canary)
[2026-08-26 03:45:34.465] probe_binding_ocaml_inspect  cmd_log  (probe_binding_ocaml_inspect.out_source-fetched-1.3.1_lib-fetched_ocaml_binding-fetched.log)
[2026-08-26 03:45:34.465] probe_binding_ocaml_inspect  detect  (ok, output present)
[2026-08-26 03:45:34.465] probe_binding_ocaml_inspect  check_post  (pass)
[2026-08-26 03:45:34.465] probe_binding_ocaml_inspect  done
[2026-08-26 03:45:34.467] probe_lib                  check_pre  (pass)
[2026-08-26 03:45:34.469] probe_lib                  cmd  (LIB_NATIVE=$(ls /usr/lib/x86_64-linux-gnu/libz.so.1* /usr/lib*/libz.so.1* 2>/dev/null \
        "$(brew --prefix zlib 2>/dev/null)/lib/libz.dylib" 2>/dev/null \
        | head -1)
test -n "$LIB_NATIVE" -a -e "$LIB_NATIVE"
COUNT=$(nm -D "$LIB_NATIVE" 2>/dev/null | grep -v ' U ' | grep -c 'deflate' || echo 0)
printf 'deflate symbols exported: %s\n' "$COUNT" | tee /home/red/code/research/tola/_out/canary/projects/zlib/probe_lib/probe_source-fetched-1.3.1_lib-fetched_ocaml_binding-fetched.log
test "$COUNT" -gt 0)
[2026-08-26 03:45:34.469] probe_lib                  opam_switch  (canary)
[2026-08-26 03:45:34.511] probe_lib                  cmd_log  (probe_lib.out_source-fetched-1.3.1_lib-fetched_ocaml_binding-fetched.log)
[2026-08-26 03:45:34.511] probe_lib                  detect  (ok, output present)
[2026-08-26 03:45:34.511] probe_lib                  check_post  (pass)
[2026-08-26 03:45:34.511] probe_lib                  done
[2026-08-26 03:45:34.513] probe_lib_inspect          check_pre  (pass)
[2026-08-26 03:45:34.515] probe_lib_inspect          cmd  (LIB_NATIVE=$(ls /usr/lib/x86_64-linux-gnu/libz.so.1* /usr/lib*/libz.so.1* 2>/dev/null \
        "$(brew --prefix zlib 2>/dev/null)/lib/libz.dylib" 2>/dev/null \
        | head -1)
test -n "$LIB_NATIVE" -a -e "$LIB_NATIVE"
nm -D "$LIB_NATIVE" 2>/dev/null \
  | python3 canary/scripts/inspect_native.py --emit-symbols --elf --path "$LIB_NATIVE" --prefixes 'deflate,inflate,gz,crc32,adler32' --watchlist 'deflateInit_,deflate,deflateEnd,inflateInit_,inflate,inflateEnd,zlibVersion' \
  > /home/red/code/research/tola/_out/canary/projects/zlib/probe_lib/inspect_source-fetched-1.3.1_lib-fetched_ocaml_binding-fetched.json)
[2026-08-26 03:45:34.515] probe_lib_inspect          opam_switch  (canary)
[2026-08-26 03:45:34.563] probe_lib_inspect          cmd_log  (probe_lib_inspect.out_source-fetched-1.3.1_lib-fetched_ocaml_binding-fetched.log)
[2026-08-26 03:45:34.563] probe_lib_inspect          detect  (ok, output present)
[2026-08-26 03:45:34.563] probe_lib_inspect          check_post  (pass)
[2026-08-26 03:45:34.563] probe_lib_inspect          done
[2026-08-26 03:45:34.565] *                          graph_end  (7/7 completed)
[2026-08-26 03:45:34.565] *                          diagram  (_out/canary/projects/zlib/-run/diagrams/all.mmd)
[2026-08-26 03:45:34.566] *                          diagram  (_out/canary/projects/zlib/-run/diagrams/full.mmd)
[2026-08-26 03:45:34.566] *                          view  (source (1 steps))
[2026-08-26 03:45:34.566] *                          view  (lib (3 steps))
[2026-08-26 03:45:34.566] *                          view  (probes (4 steps))
[2026-08-26 03:45:34.566] *                          view  (binding_ocaml (3 steps))
[2026-08-26 03:45:34.568] *                          html  (_out/canary/projects/zlib/-run/result.html)
[2026-08-26 03:45:34.568] *                          index  (_out/canary/projects/index.html)
[2026-08-26 03:45:34.568] *                          invariant  (full.mmd: OK (7 nodes, 7 IDs))
[2026-08-26 03:45:34.569] *                          invariant  (binding_ocaml.mmd: OK (6 nodes, 7 IDs))
[2026-08-26 03:45:34.569] *                          invariant  (source.mmd: OK (5 nodes, 7 IDs))
[2026-08-26 03:45:34.569] *                          invariant  (lib.mmd: OK (6 nodes, 7 IDs))
[2026-08-26 03:45:34.569] *                          invariant  (all.mmd: OK (5 nodes, 7 IDs))
[2026-08-26 03:45:34.569] *                          invariant  (probes.mmd: OK (7 nodes, 7 IDs))
[2026-08-26 03:45:34.569] *                          invariant  (ALL OK)
[2026-08-26 03:45:34.605] *                          variant_start  (source-fetched-1.3.1_lib-vendored-dev_ocaml_binding-fetched)
[2026-08-26 03:45:34.605] *                          graph_start  (7 steps)
[2026-08-26 03:45:34.607] fetch_source               marker_stale  (spec changed since the marker — re-running)
[2026-08-26 03:45:34.607] fetch_lib                  marker_stale  (spec changed since the marker — re-running)
[2026-08-26 03:45:34.607] fetch_binding_ocaml        marker_stale  (spec changed since the marker — re-running)
[2026-08-26 03:45:34.607] probe_binding_ocaml        marker_stale  (spec changed since the marker — re-running)
[2026-08-26 03:45:34.608] probe_binding_ocaml_inspect  marker_stale  (spec changed since the marker — re-running)
[2026-08-26 03:45:34.608] probe_lib                  marker_stale  (spec changed since the marker — re-running)
[2026-08-26 03:45:34.608] probe_lib_inspect          marker_stale  (spec changed since the marker — re-running)
[2026-08-26 03:45:34.608] fetch_source               check_pre  (pass)
[2026-08-26 03:45:34.611] fetch_source               cmd  (if [ ! -d /home/red/code/contrib/zlib-all/zlib/.git ]; then git clone https://github.com/madler/zlib.git /home/red/code/contrib/zlib-all/zlib; fi && \
git -C /home/red/code/contrib/zlib-all/zlib fetch -q origin v1.3.1 && \
if [ ! -d /home/red/code/contrib/zlib-all/zlib-v1.3.1 ]; then git -C /home/red/code/contrib/zlib-all/zlib worktree add -f /home/red/code/contrib/zlib-all/zlib-v1.3.1 v1.3.1; fi && \
git -C /home/red/code/contrib/zlib-all/zlib-v1.3.1 checkout -q -f v1.3.1 && \
echo '/home/red/code/contrib/zlib-all/zlib-v1.3.1' > /home/red/code/research/tola/_out/canary/projects/zlib/fetch_source/source_source-fetched-1.3.1_lib-vendored-dev_ocaml_binding-fetched.ok)
[2026-08-26 03:45:34.611] fetch_source               opam_switch  (canary)
[2026-08-26 03:45:34.907] fetch_source               cmd_log  (fetch_source.out_source-fetched-1.3.1_lib-vendored-dev_ocaml_binding-fetched.log)
[2026-08-26 03:45:34.907] fetch_source               detect  (ok, output present)
[2026-08-26 03:45:34.914] fetch_source               check_post  (pass)
[2026-08-26 03:45:34.914] fetch_source               done
[2026-08-26 03:45:34.918] fetch_lib                  check_pre  (pass)
[2026-08-26 03:45:34.920] fetch_lib                  cmd  (sudo apt-get install -y zlib1g-dev && echo 'installed' > /home/red/code/research/tola/_out/canary/projects/zlib/fetch_lib/lib_source-fetched-1.3.1_lib-vendored-dev_ocaml_binding-fetched.ok)
[2026-08-26 03:45:34.920] fetch_lib                  opam_switch  (canary)
[2026-08-26 03:45:35.279] fetch_lib                  cmd_log  (fetch_lib.out_source-fetched-1.3.1_lib-vendored-dev_ocaml_binding-fetched.log)
[2026-08-26 03:45:35.279] fetch_lib                  detect  (ok, output present)
[2026-08-26 03:45:35.279] fetch_lib                  check_post  (pass)
[2026-08-26 03:45:35.279] fetch_lib                  done
[2026-08-26 03:45:35.281] fetch_binding_ocaml        check_pre  (pass)
[2026-08-26 03:45:35.283] fetch_binding_ocaml        cmd  (eval $(opam env) && opam install camlzip -y --assume-depexts && eval $(opam env) && opam install -y ocamlfind && echo 'installed' > /home/red/code/research/tola/_out/canary/projects/zlib/fetch_binding/ocaml/binding_source-fetched-1.3.1_lib-vendored-dev_ocaml_binding-fetched.ok)
[2026-08-26 03:45:35.283] fetch_binding_ocaml        opam_switch  (canary)
[2026-08-26 03:45:36.252] fetch_binding_ocaml        cmd_log  (fetch_binding_ocaml.out_source-fetched-1.3.1_lib-vendored-dev_ocaml_binding-fetched.log)
[2026-08-26 03:45:36.252] fetch_binding_ocaml        detect  (ok, output present)
[2026-08-26 03:45:36.252] fetch_binding_ocaml        check_post  (pass)
[2026-08-26 03:45:36.252] fetch_binding_ocaml        done
[2026-08-26 03:45:36.254] probe_binding_ocaml        check_pre  (pass)
[2026-08-26 03:45:36.256] probe_binding_ocaml        cmd  (eval $(opam env)
export LD_LIBRARY_PATH=/home/red/code/contrib/zlib-all/prebuilt/zlib-1.3.2/lib:$LD_LIBRARY_PATH
ocamlfind ocamlopt -package camlzip -linkpkg canary/examples/zlib/zlib_example.ml -o /home/red/code/research/tola/_out/canary/projects/zlib/probe_binding/ocaml/zlib_example > /home/red/code/research/tola/_out/canary/projects/zlib/probe_binding/ocaml/probe_source-fetched-1.3.1_lib-vendored-dev_ocaml_binding-fetched.log 2>&1 && /home/red/code/research/tola/_out/canary/projects/zlib/probe_binding/ocaml/zlib_example >> /home/red/code/research/tola/_out/canary/projects/zlib/probe_binding/ocaml/probe_source-fetched-1.3.1_lib-vendored-dev_ocaml_binding-fetched.log 2>&1 && grep -qF "/home/red/code/contrib/zlib-all/prebuilt/zlib-1.3.2/lib" /home/red/code/research/tola/_out/canary/projects/zlib/probe_binding/ocaml/probe_source-fetched-1.3.1_lib-vendored-dev_ocaml_binding-fetched.log
RC=$?
cat /home/red/code/research/tola/_out/canary/projects/zlib/probe_binding/ocaml/probe_source-fetched-1.3.1_lib-vendored-dev_ocaml_binding-fetched.log
exit $RC)
[2026-08-26 03:45:36.256] probe_binding_ocaml        opam_switch  (canary)
[2026-08-26 03:45:36.370] probe_binding_ocaml        cmd_log  (probe_binding_ocaml.out_source-fetched-1.3.1_lib-vendored-dev_ocaml_binding-fetched.log)
[2026-08-26 03:45:36.370] probe_binding_ocaml        detect  (ok, output present)
[2026-08-26 03:45:36.370] probe_binding_ocaml        check_post  (pass)
[2026-08-26 03:45:36.370] probe_binding_ocaml        done
[2026-08-26 03:45:36.372] probe_binding_ocaml_inspect  check_pre  (pass)
[2026-08-26 03:45:36.374] probe_binding_ocaml_inspect  cmd  (eval $(opam env)
PKG_DIR=$(ocamlfind query 'zip' 2>/dev/null)
test -n "$PKG_DIR"
{ for f in "$PKG_DIR"/*.cmxa "$PKG_DIR"/*.cma; do
    [ -f "$f" ] && ocamlobjinfo "$f"
  done
} | python3 canary/scripts/inspect_ocaml.py --path 'zip' --watchlist 'Zlib,Gzip,Zip' \
  > /home/red/code/research/tola/_out/canary/projects/zlib/probe_binding/ocaml/inspect_source-fetched-1.3.1_lib-vendored-dev_ocaml_binding-fetched.json)
[2026-08-26 03:45:36.374] probe_binding_ocaml_inspect  opam_switch  (canary)
[2026-08-26 03:45:36.428] probe_binding_ocaml_inspect  cmd_log  (probe_binding_ocaml_inspect.out_source-fetched-1.3.1_lib-vendored-dev_ocaml_binding-fetched.log)
[2026-08-26 03:45:36.428] probe_binding_ocaml_inspect  detect  (ok, output present)
[2026-08-26 03:45:36.428] probe_binding_ocaml_inspect  check_post  (pass)
[2026-08-26 03:45:36.428] probe_binding_ocaml_inspect  done
[2026-08-26 03:45:36.430] probe_lib                  check_pre  (pass)
[2026-08-26 03:45:36.431] probe_lib                  cmd  (LIB_NATIVE=$(ls /home/red/code/contrib/zlib-all/prebuilt/zlib-1.3.2/lib/libz.so.1* 2>/dev/null | head -1)
test -n "$LIB_NATIVE" -a -e "$LIB_NATIVE" || { echo "PREBUILT MISSING: /home/red/code/contrib/zlib-all/prebuilt/zlib-1.3.2/lib — run 'canary prebuilt zlib' first" >&2; exit 1; }
COUNT=$(nm -D "$LIB_NATIVE" 2>/dev/null | grep -v ' U ' | grep -c 'deflate' || echo 0)
printf 'deflate symbols exported: %s\n' "$COUNT" | tee /home/red/code/research/tola/_out/canary/projects/zlib/probe_lib/probe_source-fetched-1.3.1_lib-vendored-dev_ocaml_binding-fetched.log
test "$COUNT" -gt 0)
[2026-08-26 03:45:36.431] probe_lib                  opam_switch  (canary)
[2026-08-26 03:45:36.471] probe_lib                  cmd_log  (probe_lib.out_source-fetched-1.3.1_lib-vendored-dev_ocaml_binding-fetched.log)
[2026-08-26 03:45:36.472] probe_lib                  detect  (ok, output present)
[2026-08-26 03:45:36.472] probe_lib                  check_post  (pass)
[2026-08-26 03:45:36.472] probe_lib                  done
[2026-08-26 03:45:36.474] probe_lib_inspect          check_pre  (pass)
[2026-08-26 03:45:36.475] probe_lib_inspect          cmd  (LIB_NATIVE=$(ls /home/red/code/contrib/zlib-all/prebuilt/zlib-1.3.2/lib/libz.so.1* 2>/dev/null | head -1)
test -n "$LIB_NATIVE" -a -e "$LIB_NATIVE" || { echo "PREBUILT MISSING: /home/red/code/contrib/zlib-all/prebuilt/zlib-1.3.2/lib — run 'canary prebuilt zlib' first" >&2; exit 1; }
nm -D "$LIB_NATIVE" 2>/dev/null \
  | python3 canary/scripts/inspect_native.py --emit-symbols --elf --path "$LIB_NATIVE" --prefixes 'deflate,inflate,gz,crc32,adler32' --watchlist 'deflateInit_,deflate,deflateEnd,inflateInit_,inflate,inflateEnd,zlibVersion' \
  > /home/red/code/research/tola/_out/canary/projects/zlib/probe_lib/inspect_source-fetched-1.3.1_lib-vendored-dev_ocaml_binding-fetched.json)
[2026-08-26 03:45:36.475] probe_lib_inspect          opam_switch  (canary)
[2026-08-26 03:45:36.530] probe_lib_inspect          cmd_log  (probe_lib_inspect.out_source-fetched-1.3.1_lib-vendored-dev_ocaml_binding-fetched.log)
[2026-08-26 03:45:36.530] probe_lib_inspect          detect  (ok, output present)
[2026-08-26 03:45:36.530] probe_lib_inspect          check_post  (pass)
[2026-08-26 03:45:36.530] probe_lib_inspect          done
[2026-08-26 03:45:36.532] *                          graph_end  (7/7 completed)
[2026-08-26 03:45:36.532] *                          diagram  (_out/canary/projects/zlib/-run/diagrams/all.mmd)
[2026-08-26 03:45:36.532] *                          diagram  (_out/canary/projects/zlib/-run/diagrams/full.mmd)
[2026-08-26 03:45:36.532] *                          view  (source (1 steps))
[2026-08-26 03:45:36.532] *                          view  (lib (3 steps))
[2026-08-26 03:45:36.532] *                          view  (probes (4 steps))
[2026-08-26 03:45:36.532] *                          view  (binding_ocaml (3 steps))
[2026-08-26 03:45:36.533] *                          html  (_out/canary/projects/zlib/-run/result.html)
[2026-08-26 03:45:36.534] *                          index  (_out/canary/projects/index.html)
[2026-08-26 03:45:36.534] *                          invariant  (full.mmd: OK (7 nodes, 7 IDs))
[2026-08-26 03:45:36.534] *                          invariant  (binding_ocaml.mmd: OK (6 nodes, 7 IDs))
[2026-08-26 03:45:36.534] *                          invariant  (source.mmd: OK (5 nodes, 7 IDs))
[2026-08-26 03:45:36.534] *                          invariant  (lib.mmd: OK (6 nodes, 7 IDs))
[2026-08-26 03:45:36.535] *                          invariant  (all.mmd: OK (5 nodes, 7 IDs))
[2026-08-26 03:45:36.535] *                          invariant  (probes.mmd: OK (7 nodes, 7 IDs))
[2026-08-26 03:45:36.535] *                          invariant  (ALL OK)
[2026-08-26 03:45:36.917] *                          variant_start  (source-fetched-1.3.1_lib-fetched_ocaml_binding-fetched)
[2026-08-26 03:45:36.917] *                          graph_start  (7 steps)
[2026-08-26 03:45:36.919] fetch_source               marker_stale  (spec changed since the marker — re-running)
[2026-08-26 03:45:36.919] fetch_lib                  marker_stale  (spec changed since the marker — re-running)
[2026-08-26 03:45:36.920] fetch_binding_ocaml        marker_stale  (spec changed since the marker — re-running)
[2026-08-26 03:45:36.920] probe_binding_ocaml        marker_stale  (spec changed since the marker — re-running)
[2026-08-26 03:45:36.920] probe_binding_ocaml_inspect  marker_stale  (spec changed since the marker — re-running)
[2026-08-26 03:45:36.920] probe_lib                  marker_stale  (spec changed since the marker — re-running)
[2026-08-26 03:45:36.920] probe_lib_inspect          marker_stale  (spec changed since the marker — re-running)
[2026-08-26 03:45:36.920] fetch_source               check_pre  (pass)
[2026-08-26 03:45:36.924] fetch_source               cmd  (if [ ! -d /home/red/code/contrib/zlib-all/zlib/.git ]; then git clone https://github.com/madler/zlib.git /home/red/code/contrib/zlib-all/zlib; fi && \
git -C /home/red/code/contrib/zlib-all/zlib fetch -q origin v1.3.1 && \
if [ ! -d /home/red/code/contrib/zlib-all/zlib-v1.3.1 ]; then git -C /home/red/code/contrib/zlib-all/zlib worktree add -f /home/red/code/contrib/zlib-all/zlib-v1.3.1 v1.3.1; fi && \
git -C /home/red/code/contrib/zlib-all/zlib-v1.3.1 checkout -q -f v1.3.1 && \
echo '/home/red/code/contrib/zlib-all/zlib-v1.3.1' > /home/red/code/research/tola/_out/canary/projects/zlib/fetch_source/source_source-fetched-1.3.1_lib-fetched_ocaml_binding-fetched.ok)
[2026-08-26 03:45:36.924] fetch_source               opam_switch  ((ambient))
[2026-08-26 03:45:37.219] fetch_source               cmd_log  (fetch_source.out_source-fetched-1.3.1_lib-fetched_ocaml_binding-fetched.log)
[2026-08-26 03:45:37.220] fetch_source               detect  (ok, output present)
[2026-08-26 03:45:37.227] fetch_source               check_post  (pass)
[2026-08-26 03:45:37.227] fetch_source               done
[2026-08-26 03:45:37.231] fetch_lib                  check_pre  (pass)
[2026-08-26 03:45:37.233] fetch_lib                  cmd  (sudo apt-get install -y zlib1g-dev && echo 'installed' > /home/red/code/research/tola/_out/canary/projects/zlib/fetch_lib/lib_source-fetched-1.3.1_lib-fetched_ocaml_binding-fetched.ok)
[2026-08-26 03:45:37.233] fetch_lib                  opam_switch  ((ambient))
[2026-08-26 03:45:37.623] fetch_lib                  cmd_log  (fetch_lib.out_source-fetched-1.3.1_lib-fetched_ocaml_binding-fetched.log)
[2026-08-26 03:45:37.623] fetch_lib                  detect  (ok, output present)
[2026-08-26 03:45:37.623] fetch_lib                  check_post  (pass)
[2026-08-26 03:45:37.623] fetch_lib                  done
[2026-08-26 03:45:37.625] fetch_binding_ocaml        check_pre  (pass)
[2026-08-26 03:45:37.627] fetch_binding_ocaml        cmd  (eval $(opam env) && opam install camlzip -y --assume-depexts && eval $(opam env) && opam install -y ocamlfind && echo 'installed' > /home/red/code/research/tola/_out/canary/projects/zlib/fetch_binding/ocaml/binding_source-fetched-1.3.1_lib-fetched_ocaml_binding-fetched.ok)
[2026-08-26 03:45:37.627] fetch_binding_ocaml        opam_switch  ((ambient))
[2026-08-26 03:45:38.597] fetch_binding_ocaml        cmd_log  (fetch_binding_ocaml.out_source-fetched-1.3.1_lib-fetched_ocaml_binding-fetched.log)
[2026-08-26 03:45:38.597] fetch_binding_ocaml        detect  (ok, output present)
[2026-08-26 03:45:38.597] fetch_binding_ocaml        check_post  (pass)
[2026-08-26 03:45:38.597] fetch_binding_ocaml        done
[2026-08-26 03:45:38.599] probe_binding_ocaml        check_pre  (pass)
[2026-08-26 03:45:38.601] probe_binding_ocaml        cmd  (eval $(opam env)
ocamlfind ocamlopt -package camlzip -linkpkg canary/examples/zlib/zlib_example.ml -o /home/red/code/research/tola/_out/canary/projects/zlib/probe_binding/ocaml/zlib_example > /home/red/code/research/tola/_out/canary/projects/zlib/probe_binding/ocaml/probe_source-fetched-1.3.1_lib-fetched_ocaml_binding-fetched.log 2>&1 && /home/red/code/research/tola/_out/canary/projects/zlib/probe_binding/ocaml/zlib_example >> /home/red/code/research/tola/_out/canary/projects/zlib/probe_binding/ocaml/probe_source-fetched-1.3.1_lib-fetched_ocaml_binding-fetched.log 2>&1
RC=$?
cat /home/red/code/research/tola/_out/canary/projects/zlib/probe_binding/ocaml/probe_source-fetched-1.3.1_lib-fetched_ocaml_binding-fetched.log
exit $RC)
[2026-08-26 03:45:38.601] probe_binding_ocaml        opam_switch  ((ambient))
[2026-08-26 03:45:38.727] probe_binding_ocaml        cmd_log  (probe_binding_ocaml.out_source-fetched-1.3.1_lib-fetched_ocaml_binding-fetched.log)
[2026-08-26 03:45:38.727] probe_binding_ocaml        detect  (ok, output present)
[2026-08-26 03:45:38.727] probe_binding_ocaml        check_post  (pass)
[2026-08-26 03:45:38.727] probe_binding_ocaml        done
[2026-08-26 03:45:38.729] probe_binding_ocaml_inspect  check_pre  (pass)
[2026-08-26 03:45:38.731] probe_binding_ocaml_inspect  cmd  (eval $(opam env)
PKG_DIR=$(ocamlfind query 'zip' 2>/dev/null)
test -n "$PKG_DIR"
{ for f in "$PKG_DIR"/*.cmxa "$PKG_DIR"/*.cma; do
    [ -f "$f" ] && ocamlobjinfo "$f"
  done
} | python3 canary/scripts/inspect_ocaml.py --path 'zip' --watchlist 'Zlib,Gzip,Zip' \
  > /home/red/code/research/tola/_out/canary/projects/zlib/probe_binding/ocaml/inspect_source-fetched-1.3.1_lib-fetched_ocaml_binding-fetched.json)
[2026-08-26 03:45:38.731] probe_binding_ocaml_inspect  opam_switch  ((ambient))
[2026-08-26 03:45:38.783] probe_binding_ocaml_inspect  cmd_log  (probe_binding_ocaml_inspect.out_source-fetched-1.3.1_lib-fetched_ocaml_binding-fetched.log)
[2026-08-26 03:45:38.783] probe_binding_ocaml_inspect  detect  (ok, output present)
[2026-08-26 03:45:38.783] probe_binding_ocaml_inspect  check_post  (pass)
[2026-08-26 03:45:38.783] probe_binding_ocaml_inspect  done
[2026-08-26 03:45:38.785] probe_lib                  check_pre  (pass)
[2026-08-26 03:45:38.787] probe_lib                  cmd  (LIB_NATIVE=$(ls /usr/lib/x86_64-linux-gnu/libz.so.1* /usr/lib*/libz.so.1* 2>/dev/null \
        "$(brew --prefix zlib 2>/dev/null)/lib/libz.dylib" 2>/dev/null \
        | head -1)
test -n "$LIB_NATIVE" -a -e "$LIB_NATIVE"
COUNT=$(nm -D "$LIB_NATIVE" 2>/dev/null | grep -v ' U ' | grep -c 'deflate' || echo 0)
printf 'deflate symbols exported: %s\n' "$COUNT" | tee /home/red/code/research/tola/_out/canary/projects/zlib/probe_lib/probe_source-fetched-1.3.1_lib-fetched_ocaml_binding-fetched.log
test "$COUNT" -gt 0)
[2026-08-26 03:45:38.787] probe_lib                  opam_switch  ((ambient))
[2026-08-26 03:45:38.830] probe_lib                  cmd_log  (probe_lib.out_source-fetched-1.3.1_lib-fetched_ocaml_binding-fetched.log)
[2026-08-26 03:45:38.830] probe_lib                  detect  (ok, output present)
[2026-08-26 03:45:38.830] probe_lib                  check_post  (pass)
[2026-08-26 03:45:38.830] probe_lib                  done
[2026-08-26 03:45:38.832] probe_lib_inspect          check_pre  (pass)
[2026-08-26 03:45:38.833] probe_lib_inspect          cmd  (LIB_NATIVE=$(ls /usr/lib/x86_64-linux-gnu/libz.so.1* /usr/lib*/libz.so.1* 2>/dev/null \
        "$(brew --prefix zlib 2>/dev/null)/lib/libz.dylib" 2>/dev/null \
        | head -1)
test -n "$LIB_NATIVE" -a -e "$LIB_NATIVE"
nm -D "$LIB_NATIVE" 2>/dev/null \
  | python3 canary/scripts/inspect_native.py --emit-symbols --elf --path "$LIB_NATIVE" --prefixes 'deflate,inflate,gz,crc32,adler32' --watchlist 'deflateInit_,deflate,deflateEnd,inflateInit_,inflate,inflateEnd,zlibVersion' \
  > /home/red/code/research/tola/_out/canary/projects/zlib/probe_lib/inspect_source-fetched-1.3.1_lib-fetched_ocaml_binding-fetched.json)
[2026-08-26 03:45:38.834] probe_lib_inspect          opam_switch  ((ambient))
[2026-08-26 03:45:38.892] probe_lib_inspect          cmd_log  (probe_lib_inspect.out_source-fetched-1.3.1_lib-fetched_ocaml_binding-fetched.log)
[2026-08-26 03:45:38.892] probe_lib_inspect          detect  (ok, output present)
[2026-08-26 03:45:38.893] probe_lib_inspect          check_post  (pass)
[2026-08-26 03:45:38.893] probe_lib_inspect          done
[2026-08-26 03:45:38.894] *                          graph_end  (7/7 completed)
[2026-08-26 03:45:38.895] *                          diagram  (_out/canary/projects/zlib/-run/diagrams/all.mmd)
[2026-08-26 03:45:38.895] *                          diagram  (_out/canary/projects/zlib/-run/diagrams/full.mmd)
[2026-08-26 03:45:38.895] *                          view  (source (1 steps))
[2026-08-26 03:45:38.896] *                          view  (lib (3 steps))
[2026-08-26 03:45:38.896] *                          view  (probes (4 steps))
[2026-08-26 03:45:38.896] *                          view  (binding_ocaml (3 steps))
[2026-08-26 03:45:38.897] *                          html  (_out/canary/projects/zlib/-run/result.html)
[2026-08-26 03:45:38.898] *                          index  (_out/canary/projects/index.html)
[2026-08-26 03:45:38.898] *                          invariant  (full.mmd: OK (7 nodes, 7 IDs))
[2026-08-26 03:45:38.898] *                          invariant  (binding_ocaml.mmd: OK (6 nodes, 7 IDs))
[2026-08-26 03:45:38.899] *                          invariant  (source.mmd: OK (5 nodes, 7 IDs))
[2026-08-26 03:45:38.899] *                          invariant  (lib.mmd: OK (6 nodes, 7 IDs))
[2026-08-26 03:45:38.899] *                          invariant  (all.mmd: OK (5 nodes, 7 IDs))
[2026-08-26 03:45:38.899] *                          invariant  (probes.mmd: OK (7 nodes, 7 IDs))
[2026-08-26 03:45:38.899] *                          invariant  (ALL OK)
[2026-08-26 03:45:38.936] *                          variant_start  (source-fetched-1.3.1_lib-vendored-dev_ocaml_binding-fetched)
[2026-08-26 03:45:38.936] *                          graph_start  (7 steps)
[2026-08-26 03:45:38.938] fetch_source               marker_stale  (spec changed since the marker — re-running)
[2026-08-26 03:45:38.938] fetch_lib                  marker_stale  (spec changed since the marker — re-running)
[2026-08-26 03:45:38.938] fetch_binding_ocaml        marker_stale  (spec changed since the marker — re-running)
[2026-08-26 03:45:38.938] probe_binding_ocaml        marker_stale  (spec changed since the marker — re-running)
[2026-08-26 03:45:38.938] probe_binding_ocaml_inspect  marker_stale  (spec changed since the marker — re-running)
[2026-08-26 03:45:38.938] probe_lib                  marker_stale  (spec changed since the marker — re-running)
[2026-08-26 03:45:38.938] probe_lib_inspect          marker_stale  (spec changed since the marker — re-running)
[2026-08-26 03:45:38.938] fetch_source               check_pre  (pass)
[2026-08-26 03:45:38.942] fetch_source               cmd  (if [ ! -d /home/red/code/contrib/zlib-all/zlib/.git ]; then git clone https://github.com/madler/zlib.git /home/red/code/contrib/zlib-all/zlib; fi && \
git -C /home/red/code/contrib/zlib-all/zlib fetch -q origin v1.3.1 && \
if [ ! -d /home/red/code/contrib/zlib-all/zlib-v1.3.1 ]; then git -C /home/red/code/contrib/zlib-all/zlib worktree add -f /home/red/code/contrib/zlib-all/zlib-v1.3.1 v1.3.1; fi && \
git -C /home/red/code/contrib/zlib-all/zlib-v1.3.1 checkout -q -f v1.3.1 && \
echo '/home/red/code/contrib/zlib-all/zlib-v1.3.1' > /home/red/code/research/tola/_out/canary/projects/zlib/fetch_source/source_source-fetched-1.3.1_lib-vendored-dev_ocaml_binding-fetched.ok)
[2026-08-26 03:45:38.942] fetch_source               opam_switch  ((ambient))
[2026-08-26 03:45:39.231] fetch_source               cmd_log  (fetch_source.out_source-fetched-1.3.1_lib-vendored-dev_ocaml_binding-fetched.log)
[2026-08-26 03:45:39.231] fetch_source               detect  (ok, output present)
[2026-08-26 03:45:39.238] fetch_source               check_post  (pass)
[2026-08-26 03:45:39.238] fetch_source               done
[2026-08-26 03:45:39.242] fetch_lib                  check_pre  (pass)
[2026-08-26 03:45:39.243] fetch_lib                  cmd  (sudo apt-get install -y zlib1g-dev && echo 'installed' > /home/red/code/research/tola/_out/canary/projects/zlib/fetch_lib/lib_source-fetched-1.3.1_lib-vendored-dev_ocaml_binding-fetched.ok)
[2026-08-26 03:45:39.243] fetch_lib                  opam_switch  ((ambient))
[2026-08-26 03:45:39.590] fetch_lib                  cmd_log  (fetch_lib.out_source-fetched-1.3.1_lib-vendored-dev_ocaml_binding-fetched.log)
[2026-08-26 03:45:39.590] fetch_lib                  detect  (ok, output present)
[2026-08-26 03:45:39.590] fetch_lib                  check_post  (pass)
[2026-08-26 03:45:39.590] fetch_lib                  done
[2026-08-26 03:45:39.592] fetch_binding_ocaml        check_pre  (pass)
[2026-08-26 03:45:39.594] fetch_binding_ocaml        cmd  (eval $(opam env) && opam install camlzip -y --assume-depexts && eval $(opam env) && opam install -y ocamlfind && echo 'installed' > /home/red/code/research/tola/_out/canary/projects/zlib/fetch_binding/ocaml/binding_source-fetched-1.3.1_lib-vendored-dev_ocaml_binding-fetched.ok)
[2026-08-26 03:45:39.594] fetch_binding_ocaml        opam_switch  ((ambient))
[2026-08-26 03:45:40.575] fetch_binding_ocaml        cmd_log  (fetch_binding_ocaml.out_source-fetched-1.3.1_lib-vendored-dev_ocaml_binding-fetched.log)
[2026-08-26 03:45:40.575] fetch_binding_ocaml        detect  (ok, output present)
[2026-08-26 03:45:40.575] fetch_binding_ocaml        check_post  (pass)
[2026-08-26 03:45:40.575] fetch_binding_ocaml        done
[2026-08-26 03:45:40.577] probe_binding_ocaml        check_pre  (pass)
[2026-08-26 03:45:40.579] probe_binding_ocaml        cmd  (eval $(opam env)
export LD_LIBRARY_PATH=/home/red/code/contrib/zlib-all/prebuilt/zlib-1.3.2/lib:$LD_LIBRARY_PATH
ocamlfind ocamlopt -package camlzip -linkpkg canary/examples/zlib/zlib_example.ml -o /home/red/code/research/tola/_out/canary/projects/zlib/probe_binding/ocaml/zlib_example > /home/red/code/research/tola/_out/canary/projects/zlib/probe_binding/ocaml/probe_source-fetched-1.3.1_lib-vendored-dev_ocaml_binding-fetched.log 2>&1 && /home/red/code/research/tola/_out/canary/projects/zlib/probe_binding/ocaml/zlib_example >> /home/red/code/research/tola/_out/canary/projects/zlib/probe_binding/ocaml/probe_source-fetched-1.3.1_lib-vendored-dev_ocaml_binding-fetched.log 2>&1 && grep -qF "/home/red/code/contrib/zlib-all/prebuilt/zlib-1.3.2/lib" /home/red/code/research/tola/_out/canary/projects/zlib/probe_binding/ocaml/probe_source-fetched-1.3.1_lib-vendored-dev_ocaml_binding-fetched.log
RC=$?
cat /home/red/code/research/tola/_out/canary/projects/zlib/probe_binding/ocaml/probe_source-fetched-1.3.1_lib-vendored-dev_ocaml_binding-fetched.log
exit $RC)
[2026-08-26 03:45:40.579] probe_binding_ocaml        opam_switch  ((ambient))
[2026-08-26 03:45:40.692] probe_binding_ocaml        cmd_log  (probe_binding_ocaml.out_source-fetched-1.3.1_lib-vendored-dev_ocaml_binding-fetched.log)
[2026-08-26 03:45:40.692] probe_binding_ocaml        detect  (ok, output present)
[2026-08-26 03:45:40.692] probe_binding_ocaml        check_post  (pass)
[2026-08-26 03:45:40.692] probe_binding_ocaml        done
[2026-08-26 03:45:40.694] probe_binding_ocaml_inspect  check_pre  (pass)
[2026-08-26 03:45:40.696] probe_binding_ocaml_inspect  cmd  (eval $(opam env)
PKG_DIR=$(ocamlfind query 'zip' 2>/dev/null)
test -n "$PKG_DIR"
{ for f in "$PKG_DIR"/*.cmxa "$PKG_DIR"/*.cma; do
    [ -f "$f" ] && ocamlobjinfo "$f"
  done
} | python3 canary/scripts/inspect_ocaml.py --path 'zip' --watchlist 'Zlib,Gzip,Zip' \
  > /home/red/code/research/tola/_out/canary/projects/zlib/probe_binding/ocaml/inspect_source-fetched-1.3.1_lib-vendored-dev_ocaml_binding-fetched.json)
[2026-08-26 03:45:40.696] probe_binding_ocaml_inspect  opam_switch  ((ambient))
[2026-08-26 03:45:40.756] probe_binding_ocaml_inspect  cmd_log  (probe_binding_ocaml_inspect.out_source-fetched-1.3.1_lib-vendored-dev_ocaml_binding-fetched.log)
[2026-08-26 03:45:40.756] probe_binding_ocaml_inspect  detect  (ok, output present)
[2026-08-26 03:45:40.756] probe_binding_ocaml_inspect  check_post  (pass)
[2026-08-26 03:45:40.756] probe_binding_ocaml_inspect  done
[2026-08-26 03:45:40.758] probe_lib                  check_pre  (pass)
[2026-08-26 03:45:40.759] probe_lib                  cmd  (LIB_NATIVE=$(ls /home/red/code/contrib/zlib-all/prebuilt/zlib-1.3.2/lib/libz.so.1* 2>/dev/null | head -1)
test -n "$LIB_NATIVE" -a -e "$LIB_NATIVE" || { echo "PREBUILT MISSING: /home/red/code/contrib/zlib-all/prebuilt/zlib-1.3.2/lib — run 'canary prebuilt zlib' first" >&2; exit 1; }
COUNT=$(nm -D "$LIB_NATIVE" 2>/dev/null | grep -v ' U ' | grep -c 'deflate' || echo 0)
printf 'deflate symbols exported: %s\n' "$COUNT" | tee /home/red/code/research/tola/_out/canary/projects/zlib/probe_lib/probe_source-fetched-1.3.1_lib-vendored-dev_ocaml_binding-fetched.log
test "$COUNT" -gt 0)
[2026-08-26 03:45:40.759] probe_lib                  opam_switch  ((ambient))
[2026-08-26 03:45:40.799] probe_lib                  cmd_log  (probe_lib.out_source-fetched-1.3.1_lib-vendored-dev_ocaml_binding-fetched.log)
[2026-08-26 03:45:40.799] probe_lib                  detect  (ok, output present)
[2026-08-26 03:45:40.799] probe_lib                  check_post  (pass)
[2026-08-26 03:45:40.799] probe_lib                  done
[2026-08-26 03:45:40.801] probe_lib_inspect          check_pre  (pass)
[2026-08-26 03:45:40.803] probe_lib_inspect          cmd  (LIB_NATIVE=$(ls /home/red/code/contrib/zlib-all/prebuilt/zlib-1.3.2/lib/libz.so.1* 2>/dev/null | head -1)
test -n "$LIB_NATIVE" -a -e "$LIB_NATIVE" || { echo "PREBUILT MISSING: /home/red/code/contrib/zlib-all/prebuilt/zlib-1.3.2/lib — run 'canary prebuilt zlib' first" >&2; exit 1; }
nm -D "$LIB_NATIVE" 2>/dev/null \
  | python3 canary/scripts/inspect_native.py --emit-symbols --elf --path "$LIB_NATIVE" --prefixes 'deflate,inflate,gz,crc32,adler32' --watchlist 'deflateInit_,deflate,deflateEnd,inflateInit_,inflate,inflateEnd,zlibVersion' \
  > /home/red/code/research/tola/_out/canary/projects/zlib/probe_lib/inspect_source-fetched-1.3.1_lib-vendored-dev_ocaml_binding-fetched.json)
[2026-08-26 03:45:40.803] probe_lib_inspect          opam_switch  ((ambient))
[2026-08-26 03:45:40.850] probe_lib_inspect          cmd_log  (probe_lib_inspect.out_source-fetched-1.3.1_lib-vendored-dev_ocaml_binding-fetched.log)
[2026-08-26 03:45:40.850] probe_lib_inspect          detect  (ok, output present)
[2026-08-26 03:45:40.850] probe_lib_inspect          check_post  (pass)
[2026-08-26 03:45:40.850] probe_lib_inspect          done
[2026-08-26 03:45:40.852] *                          graph_end  (7/7 completed)
[2026-08-26 03:45:40.852] *                          diagram  (_out/canary/projects/zlib/-run/diagrams/all.mmd)
[2026-08-26 03:45:40.852] *                          diagram  (_out/canary/projects/zlib/-run/diagrams/full.mmd)
[2026-08-26 03:45:40.852] *                          view  (source (1 steps))
[2026-08-26 03:45:40.853] *                          view  (lib (3 steps))
[2026-08-26 03:45:40.853] *                          view  (probes (4 steps))
[2026-08-26 03:45:40.853] *                          view  (binding_ocaml (3 steps))
[2026-08-26 03:45:40.854] *                          html  (_out/canary/projects/zlib/-run/result.html)
[2026-08-26 03:45:40.854] *                          index  (_out/canary/projects/index.html)
[2026-08-26 03:45:40.855] *                          invariant  (full.mmd: OK (7 nodes, 7 IDs))
[2026-08-26 03:45:40.855] *                          invariant  (binding_ocaml.mmd: OK (6 nodes, 7 IDs))
[2026-08-26 03:45:40.855] *                          invariant  (source.mmd: OK (5 nodes, 7 IDs))
[2026-08-26 03:45:40.855] *                          invariant  (lib.mmd: OK (6 nodes, 7 IDs))
[2026-08-26 03:45:40.855] *                          invariant  (all.mmd: OK (5 nodes, 7 IDs))
[2026-08-26 03:45:40.855] *                          invariant  (probes.mmd: OK (7 nodes, 7 IDs))
[2026-08-26 03:45:40.855] *                          invariant  (ALL OK)
[2026-08-26 09:41:10.269] *                          variant_start  (source-fetched-1.3.1_lib-fetched_ocaml_binding-fetched)
[2026-08-26 09:41:10.269] *                          graph_start  (7 steps)
[2026-08-26 09:41:10.272] fetch_source               marker_stale  (spec changed since the marker — re-running)
[2026-08-26 09:41:10.272] fetch_lib                  marker_stale  (spec changed since the marker — re-running)
[2026-08-26 09:41:10.272] fetch_binding_ocaml        marker_stale  (spec changed since the marker — re-running)
[2026-08-26 09:41:10.273] probe_binding_ocaml        marker_stale  (spec changed since the marker — re-running)
[2026-08-26 09:41:10.273] probe_binding_ocaml_inspect  marker_stale  (spec changed since the marker — re-running)
[2026-08-26 09:41:10.273] probe_lib                  marker_stale  (spec changed since the marker — re-running)
[2026-08-26 09:41:10.273] probe_lib_inspect          marker_stale  (spec changed since the marker — re-running)
[2026-08-26 09:41:10.273] fetch_source               check_pre  (pass)
[2026-08-26 09:41:10.277] fetch_source               cmd  (if [ ! -d /home/red/code/contrib/zlib-all/zlib/.git ]; then git clone https://github.com/madler/zlib.git /home/red/code/contrib/zlib-all/zlib; fi && \
git -C /home/red/code/contrib/zlib-all/zlib fetch -q origin v1.3.1 && \
if [ ! -d /home/red/code/contrib/zlib-all/zlib-v1.3.1 ]; then git -C /home/red/code/contrib/zlib-all/zlib worktree add -f /home/red/code/contrib/zlib-all/zlib-v1.3.1 v1.3.1; fi && \
git -C /home/red/code/contrib/zlib-all/zlib-v1.3.1 checkout -q -f v1.3.1 && \
echo '/home/red/code/contrib/zlib-all/zlib-v1.3.1' > /home/red/code/research/tola/_out/canary/projects/zlib/fetch_source/source_source-fetched-1.3.1_lib-fetched_ocaml_binding-fetched.ok)
[2026-08-26 09:41:10.277] fetch_source               opam_switch  (canary)
[2026-08-26 09:41:10.862] fetch_source               cmd_log  (fetch_source.out_source-fetched-1.3.1_lib-fetched_ocaml_binding-fetched.log)
[2026-08-26 09:41:10.862] fetch_source               detect  (ok, output present)
[2026-08-26 09:41:10.869] fetch_source               check_post  (pass)
[2026-08-26 09:41:10.869] fetch_source               done
[2026-08-26 09:41:10.873] fetch_lib                  check_pre  (pass)
[2026-08-26 09:41:10.875] fetch_lib                  cmd  (sudo apt-get install -y zlib1g-dev && echo 'installed' > /home/red/code/research/tola/_out/canary/projects/zlib/fetch_lib/lib_source-fetched-1.3.1_lib-fetched_ocaml_binding-fetched.ok)
[2026-08-26 09:41:10.875] fetch_lib                  opam_switch  (canary)
[2026-08-26 09:41:11.250] fetch_lib                  cmd_log  (fetch_lib.out_source-fetched-1.3.1_lib-fetched_ocaml_binding-fetched.log)
[2026-08-26 09:41:11.250] fetch_lib                  detect  (ok, output present)
[2026-08-26 09:41:11.250] fetch_lib                  check_post  (pass)
[2026-08-26 09:41:11.250] fetch_lib                  done
[2026-08-26 09:41:11.252] fetch_binding_ocaml        check_pre  (pass)
[2026-08-26 09:41:11.254] fetch_binding_ocaml        cmd  (eval $(opam env) && opam install camlzip -y --assume-depexts && eval $(opam env) && opam install -y ocamlfind && echo 'installed' > /home/red/code/research/tola/_out/canary/projects/zlib/fetch_binding/ocaml/binding_source-fetched-1.3.1_lib-fetched_ocaml_binding-fetched.ok)
[2026-08-26 09:41:11.254] fetch_binding_ocaml        opam_switch  (canary)
[2026-08-26 09:41:12.284] fetch_binding_ocaml        cmd_log  (fetch_binding_ocaml.out_source-fetched-1.3.1_lib-fetched_ocaml_binding-fetched.log)
[2026-08-26 09:41:12.284] fetch_binding_ocaml        detect  (ok, output present)
[2026-08-26 09:41:12.284] fetch_binding_ocaml        check_post  (pass)
[2026-08-26 09:41:12.285] fetch_binding_ocaml        done
[2026-08-26 09:41:12.286] probe_binding_ocaml        check_pre  (pass)
[2026-08-26 09:41:12.288] probe_binding_ocaml        cmd  (eval $(opam env)
ocamlfind ocamlopt -package camlzip -linkpkg canary/examples/zlib/zlib_example.ml -o /home/red/code/research/tola/_out/canary/projects/zlib/probe_binding/ocaml/zlib_example > /home/red/code/research/tola/_out/canary/projects/zlib/probe_binding/ocaml/probe_source-fetched-1.3.1_lib-fetched_ocaml_binding-fetched.log 2>&1 && /home/red/code/research/tola/_out/canary/projects/zlib/probe_binding/ocaml/zlib_example >> /home/red/code/research/tola/_out/canary/projects/zlib/probe_binding/ocaml/probe_source-fetched-1.3.1_lib-fetched_ocaml_binding-fetched.log 2>&1
RC=$?
cat /home/red/code/research/tola/_out/canary/projects/zlib/probe_binding/ocaml/probe_source-fetched-1.3.1_lib-fetched_ocaml_binding-fetched.log
exit $RC)
[2026-08-26 09:41:12.288] probe_binding_ocaml        opam_switch  (canary)
[2026-08-26 09:41:12.506] probe_binding_ocaml        cmd_log  (probe_binding_ocaml.out_source-fetched-1.3.1_lib-fetched_ocaml_binding-fetched.log)
[2026-08-26 09:41:12.506] probe_binding_ocaml        detect  (ok, output present)
[2026-08-26 09:41:12.506] probe_binding_ocaml        check_post  (pass)
[2026-08-26 09:41:12.506] probe_binding_ocaml        done
[2026-08-26 09:41:12.508] probe_binding_ocaml_inspect  check_pre  (pass)
[2026-08-26 09:41:12.510] probe_binding_ocaml_inspect  cmd  (eval $(opam env)
PKG_DIR=$(ocamlfind query 'zip' 2>/dev/null)
test -n "$PKG_DIR"
{ for f in "$PKG_DIR"/*.cmxa "$PKG_DIR"/*.cma; do
    [ -f "$f" ] && ocamlobjinfo "$f"
  done
} | python3 canary/scripts/inspect_ocaml.py --path 'zip' --watchlist 'Zlib,Gzip,Zip' \
  > /home/red/code/research/tola/_out/canary/projects/zlib/probe_binding/ocaml/inspect_source-fetched-1.3.1_lib-fetched_ocaml_binding-fetched.json)
[2026-08-26 09:41:12.510] probe_binding_ocaml_inspect  opam_switch  (canary)
[2026-08-26 09:41:12.569] probe_binding_ocaml_inspect  cmd_log  (probe_binding_ocaml_inspect.out_source-fetched-1.3.1_lib-fetched_ocaml_binding-fetched.log)
[2026-08-26 09:41:12.569] probe_binding_ocaml_inspect  detect  (ok, output present)
[2026-08-26 09:41:12.569] probe_binding_ocaml_inspect  check_post  (pass)
[2026-08-26 09:41:12.569] probe_binding_ocaml_inspect  done
[2026-08-26 09:41:12.571] probe_lib                  check_pre  (pass)
[2026-08-26 09:41:12.573] probe_lib                  cmd  (LIB_NATIVE=$(ls /usr/lib/x86_64-linux-gnu/libz.so.1* /usr/lib*/libz.so.1* 2>/dev/null \
        "$(brew --prefix zlib 2>/dev/null)/lib/libz.dylib" 2>/dev/null \
        | head -1)
test -n "$LIB_NATIVE" -a -e "$LIB_NATIVE"
COUNT=$(nm -D "$LIB_NATIVE" 2>/dev/null | grep -v ' U ' | grep -c 'deflate' || echo 0)
printf 'deflate symbols exported: %s\n' "$COUNT" | tee /home/red/code/research/tola/_out/canary/projects/zlib/probe_lib/probe_source-fetched-1.3.1_lib-fetched_ocaml_binding-fetched.log
test "$COUNT" -gt 0)
[2026-08-26 09:41:12.573] probe_lib                  opam_switch  (canary)
[2026-08-26 09:41:12.622] probe_lib                  cmd_log  (probe_lib.out_source-fetched-1.3.1_lib-fetched_ocaml_binding-fetched.log)
[2026-08-26 09:41:12.622] probe_lib                  detect  (ok, output present)
[2026-08-26 09:41:12.622] probe_lib                  check_post  (pass)
[2026-08-26 09:41:12.622] probe_lib                  done
[2026-08-26 09:41:12.624] probe_lib_inspect          check_pre  (pass)
[2026-08-26 09:41:12.626] probe_lib_inspect          cmd  (LIB_NATIVE=$(ls /usr/lib/x86_64-linux-gnu/libz.so.1* /usr/lib*/libz.so.1* 2>/dev/null \
        "$(brew --prefix zlib 2>/dev/null)/lib/libz.dylib" 2>/dev/null \
        | head -1)
test -n "$LIB_NATIVE" -a -e "$LIB_NATIVE"
nm -D "$LIB_NATIVE" 2>/dev/null \
  | python3 canary/scripts/inspect_native.py --emit-symbols --elf --path "$LIB_NATIVE" --prefixes 'deflate,inflate,gz,crc32,adler32' --watchlist 'deflateInit_,deflate,deflateEnd,inflateInit_,inflate,inflateEnd,zlibVersion' \
  > /home/red/code/research/tola/_out/canary/projects/zlib/probe_lib/inspect_source-fetched-1.3.1_lib-fetched_ocaml_binding-fetched.json)
[2026-08-26 09:41:12.626] probe_lib_inspect          opam_switch  (canary)
[2026-08-26 09:41:12.682] probe_lib_inspect          cmd_log  (probe_lib_inspect.out_source-fetched-1.3.1_lib-fetched_ocaml_binding-fetched.log)
[2026-08-26 09:41:12.682] probe_lib_inspect          detect  (ok, output present)
[2026-08-26 09:41:12.682] probe_lib_inspect          check_post  (pass)
[2026-08-26 09:41:12.682] probe_lib_inspect          done
[2026-08-26 09:41:12.684] *                          graph_end  (7/7 completed)
[2026-08-26 09:41:12.684] *                          diagram  (_out/canary/projects/zlib/-run/diagrams/all.mmd)
[2026-08-26 09:41:12.685] *                          diagram  (_out/canary/projects/zlib/-run/diagrams/full.mmd)
[2026-08-26 09:41:12.685] *                          view  (source (1 steps))
[2026-08-26 09:41:12.685] *                          view  (lib (3 steps))
[2026-08-26 09:41:12.685] *                          view  (probes (4 steps))
[2026-08-26 09:41:12.686] *                          view  (binding_ocaml (3 steps))
[2026-08-26 09:41:12.687] *                          html  (_out/canary/projects/zlib/-run/result.html)
[2026-08-26 09:41:12.693] *                          index  (_out/canary/projects/index.html)
[2026-08-26 09:41:12.693] *                          invariant  (full.mmd: OK (7 nodes, 7 IDs))
[2026-08-26 09:41:12.693] *                          invariant  (binding_ocaml.mmd: OK (6 nodes, 7 IDs))
[2026-08-26 09:41:12.693] *                          invariant  (source.mmd: OK (5 nodes, 7 IDs))
[2026-08-26 09:41:12.693] *                          invariant  (lib.mmd: OK (6 nodes, 7 IDs))
[2026-08-26 09:41:12.693] *                          invariant  (all.mmd: OK (5 nodes, 7 IDs))
[2026-08-26 09:41:12.693] *                          invariant  (probes.mmd: OK (7 nodes, 7 IDs))
[2026-08-26 09:41:12.693] *                          invariant  (ALL OK)
[2026-08-26 09:41:12.743] *                          variant_start  (source-fetched-1.3.1_lib-vendored-dev_ocaml_binding-fetched)
[2026-08-26 09:41:12.743] *                          graph_start  (7 steps)
[2026-08-26 09:41:12.746] fetch_source               marker_stale  (spec changed since the marker — re-running)
[2026-08-26 09:41:12.746] fetch_lib                  marker_stale  (spec changed since the marker — re-running)
[2026-08-26 09:41:12.746] fetch_binding_ocaml        marker_stale  (spec changed since the marker — re-running)
[2026-08-26 09:41:12.747] probe_binding_ocaml        marker_stale  (spec changed since the marker — re-running)
[2026-08-26 09:41:12.747] probe_binding_ocaml_inspect  marker_stale  (spec changed since the marker — re-running)
[2026-08-26 09:41:12.747] probe_lib                  marker_stale  (spec changed since the marker — re-running)
[2026-08-26 09:41:12.747] probe_lib_inspect          marker_stale  (spec changed since the marker — re-running)
[2026-08-26 09:41:12.747] fetch_source               check_pre  (pass)
[2026-08-26 09:41:12.752] fetch_source               cmd  (if [ ! -d /home/red/code/contrib/zlib-all/zlib/.git ]; then git clone https://github.com/madler/zlib.git /home/red/code/contrib/zlib-all/zlib; fi && \
git -C /home/red/code/contrib/zlib-all/zlib fetch -q origin v1.3.1 && \
if [ ! -d /home/red/code/contrib/zlib-all/zlib-v1.3.1 ]; then git -C /home/red/code/contrib/zlib-all/zlib worktree add -f /home/red/code/contrib/zlib-all/zlib-v1.3.1 v1.3.1; fi && \
git -C /home/red/code/contrib/zlib-all/zlib-v1.3.1 checkout -q -f v1.3.1 && \
echo '/home/red/code/contrib/zlib-all/zlib-v1.3.1' > /home/red/code/research/tola/_out/canary/projects/zlib/fetch_source/source_source-fetched-1.3.1_lib-vendored-dev_ocaml_binding-fetched.ok)
[2026-08-26 09:41:12.752] fetch_source               opam_switch  (canary)
[2026-08-26 09:41:13.221] fetch_source               cmd_log  (fetch_source.out_source-fetched-1.3.1_lib-vendored-dev_ocaml_binding-fetched.log)
[2026-08-26 09:41:13.222] fetch_source               detect  (ok, output present)
[2026-08-26 09:41:13.227] fetch_source               check_post  (pass)
[2026-08-26 09:41:13.228] fetch_source               done
[2026-08-26 09:41:13.231] fetch_lib                  check_pre  (pass)
[2026-08-26 09:41:13.233] fetch_lib                  cmd  (sudo apt-get install -y zlib1g-dev && echo 'installed' > /home/red/code/research/tola/_out/canary/projects/zlib/fetch_lib/lib_source-fetched-1.3.1_lib-vendored-dev_ocaml_binding-fetched.ok)
[2026-08-26 09:41:13.233] fetch_lib                  opam_switch  (canary)
[2026-08-26 09:41:13.582] fetch_lib                  cmd_log  (fetch_lib.out_source-fetched-1.3.1_lib-vendored-dev_ocaml_binding-fetched.log)
[2026-08-26 09:41:13.582] fetch_lib                  detect  (ok, output present)
[2026-08-26 09:41:13.582] fetch_lib                  check_post  (pass)
[2026-08-26 09:41:13.582] fetch_lib                  done
[2026-08-26 09:41:13.584] fetch_binding_ocaml        check_pre  (pass)
[2026-08-26 09:41:13.586] fetch_binding_ocaml        cmd  (eval $(opam env) && opam install camlzip -y --assume-depexts && eval $(opam env) && opam install -y ocamlfind && echo 'installed' > /home/red/code/research/tola/_out/canary/projects/zlib/fetch_binding/ocaml/binding_source-fetched-1.3.1_lib-vendored-dev_ocaml_binding-fetched.ok)
[2026-08-26 09:41:13.586] fetch_binding_ocaml        opam_switch  (canary)
[2026-08-26 09:41:14.530] fetch_binding_ocaml        cmd_log  (fetch_binding_ocaml.out_source-fetched-1.3.1_lib-vendored-dev_ocaml_binding-fetched.log)
[2026-08-26 09:41:14.530] fetch_binding_ocaml        detect  (ok, output present)
[2026-08-26 09:41:14.530] fetch_binding_ocaml        check_post  (pass)
[2026-08-26 09:41:14.530] fetch_binding_ocaml        done
[2026-08-26 09:41:14.532] probe_binding_ocaml        check_pre  (pass)
[2026-08-26 09:41:14.533] probe_binding_ocaml        cmd  (eval $(opam env)
export LD_LIBRARY_PATH=/home/red/code/contrib/zlib-all/prebuilt/zlib-1.3.2/lib:$LD_LIBRARY_PATH
ocamlfind ocamlopt -package camlzip -linkpkg canary/examples/zlib/zlib_example.ml -o /home/red/code/research/tola/_out/canary/projects/zlib/probe_binding/ocaml/zlib_example > /home/red/code/research/tola/_out/canary/projects/zlib/probe_binding/ocaml/probe_source-fetched-1.3.1_lib-vendored-dev_ocaml_binding-fetched.log 2>&1 && /home/red/code/research/tola/_out/canary/projects/zlib/probe_binding/ocaml/zlib_example >> /home/red/code/research/tola/_out/canary/projects/zlib/probe_binding/ocaml/probe_source-fetched-1.3.1_lib-vendored-dev_ocaml_binding-fetched.log 2>&1 && grep -qF "/home/red/code/contrib/zlib-all/prebuilt/zlib-1.3.2/lib" /home/red/code/research/tola/_out/canary/projects/zlib/probe_binding/ocaml/probe_source-fetched-1.3.1_lib-vendored-dev_ocaml_binding-fetched.log
RC=$?
cat /home/red/code/research/tola/_out/canary/projects/zlib/probe_binding/ocaml/probe_source-fetched-1.3.1_lib-vendored-dev_ocaml_binding-fetched.log
exit $RC)
[2026-08-26 09:41:14.533] probe_binding_ocaml        opam_switch  (canary)
[2026-08-26 09:41:14.653] probe_binding_ocaml        cmd_log  (probe_binding_ocaml.out_source-fetched-1.3.1_lib-vendored-dev_ocaml_binding-fetched.log)
[2026-08-26 09:41:14.653] probe_binding_ocaml        detect  (ok, output present)
[2026-08-26 09:41:14.653] probe_binding_ocaml        check_post  (pass)
[2026-08-26 09:41:14.653] probe_binding_ocaml        done
[2026-08-26 09:41:14.655] probe_binding_ocaml_inspect  check_pre  (pass)
[2026-08-26 09:41:14.657] probe_binding_ocaml_inspect  cmd  (eval $(opam env)
PKG_DIR=$(ocamlfind query 'zip' 2>/dev/null)
test -n "$PKG_DIR"
{ for f in "$PKG_DIR"/*.cmxa "$PKG_DIR"/*.cma; do
    [ -f "$f" ] && ocamlobjinfo "$f"
  done
} | python3 canary/scripts/inspect_ocaml.py --path 'zip' --watchlist 'Zlib,Gzip,Zip' \
  > /home/red/code/research/tola/_out/canary/projects/zlib/probe_binding/ocaml/inspect_source-fetched-1.3.1_lib-vendored-dev_ocaml_binding-fetched.json)
[2026-08-26 09:41:14.657] probe_binding_ocaml_inspect  opam_switch  (canary)
[2026-08-26 09:41:14.711] probe_binding_ocaml_inspect  cmd_log  (probe_binding_ocaml_inspect.out_source-fetched-1.3.1_lib-vendored-dev_ocaml_binding-fetched.log)
[2026-08-26 09:41:14.711] probe_binding_ocaml_inspect  detect  (ok, output present)
[2026-08-26 09:41:14.711] probe_binding_ocaml_inspect  check_post  (pass)
[2026-08-26 09:41:14.711] probe_binding_ocaml_inspect  done
[2026-08-26 09:41:14.713] probe_lib                  check_pre  (pass)
[2026-08-26 09:41:14.715] probe_lib                  cmd  (LIB_NATIVE=$(ls /home/red/code/contrib/zlib-all/prebuilt/zlib-1.3.2/lib/libz.so.1* 2>/dev/null | head -1)
test -n "$LIB_NATIVE" -a -e "$LIB_NATIVE" || { echo "PREBUILT MISSING: /home/red/code/contrib/zlib-all/prebuilt/zlib-1.3.2/lib — run 'canary prebuilt zlib' first" >&2; exit 1; }
COUNT=$(nm -D "$LIB_NATIVE" 2>/dev/null | grep -v ' U ' | grep -c 'deflate' || echo 0)
printf 'deflate symbols exported: %s\n' "$COUNT" | tee /home/red/code/research/tola/_out/canary/projects/zlib/probe_lib/probe_source-fetched-1.3.1_lib-vendored-dev_ocaml_binding-fetched.log
test "$COUNT" -gt 0)
[2026-08-26 09:41:14.715] probe_lib                  opam_switch  (canary)
[2026-08-26 09:41:14.758] probe_lib                  cmd_log  (probe_lib.out_source-fetched-1.3.1_lib-vendored-dev_ocaml_binding-fetched.log)
[2026-08-26 09:41:14.758] probe_lib                  detect  (ok, output present)
[2026-08-26 09:41:14.758] probe_lib                  check_post  (pass)
[2026-08-26 09:41:14.758] probe_lib                  done
[2026-08-26 09:41:14.760] probe_lib_inspect          check_pre  (pass)
[2026-08-26 09:41:14.762] probe_lib_inspect          cmd  (LIB_NATIVE=$(ls /home/red/code/contrib/zlib-all/prebuilt/zlib-1.3.2/lib/libz.so.1* 2>/dev/null | head -1)
test -n "$LIB_NATIVE" -a -e "$LIB_NATIVE" || { echo "PREBUILT MISSING: /home/red/code/contrib/zlib-all/prebuilt/zlib-1.3.2/lib — run 'canary prebuilt zlib' first" >&2; exit 1; }
nm -D "$LIB_NATIVE" 2>/dev/null \
  | python3 canary/scripts/inspect_native.py --emit-symbols --elf --path "$LIB_NATIVE" --prefixes 'deflate,inflate,gz,crc32,adler32' --watchlist 'deflateInit_,deflate,deflateEnd,inflateInit_,inflate,inflateEnd,zlibVersion' \
  > /home/red/code/research/tola/_out/canary/projects/zlib/probe_lib/inspect_source-fetched-1.3.1_lib-vendored-dev_ocaml_binding-fetched.json)
[2026-08-26 09:41:14.762] probe_lib_inspect          opam_switch  (canary)
[2026-08-26 09:41:14.811] probe_lib_inspect          cmd_log  (probe_lib_inspect.out_source-fetched-1.3.1_lib-vendored-dev_ocaml_binding-fetched.log)
[2026-08-26 09:41:14.811] probe_lib_inspect          detect  (ok, output present)
[2026-08-26 09:41:14.811] probe_lib_inspect          check_post  (pass)
[2026-08-26 09:41:14.811] probe_lib_inspect          done
[2026-08-26 09:41:14.813] *                          graph_end  (7/7 completed)
[2026-08-26 09:41:14.813] *                          diagram  (_out/canary/projects/zlib/-run/diagrams/all.mmd)
[2026-08-26 09:41:14.813] *                          diagram  (_out/canary/projects/zlib/-run/diagrams/full.mmd)
[2026-08-26 09:41:14.813] *                          view  (source (1 steps))
[2026-08-26 09:41:14.813] *                          view  (lib (3 steps))
[2026-08-26 09:41:14.813] *                          view  (probes (4 steps))
[2026-08-26 09:41:14.813] *                          view  (binding_ocaml (3 steps))
[2026-08-26 09:41:14.814] *                          html  (_out/canary/projects/zlib/-run/result.html)
[2026-08-26 09:41:14.815] *                          index  (_out/canary/projects/index.html)
[2026-08-26 09:41:14.815] *                          invariant  (full.mmd: OK (7 nodes, 7 IDs))
[2026-08-26 09:41:14.815] *                          invariant  (binding_ocaml.mmd: OK (6 nodes, 7 IDs))
[2026-08-26 09:41:14.815] *                          invariant  (source.mmd: OK (5 nodes, 7 IDs))
[2026-08-26 09:41:14.816] *                          invariant  (lib.mmd: OK (6 nodes, 7 IDs))
[2026-08-26 09:41:14.816] *                          invariant  (all.mmd: OK (5 nodes, 7 IDs))
[2026-08-26 09:41:14.816] *                          invariant  (probes.mmd: OK (7 nodes, 7 IDs))
[2026-08-26 09:41:14.816] *                          invariant  (ALL OK)
[2026-08-26 17:36:00.470] *                          variant_start  (source-fetched-1.3.1_lib-fetched_ocaml_binding-fetched)
[2026-08-26 17:36:00.470] *                          graph_start  (7 steps)
[2026-08-26 17:36:00.470] fetch_source               marker_stale  (spec changed since the marker — re-running)
[2026-08-26 17:36:00.471] fetch_lib                  marker_stale  (spec changed since the marker — re-running)
[2026-08-26 17:36:00.471] fetch_binding_ocaml        marker_stale  (spec changed since the marker — re-running)
[2026-08-26 17:36:00.471] probe_binding_ocaml        marker_stale  (spec changed since the marker — re-running)
[2026-08-26 17:36:00.472] probe_binding_ocaml_inspect  marker_stale  (spec changed since the marker — re-running)
[2026-08-26 17:36:00.472] probe_lib                  marker_stale  (spec changed since the marker — re-running)
[2026-08-26 17:36:00.473] probe_lib_inspect          marker_stale  (spec changed since the marker — re-running)
[2026-08-26 17:36:00.473] fetch_source               check_pre  (pass)
[2026-08-26 17:36:00.475] fetch_source               cmd  (if [ ! -d /home/red/code/contrib/zlib-all/zlib/.git ]; then git clone https://github.com/madler/zlib.git /home/red/code/contrib/zlib-all/zlib; fi && \
git -C /home/red/code/contrib/zlib-all/zlib fetch -q origin v1.3.1 && \
if [ ! -d /home/red/code/contrib/zlib-all/zlib-v1.3.1 ]; then git -C /home/red/code/contrib/zlib-all/zlib worktree add -f /home/red/code/contrib/zlib-all/zlib-v1.3.1 v1.3.1; fi && \
git -C /home/red/code/contrib/zlib-all/zlib-v1.3.1 checkout -q -f v1.3.1 && \
echo '/home/red/code/contrib/zlib-all/zlib-v1.3.1' > /home/red/code/research/tola/_out/canary/projects/zlib/fetch_source/source_source-fetched-1.3.1_lib-fetched_ocaml_binding-fetched.ok)
[2026-08-26 17:36:00.475] fetch_source               opam_switch  (canary)
[2026-08-26 17:36:00.475] fetch_source               platform  (wsl_ubuntu)
[2026-08-26 17:36:00.824] fetch_source               cmd_log  (fetch_source.out_source-fetched-1.3.1_lib-fetched_ocaml_binding-fetched.log)
[2026-08-26 17:36:00.824] fetch_source               detect  (ok, output present)
[2026-08-26 17:36:00.828] fetch_source               check_post  (pass)
[2026-08-26 17:36:00.828] fetch_source               done
[2026-08-26 17:36:00.830] fetch_lib                  check_pre  (pass)
[2026-08-26 17:36:00.832] fetch_lib                  cmd  (sudo apt-get install -y zlib1g-dev && echo 'installed' > /home/red/code/research/tola/_out/canary/projects/zlib/fetch_lib/lib_source-fetched-1.3.1_lib-fetched_ocaml_binding-fetched.ok)
[2026-08-26 17:36:00.832] fetch_lib                  opam_switch  (canary)
[2026-08-26 17:36:00.832] fetch_lib                  platform  (wsl_ubuntu)
[2026-08-26 17:36:01.207] fetch_lib                  cmd_log  (fetch_lib.out_source-fetched-1.3.1_lib-fetched_ocaml_binding-fetched.log)
[2026-08-26 17:36:01.207] fetch_lib                  detect  (ok, output present)
[2026-08-26 17:36:01.207] fetch_lib                  check_post  (pass)
[2026-08-26 17:36:01.207] fetch_lib                  done
[2026-08-26 17:36:01.209] fetch_binding_ocaml        check_pre  (pass)
[2026-08-26 17:36:01.211] fetch_binding_ocaml        cmd  (eval $(opam env) && opam install camlzip -y --assume-depexts && eval $(opam env) && opam install -y ocamlfind && echo 'installed' > /home/red/code/research/tola/_out/canary/projects/zlib/fetch_binding/ocaml/binding_source-fetched-1.3.1_lib-fetched_ocaml_binding-fetched.ok)
[2026-08-26 17:36:01.211] fetch_binding_ocaml        opam_switch  (canary)
[2026-08-26 17:36:01.211] fetch_binding_ocaml        platform  (wsl_ubuntu)
[2026-08-26 17:36:02.266] fetch_binding_ocaml        cmd_log  (fetch_binding_ocaml.out_source-fetched-1.3.1_lib-fetched_ocaml_binding-fetched.log)
[2026-08-26 17:36:02.266] fetch_binding_ocaml        detect  (ok, output present)
[2026-08-26 17:36:02.266] fetch_binding_ocaml        check_post  (pass)
[2026-08-26 17:36:02.266] fetch_binding_ocaml        done
[2026-08-26 17:36:02.269] probe_binding_ocaml        check_pre  (pass)
[2026-08-26 17:36:02.270] probe_binding_ocaml        cmd  (eval $(opam env)
ocamlfind ocamlopt -package camlzip -linkpkg canary/examples/zlib/zlib_example.ml -o /home/red/code/research/tola/_out/canary/projects/zlib/probe_binding/ocaml/zlib_example > /home/red/code/research/tola/_out/canary/projects/zlib/probe_binding/ocaml/probe_source-fetched-1.3.1_lib-fetched_ocaml_binding-fetched.log 2>&1 && /home/red/code/research/tola/_out/canary/projects/zlib/probe_binding/ocaml/zlib_example >> /home/red/code/research/tola/_out/canary/projects/zlib/probe_binding/ocaml/probe_source-fetched-1.3.1_lib-fetched_ocaml_binding-fetched.log 2>&1
RC=$?
cat /home/red/code/research/tola/_out/canary/projects/zlib/probe_binding/ocaml/probe_source-fetched-1.3.1_lib-fetched_ocaml_binding-fetched.log
exit $RC)
[2026-08-26 17:36:02.270] probe_binding_ocaml        opam_switch  (canary)
[2026-08-26 17:36:02.270] probe_binding_ocaml        platform  (wsl_ubuntu)
[2026-08-26 17:36:02.445] probe_binding_ocaml        cmd_log  (probe_binding_ocaml.out_source-fetched-1.3.1_lib-fetched_ocaml_binding-fetched.log)
[2026-08-26 17:36:02.446] probe_binding_ocaml        detect  (ok, output present)
[2026-08-26 17:36:02.446] probe_binding_ocaml        check_post  (pass)
[2026-08-26 17:36:02.446] probe_binding_ocaml        done
[2026-08-26 17:36:02.447] probe_binding_ocaml_inspect  check_pre  (pass)
[2026-08-26 17:36:02.449] probe_binding_ocaml_inspect  cmd  (eval $(opam env)
PKG_DIR=$(ocamlfind query 'zip' 2>/dev/null)
test -n "$PKG_DIR"
{ for f in "$PKG_DIR"/*.cmxa "$PKG_DIR"/*.cma; do
    [ -f "$f" ] && ocamlobjinfo "$f"
  done
} | python3 canary/scripts/inspect_ocaml.py --path 'zip' --watchlist 'Zlib,Gzip,Zip' \
  > /home/red/code/research/tola/_out/canary/projects/zlib/probe_binding/ocaml/inspect_source-fetched-1.3.1_lib-fetched_ocaml_binding-fetched.json)
[2026-08-26 17:36:02.449] probe_binding_ocaml_inspect  opam_switch  (canary)
[2026-08-26 17:36:02.449] probe_binding_ocaml_inspect  platform  (wsl_ubuntu)
[2026-08-26 17:36:02.501] probe_binding_ocaml_inspect  cmd_log  (probe_binding_ocaml_inspect.out_source-fetched-1.3.1_lib-fetched_ocaml_binding-fetched.log)
[2026-08-26 17:36:02.501] probe_binding_ocaml_inspect  detect  (ok, output present)
[2026-08-26 17:36:02.501] probe_binding_ocaml_inspect  check_post  (pass)
[2026-08-26 17:36:02.501] probe_binding_ocaml_inspect  done
[2026-08-26 17:36:02.503] probe_lib                  check_pre  (pass)
[2026-08-26 17:36:02.505] probe_lib                  cmd  (LIB_NATIVE=$(ls /usr/lib/x86_64-linux-gnu/libz.so.1* /usr/lib*/libz.so.1* 2>/dev/null \
        "$(brew --prefix zlib 2>/dev/null)/lib/libz.dylib" 2>/dev/null \
        | head -1)
test -n "$LIB_NATIVE" -a -e "$LIB_NATIVE"
COUNT=$(nm -D "$LIB_NATIVE" 2>/dev/null | grep -v ' U ' | grep -c 'deflate' || echo 0)
printf 'deflate symbols exported: %s\n' "$COUNT" | tee /home/red/code/research/tola/_out/canary/projects/zlib/probe_lib/probe_source-fetched-1.3.1_lib-fetched_ocaml_binding-fetched.log
test "$COUNT" -gt 0)
[2026-08-26 17:36:02.505] probe_lib                  opam_switch  (canary)
[2026-08-26 17:36:02.505] probe_lib                  platform  (wsl_ubuntu)
[2026-08-26 17:36:02.551] probe_lib                  cmd_log  (probe_lib.out_source-fetched-1.3.1_lib-fetched_ocaml_binding-fetched.log)
[2026-08-26 17:36:02.552] probe_lib                  detect  (ok, output present)
[2026-08-26 17:36:02.552] probe_lib                  check_post  (pass)
[2026-08-26 17:36:02.552] probe_lib                  done
[2026-08-26 17:36:02.553] probe_lib_inspect          check_pre  (pass)
[2026-08-26 17:36:02.555] probe_lib_inspect          cmd  (LIB_NATIVE=$(ls /usr/lib/x86_64-linux-gnu/libz.so.1* /usr/lib*/libz.so.1* 2>/dev/null \
        "$(brew --prefix zlib 2>/dev/null)/lib/libz.dylib" 2>/dev/null \
        | head -1)
test -n "$LIB_NATIVE" -a -e "$LIB_NATIVE"
nm -D "$LIB_NATIVE" 2>/dev/null \
  | python3 canary/scripts/inspect_native.py --emit-symbols --elf --path "$LIB_NATIVE" --prefixes 'deflate,inflate,gz,crc32,adler32' --watchlist 'deflateInit_,deflate,deflateEnd,inflateInit_,inflate,inflateEnd,zlibVersion' \
  > /home/red/code/research/tola/_out/canary/projects/zlib/probe_lib/inspect_source-fetched-1.3.1_lib-fetched_ocaml_binding-fetched.json)
[2026-08-26 17:36:02.555] probe_lib_inspect          opam_switch  (canary)
[2026-08-26 17:36:02.555] probe_lib_inspect          platform  (wsl_ubuntu)
[2026-08-26 17:36:02.607] probe_lib_inspect          cmd_log  (probe_lib_inspect.out_source-fetched-1.3.1_lib-fetched_ocaml_binding-fetched.log)
[2026-08-26 17:36:02.607] probe_lib_inspect          detect  (ok, output present)
[2026-08-26 17:36:02.607] probe_lib_inspect          check_post  (pass)
[2026-08-26 17:36:02.607] probe_lib_inspect          done
[2026-08-26 17:36:02.609] *                          graph_end  (7/7 completed)
[2026-08-26 17:36:02.610] *                          diagram  (_out/canary/projects/zlib/-run/diagrams/all.mmd)
[2026-08-26 17:36:02.610] *                          diagram  (_out/canary/projects/zlib/-run/diagrams/full.mmd)
[2026-08-26 17:36:02.610] *                          view  (source (1 steps))
[2026-08-26 17:36:02.610] *                          view  (lib (3 steps))
[2026-08-26 17:36:02.610] *                          view  (probes (4 steps))
[2026-08-26 17:36:02.611] *                          view  (binding_ocaml (3 steps))
[2026-08-26 17:36:02.612] *                          html  (_out/canary/projects/zlib/-run/result.html)
[2026-08-26 17:36:02.613] *                          index  (_out/canary/projects/index.html)
[2026-08-26 17:36:02.613] *                          invariant  (full.mmd: OK (7 nodes, 7 IDs))
[2026-08-26 17:36:02.613] *                          invariant  (binding_ocaml.mmd: OK (6 nodes, 7 IDs))
[2026-08-26 17:36:02.613] *                          invariant  (source.mmd: OK (5 nodes, 7 IDs))
[2026-08-26 17:36:02.613] *                          invariant  (lib.mmd: OK (6 nodes, 7 IDs))
[2026-08-26 17:36:02.613] *                          invariant  (all.mmd: OK (5 nodes, 7 IDs))
[2026-08-26 17:36:02.613] *                          invariant  (probes.mmd: OK (7 nodes, 7 IDs))
[2026-08-26 17:36:02.613] *                          invariant  (ALL OK)
[2026-08-26 17:36:02.632] *                          variant_start  (source-fetched-1.3.1_lib-vendored-dev_ocaml_binding-fetched)
[2026-08-26 17:36:02.632] *                          graph_start  (7 steps)
[2026-08-26 17:36:02.632] fetch_source               marker_stale  (spec changed since the marker — re-running)
[2026-08-26 17:36:02.632] fetch_lib                  marker_stale  (spec changed since the marker — re-running)
[2026-08-26 17:36:02.633] fetch_binding_ocaml        marker_stale  (spec changed since the marker — re-running)
[2026-08-26 17:36:02.633] probe_binding_ocaml        marker_stale  (spec changed since the marker — re-running)
[2026-08-26 17:36:02.634] probe_binding_ocaml_inspect  marker_stale  (spec changed since the marker — re-running)
[2026-08-26 17:36:02.634] probe_lib                  marker_stale  (spec changed since the marker — re-running)
[2026-08-26 17:36:02.634] probe_lib_inspect          marker_stale  (spec changed since the marker — re-running)
[2026-08-26 17:36:02.634] fetch_source               check_pre  (pass)
[2026-08-26 17:36:02.636] fetch_source               cmd  (if [ ! -d /home/red/code/contrib/zlib-all/zlib/.git ]; then git clone https://github.com/madler/zlib.git /home/red/code/contrib/zlib-all/zlib; fi && \
git -C /home/red/code/contrib/zlib-all/zlib fetch -q origin v1.3.1 && \
if [ ! -d /home/red/code/contrib/zlib-all/zlib-v1.3.1 ]; then git -C /home/red/code/contrib/zlib-all/zlib worktree add -f /home/red/code/contrib/zlib-all/zlib-v1.3.1 v1.3.1; fi && \
git -C /home/red/code/contrib/zlib-all/zlib-v1.3.1 checkout -q -f v1.3.1 && \
echo '/home/red/code/contrib/zlib-all/zlib-v1.3.1' > /home/red/code/research/tola/_out/canary/projects/zlib/fetch_source/source_source-fetched-1.3.1_lib-vendored-dev_ocaml_binding-fetched.ok)
[2026-08-26 17:36:02.636] fetch_source               opam_switch  (canary)
[2026-08-26 17:36:02.636] fetch_source               platform  (wsl_ubuntu)
[2026-08-26 17:36:02.997] fetch_source               cmd_log  (fetch_source.out_source-fetched-1.3.1_lib-vendored-dev_ocaml_binding-fetched.log)
[2026-08-26 17:36:02.997] fetch_source               detect  (ok, output present)
[2026-08-26 17:36:03.001] fetch_source               check_post  (pass)
[2026-08-26 17:36:03.001] fetch_source               done
[2026-08-26 17:36:03.003] fetch_lib                  check_pre  (pass)
[2026-08-26 17:36:03.005] fetch_lib                  cmd  (sudo apt-get install -y zlib1g-dev && echo 'installed' > /home/red/code/research/tola/_out/canary/projects/zlib/fetch_lib/lib_source-fetched-1.3.1_lib-vendored-dev_ocaml_binding-fetched.ok)
[2026-08-26 17:36:03.005] fetch_lib                  opam_switch  (canary)
[2026-08-26 17:36:03.005] fetch_lib                  platform  (wsl_ubuntu)
[2026-08-26 17:36:03.384] fetch_lib                  cmd_log  (fetch_lib.out_source-fetched-1.3.1_lib-vendored-dev_ocaml_binding-fetched.log)
[2026-08-26 17:36:03.385] fetch_lib                  detect  (ok, output present)
[2026-08-26 17:36:03.385] fetch_lib                  check_post  (pass)
[2026-08-26 17:36:03.385] fetch_lib                  done
[2026-08-26 17:36:03.387] fetch_binding_ocaml        check_pre  (pass)
[2026-08-26 17:36:03.388] fetch_binding_ocaml        cmd  (eval $(opam env) && opam install camlzip -y --assume-depexts && eval $(opam env) && opam install -y ocamlfind && echo 'installed' > /home/red/code/research/tola/_out/canary/projects/zlib/fetch_binding/ocaml/binding_source-fetched-1.3.1_lib-vendored-dev_ocaml_binding-fetched.ok)
[2026-08-26 17:36:03.388] fetch_binding_ocaml        opam_switch  (canary)
[2026-08-26 17:36:03.388] fetch_binding_ocaml        platform  (wsl_ubuntu)
[2026-08-26 17:36:04.335] fetch_binding_ocaml        cmd_log  (fetch_binding_ocaml.out_source-fetched-1.3.1_lib-vendored-dev_ocaml_binding-fetched.log)
[2026-08-26 17:36:04.335] fetch_binding_ocaml        detect  (ok, output present)
[2026-08-26 17:36:04.335] fetch_binding_ocaml        check_post  (pass)
[2026-08-26 17:36:04.335] fetch_binding_ocaml        done
[2026-08-26 17:36:04.337] probe_binding_ocaml        check_pre  (pass)
[2026-08-26 17:36:04.339] probe_binding_ocaml        cmd  (eval $(opam env)
export LD_LIBRARY_PATH=/home/red/code/contrib/zlib-all/prebuilt/zlib-1.3.2/lib:$LD_LIBRARY_PATH
ocamlfind ocamlopt -package camlzip -linkpkg canary/examples/zlib/zlib_example.ml -o /home/red/code/research/tola/_out/canary/projects/zlib/probe_binding/ocaml/zlib_example > /home/red/code/research/tola/_out/canary/projects/zlib/probe_binding/ocaml/probe_source-fetched-1.3.1_lib-vendored-dev_ocaml_binding-fetched.log 2>&1 && /home/red/code/research/tola/_out/canary/projects/zlib/probe_binding/ocaml/zlib_example >> /home/red/code/research/tola/_out/canary/projects/zlib/probe_binding/ocaml/probe_source-fetched-1.3.1_lib-vendored-dev_ocaml_binding-fetched.log 2>&1 && grep -qF "/home/red/code/contrib/zlib-all/prebuilt/zlib-1.3.2/lib" /home/red/code/research/tola/_out/canary/projects/zlib/probe_binding/ocaml/probe_source-fetched-1.3.1_lib-vendored-dev_ocaml_binding-fetched.log
RC=$?
cat /home/red/code/research/tola/_out/canary/projects/zlib/probe_binding/ocaml/probe_source-fetched-1.3.1_lib-vendored-dev_ocaml_binding-fetched.log
exit $RC)
[2026-08-26 17:36:04.339] probe_binding_ocaml        opam_switch  (canary)
[2026-08-26 17:36:04.339] probe_binding_ocaml        platform  (wsl_ubuntu)
[2026-08-26 17:36:04.456] probe_binding_ocaml        cmd_log  (probe_binding_ocaml.out_source-fetched-1.3.1_lib-vendored-dev_ocaml_binding-fetched.log)
[2026-08-26 17:36:04.456] probe_binding_ocaml        detect  (ok, output present)
[2026-08-26 17:36:04.456] probe_binding_ocaml        check_post  (pass)
[2026-08-26 17:36:04.456] probe_binding_ocaml        done
[2026-08-26 17:36:04.458] probe_binding_ocaml_inspect  check_pre  (pass)
[2026-08-26 17:36:04.460] probe_binding_ocaml_inspect  cmd  (eval $(opam env)
PKG_DIR=$(ocamlfind query 'zip' 2>/dev/null)
test -n "$PKG_DIR"
{ for f in "$PKG_DIR"/*.cmxa "$PKG_DIR"/*.cma; do
    [ -f "$f" ] && ocamlobjinfo "$f"
  done
} | python3 canary/scripts/inspect_ocaml.py --path 'zip' --watchlist 'Zlib,Gzip,Zip' \
  > /home/red/code/research/tola/_out/canary/projects/zlib/probe_binding/ocaml/inspect_source-fetched-1.3.1_lib-vendored-dev_ocaml_binding-fetched.json)
[2026-08-26 17:36:04.460] probe_binding_ocaml_inspect  opam_switch  (canary)
[2026-08-26 17:36:04.460] probe_binding_ocaml_inspect  platform  (wsl_ubuntu)
[2026-08-26 17:36:04.513] probe_binding_ocaml_inspect  cmd_log  (probe_binding_ocaml_inspect.out_source-fetched-1.3.1_lib-vendored-dev_ocaml_binding-fetched.log)
[2026-08-26 17:36:04.513] probe_binding_ocaml_inspect  detect  (ok, output present)
[2026-08-26 17:36:04.513] probe_binding_ocaml_inspect  check_post  (pass)
[2026-08-26 17:36:04.513] probe_binding_ocaml_inspect  done
[2026-08-26 17:36:04.515] probe_lib                  check_pre  (pass)
[2026-08-26 17:36:04.517] probe_lib                  cmd  (LIB_NATIVE=$(ls /home/red/code/contrib/zlib-all/prebuilt/zlib-1.3.2/lib/libz.so.1* 2>/dev/null | head -1)
test -n "$LIB_NATIVE" -a -e "$LIB_NATIVE" || { echo "PREBUILT MISSING: /home/red/code/contrib/zlib-all/prebuilt/zlib-1.3.2/lib — run 'canary prebuilt zlib' first" >&2; exit 1; }
COUNT=$(nm -D "$LIB_NATIVE" 2>/dev/null | grep -v ' U ' | grep -c 'deflate' || echo 0)
printf 'deflate symbols exported: %s\n' "$COUNT" | tee /home/red/code/research/tola/_out/canary/projects/zlib/probe_lib/probe_source-fetched-1.3.1_lib-vendored-dev_ocaml_binding-fetched.log
test "$COUNT" -gt 0)
[2026-08-26 17:36:04.517] probe_lib                  opam_switch  (canary)
[2026-08-26 17:36:04.517] probe_lib                  platform  (wsl_ubuntu)
[2026-08-26 17:36:04.558] probe_lib                  cmd_log  (probe_lib.out_source-fetched-1.3.1_lib-vendored-dev_ocaml_binding-fetched.log)
[2026-08-26 17:36:04.558] probe_lib                  detect  (ok, output present)
[2026-08-26 17:36:04.558] probe_lib                  check_post  (pass)
[2026-08-26 17:36:04.558] probe_lib                  done
[2026-08-26 17:36:04.560] probe_lib_inspect          check_pre  (pass)
[2026-08-26 17:36:04.562] probe_lib_inspect          cmd  (LIB_NATIVE=$(ls /home/red/code/contrib/zlib-all/prebuilt/zlib-1.3.2/lib/libz.so.1* 2>/dev/null | head -1)
test -n "$LIB_NATIVE" -a -e "$LIB_NATIVE" || { echo "PREBUILT MISSING: /home/red/code/contrib/zlib-all/prebuilt/zlib-1.3.2/lib — run 'canary prebuilt zlib' first" >&2; exit 1; }
nm -D "$LIB_NATIVE" 2>/dev/null \
  | python3 canary/scripts/inspect_native.py --emit-symbols --elf --path "$LIB_NATIVE" --prefixes 'deflate,inflate,gz,crc32,adler32' --watchlist 'deflateInit_,deflate,deflateEnd,inflateInit_,inflate,inflateEnd,zlibVersion' \
  > /home/red/code/research/tola/_out/canary/projects/zlib/probe_lib/inspect_source-fetched-1.3.1_lib-vendored-dev_ocaml_binding-fetched.json)
[2026-08-26 17:36:04.562] probe_lib_inspect          opam_switch  (canary)
[2026-08-26 17:36:04.562] probe_lib_inspect          platform  (wsl_ubuntu)
[2026-08-26 17:36:04.610] probe_lib_inspect          cmd_log  (probe_lib_inspect.out_source-fetched-1.3.1_lib-vendored-dev_ocaml_binding-fetched.log)
[2026-08-26 17:36:04.610] probe_lib_inspect          detect  (ok, output present)
[2026-08-26 17:36:04.610] probe_lib_inspect          check_post  (pass)
[2026-08-26 17:36:04.610] probe_lib_inspect          done
[2026-08-26 17:36:04.612] *                          graph_end  (7/7 completed)
[2026-08-26 17:36:04.612] *                          diagram  (_out/canary/projects/zlib/-run/diagrams/all.mmd)
[2026-08-26 17:36:04.612] *                          diagram  (_out/canary/projects/zlib/-run/diagrams/full.mmd)
[2026-08-26 17:36:04.613] *                          view  (source (1 steps))
[2026-08-26 17:36:04.613] *                          view  (lib (3 steps))
[2026-08-26 17:36:04.613] *                          view  (probes (4 steps))
[2026-08-26 17:36:04.613] *                          view  (binding_ocaml (3 steps))
[2026-08-26 17:36:04.614] *                          html  (_out/canary/projects/zlib/-run/result.html)
[2026-08-26 17:36:04.614] *                          index  (_out/canary/projects/index.html)
[2026-08-26 17:36:04.615] *                          invariant  (full.mmd: OK (7 nodes, 7 IDs))
[2026-08-26 17:36:04.615] *                          invariant  (binding_ocaml.mmd: OK (6 nodes, 7 IDs))
[2026-08-26 17:36:04.615] *                          invariant  (source.mmd: OK (5 nodes, 7 IDs))
[2026-08-26 17:36:04.615] *                          invariant  (lib.mmd: OK (6 nodes, 7 IDs))
[2026-08-26 17:36:04.615] *                          invariant  (all.mmd: OK (5 nodes, 7 IDs))
[2026-08-26 17:36:04.615] *                          invariant  (probes.mmd: OK (7 nodes, 7 IDs))
[2026-08-26 17:36:04.615] *                          invariant  (ALL OK)
[2026-09-13 20:18:46.893] *                          run_start  (zlib)
[2026-09-13 20:18:46.901] *                          variant_start  (source-fetched-1.3.1_lib-fetched_ocaml_binding-fetched)
[2026-09-13 20:18:46.902] *                          graph_start  (8 steps)
[2026-09-13 20:18:46.902] fetch_lib                  warm_gate  (marker + fingerprint + check_post passed)
[2026-09-13 20:18:46.902] fetch_lib                  skip  (verdict marker (prior success))
[2026-09-13 20:18:46.903] fetch_binding_ocaml        warm_gate  (marker + fingerprint + check_post passed)
[2026-09-13 20:18:46.903] fetch_binding_ocaml        skip  (verdict marker (prior success))
[2026-09-13 20:18:46.903] fetch_binding_ocaml_inspect  check_pre  (pass)
[2026-09-13 20:18:46.905] fetch_binding_ocaml_inspect  cmd  (eval $(opam env)
PKG_DIR=$(ocamlfind query 'camlzip' 2>/dev/null)
test -n "$PKG_DIR"
python3 canary/scripts/inspect_binding.py --kind mli --dir "$PKG_DIR" \
  --watchlist 'Zlib,Gzip,Zip' > /home/red/code/research/tola/_out/canary/projects/zlib/fetch_binding/ocaml/inspect_source-fetched-1.3.1_lib-fetched_ocaml_binding-fetched.json)
[2026-09-13 20:18:46.905] fetch_binding_ocaml_inspect  opam_switch  (canary)
[2026-09-13 20:18:46.905] fetch_binding_ocaml_inspect  platform  (wsl_ubuntu)
[2026-09-13 20:18:46.974] fetch_binding_ocaml_inspect  cmd_log  (fetch_binding_ocaml_inspect.out_source-fetched-1.3.1_lib-fetched_ocaml_binding-fetched.log)
[2026-09-13 20:18:46.974] fetch_binding_ocaml_inspect  cmd_fail  (exit 1)
[2026-09-13 20:18:46.974] fetch_binding_ocaml_inspect  cmd_out  (No .mli files found in /home/red/.opam/canary/lib/camlzip)
[2026-09-13 20:18:46.974] fetch_binding_ocaml_inspect  detect  (error, output present)
[2026-09-13 20:18:46.974] fetch_binding_ocaml_inspect  agreement_outcome  (no agreement fires at this action)
[2026-09-13 20:18:46.974] fetch_binding_ocaml_inspect  check_post  (FAIL)
[2026-09-13 20:18:46.974] fetch_binding_ocaml_inspect  failed  (postcondition failed)
[2026-09-13 20:18:46.974] fetch_binding_ocaml_stub_inspect  check_pre  (pass)
[2026-09-13 20:18:46.976] fetch_binding_ocaml_stub_inspect  cmd  (eval $(opam env)
PKG_DIR=$(ocamlfind query 'camlzip' 2>/dev/null)
test -n "$PKG_DIR"
STUB=$(ls "$PKG_DIR"/lib*.a 2>/dev/null | head -1)
test -n "$STUB"
python3 canary/scripts/inspect_binding.py --kind stub --path "$STUB" \
  --prefix 'deflate' --watchlist '' \
  > /home/red/code/research/tola/_out/canary/projects/zlib/fetch_binding/ocaml/inspect_stub_source-fetched-1.3.1_lib-fetched_ocaml_binding-fetched.json)
[2026-09-13 20:18:46.976] fetch_binding_ocaml_stub_inspect  opam_switch  (canary)
[2026-09-13 20:18:46.977] fetch_binding_ocaml_stub_inspect  platform  (wsl_ubuntu)
[2026-09-13 20:18:47.051] fetch_binding_ocaml_stub_inspect  cmd_log  (fetch_binding_ocaml_stub_inspect.out_source-fetched-1.3.1_lib-fetched_ocaml_binding-fetched.log)
[2026-09-13 20:18:47.051] fetch_binding_ocaml_stub_inspect  cmd_fail  (exit 2)
[2026-09-13 20:18:47.051] fetch_binding_ocaml_stub_inspect  cmd_out  (usage: inspect_binding.py [-h] --kind {mli,stub} [--path PATH] [--dir DIR])
[2026-09-13 20:18:47.051] fetch_binding_ocaml_stub_inspect  cmd_out  (                          [--watchlist WATCHLIST] [--prefix PREFIX])
[2026-09-13 20:18:47.051] fetch_binding_ocaml_stub_inspect  cmd_out  (                          [--module-prefix MODULE_PREFIX])
[2026-09-13 20:18:47.051] fetch_binding_ocaml_stub_inspect  cmd_out  (inspect_binding.py: error: --kind stub requires --path)
[2026-09-13 20:18:47.051] fetch_binding_ocaml_stub_inspect  detect  (error, output present)
[2026-09-13 20:18:47.051] fetch_binding_ocaml_stub_inspect  agreement_outcome  (no agreement fires at this action)
[2026-09-13 20:18:47.051] fetch_binding_ocaml_stub_inspect  check_post  (FAIL)
[2026-09-13 20:18:47.051] fetch_binding_ocaml_stub_inspect  failed  (postcondition failed)
[2026-09-13 20:18:47.051] probe_lib                  check_pre  (pass)
[2026-09-13 20:18:47.053] probe_lib                  cmd  (LIB_NATIVE=$(ls /usr/lib/x86_64-linux-gnu/libz.so.1* /usr/lib*/libz.so.1* 2>/dev/null \
        "$(brew --prefix zlib 2>/dev/null)/lib/libz.dylib" 2>/dev/null \
        | head -1)
test -n "$LIB_NATIVE" -a -e "$LIB_NATIVE"
COUNT=$(nm -D "$LIB_NATIVE" 2>/dev/null | grep -v ' U ' | grep -c 'deflate' || echo 0)
printf 'deflate symbols exported: %s\n' "$COUNT" | tee /home/red/code/research/tola/_out/canary/projects/zlib/probe_lib/probe_source-fetched-1.3.1_lib-fetched_ocaml_binding-fetched.log
test "$COUNT" -gt 0)
[2026-09-13 20:18:47.053] probe_lib                  opam_switch  (canary)
[2026-09-13 20:18:47.053] probe_lib                  platform  (wsl_ubuntu)
[2026-09-13 20:18:47.107] probe_lib                  cmd_log  (probe_lib.out_source-fetched-1.3.1_lib-fetched_ocaml_binding-fetched.log)
[2026-09-13 20:18:47.107] probe_lib                  detect  (ok, output present)
[2026-09-13 20:18:47.107] probe_lib                  agreement_outcome  (no agreement fires at this action)
[2026-09-13 20:18:47.107] probe_lib                  check_post  (pass)
[2026-09-13 20:18:47.107] probe_lib                  done
[2026-09-13 20:18:47.109] probe_lib_inspect          check_pre  (pass)
[2026-09-13 20:18:47.112] probe_lib_inspect          cmd  (LIB_NATIVE=$(ls /usr/lib/x86_64-linux-gnu/libz.so.1* /usr/lib*/libz.so.1* 2>/dev/null \
        "$(brew --prefix zlib 2>/dev/null)/lib/libz.dylib" 2>/dev/null \
        | head -1)
test -n "$LIB_NATIVE" -a -e "$LIB_NATIVE"
nm -D "$LIB_NATIVE" 2>/dev/null \
  | python3 canary/scripts/inspect_native.py --emit-symbols --elf --path "$LIB_NATIVE" --prefixes 'deflate,inflate,gz,crc32,adler32' --watchlist 'deflateInit_,deflate,deflateEnd,inflateInit_,inflate,inflateEnd,zlibVersion' \
  > /home/red/code/research/tola/_out/canary/projects/zlib/probe_lib/inspect_source-fetched-1.3.1_lib-fetched_ocaml_binding-fetched.json)
[2026-09-13 20:18:47.112] probe_lib_inspect          opam_switch  (canary)
[2026-09-13 20:18:47.112] probe_lib_inspect          platform  (wsl_ubuntu)
[2026-09-13 20:18:47.166] probe_lib_inspect          cmd_log  (probe_lib_inspect.out_source-fetched-1.3.1_lib-fetched_ocaml_binding-fetched.log)
[2026-09-13 20:18:47.166] probe_lib_inspect          detect  (ok, output present)
[2026-09-13 20:18:47.166] probe_lib_inspect          agreement_outcome  (no agreement fires at this action)
[2026-09-13 20:18:47.166] probe_lib_inspect          check_post  (pass)
[2026-09-13 20:18:47.166] probe_lib_inspect          done
[2026-09-13 20:18:47.168] probe_binding_ocaml        check_pre  (pass)
[2026-09-13 20:18:47.170] probe_binding_ocaml        cmd  (eval $(opam env)
ocamlfind ocamlopt -package camlzip -linkpkg canary/examples/zlib/zlib_example.ml -o /home/red/code/research/tola/_out/canary/projects/zlib/probe_binding/ocaml/zlib_example > /home/red/code/research/tola/_out/canary/projects/zlib/probe_binding/ocaml/probe_source-fetched-1.3.1_lib-fetched_ocaml_binding-fetched.log 2>&1 && /home/red/code/research/tola/_out/canary/projects/zlib/probe_binding/ocaml/zlib_example >> /home/red/code/research/tola/_out/canary/projects/zlib/probe_binding/ocaml/probe_source-fetched-1.3.1_lib-fetched_ocaml_binding-fetched.log 2>&1
RC=$?
cat /home/red/code/research/tola/_out/canary/projects/zlib/probe_binding/ocaml/probe_source-fetched-1.3.1_lib-fetched_ocaml_binding-fetched.log
exit $RC)
[2026-09-13 20:18:47.170] probe_binding_ocaml        opam_switch  (canary)
[2026-09-13 20:18:47.170] probe_binding_ocaml        platform  (wsl_ubuntu)
[2026-09-13 20:18:47.301] probe_binding_ocaml        cmd_log  (probe_binding_ocaml.out_source-fetched-1.3.1_lib-fetched_ocaml_binding-fetched.log)
[2026-09-13 20:18:47.301] probe_binding_ocaml        detect  (ok, output present)
[2026-09-13 20:18:47.302] probe_binding_ocaml        agreement_outcome  (required_symbols_exported/stub_requirements_vs_library_exports: unavailable: no compiled-stub inspection in this world)
[2026-09-13 20:18:47.302] probe_binding_ocaml        agreement_outcome  (api_names_present/watchlist_vs_user_surface: unavailable: no user-facing surface inspection in this world)
[2026-09-13 20:18:47.302] probe_binding_ocaml        agreement_outcome  (behavior_matches/probe_assertions: not_implemented: the expected values live inside the probe's source as embedded assertions, and the observation is the probe's …)
[2026-09-13 20:18:47.302] probe_binding_ocaml        agreement_outcome  (soname_matches_requirement/library_identity_vs_consumer_record: not_applicable: this binding mechanism produces no artifact carrying a dependency or symbol-version record (a static archive h…)
[2026-09-13 20:18:47.302] probe_binding_ocaml        agreement_outcome  (required_versions_exported/required_tags_vs_provider_exports: not_applicable: this binding mechanism produces no artifact carrying a dependency or symbol-version record (a static archive h…)
[2026-09-13 20:18:47.302] probe_binding_ocaml        agreement_outcome  (signatures_agree/header_vs_stub_signature_summaries: unavailable: no header signature summary in this world)
[2026-09-13 20:18:47.302] probe_binding_ocaml        agreement_outcome  (dependencies_provided/recorded_dependencies_vs_world_providers: not_applicable: this binding mechanism produces no artifact carrying a dependency or symbol-version record (a static archive h…)
[2026-09-13 20:18:47.302] probe_binding_ocaml        agreement_outcome  (repack_preserves_api/declared_repacking_relation: not_implemented: the repacking relation is not specified: "preserves" has no agreed scope, so there is nothing to compare a bin…)
[2026-09-13 20:18:47.302] probe_binding_ocaml        agreement_outcome  (repack_complete/composed_faithfulness: not_implemented: the claim's scope is unsettled ("loses nothing" needs an allowed-omission policy), and two of the three agreem…)
[2026-09-13 20:18:47.302] probe_binding_ocaml        check_post  (pass)
[2026-09-13 20:18:47.302] probe_binding_ocaml        done
[2026-09-13 20:18:47.304] probe_binding_ocaml_inspect  check_pre  (pass)
[2026-09-13 20:18:47.306] probe_binding_ocaml_inspect  cmd  (eval $(opam env)
PKG_DIR=$(ocamlfind query 'zip' 2>/dev/null)
test -n "$PKG_DIR"
{ for f in "$PKG_DIR"/*.cmxa "$PKG_DIR"/*.cma; do
    [ -f "$f" ] && ocamlobjinfo "$f"
  done
} | python3 canary/scripts/inspect_ocaml.py --path 'zip' --watchlist 'Zlib,Gzip,Zip' \
  > /home/red/code/research/tola/_out/canary/projects/zlib/probe_binding/ocaml/inspect_source-fetched-1.3.1_lib-fetched_ocaml_binding-fetched.json)
[2026-09-13 20:18:47.306] probe_binding_ocaml_inspect  opam_switch  (canary)
[2026-09-13 20:18:47.306] probe_binding_ocaml_inspect  platform  (wsl_ubuntu)
[2026-09-13 20:18:47.363] probe_binding_ocaml_inspect  cmd_log  (probe_binding_ocaml_inspect.out_source-fetched-1.3.1_lib-fetched_ocaml_binding-fetched.log)
[2026-09-13 20:18:47.363] probe_binding_ocaml_inspect  detect  (ok, output present)
[2026-09-13 20:18:47.363] probe_binding_ocaml_inspect  agreement_outcome  (required_symbols_exported/stub_requirements_vs_library_exports: unavailable: no compiled-stub inspection in this world)
[2026-09-13 20:18:47.363] probe_binding_ocaml_inspect  agreement_outcome  (api_names_present/watchlist_vs_user_surface: unavailable: no user-facing surface inspection in this world)
[2026-09-13 20:18:47.363] probe_binding_ocaml_inspect  agreement_outcome  (behavior_matches/probe_assertions: not_implemented: the expected values live inside the probe's source as embedded assertions, and the observation is the probe's …)
[2026-09-13 20:18:47.363] probe_binding_ocaml_inspect  agreement_outcome  (soname_matches_requirement/library_identity_vs_consumer_record: not_applicable: this binding mechanism produces no artifact carrying a dependency or symbol-version record (a static archive h…)
[2026-09-13 20:18:47.363] probe_binding_ocaml_inspect  agreement_outcome  (required_versions_exported/required_tags_vs_provider_exports: not_applicable: this binding mechanism produces no artifact carrying a dependency or symbol-version record (a static archive h…)
[2026-09-13 20:18:47.363] probe_binding_ocaml_inspect  agreement_outcome  (signatures_agree/header_vs_stub_signature_summaries: unavailable: no header signature summary in this world)
[2026-09-13 20:18:47.363] probe_binding_ocaml_inspect  agreement_outcome  (dependencies_provided/recorded_dependencies_vs_world_providers: not_applicable: this binding mechanism produces no artifact carrying a dependency or symbol-version record (a static archive h…)
[2026-09-13 20:18:47.363] probe_binding_ocaml_inspect  agreement_outcome  (repack_preserves_api/declared_repacking_relation: not_implemented: the repacking relation is not specified: "preserves" has no agreed scope, so there is nothing to compare a bin…)
[2026-09-13 20:18:47.363] probe_binding_ocaml_inspect  agreement_outcome  (repack_complete/composed_faithfulness: not_implemented: the claim's scope is unsettled ("loses nothing" needs an allowed-omission policy), and two of the three agreem…)
[2026-09-13 20:18:47.363] probe_binding_ocaml_inspect  check_post  (pass)
[2026-09-13 20:18:47.363] probe_binding_ocaml_inspect  done
[2026-09-13 20:18:47.365] *                          graph_end  (6/8 completed)
[2026-09-13 20:18:47.365] fetch_binding_ocaml_inspect  failed
[2026-09-13 20:18:47.365] fetch_binding_ocaml_stub_inspect  failed
[2026-09-13 20:18:47.365] *                          diagram  (_out/canary/projects/zlib/-run/diagrams/all.mmd)
[2026-09-13 20:18:47.365] *                          diagram  (_out/canary/projects/zlib/-run/diagrams/full.mmd)
[2026-09-13 20:18:47.365] *                          view  (lib (3 steps))
[2026-09-13 20:18:47.366] *                          view  (probes (4 steps))
[2026-09-13 20:18:47.366] *                          view  (binding_ocaml (5 steps))
[2026-09-13 20:18:47.367] *                          html  (_out/canary/projects/zlib/-run/result.html)
[2026-09-13 20:18:47.368] *                          index  (_out/canary/projects/index.html)
[2026-09-13 20:18:47.368] *                          invariant  (full.mmd: OK (8 nodes, 8 IDs))
[2026-09-13 20:18:47.368] *                          invariant  (binding_ocaml.mmd: OK (7 nodes, 8 IDs))
[2026-09-13 20:18:47.369] !                          invariant  (source.mmd: missing [8])
[2026-09-13 20:18:47.369] !                          invariant  (SOME FAILED)
[2026-09-13 20:18:47.387] *                          variant_start  (source-fetched-1.3.1_lib-vendored-dev_ocaml_binding-fetched)
[2026-09-13 20:18:47.387] *                          graph_start  (8 steps)
[2026-09-13 20:18:47.387] fetch_lib                  warm_gate  (marker + fingerprint + check_post passed)
[2026-09-13 20:18:47.387] fetch_lib                  skip  (verdict marker (prior success))
[2026-09-13 20:18:47.388] fetch_binding_ocaml        warm_gate  (marker + fingerprint + check_post passed)
[2026-09-13 20:18:47.388] fetch_binding_ocaml        skip  (verdict marker (prior success))
[2026-09-13 20:18:47.388] fetch_binding_ocaml_inspect  check_pre  (pass)
[2026-09-13 20:18:47.390] fetch_binding_ocaml_inspect  cmd  (eval $(opam env)
PKG_DIR=$(ocamlfind query 'camlzip' 2>/dev/null)
test -n "$PKG_DIR"
python3 canary/scripts/inspect_binding.py --kind mli --dir "$PKG_DIR" \
  --watchlist 'Zlib,Gzip,Zip' > /home/red/code/research/tola/_out/canary/projects/zlib/fetch_binding/ocaml/inspect_source-fetched-1.3.1_lib-vendored-dev_ocaml_binding-fetched.json)
[2026-09-13 20:18:47.390] fetch_binding_ocaml_inspect  opam_switch  (canary)
[2026-09-13 20:18:47.390] fetch_binding_ocaml_inspect  platform  (wsl_ubuntu)
[2026-09-13 20:18:47.450] fetch_binding_ocaml_inspect  cmd_log  (fetch_binding_ocaml_inspect.out_source-fetched-1.3.1_lib-vendored-dev_ocaml_binding-fetched.log)
[2026-09-13 20:18:47.451] fetch_binding_ocaml_inspect  cmd_fail  (exit 1)
[2026-09-13 20:18:47.451] fetch_binding_ocaml_inspect  cmd_out  (No .mli files found in /home/red/.opam/canary/lib/camlzip)
[2026-09-13 20:18:47.451] fetch_binding_ocaml_inspect  detect  (error, output present)
[2026-09-13 20:18:47.451] fetch_binding_ocaml_inspect  agreement_outcome  (no agreement fires at this action)
[2026-09-13 20:18:47.451] fetch_binding_ocaml_inspect  check_post  (FAIL)
[2026-09-13 20:18:47.451] fetch_binding_ocaml_inspect  failed  (postcondition failed)
[2026-09-13 20:18:47.451] fetch_binding_ocaml_stub_inspect  check_pre  (pass)
[2026-09-13 20:18:47.453] fetch_binding_ocaml_stub_inspect  cmd  (eval $(opam env)
PKG_DIR=$(ocamlfind query 'camlzip' 2>/dev/null)
test -n "$PKG_DIR"
STUB=$(ls "$PKG_DIR"/lib*.a 2>/dev/null | head -1)
test -n "$STUB"
python3 canary/scripts/inspect_binding.py --kind stub --path "$STUB" \
  --prefix 'deflate' --watchlist '' \
  > /home/red/code/research/tola/_out/canary/projects/zlib/fetch_binding/ocaml/inspect_stub_source-fetched-1.3.1_lib-vendored-dev_ocaml_binding-fetched.json)
[2026-09-13 20:18:47.453] fetch_binding_ocaml_stub_inspect  opam_switch  (canary)
[2026-09-13 20:18:47.453] fetch_binding_ocaml_stub_inspect  platform  (wsl_ubuntu)
[2026-09-13 20:18:47.515] fetch_binding_ocaml_stub_inspect  cmd_log  (fetch_binding_ocaml_stub_inspect.out_source-fetched-1.3.1_lib-vendored-dev_ocaml_binding-fetched.log)
[2026-09-13 20:18:47.515] fetch_binding_ocaml_stub_inspect  cmd_fail  (exit 2)
[2026-09-13 20:18:47.515] fetch_binding_ocaml_stub_inspect  cmd_out  (usage: inspect_binding.py [-h] --kind {mli,stub} [--path PATH] [--dir DIR])
[2026-09-13 20:18:47.515] fetch_binding_ocaml_stub_inspect  cmd_out  (                          [--watchlist WATCHLIST] [--prefix PREFIX])
[2026-09-13 20:18:47.515] fetch_binding_ocaml_stub_inspect  cmd_out  (                          [--module-prefix MODULE_PREFIX])
[2026-09-13 20:18:47.515] fetch_binding_ocaml_stub_inspect  cmd_out  (inspect_binding.py: error: --kind stub requires --path)
[2026-09-13 20:18:47.515] fetch_binding_ocaml_stub_inspect  detect  (error, output present)
[2026-09-13 20:18:47.515] fetch_binding_ocaml_stub_inspect  agreement_outcome  (no agreement fires at this action)
[2026-09-13 20:18:47.515] fetch_binding_ocaml_stub_inspect  check_post  (FAIL)
[2026-09-13 20:18:47.515] fetch_binding_ocaml_stub_inspect  failed  (postcondition failed)
[2026-09-13 20:18:47.515] probe_lib                  check_pre  (pass)
[2026-09-13 20:18:47.517] probe_lib                  cmd  (LIB_NATIVE=$(ls /home/red/code/contrib/zlib-all/prebuilt/zlib-1.3.2/lib/libz.so.1* 2>/dev/null | head -1)
test -n "$LIB_NATIVE" -a -e "$LIB_NATIVE" || { echo "PREBUILT MISSING: /home/red/code/contrib/zlib-all/prebuilt/zlib-1.3.2/lib — run 'canary prebuilt zlib' first" >&2; exit 1; }
COUNT=$(nm -D "$LIB_NATIVE" 2>/dev/null | grep -v ' U ' | grep -c 'deflate' || echo 0)
printf 'deflate symbols exported: %s\n' "$COUNT" | tee /home/red/code/research/tola/_out/canary/projects/zlib/probe_lib/probe_source-fetched-1.3.1_lib-vendored-dev_ocaml_binding-fetched.log
test "$COUNT" -gt 0)
[2026-09-13 20:18:47.517] probe_lib                  opam_switch  (canary)
[2026-09-13 20:18:47.517] probe_lib                  platform  (wsl_ubuntu)
[2026-09-13 20:18:47.563] probe_lib                  cmd_log  (probe_lib.out_source-fetched-1.3.1_lib-vendored-dev_ocaml_binding-fetched.log)
[2026-09-13 20:18:47.563] probe_lib                  detect  (ok, output present)
[2026-09-13 20:18:47.563] probe_lib                  agreement_outcome  (no agreement fires at this action)
[2026-09-13 20:18:47.563] probe_lib                  check_post  (pass)
[2026-09-13 20:18:47.563] probe_lib                  done
[2026-09-13 20:18:47.565] probe_lib_inspect          check_pre  (pass)
[2026-09-13 20:18:47.567] probe_lib_inspect          cmd  (LIB_NATIVE=$(ls /home/red/code/contrib/zlib-all/prebuilt/zlib-1.3.2/lib/libz.so.1* 2>/dev/null | head -1)
test -n "$LIB_NATIVE" -a -e "$LIB_NATIVE" || { echo "PREBUILT MISSING: /home/red/code/contrib/zlib-all/prebuilt/zlib-1.3.2/lib — run 'canary prebuilt zlib' first" >&2; exit 1; }
nm -D "$LIB_NATIVE" 2>/dev/null \
  | python3 canary/scripts/inspect_native.py --emit-symbols --elf --path "$LIB_NATIVE" --prefixes 'deflate,inflate,gz,crc32,adler32' --watchlist 'deflateInit_,deflate,deflateEnd,inflateInit_,inflate,inflateEnd,zlibVersion' \
  > /home/red/code/research/tola/_out/canary/projects/zlib/probe_lib/inspect_source-fetched-1.3.1_lib-vendored-dev_ocaml_binding-fetched.json)
[2026-09-13 20:18:47.567] probe_lib_inspect          opam_switch  (canary)
[2026-09-13 20:18:47.567] probe_lib_inspect          platform  (wsl_ubuntu)
[2026-09-13 20:18:47.621] probe_lib_inspect          cmd_log  (probe_lib_inspect.out_source-fetched-1.3.1_lib-vendored-dev_ocaml_binding-fetched.log)
[2026-09-13 20:18:47.621] probe_lib_inspect          detect  (ok, output present)
[2026-09-13 20:18:47.621] probe_lib_inspect          agreement_outcome  (no agreement fires at this action)
[2026-09-13 20:18:47.621] probe_lib_inspect          check_post  (pass)
[2026-09-13 20:18:47.621] probe_lib_inspect          done
[2026-09-13 20:18:47.623] probe_binding_ocaml        check_pre  (pass)
[2026-09-13 20:18:47.624] probe_binding_ocaml        cmd  (eval $(opam env)
export LD_LIBRARY_PATH=/home/red/code/contrib/zlib-all/prebuilt/zlib-1.3.2/lib:$LD_LIBRARY_PATH
ocamlfind ocamlopt -package camlzip -linkpkg canary/examples/zlib/zlib_example.ml -o /home/red/code/research/tola/_out/canary/projects/zlib/probe_binding/ocaml/zlib_example > /home/red/code/research/tola/_out/canary/projects/zlib/probe_binding/ocaml/probe_source-fetched-1.3.1_lib-vendored-dev_ocaml_binding-fetched.log 2>&1 && /home/red/code/research/tola/_out/canary/projects/zlib/probe_binding/ocaml/zlib_example >> /home/red/code/research/tola/_out/canary/projects/zlib/probe_binding/ocaml/probe_source-fetched-1.3.1_lib-vendored-dev_ocaml_binding-fetched.log 2>&1 && grep -qF "/home/red/code/contrib/zlib-all/prebuilt/zlib-1.3.2/lib" /home/red/code/research/tola/_out/canary/projects/zlib/probe_binding/ocaml/probe_source-fetched-1.3.1_lib-vendored-dev_ocaml_binding-fetched.log
RC=$?
cat /home/red/code/research/tola/_out/canary/projects/zlib/probe_binding/ocaml/probe_source-fetched-1.3.1_lib-vendored-dev_ocaml_binding-fetched.log
exit $RC)
[2026-09-13 20:18:47.625] probe_binding_ocaml        opam_switch  (canary)
[2026-09-13 20:18:47.625] probe_binding_ocaml        platform  (wsl_ubuntu)
[2026-09-13 20:18:47.748] probe_binding_ocaml        cmd_log  (probe_binding_ocaml.out_source-fetched-1.3.1_lib-vendored-dev_ocaml_binding-fetched.log)
[2026-09-13 20:18:47.748] probe_binding_ocaml        detect  (ok, output present)
[2026-09-13 20:18:47.748] probe_binding_ocaml        agreement_outcome  (required_symbols_exported/stub_requirements_vs_library_exports: unavailable: no compiled-stub inspection in this world)
[2026-09-13 20:18:47.748] probe_binding_ocaml        agreement_outcome  (api_names_present/watchlist_vs_user_surface: unavailable: no user-facing surface inspection in this world)
[2026-09-13 20:18:47.748] probe_binding_ocaml        agreement_outcome  (behavior_matches/probe_assertions: not_implemented: the expected values live inside the probe's source as embedded assertions, and the observation is the probe's …)
[2026-09-13 20:18:47.748] probe_binding_ocaml        agreement_outcome  (soname_matches_requirement/library_identity_vs_consumer_record: not_applicable: this binding mechanism produces no artifact carrying a dependency or symbol-version record (a static archive h…)
[2026-09-13 20:18:47.748] probe_binding_ocaml        agreement_outcome  (required_versions_exported/required_tags_vs_provider_exports: not_applicable: this binding mechanism produces no artifact carrying a dependency or symbol-version record (a static archive h…)
[2026-09-13 20:18:47.748] probe_binding_ocaml        agreement_outcome  (signatures_agree/header_vs_stub_signature_summaries: unavailable: no header signature summary in this world)
[2026-09-13 20:18:47.748] probe_binding_ocaml        agreement_outcome  (dependencies_provided/recorded_dependencies_vs_world_providers: not_applicable: this binding mechanism produces no artifact carrying a dependency or symbol-version record (a static archive h…)
[2026-09-13 20:18:47.749] probe_binding_ocaml        agreement_outcome  (repack_preserves_api/declared_repacking_relation: not_implemented: the repacking relation is not specified: "preserves" has no agreed scope, so there is nothing to compare a bin…)
[2026-09-13 20:18:47.749] probe_binding_ocaml        agreement_outcome  (repack_complete/composed_faithfulness: not_implemented: the claim's scope is unsettled ("loses nothing" needs an allowed-omission policy), and two of the three agreem…)
[2026-09-13 20:18:47.749] probe_binding_ocaml        check_post  (pass)
[2026-09-13 20:18:47.749] probe_binding_ocaml        done
[2026-09-13 20:18:47.751] probe_binding_ocaml_inspect  check_pre  (pass)
[2026-09-13 20:18:47.752] probe_binding_ocaml_inspect  cmd  (eval $(opam env)
PKG_DIR=$(ocamlfind query 'zip' 2>/dev/null)
test -n "$PKG_DIR"
{ for f in "$PKG_DIR"/*.cmxa "$PKG_DIR"/*.cma; do
    [ -f "$f" ] && ocamlobjinfo "$f"
  done
} | python3 canary/scripts/inspect_ocaml.py --path 'zip' --watchlist 'Zlib,Gzip,Zip' \
  > /home/red/code/research/tola/_out/canary/projects/zlib/probe_binding/ocaml/inspect_source-fetched-1.3.1_lib-vendored-dev_ocaml_binding-fetched.json)
[2026-09-13 20:18:47.752] probe_binding_ocaml_inspect  opam_switch  (canary)
[2026-09-13 20:18:47.752] probe_binding_ocaml_inspect  platform  (wsl_ubuntu)
[2026-09-13 20:18:47.808] probe_binding_ocaml_inspect  cmd_log  (probe_binding_ocaml_inspect.out_source-fetched-1.3.1_lib-vendored-dev_ocaml_binding-fetched.log)
[2026-09-13 20:18:47.808] probe_binding_ocaml_inspect  detect  (ok, output present)
[2026-09-13 20:18:47.808] probe_binding_ocaml_inspect  agreement_outcome  (required_symbols_exported/stub_requirements_vs_library_exports: unavailable: no compiled-stub inspection in this world)
[2026-09-13 20:18:47.808] probe_binding_ocaml_inspect  agreement_outcome  (api_names_present/watchlist_vs_user_surface: unavailable: no user-facing surface inspection in this world)
[2026-09-13 20:18:47.808] probe_binding_ocaml_inspect  agreement_outcome  (behavior_matches/probe_assertions: not_implemented: the expected values live inside the probe's source as embedded assertions, and the observation is the probe's …)
[2026-09-13 20:18:47.808] probe_binding_ocaml_inspect  agreement_outcome  (soname_matches_requirement/library_identity_vs_consumer_record: not_applicable: this binding mechanism produces no artifact carrying a dependency or symbol-version record (a static archive h…)
[2026-09-13 20:18:47.808] probe_binding_ocaml_inspect  agreement_outcome  (required_versions_exported/required_tags_vs_provider_exports: not_applicable: this binding mechanism produces no artifact carrying a dependency or symbol-version record (a static archive h…)
[2026-09-13 20:18:47.808] probe_binding_ocaml_inspect  agreement_outcome  (signatures_agree/header_vs_stub_signature_summaries: unavailable: no header signature summary in this world)
[2026-09-13 20:18:47.808] probe_binding_ocaml_inspect  agreement_outcome  (dependencies_provided/recorded_dependencies_vs_world_providers: not_applicable: this binding mechanism produces no artifact carrying a dependency or symbol-version record (a static archive h…)
[2026-09-13 20:18:47.808] probe_binding_ocaml_inspect  agreement_outcome  (repack_preserves_api/declared_repacking_relation: not_implemented: the repacking relation is not specified: "preserves" has no agreed scope, so there is nothing to compare a bin…)
[2026-09-13 20:18:47.808] probe_binding_ocaml_inspect  agreement_outcome  (repack_complete/composed_faithfulness: not_implemented: the claim's scope is unsettled ("loses nothing" needs an allowed-omission policy), and two of the three agreem…)
[2026-09-13 20:18:47.808] probe_binding_ocaml_inspect  check_post  (pass)
[2026-09-13 20:18:47.808] probe_binding_ocaml_inspect  done
[2026-09-13 20:18:47.810] *                          graph_end  (6/8 completed)
[2026-09-13 20:18:47.810] fetch_binding_ocaml_inspect  failed
[2026-09-13 20:18:47.810] fetch_binding_ocaml_stub_inspect  failed
[2026-09-13 20:18:47.811] *                          diagram  (_out/canary/projects/zlib/-run/diagrams/all.mmd)
[2026-09-13 20:18:47.811] *                          diagram  (_out/canary/projects/zlib/-run/diagrams/full.mmd)
[2026-09-13 20:18:47.811] *                          view  (lib (3 steps))
[2026-09-13 20:18:47.811] *                          view  (probes (4 steps))
[2026-09-13 20:18:47.811] *                          view  (binding_ocaml (5 steps))
[2026-09-13 20:18:47.812] *                          html  (_out/canary/projects/zlib/-run/result.html)
[2026-09-13 20:18:47.813] *                          index  (_out/canary/projects/index.html)
[2026-09-13 20:18:47.813] *                          invariant  (full.mmd: OK (8 nodes, 8 IDs))
[2026-09-13 20:18:47.814] *                          invariant  (binding_ocaml.mmd: OK (7 nodes, 8 IDs))
[2026-09-13 20:18:47.814] !                          invariant  (source.mmd: missing [8])
[2026-09-13 20:18:47.814] !                          invariant  (SOME FAILED)
[2026-09-15 14:25:29.554] *                          run_start  (zlib)
[2026-09-15 14:25:29.562] *                          variant_start  (source-fetched-1.3.1_lib-fetched_ocaml_binding-fetched)
[2026-09-15 14:25:29.562] *                          graph_start  (7 steps)
[2026-09-15 14:25:29.563] fetch_lib                  warm_gate  (marker + fingerprint + check_post passed)
[2026-09-15 14:25:29.563] fetch_lib                  skip  (verdict marker (prior success))
[2026-09-15 14:25:29.563] fetch_binding_ocaml        warm_gate  (marker + fingerprint + check_post passed)
[2026-09-15 14:25:29.563] fetch_binding_ocaml        skip  (verdict marker (prior success))
[2026-09-15 14:25:29.563] fetch_binding_ocaml_stub_inspect  check_pre  (pass)
[2026-09-15 14:25:29.565] fetch_binding_ocaml_stub_inspect  cmd  (eval $(opam env)
PKG_DIR=$(ocamlfind query 'camlzip' 2>/dev/null)
test -n "$PKG_DIR"
STUB=$(ls "$PKG_DIR"/lib*.a 2>/dev/null | head -1)
test -n "$STUB"
python3 canary/scripts/inspect_binding.py --kind stub --path "$STUB" \
  --prefix 'deflate' --watchlist '' \
  > /home/red/code/research/tola/_out/canary/projects/zlib/fetch_binding/ocaml/inspect_stub_source-fetched-1.3.1_lib-fetched_ocaml_binding-fetched.json)
[2026-09-15 14:25:29.566] fetch_binding_ocaml_stub_inspect  opam_switch  (canary)
[2026-09-15 14:25:29.566] fetch_binding_ocaml_stub_inspect  platform  (wsl_ubuntu)
[2026-09-15 14:25:29.624] fetch_binding_ocaml_stub_inspect  cmd_log  (fetch_binding_ocaml_stub_inspect.out_source-fetched-1.3.1_lib-fetched_ocaml_binding-fetched.log)
[2026-09-15 14:25:29.624] fetch_binding_ocaml_stub_inspect  cmd_fail  (exit 2)
[2026-09-15 14:25:29.624] fetch_binding_ocaml_stub_inspect  cmd_out  (usage: inspect_binding.py [-h] --kind {mli,stub} [--path PATH] [--dir DIR])
[2026-09-15 14:25:29.624] fetch_binding_ocaml_stub_inspect  cmd_out  (                          [--watchlist WATCHLIST] [--prefix PREFIX])
[2026-09-15 14:25:29.624] fetch_binding_ocaml_stub_inspect  cmd_out  (                          [--module-prefix MODULE_PREFIX])
[2026-09-15 14:25:29.624] fetch_binding_ocaml_stub_inspect  cmd_out  (inspect_binding.py: error: --kind stub requires --path)
[2026-09-15 14:25:29.624] fetch_binding_ocaml_stub_inspect  detect  (error, output present)
[2026-09-15 14:25:29.624] fetch_binding_ocaml_stub_inspect  agreement_outcome  (no agreement fires at this action)
[2026-09-15 14:25:29.624] fetch_binding_ocaml_stub_inspect  check_post  (FAIL)
[2026-09-15 14:25:29.624] fetch_binding_ocaml_stub_inspect  failed  (postcondition failed)
[2026-09-15 14:25:29.624] probe_lib                  check_pre  (pass)
[2026-09-15 14:25:29.626] probe_lib                  cmd  (LIB_NATIVE=$(ls /usr/lib/x86_64-linux-gnu/libz.so.1* /usr/lib*/libz.so.1* 2>/dev/null \
        "$(brew --prefix zlib 2>/dev/null)/lib/libz.dylib" 2>/dev/null \
        | head -1)
test -n "$LIB_NATIVE" -a -e "$LIB_NATIVE"
COUNT=$(nm -D "$LIB_NATIVE" 2>/dev/null | grep -v ' U ' | grep -c 'deflate' || echo 0)
printf 'deflate symbols exported: %s\n' "$COUNT" | tee /home/red/code/research/tola/_out/canary/projects/zlib/probe_lib/probe_source-fetched-1.3.1_lib-fetched_ocaml_binding-fetched.log
test "$COUNT" -gt 0)
[2026-09-15 14:25:29.626] probe_lib                  opam_switch  (canary)
[2026-09-15 14:25:29.626] probe_lib                  platform  (wsl_ubuntu)
[2026-09-15 14:25:29.671] probe_lib                  cmd_log  (probe_lib.out_source-fetched-1.3.1_lib-fetched_ocaml_binding-fetched.log)
[2026-09-15 14:25:29.671] probe_lib                  detect  (ok, output present)
[2026-09-15 14:25:29.671] probe_lib                  agreement_outcome  (no agreement fires at this action)
[2026-09-15 14:25:29.671] probe_lib                  check_post  (pass)
[2026-09-15 14:25:29.671] probe_lib                  done
[2026-09-15 14:25:29.673] probe_lib_inspect          check_pre  (pass)
[2026-09-15 14:25:29.675] probe_lib_inspect          cmd  (LIB_NATIVE=$(ls /usr/lib/x86_64-linux-gnu/libz.so.1* /usr/lib*/libz.so.1* 2>/dev/null \
        "$(brew --prefix zlib 2>/dev/null)/lib/libz.dylib" 2>/dev/null \
        | head -1)
test -n "$LIB_NATIVE" -a -e "$LIB_NATIVE"
nm -D "$LIB_NATIVE" 2>/dev/null \
  | python3 canary/scripts/inspect_native.py --emit-symbols --elf --path "$LIB_NATIVE" --prefixes 'deflate,inflate,gz,crc32,adler32' --watchlist 'deflateInit_,deflate,deflateEnd,inflateInit_,inflate,inflateEnd,zlibVersion' \
  > /home/red/code/research/tola/_out/canary/projects/zlib/probe_lib/inspect_source-fetched-1.3.1_lib-fetched_ocaml_binding-fetched.json)
[2026-09-15 14:25:29.675] probe_lib_inspect          opam_switch  (canary)
[2026-09-15 14:25:29.675] probe_lib_inspect          platform  (wsl_ubuntu)
[2026-09-15 14:25:29.727] probe_lib_inspect          cmd_log  (probe_lib_inspect.out_source-fetched-1.3.1_lib-fetched_ocaml_binding-fetched.log)
[2026-09-15 14:25:29.727] probe_lib_inspect          detect  (ok, output present)
[2026-09-15 14:25:29.727] probe_lib_inspect          agreement_outcome  (no agreement fires at this action)
[2026-09-15 14:25:29.727] probe_lib_inspect          check_post  (pass)
[2026-09-15 14:25:29.727] probe_lib_inspect          done
[2026-09-15 14:25:29.729] probe_binding_ocaml        check_pre  (pass)
[2026-09-15 14:25:29.731] probe_binding_ocaml        cmd  (eval $(opam env)
ocamlfind ocamlopt -package camlzip -linkpkg canary/examples/zlib/zlib_example.ml -o /home/red/code/research/tola/_out/canary/projects/zlib/probe_binding/ocaml/zlib_example > /home/red/code/research/tola/_out/canary/projects/zlib/probe_binding/ocaml/probe_source-fetched-1.3.1_lib-fetched_ocaml_binding-fetched.log 2>&1 && /home/red/code/research/tola/_out/canary/projects/zlib/probe_binding/ocaml/zlib_example >> /home/red/code/research/tola/_out/canary/projects/zlib/probe_binding/ocaml/probe_source-fetched-1.3.1_lib-fetched_ocaml_binding-fetched.log 2>&1
RC=$?
test -f /home/red/code/research/tola/_out/canary/projects/zlib/probe_binding/ocaml/zlib_example && { nm -D "/home/red/code/research/tola/_out/canary/projects/zlib/probe_binding/ocaml/zlib_example" 2>/dev/null \
  | python3 canary/scripts/inspect_native.py --elf --path "/home/red/code/research/tola/_out/canary/projects/zlib/probe_binding/ocaml/zlib_example" --prefixes '' --watchlist '' \
  > /home/red/code/research/tola/_out/canary/projects/zlib/probe_binding/ocaml/inspect_abi_source-fetched-1.3.1_lib-fetched_ocaml_binding-fetched.json ; } || true
cat /home/red/code/research/tola/_out/canary/projects/zlib/probe_binding/ocaml/probe_source-fetched-1.3.1_lib-fetched_ocaml_binding-fetched.log
exit $RC)
[2026-09-15 14:25:29.731] probe_binding_ocaml        opam_switch  (canary)
[2026-09-15 14:25:29.731] probe_binding_ocaml        platform  (wsl_ubuntu)
[2026-09-15 14:25:29.925] probe_binding_ocaml        cmd_log  (probe_binding_ocaml.out_source-fetched-1.3.1_lib-fetched_ocaml_binding-fetched.log)
[2026-09-15 14:25:29.925] probe_binding_ocaml        detect  (ok, output present)
[2026-09-15 14:25:29.926] probe_binding_ocaml        agreement_outcome  (required_symbols_exported/stub_requirements_vs_library_exports: unavailable: no compiled-stub inspection in this world)
[2026-09-15 14:25:29.926] probe_binding_ocaml        agreement_outcome  (api_names_present/watchlist_vs_user_surface: unavailable: no user-facing surface inspection in this world)
[2026-09-15 14:25:29.926] probe_binding_ocaml        agreement_outcome  (behavior_matches/probe_assertions: not_implemented: the expected values live inside the probe's source as embedded assertions, and the observation is the probe's …)
[2026-09-15 14:25:29.926] probe_binding_ocaml        agreement_outcome  (soname_matches_requirement/library_identity_vs_consumer_record: holds)
[2026-09-15 14:25:29.926] probe_binding_ocaml        agreement_outcome  (required_versions_exported/required_tags_vs_provider_exports: inconclusive: one side carries no symbol versioning; an empty requirement set decides nothing)
[2026-09-15 14:25:29.926] probe_binding_ocaml        agreement_outcome  (signatures_agree/header_vs_stub_signature_summaries: unavailable: no header signature summary in this world)
[2026-09-15 14:25:29.926] probe_binding_ocaml        agreement_outcome  (dependencies_provided/recorded_dependencies_vs_world_providers: holds)
[2026-09-15 14:25:29.926] probe_binding_ocaml        agreement_outcome  (repack_preserves_api/declared_repacking_relation: not_implemented: the repacking relation is not specified: "preserves" has no agreed scope, so there is nothing to compare a bin…)
[2026-09-15 14:25:29.926] probe_binding_ocaml        agreement_outcome  (repack_complete/composed_faithfulness: not_implemented: the claim's scope is unsettled ("loses nothing" needs an allowed-omission policy), and two of the three agreem…)
[2026-09-15 14:25:29.926] probe_binding_ocaml        check_post  (pass)
[2026-09-15 14:25:29.926] probe_binding_ocaml        done
[2026-09-15 14:25:29.928] probe_binding_ocaml_inspect  check_pre  (pass)
[2026-09-15 14:25:29.930] probe_binding_ocaml_inspect  cmd  (eval $(opam env)
PKG_DIR=$(ocamlfind query 'zip' 2>/dev/null)
test -n "$PKG_DIR"
{ for f in "$PKG_DIR"/*.cmxa "$PKG_DIR"/*.cma; do
    [ -f "$f" ] && ocamlobjinfo "$f"
  done
} | python3 canary/scripts/inspect_ocaml.py --path 'zip' --watchlist 'Zlib,Gzip,Zip' \
  > /home/red/code/research/tola/_out/canary/projects/zlib/probe_binding/ocaml/inspect_source-fetched-1.3.1_lib-fetched_ocaml_binding-fetched.json)
[2026-09-15 14:25:29.930] probe_binding_ocaml_inspect  opam_switch  (canary)
[2026-09-15 14:25:29.930] probe_binding_ocaml_inspect  platform  (wsl_ubuntu)
[2026-09-15 14:25:29.984] probe_binding_ocaml_inspect  cmd_log  (probe_binding_ocaml_inspect.out_source-fetched-1.3.1_lib-fetched_ocaml_binding-fetched.log)
[2026-09-15 14:25:29.984] probe_binding_ocaml_inspect  detect  (ok, output present)
[2026-09-15 14:25:29.985] probe_binding_ocaml_inspect  agreement_outcome  (required_symbols_exported/stub_requirements_vs_library_exports: unavailable: no compiled-stub inspection in this world)
[2026-09-15 14:25:29.985] probe_binding_ocaml_inspect  agreement_outcome  (api_names_present/watchlist_vs_user_surface: unavailable: no user-facing surface inspection in this world)
[2026-09-15 14:25:29.985] probe_binding_ocaml_inspect  agreement_outcome  (behavior_matches/probe_assertions: not_implemented: the expected values live inside the probe's source as embedded assertions, and the observation is the probe's …)
[2026-09-15 14:25:29.985] probe_binding_ocaml_inspect  agreement_outcome  (soname_matches_requirement/library_identity_vs_consumer_record: holds)
[2026-09-15 14:25:29.985] probe_binding_ocaml_inspect  agreement_outcome  (required_versions_exported/required_tags_vs_provider_exports: inconclusive: one side carries no symbol versioning; an empty requirement set decides nothing)
[2026-09-15 14:25:29.985] probe_binding_ocaml_inspect  agreement_outcome  (signatures_agree/header_vs_stub_signature_summaries: unavailable: no header signature summary in this world)
[2026-09-15 14:25:29.985] probe_binding_ocaml_inspect  agreement_outcome  (dependencies_provided/recorded_dependencies_vs_world_providers: holds)
[2026-09-15 14:25:29.985] probe_binding_ocaml_inspect  agreement_outcome  (repack_preserves_api/declared_repacking_relation: not_implemented: the repacking relation is not specified: "preserves" has no agreed scope, so there is nothing to compare a bin…)
[2026-09-15 14:25:29.985] probe_binding_ocaml_inspect  agreement_outcome  (repack_complete/composed_faithfulness: not_implemented: the claim's scope is unsettled ("loses nothing" needs an allowed-omission policy), and two of the three agreem…)
[2026-09-15 14:25:29.985] probe_binding_ocaml_inspect  check_post  (pass)
[2026-09-15 14:25:29.985] probe_binding_ocaml_inspect  done
[2026-09-15 14:25:29.987] *                          graph_end  (6/7 completed)
[2026-09-15 14:25:29.987] fetch_binding_ocaml_stub_inspect  failed
[2026-09-15 14:25:29.988] *                          diagram  (_out/canary/projects/zlib/-run/diagrams/all.mmd)
[2026-09-15 14:25:29.988] *                          diagram  (_out/canary/projects/zlib/-run/diagrams/full.mmd)
[2026-09-15 14:25:29.988] *                          view  (lib (3 steps))
[2026-09-15 14:25:29.988] *                          view  (probes (4 steps))
[2026-09-15 14:25:29.988] *                          view  (binding_ocaml (4 steps))
[2026-09-15 14:25:29.990] *                          html  (_out/canary/projects/zlib/-run/result.html)
[2026-09-15 14:25:29.991] *                          index  (_out/canary/projects/index.html)
[2026-09-15 14:25:29.991] *                          invariant  (full.mmd: OK (7 nodes, 7 IDs))
[2026-09-15 14:25:29.991] *                          invariant  (binding_ocaml.mmd: OK (6 nodes, 7 IDs))
[2026-09-15 14:25:29.991] *                          invariant  (source.mmd: OK (5 nodes, 7 IDs))
[2026-09-15 14:25:29.991] *                          invariant  (lib.mmd: OK (5 nodes, 7 IDs))
[2026-09-15 14:25:29.991] *                          invariant  (all.mmd: OK (4 nodes, 7 IDs))
[2026-09-15 14:25:29.992] *                          invariant  (probes.mmd: OK (7 nodes, 7 IDs))
[2026-09-15 14:25:29.992] *                          invariant  (ALL OK)
[2026-09-15 14:25:30.013] *                          variant_start  (source-fetched-1.3.1_lib-vendored-dev_ocaml_binding-fetched)
[2026-09-15 14:25:30.013] *                          graph_start  (7 steps)
[2026-09-15 14:25:30.013] fetch_lib                  warm_gate  (marker + fingerprint + check_post passed)
[2026-09-15 14:25:30.014] fetch_lib                  skip  (verdict marker (prior success))
[2026-09-15 14:25:30.014] fetch_binding_ocaml        warm_gate  (marker + fingerprint + check_post passed)
[2026-09-15 14:25:30.014] fetch_binding_ocaml        skip  (verdict marker (prior success))
[2026-09-15 14:25:30.014] fetch_binding_ocaml_stub_inspect  check_pre  (pass)
[2026-09-15 14:25:30.016] fetch_binding_ocaml_stub_inspect  cmd  (eval $(opam env)
PKG_DIR=$(ocamlfind query 'camlzip' 2>/dev/null)
test -n "$PKG_DIR"
STUB=$(ls "$PKG_DIR"/lib*.a 2>/dev/null | head -1)
test -n "$STUB"
python3 canary/scripts/inspect_binding.py --kind stub --path "$STUB" \
  --prefix 'deflate' --watchlist '' \
  > /home/red/code/research/tola/_out/canary/projects/zlib/fetch_binding/ocaml/inspect_stub_source-fetched-1.3.1_lib-vendored-dev_ocaml_binding-fetched.json)
[2026-09-15 14:25:30.016] fetch_binding_ocaml_stub_inspect  opam_switch  (canary)
[2026-09-15 14:25:30.016] fetch_binding_ocaml_stub_inspect  platform  (wsl_ubuntu)
[2026-09-15 14:25:30.075] fetch_binding_ocaml_stub_inspect  cmd_log  (fetch_binding_ocaml_stub_inspect.out_source-fetched-1.3.1_lib-vendored-dev_ocaml_binding-fetched.log)
[2026-09-15 14:25:30.076] fetch_binding_ocaml_stub_inspect  cmd_fail  (exit 2)
[2026-09-15 14:25:30.076] fetch_binding_ocaml_stub_inspect  cmd_out  (usage: inspect_binding.py [-h] --kind {mli,stub} [--path PATH] [--dir DIR])
[2026-09-15 14:25:30.076] fetch_binding_ocaml_stub_inspect  cmd_out  (                          [--watchlist WATCHLIST] [--prefix PREFIX])
[2026-09-15 14:25:30.076] fetch_binding_ocaml_stub_inspect  cmd_out  (                          [--module-prefix MODULE_PREFIX])
[2026-09-15 14:25:30.076] fetch_binding_ocaml_stub_inspect  cmd_out  (inspect_binding.py: error: --kind stub requires --path)
[2026-09-15 14:25:30.076] fetch_binding_ocaml_stub_inspect  detect  (error, output present)
[2026-09-15 14:25:30.076] fetch_binding_ocaml_stub_inspect  agreement_outcome  (no agreement fires at this action)
[2026-09-15 14:25:30.076] fetch_binding_ocaml_stub_inspect  check_post  (FAIL)
[2026-09-15 14:25:30.076] fetch_binding_ocaml_stub_inspect  failed  (postcondition failed)
[2026-09-15 14:25:30.076] probe_lib                  check_pre  (pass)
[2026-09-15 14:25:30.078] probe_lib                  cmd  (LIB_NATIVE=$(ls /home/red/code/contrib/zlib-all/prebuilt/zlib-1.3.2/lib/libz.so.1* 2>/dev/null | head -1)
test -n "$LIB_NATIVE" -a -e "$LIB_NATIVE" || { echo "PREBUILT MISSING: /home/red/code/contrib/zlib-all/prebuilt/zlib-1.3.2/lib — run 'canary prebuilt zlib' first" >&2; exit 1; }
COUNT=$(nm -D "$LIB_NATIVE" 2>/dev/null | grep -v ' U ' | grep -c 'deflate' || echo 0)
printf 'deflate symbols exported: %s\n' "$COUNT" | tee /home/red/code/research/tola/_out/canary/projects/zlib/probe_lib/probe_source-fetched-1.3.1_lib-vendored-dev_ocaml_binding-fetched.log
test "$COUNT" -gt 0)
[2026-09-15 14:25:30.078] probe_lib                  opam_switch  (canary)
[2026-09-15 14:25:30.078] probe_lib                  platform  (wsl_ubuntu)
[2026-09-15 14:25:30.122] probe_lib                  cmd_log  (probe_lib.out_source-fetched-1.3.1_lib-vendored-dev_ocaml_binding-fetched.log)
[2026-09-15 14:25:30.122] probe_lib                  detect  (ok, output present)
[2026-09-15 14:25:30.122] probe_lib                  agreement_outcome  (no agreement fires at this action)
[2026-09-15 14:25:30.122] probe_lib                  check_post  (pass)
[2026-09-15 14:25:30.122] probe_lib                  done
[2026-09-15 14:25:30.124] probe_lib_inspect          check_pre  (pass)
[2026-09-15 14:25:30.126] probe_lib_inspect          cmd  (LIB_NATIVE=$(ls /home/red/code/contrib/zlib-all/prebuilt/zlib-1.3.2/lib/libz.so.1* 2>/dev/null | head -1)
test -n "$LIB_NATIVE" -a -e "$LIB_NATIVE" || { echo "PREBUILT MISSING: /home/red/code/contrib/zlib-all/prebuilt/zlib-1.3.2/lib — run 'canary prebuilt zlib' first" >&2; exit 1; }
nm -D "$LIB_NATIVE" 2>/dev/null \
  | python3 canary/scripts/inspect_native.py --emit-symbols --elf --path "$LIB_NATIVE" --prefixes 'deflate,inflate,gz,crc32,adler32' --watchlist 'deflateInit_,deflate,deflateEnd,inflateInit_,inflate,inflateEnd,zlibVersion' \
  > /home/red/code/research/tola/_out/canary/projects/zlib/probe_lib/inspect_source-fetched-1.3.1_lib-vendored-dev_ocaml_binding-fetched.json)
[2026-09-15 14:25:30.126] probe_lib_inspect          opam_switch  (canary)
[2026-09-15 14:25:30.126] probe_lib_inspect          platform  (wsl_ubuntu)
[2026-09-15 14:25:30.177] probe_lib_inspect          cmd_log  (probe_lib_inspect.out_source-fetched-1.3.1_lib-vendored-dev_ocaml_binding-fetched.log)
[2026-09-15 14:25:30.177] probe_lib_inspect          detect  (ok, output present)
[2026-09-15 14:25:30.177] probe_lib_inspect          agreement_outcome  (no agreement fires at this action)
[2026-09-15 14:25:30.177] probe_lib_inspect          check_post  (pass)
[2026-09-15 14:25:30.177] probe_lib_inspect          done
[2026-09-15 14:25:30.179] probe_binding_ocaml        check_pre  (pass)
[2026-09-15 14:25:30.181] probe_binding_ocaml        cmd  (eval $(opam env)
export LD_LIBRARY_PATH=/home/red/code/contrib/zlib-all/prebuilt/zlib-1.3.2/lib:$LD_LIBRARY_PATH
ocamlfind ocamlopt -package camlzip -linkpkg canary/examples/zlib/zlib_example.ml -o /home/red/code/research/tola/_out/canary/projects/zlib/probe_binding/ocaml/zlib_example > /home/red/code/research/tola/_out/canary/projects/zlib/probe_binding/ocaml/probe_source-fetched-1.3.1_lib-vendored-dev_ocaml_binding-fetched.log 2>&1 && /home/red/code/research/tola/_out/canary/projects/zlib/probe_binding/ocaml/zlib_example >> /home/red/code/research/tola/_out/canary/projects/zlib/probe_binding/ocaml/probe_source-fetched-1.3.1_lib-vendored-dev_ocaml_binding-fetched.log 2>&1 && grep -qF "/home/red/code/contrib/zlib-all/prebuilt/zlib-1.3.2/lib" /home/red/code/research/tola/_out/canary/projects/zlib/probe_binding/ocaml/probe_source-fetched-1.3.1_lib-vendored-dev_ocaml_binding-fetched.log
RC=$?
test -f /home/red/code/research/tola/_out/canary/projects/zlib/probe_binding/ocaml/zlib_example && { nm -D "/home/red/code/research/tola/_out/canary/projects/zlib/probe_binding/ocaml/zlib_example" 2>/dev/null \
  | python3 canary/scripts/inspect_native.py --elf --path "/home/red/code/research/tola/_out/canary/projects/zlib/probe_binding/ocaml/zlib_example" --prefixes '' --watchlist '' \
  > /home/red/code/research/tola/_out/canary/projects/zlib/probe_binding/ocaml/inspect_abi_source-fetched-1.3.1_lib-vendored-dev_ocaml_binding-fetched.json ; } || true
cat /home/red/code/research/tola/_out/canary/projects/zlib/probe_binding/ocaml/probe_source-fetched-1.3.1_lib-vendored-dev_ocaml_binding-fetched.log
exit $RC)
[2026-09-15 14:25:30.181] probe_binding_ocaml        opam_switch  (canary)
[2026-09-15 14:25:30.181] probe_binding_ocaml        platform  (wsl_ubuntu)
[2026-09-15 14:25:30.352] probe_binding_ocaml        cmd_log  (probe_binding_ocaml.out_source-fetched-1.3.1_lib-vendored-dev_ocaml_binding-fetched.log)
[2026-09-15 14:25:30.352] probe_binding_ocaml        detect  (ok, output present)
[2026-09-15 14:25:30.353] probe_binding_ocaml        agreement_outcome  (required_symbols_exported/stub_requirements_vs_library_exports: unavailable: no compiled-stub inspection in this world)
[2026-09-15 14:25:30.353] probe_binding_ocaml        agreement_outcome  (api_names_present/watchlist_vs_user_surface: unavailable: no user-facing surface inspection in this world)
[2026-09-15 14:25:30.353] probe_binding_ocaml        agreement_outcome  (behavior_matches/probe_assertions: not_implemented: the expected values live inside the probe's source as embedded assertions, and the observation is the probe's …)
[2026-09-15 14:25:30.353] probe_binding_ocaml        agreement_outcome  (soname_matches_requirement/library_identity_vs_consumer_record: holds)
[2026-09-15 14:25:30.353] probe_binding_ocaml        agreement_outcome  (required_versions_exported/required_tags_vs_provider_exports: inconclusive: one side carries no symbol versioning; an empty requirement set decides nothing)
[2026-09-15 14:25:30.353] probe_binding_ocaml        agreement_outcome  (signatures_agree/header_vs_stub_signature_summaries: unavailable: no header signature summary in this world)
[2026-09-15 14:25:30.353] probe_binding_ocaml        agreement_outcome  (dependencies_provided/recorded_dependencies_vs_world_providers: holds)
[2026-09-15 14:25:30.353] probe_binding_ocaml        agreement_outcome  (repack_preserves_api/declared_repacking_relation: not_implemented: the repacking relation is not specified: "preserves" has no agreed scope, so there is nothing to compare a bin…)
[2026-09-15 14:25:30.353] probe_binding_ocaml        agreement_outcome  (repack_complete/composed_faithfulness: not_implemented: the claim's scope is unsettled ("loses nothing" needs an allowed-omission policy), and two of the three agreem…)
[2026-09-15 14:25:30.353] probe_binding_ocaml        check_post  (pass)
[2026-09-15 14:25:30.353] probe_binding_ocaml        done
[2026-09-15 14:25:30.355] probe_binding_ocaml_inspect  check_pre  (pass)
[2026-09-15 14:25:30.357] probe_binding_ocaml_inspect  cmd  (eval $(opam env)
PKG_DIR=$(ocamlfind query 'zip' 2>/dev/null)
test -n "$PKG_DIR"
{ for f in "$PKG_DIR"/*.cmxa "$PKG_DIR"/*.cma; do
    [ -f "$f" ] && ocamlobjinfo "$f"
  done
} | python3 canary/scripts/inspect_ocaml.py --path 'zip' --watchlist 'Zlib,Gzip,Zip' \
  > /home/red/code/research/tola/_out/canary/projects/zlib/probe_binding/ocaml/inspect_source-fetched-1.3.1_lib-vendored-dev_ocaml_binding-fetched.json)
[2026-09-15 14:25:30.357] probe_binding_ocaml_inspect  opam_switch  (canary)
[2026-09-15 14:25:30.357] probe_binding_ocaml_inspect  platform  (wsl_ubuntu)
[2026-09-15 14:25:30.413] probe_binding_ocaml_inspect  cmd_log  (probe_binding_ocaml_inspect.out_source-fetched-1.3.1_lib-vendored-dev_ocaml_binding-fetched.log)
[2026-09-15 14:25:30.413] probe_binding_ocaml_inspect  detect  (ok, output present)
[2026-09-15 14:25:30.413] probe_binding_ocaml_inspect  agreement_outcome  (required_symbols_exported/stub_requirements_vs_library_exports: unavailable: no compiled-stub inspection in this world)
[2026-09-15 14:25:30.413] probe_binding_ocaml_inspect  agreement_outcome  (api_names_present/watchlist_vs_user_surface: unavailable: no user-facing surface inspection in this world)
[2026-09-15 14:25:30.413] probe_binding_ocaml_inspect  agreement_outcome  (behavior_matches/probe_assertions: not_implemented: the expected values live inside the probe's source as embedded assertions, and the observation is the probe's …)
[2026-09-15 14:25:30.413] probe_binding_ocaml_inspect  agreement_outcome  (soname_matches_requirement/library_identity_vs_consumer_record: holds)
[2026-09-15 14:25:30.414] probe_binding_ocaml_inspect  agreement_outcome  (required_versions_exported/required_tags_vs_provider_exports: inconclusive: one side carries no symbol versioning; an empty requirement set decides nothing)
[2026-09-15 14:25:30.414] probe_binding_ocaml_inspect  agreement_outcome  (signatures_agree/header_vs_stub_signature_summaries: unavailable: no header signature summary in this world)
[2026-09-15 14:25:30.414] probe_binding_ocaml_inspect  agreement_outcome  (dependencies_provided/recorded_dependencies_vs_world_providers: holds)
[2026-09-15 14:25:30.414] probe_binding_ocaml_inspect  agreement_outcome  (repack_preserves_api/declared_repacking_relation: not_implemented: the repacking relation is not specified: "preserves" has no agreed scope, so there is nothing to compare a bin…)
[2026-09-15 14:25:30.414] probe_binding_ocaml_inspect  agreement_outcome  (repack_complete/composed_faithfulness: not_implemented: the claim's scope is unsettled ("loses nothing" needs an allowed-omission policy), and two of the three agreem…)
[2026-09-15 14:25:30.414] probe_binding_ocaml_inspect  check_post  (pass)
[2026-09-15 14:25:30.414] probe_binding_ocaml_inspect  done
[2026-09-15 14:25:30.416] *                          graph_end  (6/7 completed)
[2026-09-15 14:25:30.416] fetch_binding_ocaml_stub_inspect  failed
[2026-09-15 14:25:30.416] *                          diagram  (_out/canary/projects/zlib/-run/diagrams/all.mmd)
[2026-09-15 14:25:30.416] *                          diagram  (_out/canary/projects/zlib/-run/diagrams/full.mmd)
[2026-09-15 14:25:30.416] *                          view  (lib (3 steps))
[2026-09-15 14:25:30.416] *                          view  (probes (4 steps))
[2026-09-15 14:25:30.416] *                          view  (binding_ocaml (4 steps))
[2026-09-15 14:25:30.417] *                          html  (_out/canary/projects/zlib/-run/result.html)
[2026-09-15 14:25:30.418] *                          index  (_out/canary/projects/index.html)
[2026-09-15 14:25:30.418] *                          invariant  (full.mmd: OK (7 nodes, 7 IDs))
[2026-09-15 14:25:30.418] *                          invariant  (binding_ocaml.mmd: OK (6 nodes, 7 IDs))
[2026-09-15 14:25:30.418] *                          invariant  (source.mmd: OK (5 nodes, 7 IDs))
[2026-09-15 14:25:30.418] *                          invariant  (lib.mmd: OK (5 nodes, 7 IDs))
[2026-09-15 14:25:30.418] *                          invariant  (all.mmd: OK (4 nodes, 7 IDs))
[2026-09-15 14:25:30.419] *                          invariant  (probes.mmd: OK (7 nodes, 7 IDs))
[2026-09-15 14:25:30.419] *                          invariant  (ALL OK)
[2026-09-15 17:27:27.993] *                          run_start  (zlib)
[2026-09-15 17:27:28.002] *                          variant_start  (source-fetched-1.3.1_lib-fetched_ocaml_binding-fetched)
[2026-09-15 17:27:28.002] *                          graph_start  (7 steps)
[2026-09-15 17:27:28.002] fetch_lib                  warm_gate  (marker + fingerprint + check_post passed)
[2026-09-15 17:27:28.002] fetch_lib                  skip  (verdict marker (prior success))
[2026-09-15 17:27:28.003] fetch_binding_ocaml        warm_gate  (marker + fingerprint + check_post passed)
[2026-09-15 17:27:28.003] fetch_binding_ocaml        skip  (verdict marker (prior success))
[2026-09-15 17:27:28.003] fetch_binding_ocaml_inspect  check_pre  (pass)
[2026-09-15 17:27:28.005] fetch_binding_ocaml_inspect  cmd  (eval $(opam env)
PKG_DIR=$(ocamlfind query 'zip' 2>/dev/null)
test -n "$PKG_DIR"
{ for f in "$PKG_DIR"/*.cmxa "$PKG_DIR"/*.cma; do
    [ -f "$f" ] && ocamlobjinfo "$f"
  done
} | python3 canary/scripts/inspect_ocaml.py --path 'zip' --watchlist 'Zlib,Gzip,Zip' \
  > /home/red/code/research/tola/_out/canary/projects/zlib/fetch_binding/ocaml/inspect_source-fetched-1.3.1_lib-fetched_ocaml_binding-fetched.json)
[2026-09-15 17:27:28.005] fetch_binding_ocaml_inspect  opam_switch  (canary)
[2026-09-15 17:27:28.005] fetch_binding_ocaml_inspect  platform  (wsl_ubuntu)
[2026-09-15 17:27:28.061] fetch_binding_ocaml_inspect  cmd_log  (fetch_binding_ocaml_inspect.out_source-fetched-1.3.1_lib-fetched_ocaml_binding-fetched.log)
[2026-09-15 17:27:28.061] fetch_binding_ocaml_inspect  detect  (ok, output present)
[2026-09-15 17:27:28.061] fetch_binding_ocaml_inspect  agreement_outcome  (no agreement fires at this action)
[2026-09-15 17:27:28.061] fetch_binding_ocaml_inspect  check_post  (pass)
[2026-09-15 17:27:28.061] fetch_binding_ocaml_inspect  done
[2026-09-15 17:27:28.064] fetch_binding_ocaml_stub_inspect  check_pre  (pass)
[2026-09-15 17:27:28.066] fetch_binding_ocaml_stub_inspect  cmd  (eval $(opam env)
PKG_DIR=$(ocamlfind query 'camlzip' 2>/dev/null)
test -n "$PKG_DIR"
STUB=$(ls "$PKG_DIR"/lib*.a 2>/dev/null | head -1)
test -n "$STUB"
python3 canary/scripts/inspect_binding.py --kind stub --path "$STUB" \
  --prefix 'deflate' --watchlist '' \
  > /home/red/code/research/tola/_out/canary/projects/zlib/fetch_binding/ocaml/inspect_stub_source-fetched-1.3.1_lib-fetched_ocaml_binding-fetched.json)
[2026-09-15 17:27:28.066] fetch_binding_ocaml_stub_inspect  opam_switch  (canary)
[2026-09-15 17:27:28.066] fetch_binding_ocaml_stub_inspect  platform  (wsl_ubuntu)
[2026-09-15 17:27:28.130] fetch_binding_ocaml_stub_inspect  cmd_log  (fetch_binding_ocaml_stub_inspect.out_source-fetched-1.3.1_lib-fetched_ocaml_binding-fetched.log)
[2026-09-15 17:27:28.130] fetch_binding_ocaml_stub_inspect  cmd_fail  (exit 2)
[2026-09-15 17:27:28.130] fetch_binding_ocaml_stub_inspect  cmd_out  (usage: inspect_binding.py [-h] --kind {mli,stub} [--path PATH] [--dir DIR])
[2026-09-15 17:27:28.130] fetch_binding_ocaml_stub_inspect  cmd_out  (                          [--watchlist WATCHLIST] [--prefix PREFIX])
[2026-09-15 17:27:28.130] fetch_binding_ocaml_stub_inspect  cmd_out  (                          [--module-prefix MODULE_PREFIX])
[2026-09-15 17:27:28.130] fetch_binding_ocaml_stub_inspect  cmd_out  (inspect_binding.py: error: --kind stub requires --path)
[2026-09-15 17:27:28.130] fetch_binding_ocaml_stub_inspect  detect  (error, output present)
[2026-09-15 17:27:28.130] fetch_binding_ocaml_stub_inspect  agreement_outcome  (no agreement fires at this action)
[2026-09-15 17:27:28.130] fetch_binding_ocaml_stub_inspect  check_post  (FAIL)
[2026-09-15 17:27:28.130] fetch_binding_ocaml_stub_inspect  failed  (postcondition failed)
[2026-09-15 17:27:28.130] probe_lib                  check_pre  (pass)
[2026-09-15 17:27:28.132] probe_lib                  cmd  (LIB_NATIVE=$(ls /usr/lib/x86_64-linux-gnu/libz.so.1* /usr/lib*/libz.so.1* 2>/dev/null \
        "$(brew --prefix zlib 2>/dev/null)/lib/libz.dylib" 2>/dev/null \
        | head -1)
test -n "$LIB_NATIVE" -a -e "$LIB_NATIVE"
COUNT=$(nm -D "$LIB_NATIVE" 2>/dev/null | grep -v ' U ' | grep -c 'deflate' || echo 0)
printf 'deflate symbols exported: %s\n' "$COUNT" | tee /home/red/code/research/tola/_out/canary/projects/zlib/probe_lib/probe_source-fetched-1.3.1_lib-fetched_ocaml_binding-fetched.log
test "$COUNT" -gt 0)
[2026-09-15 17:27:28.132] probe_lib                  opam_switch  (canary)
[2026-09-15 17:27:28.132] probe_lib                  platform  (wsl_ubuntu)
[2026-09-15 17:27:28.185] probe_lib                  cmd_log  (probe_lib.out_source-fetched-1.3.1_lib-fetched_ocaml_binding-fetched.log)
[2026-09-15 17:27:28.185] probe_lib                  detect  (ok, output present)
[2026-09-15 17:27:28.185] probe_lib                  agreement_outcome  (no agreement fires at this action)
[2026-09-15 17:27:28.185] probe_lib                  check_post  (pass)
[2026-09-15 17:27:28.185] probe_lib                  done
[2026-09-15 17:27:28.187] probe_lib_inspect          check_pre  (pass)
[2026-09-15 17:27:28.189] probe_lib_inspect          cmd  (LIB_NATIVE=$(ls /usr/lib/x86_64-linux-gnu/libz.so.1* /usr/lib*/libz.so.1* 2>/dev/null \
        "$(brew --prefix zlib 2>/dev/null)/lib/libz.dylib" 2>/dev/null \
        | head -1)
test -n "$LIB_NATIVE" -a -e "$LIB_NATIVE"
nm -D "$LIB_NATIVE" 2>/dev/null \
  | python3 canary/scripts/inspect_native.py --emit-symbols --elf --path "$LIB_NATIVE" --prefixes 'deflate,inflate,gz,crc32,adler32' --watchlist 'deflateInit_,deflate,deflateEnd,inflateInit_,inflate,inflateEnd,zlibVersion' \
  > /home/red/code/research/tola/_out/canary/projects/zlib/probe_lib/inspect_source-fetched-1.3.1_lib-fetched_ocaml_binding-fetched.json)
[2026-09-15 17:27:28.189] probe_lib_inspect          opam_switch  (canary)
[2026-09-15 17:27:28.189] probe_lib_inspect          platform  (wsl_ubuntu)
[2026-09-15 17:27:28.249] probe_lib_inspect          cmd_log  (probe_lib_inspect.out_source-fetched-1.3.1_lib-fetched_ocaml_binding-fetched.log)
[2026-09-15 17:27:28.249] probe_lib_inspect          detect  (ok, output present)
[2026-09-15 17:27:28.249] probe_lib_inspect          agreement_outcome  (no agreement fires at this action)
[2026-09-15 17:27:28.249] probe_lib_inspect          check_post  (pass)
[2026-09-15 17:27:28.249] probe_lib_inspect          done
[2026-09-15 17:27:28.251] probe_binding_ocaml        check_pre  (pass)
[2026-09-15 17:27:28.253] probe_binding_ocaml        cmd  (eval $(opam env)
ocamlfind ocamlopt -package camlzip -linkpkg canary/examples/zlib/zlib_example.ml -o /home/red/code/research/tola/_out/canary/projects/zlib/probe_binding/ocaml/zlib_example > /home/red/code/research/tola/_out/canary/projects/zlib/probe_binding/ocaml/probe_source-fetched-1.3.1_lib-fetched_ocaml_binding-fetched.log 2>&1 && /home/red/code/research/tola/_out/canary/projects/zlib/probe_binding/ocaml/zlib_example >> /home/red/code/research/tola/_out/canary/projects/zlib/probe_binding/ocaml/probe_source-fetched-1.3.1_lib-fetched_ocaml_binding-fetched.log 2>&1
RC=$?
test -f /home/red/code/research/tola/_out/canary/projects/zlib/probe_binding/ocaml/zlib_example && { nm -D "/home/red/code/research/tola/_out/canary/projects/zlib/probe_binding/ocaml/zlib_example" 2>/dev/null \
  | python3 canary/scripts/inspect_native.py --elf --path "/home/red/code/research/tola/_out/canary/projects/zlib/probe_binding/ocaml/zlib_example" --prefixes '' --watchlist '' \
  > /home/red/code/research/tola/_out/canary/projects/zlib/probe_binding/ocaml/inspect_abi_source-fetched-1.3.1_lib-fetched_ocaml_binding-fetched.json ; } || true
cat /home/red/code/research/tola/_out/canary/projects/zlib/probe_binding/ocaml/probe_source-fetched-1.3.1_lib-fetched_ocaml_binding-fetched.log
exit $RC)
[2026-09-15 17:27:28.253] probe_binding_ocaml        opam_switch  (canary)
[2026-09-15 17:27:28.253] probe_binding_ocaml        platform  (wsl_ubuntu)
[2026-09-15 17:27:28.454] probe_binding_ocaml        cmd_log  (probe_binding_ocaml.out_source-fetched-1.3.1_lib-fetched_ocaml_binding-fetched.log)
[2026-09-15 17:27:28.454] probe_binding_ocaml        detect  (ok, output present)
[2026-09-15 17:27:28.455] probe_binding_ocaml        agreement_outcome  (required_symbols_exported/stub_requirements_vs_library_exports: unavailable: no compiled-stub inspection in this world)
[2026-09-15 17:27:28.455] probe_binding_ocaml        agreement_outcome  (api_names_present/watchlist_vs_user_surface: holds)
[2026-09-15 17:27:28.455] probe_binding_ocaml        agreement_outcome  (behavior_matches/probe_assertions: not_implemented: the expected values live inside the probe's source as embedded assertions, and the observation is the probe's …)
[2026-09-15 17:27:28.455] probe_binding_ocaml        agreement_outcome  (soname_matches_requirement/library_identity_vs_consumer_record: holds)
[2026-09-15 17:27:28.455] probe_binding_ocaml        agreement_outcome  (required_versions_exported/required_tags_vs_provider_exports: inconclusive: one side carries no symbol versioning; an empty requirement set decides nothing)
[2026-09-15 17:27:28.455] probe_binding_ocaml        agreement_outcome  (signatures_agree/header_vs_stub_signature_summaries: unavailable: no header signature summary in this world)
[2026-09-15 17:27:28.455] probe_binding_ocaml        agreement_outcome  (dependencies_provided/recorded_dependencies_vs_world_providers: holds)
[2026-09-15 17:27:28.455] probe_binding_ocaml        agreement_outcome  (repack_preserves_api/declared_repacking_relation: not_implemented: the repacking relation is not specified: "preserves" has no agreed scope, so there is nothing to compare a bin…)
[2026-09-15 17:27:28.455] probe_binding_ocaml        agreement_outcome  (repack_complete/composed_faithfulness: not_implemented: the claim's scope is unsettled ("loses nothing" needs an allowed-omission policy), and two of the three agreem…)
[2026-09-15 17:27:28.455] probe_binding_ocaml        check_post  (pass)
[2026-09-15 17:27:28.455] probe_binding_ocaml        done
[2026-09-15 17:27:28.458] *                          graph_end  (6/7 completed)
[2026-09-15 17:27:28.458] fetch_binding_ocaml_stub_inspect  failed
[2026-09-15 17:27:28.458] *                          diagram  (_out/canary/projects/zlib/-run/diagrams/all.mmd)
[2026-09-15 17:27:28.458] *                          diagram  (_out/canary/projects/zlib/-run/diagrams/full.mmd)
[2026-09-15 17:27:28.458] *                          view  (lib (3 steps))
[2026-09-15 17:27:28.458] *                          view  (probes (3 steps))
[2026-09-15 17:27:28.459] *                          view  (binding_ocaml (4 steps))
[2026-09-15 17:27:28.460] *                          html  (_out/canary/projects/zlib/-run/result.html)
[2026-09-15 17:27:28.461] *                          index  (_out/canary/projects/index.html)
[2026-09-15 17:27:28.461] *                          invariant  (full.mmd: OK (7 nodes, 7 IDs))
[2026-09-15 17:27:28.461] *                          invariant  (binding_ocaml.mmd: OK (6 nodes, 7 IDs))
[2026-09-15 17:27:28.462] *                          invariant  (source.mmd: OK (5 nodes, 7 IDs))
[2026-09-15 17:27:28.462] *                          invariant  (lib.mmd: OK (5 nodes, 7 IDs))
[2026-09-15 17:27:28.462] *                          invariant  (all.mmd: OK (4 nodes, 7 IDs))
[2026-09-15 17:27:28.462] *                          invariant  (probes.mmd: OK (7 nodes, 7 IDs))
[2026-09-15 17:27:28.462] *                          invariant  (ALL OK)
[2026-09-15 17:27:28.486] *                          variant_start  (source-fetched-1.3.1_lib-vendored-dev_ocaml_binding-fetched)
[2026-09-15 17:27:28.486] *                          graph_start  (7 steps)
[2026-09-15 17:27:28.486] fetch_lib                  warm_gate  (marker + fingerprint + check_post passed)
[2026-09-15 17:27:28.486] fetch_lib                  skip  (verdict marker (prior success))
[2026-09-15 17:27:28.486] fetch_binding_ocaml        warm_gate  (marker + fingerprint + check_post passed)
[2026-09-15 17:27:28.486] fetch_binding_ocaml        skip  (verdict marker (prior success))
[2026-09-15 17:27:28.486] fetch_binding_ocaml_inspect  check_pre  (pass)
[2026-09-15 17:27:28.489] fetch_binding_ocaml_inspect  cmd  (eval $(opam env)
PKG_DIR=$(ocamlfind query 'zip' 2>/dev/null)
test -n "$PKG_DIR"
{ for f in "$PKG_DIR"/*.cmxa "$PKG_DIR"/*.cma; do
    [ -f "$f" ] && ocamlobjinfo "$f"
  done
} | python3 canary/scripts/inspect_ocaml.py --path 'zip' --watchlist 'Zlib,Gzip,Zip' \
  > /home/red/code/research/tola/_out/canary/projects/zlib/fetch_binding/ocaml/inspect_source-fetched-1.3.1_lib-vendored-dev_ocaml_binding-fetched.json)
[2026-09-15 17:27:28.489] fetch_binding_ocaml_inspect  opam_switch  (canary)
[2026-09-15 17:27:28.489] fetch_binding_ocaml_inspect  platform  (wsl_ubuntu)
[2026-09-15 17:27:28.547] fetch_binding_ocaml_inspect  cmd_log  (fetch_binding_ocaml_inspect.out_source-fetched-1.3.1_lib-vendored-dev_ocaml_binding-fetched.log)
[2026-09-15 17:27:28.548] fetch_binding_ocaml_inspect  detect  (ok, output present)
[2026-09-15 17:27:28.548] fetch_binding_ocaml_inspect  agreement_outcome  (no agreement fires at this action)
[2026-09-15 17:27:28.548] fetch_binding_ocaml_inspect  check_post  (pass)
[2026-09-15 17:27:28.548] fetch_binding_ocaml_inspect  done
[2026-09-15 17:27:28.550] fetch_binding_ocaml_stub_inspect  check_pre  (pass)
[2026-09-15 17:27:28.552] fetch_binding_ocaml_stub_inspect  cmd  (eval $(opam env)
PKG_DIR=$(ocamlfind query 'camlzip' 2>/dev/null)
test -n "$PKG_DIR"
STUB=$(ls "$PKG_DIR"/lib*.a 2>/dev/null | head -1)
test -n "$STUB"
python3 canary/scripts/inspect_binding.py --kind stub --path "$STUB" \
  --prefix 'deflate' --watchlist '' \
  > /home/red/code/research/tola/_out/canary/projects/zlib/fetch_binding/ocaml/inspect_stub_source-fetched-1.3.1_lib-vendored-dev_ocaml_binding-fetched.json)
[2026-09-15 17:27:28.552] fetch_binding_ocaml_stub_inspect  opam_switch  (canary)
[2026-09-15 17:27:28.552] fetch_binding_ocaml_stub_inspect  platform  (wsl_ubuntu)
[2026-09-15 17:27:28.616] fetch_binding_ocaml_stub_inspect  cmd_log  (fetch_binding_ocaml_stub_inspect.out_source-fetched-1.3.1_lib-vendored-dev_ocaml_binding-fetched.log)
[2026-09-15 17:27:28.616] fetch_binding_ocaml_stub_inspect  cmd_fail  (exit 2)
[2026-09-15 17:27:28.616] fetch_binding_ocaml_stub_inspect  cmd_out  (usage: inspect_binding.py [-h] --kind {mli,stub} [--path PATH] [--dir DIR])
[2026-09-15 17:27:28.616] fetch_binding_ocaml_stub_inspect  cmd_out  (                          [--watchlist WATCHLIST] [--prefix PREFIX])
[2026-09-15 17:27:28.616] fetch_binding_ocaml_stub_inspect  cmd_out  (                          [--module-prefix MODULE_PREFIX])
[2026-09-15 17:27:28.616] fetch_binding_ocaml_stub_inspect  cmd_out  (inspect_binding.py: error: --kind stub requires --path)
[2026-09-15 17:27:28.616] fetch_binding_ocaml_stub_inspect  detect  (error, output present)
[2026-09-15 17:27:28.616] fetch_binding_ocaml_stub_inspect  agreement_outcome  (no agreement fires at this action)
[2026-09-15 17:27:28.616] fetch_binding_ocaml_stub_inspect  check_post  (FAIL)
[2026-09-15 17:27:28.616] fetch_binding_ocaml_stub_inspect  failed  (postcondition failed)
[2026-09-15 17:27:28.616] probe_lib                  check_pre  (pass)
[2026-09-15 17:27:28.618] probe_lib                  cmd  (LIB_NATIVE=$(ls /home/red/code/contrib/zlib-all/prebuilt/zlib-1.3.2/lib/libz.so.1* 2>/dev/null | head -1)
test -n "$LIB_NATIVE" -a -e "$LIB_NATIVE" || { echo "PREBUILT MISSING: /home/red/code/contrib/zlib-all/prebuilt/zlib-1.3.2/lib — run 'canary prebuilt zlib' first" >&2; exit 1; }
COUNT=$(nm -D "$LIB_NATIVE" 2>/dev/null | grep -v ' U ' | grep -c 'deflate' || echo 0)
printf 'deflate symbols exported: %s\n' "$COUNT" | tee /home/red/code/research/tola/_out/canary/projects/zlib/probe_lib/probe_source-fetched-1.3.1_lib-vendored-dev_ocaml_binding-fetched.log
test "$COUNT" -gt 0)
[2026-09-15 17:27:28.618] probe_lib                  opam_switch  (canary)
[2026-09-15 17:27:28.618] probe_lib                  platform  (wsl_ubuntu)
[2026-09-15 17:27:28.672] probe_lib                  cmd_log  (probe_lib.out_source-fetched-1.3.1_lib-vendored-dev_ocaml_binding-fetched.log)
[2026-09-15 17:27:28.672] probe_lib                  detect  (ok, output present)
[2026-09-15 17:27:28.672] probe_lib                  agreement_outcome  (no agreement fires at this action)
[2026-09-15 17:27:28.672] probe_lib                  check_post  (pass)
[2026-09-15 17:27:28.672] probe_lib                  done
[2026-09-15 17:27:28.674] probe_lib_inspect          check_pre  (pass)
[2026-09-15 17:27:28.676] probe_lib_inspect          cmd  (LIB_NATIVE=$(ls /home/red/code/contrib/zlib-all/prebuilt/zlib-1.3.2/lib/libz.so.1* 2>/dev/null | head -1)
test -n "$LIB_NATIVE" -a -e "$LIB_NATIVE" || { echo "PREBUILT MISSING: /home/red/code/contrib/zlib-all/prebuilt/zlib-1.3.2/lib — run 'canary prebuilt zlib' first" >&2; exit 1; }
nm -D "$LIB_NATIVE" 2>/dev/null \
  | python3 canary/scripts/inspect_native.py --emit-symbols --elf --path "$LIB_NATIVE" --prefixes 'deflate,inflate,gz,crc32,adler32' --watchlist 'deflateInit_,deflate,deflateEnd,inflateInit_,inflate,inflateEnd,zlibVersion' \
  > /home/red/code/research/tola/_out/canary/projects/zlib/probe_lib/inspect_source-fetched-1.3.1_lib-vendored-dev_ocaml_binding-fetched.json)
[2026-09-15 17:27:28.676] probe_lib_inspect          opam_switch  (canary)
[2026-09-15 17:27:28.676] probe_lib_inspect          platform  (wsl_ubuntu)
[2026-09-15 17:27:28.735] probe_lib_inspect          cmd_log  (probe_lib_inspect.out_source-fetched-1.3.1_lib-vendored-dev_ocaml_binding-fetched.log)
[2026-09-15 17:27:28.735] probe_lib_inspect          detect  (ok, output present)
[2026-09-15 17:27:28.735] probe_lib_inspect          agreement_outcome  (no agreement fires at this action)
[2026-09-15 17:27:28.735] probe_lib_inspect          check_post  (pass)
[2026-09-15 17:27:28.735] probe_lib_inspect          done
[2026-09-15 17:27:28.737] probe_binding_ocaml        check_pre  (pass)
[2026-09-15 17:27:28.739] probe_binding_ocaml        cmd  (eval $(opam env)
export LD_LIBRARY_PATH=/home/red/code/contrib/zlib-all/prebuilt/zlib-1.3.2/lib:$LD_LIBRARY_PATH
ocamlfind ocamlopt -package camlzip -linkpkg canary/examples/zlib/zlib_example.ml -o /home/red/code/research/tola/_out/canary/projects/zlib/probe_binding/ocaml/zlib_example > /home/red/code/research/tola/_out/canary/projects/zlib/probe_binding/ocaml/probe_source-fetched-1.3.1_lib-vendored-dev_ocaml_binding-fetched.log 2>&1 && /home/red/code/research/tola/_out/canary/projects/zlib/probe_binding/ocaml/zlib_example >> /home/red/code/research/tola/_out/canary/projects/zlib/probe_binding/ocaml/probe_source-fetched-1.3.1_lib-vendored-dev_ocaml_binding-fetched.log 2>&1 && grep -qF "/home/red/code/contrib/zlib-all/prebuilt/zlib-1.3.2/lib" /home/red/code/research/tola/_out/canary/projects/zlib/probe_binding/ocaml/probe_source-fetched-1.3.1_lib-vendored-dev_ocaml_binding-fetched.log
RC=$?
test -f /home/red/code/research/tola/_out/canary/projects/zlib/probe_binding/ocaml/zlib_example && { nm -D "/home/red/code/research/tola/_out/canary/projects/zlib/probe_binding/ocaml/zlib_example" 2>/dev/null \
  | python3 canary/scripts/inspect_native.py --elf --path "/home/red/code/research/tola/_out/canary/projects/zlib/probe_binding/ocaml/zlib_example" --prefixes '' --watchlist '' \
  > /home/red/code/research/tola/_out/canary/projects/zlib/probe_binding/ocaml/inspect_abi_source-fetched-1.3.1_lib-vendored-dev_ocaml_binding-fetched.json ; } || true
cat /home/red/code/research/tola/_out/canary/projects/zlib/probe_binding/ocaml/probe_source-fetched-1.3.1_lib-vendored-dev_ocaml_binding-fetched.log
exit $RC)
[2026-09-15 17:27:28.739] probe_binding_ocaml        opam_switch  (canary)
[2026-09-15 17:27:28.739] probe_binding_ocaml        platform  (wsl_ubuntu)
[2026-09-15 17:27:28.915] probe_binding_ocaml        cmd_log  (probe_binding_ocaml.out_source-fetched-1.3.1_lib-vendored-dev_ocaml_binding-fetched.log)
[2026-09-15 17:27:28.916] probe_binding_ocaml        detect  (ok, output present)
[2026-09-15 17:27:28.916] probe_binding_ocaml        agreement_outcome  (required_symbols_exported/stub_requirements_vs_library_exports: unavailable: no compiled-stub inspection in this world)
[2026-09-15 17:27:28.916] probe_binding_ocaml        agreement_outcome  (api_names_present/watchlist_vs_user_surface: holds)
[2026-09-15 17:27:28.916] probe_binding_ocaml        agreement_outcome  (behavior_matches/probe_assertions: not_implemented: the expected values live inside the probe's source as embedded assertions, and the observation is the probe's …)
[2026-09-15 17:27:28.916] probe_binding_ocaml        agreement_outcome  (soname_matches_requirement/library_identity_vs_consumer_record: holds)
[2026-09-15 17:27:28.916] probe_binding_ocaml        agreement_outcome  (required_versions_exported/required_tags_vs_provider_exports: inconclusive: one side carries no symbol versioning; an empty requirement set decides nothing)
[2026-09-15 17:27:28.916] probe_binding_ocaml        agreement_outcome  (signatures_agree/header_vs_stub_signature_summaries: unavailable: no header signature summary in this world)
[2026-09-15 17:27:28.916] probe_binding_ocaml        agreement_outcome  (dependencies_provided/recorded_dependencies_vs_world_providers: holds)
[2026-09-15 17:27:28.916] probe_binding_ocaml        agreement_outcome  (repack_preserves_api/declared_repacking_relation: not_implemented: the repacking relation is not specified: "preserves" has no agreed scope, so there is nothing to compare a bin…)
[2026-09-15 17:27:28.916] probe_binding_ocaml        agreement_outcome  (repack_complete/composed_faithfulness: not_implemented: the claim's scope is unsettled ("loses nothing" needs an allowed-omission policy), and two of the three agreem…)
[2026-09-15 17:27:28.916] probe_binding_ocaml        check_post  (pass)
[2026-09-15 17:27:28.916] probe_binding_ocaml        done
[2026-09-15 17:27:28.919] *                          graph_end  (6/7 completed)
[2026-09-15 17:27:28.919] fetch_binding_ocaml_stub_inspect  failed
[2026-09-15 17:27:28.919] *                          diagram  (_out/canary/projects/zlib/-run/diagrams/all.mmd)
[2026-09-15 17:27:28.919] *                          diagram  (_out/canary/projects/zlib/-run/diagrams/full.mmd)
[2026-09-15 17:27:28.919] *                          view  (lib (3 steps))
[2026-09-15 17:27:28.919] *                          view  (probes (3 steps))
[2026-09-15 17:27:28.919] *                          view  (binding_ocaml (4 steps))
[2026-09-15 17:27:28.920] *                          html  (_out/canary/projects/zlib/-run/result.html)
[2026-09-15 17:27:28.921] *                          index  (_out/canary/projects/index.html)
[2026-09-15 17:27:28.921] *                          invariant  (full.mmd: OK (7 nodes, 7 IDs))
[2026-09-15 17:27:28.921] *                          invariant  (binding_ocaml.mmd: OK (6 nodes, 7 IDs))
[2026-09-15 17:27:28.921] *                          invariant  (source.mmd: OK (5 nodes, 7 IDs))
[2026-09-15 17:27:28.921] *                          invariant  (lib.mmd: OK (5 nodes, 7 IDs))
[2026-09-15 17:27:28.922] *                          invariant  (all.mmd: OK (4 nodes, 7 IDs))
[2026-09-15 17:27:28.922] *                          invariant  (probes.mmd: OK (7 nodes, 7 IDs))
[2026-09-15 17:27:28.922] *                          invariant  (ALL OK)
[2026-09-15 18:47:12.907] *                          run_start  (zlib)
[2026-09-15 18:47:12.916] *                          variant_start  (source-fetched-1.3.1_lib-fetched_ocaml_binding-fetched)
[2026-09-15 18:47:12.916] *                          graph_start  (7 steps)
[2026-09-15 18:47:12.916] fetch_lib                  warm_gate  (marker + fingerprint + check_post passed)
[2026-09-15 18:47:12.916] fetch_lib                  skip  (verdict marker (prior success))
[2026-09-15 18:47:12.917] fetch_binding_ocaml        warm_gate  (marker + fingerprint + check_post passed)
[2026-09-15 18:47:12.917] fetch_binding_ocaml        skip  (verdict marker (prior success))
[2026-09-15 18:47:12.917] fetch_binding_ocaml_inspect  warm_gate  (marker + fingerprint + check_post passed)
[2026-09-15 18:47:12.917] fetch_binding_ocaml_inspect  skip  (verdict marker (prior success))
[2026-09-15 18:47:12.917] fetch_binding_ocaml_stub_inspect  check_pre  (pass)
[2026-09-15 18:47:12.919] fetch_binding_ocaml_stub_inspect  cmd  (eval $(opam env)
PKG_DIR=$(ocamlfind query 'camlzip' 2>/dev/null)
test -n "$PKG_DIR"
STUB=$(ls "$PKG_DIR"/lib*.a 2>/dev/null | head -1)
test -n "$STUB"
python3 canary/scripts/inspect_binding.py --kind stub --path "$STUB" \
  --prefix 'deflate' --watchlist '' \
  > /home/red/code/research/tola/_out/canary/projects/zlib/fetch_binding/ocaml/inspect_stub_source-fetched-1.3.1_lib-fetched_ocaml_binding-fetched.json)
[2026-09-15 18:47:12.919] fetch_binding_ocaml_stub_inspect  opam_switch  (canary)
[2026-09-15 18:47:12.919] fetch_binding_ocaml_stub_inspect  platform  (wsl_ubuntu)
[2026-09-15 18:47:12.985] fetch_binding_ocaml_stub_inspect  cmd_log  (fetch_binding_ocaml_stub_inspect.out_source-fetched-1.3.1_lib-fetched_ocaml_binding-fetched.log)
[2026-09-15 18:47:12.985] fetch_binding_ocaml_stub_inspect  cmd_fail  (exit 2)
[2026-09-15 18:47:12.985] fetch_binding_ocaml_stub_inspect  cmd_out  (usage: inspect_binding.py [-h] --kind {mli,stub} [--path PATH] [--dir DIR])
[2026-09-15 18:47:12.985] fetch_binding_ocaml_stub_inspect  cmd_out  (                          [--watchlist WATCHLIST] [--prefix PREFIX])
[2026-09-15 18:47:12.985] fetch_binding_ocaml_stub_inspect  cmd_out  (                          [--module-prefix MODULE_PREFIX])
[2026-09-15 18:47:12.985] fetch_binding_ocaml_stub_inspect  cmd_out  (inspect_binding.py: error: --kind stub requires --path)
[2026-09-15 18:47:12.985] fetch_binding_ocaml_stub_inspect  detect  (error, output present)
[2026-09-15 18:47:12.985] fetch_binding_ocaml_stub_inspect  agreement_outcome  (no agreement fires at this action)
[2026-09-15 18:47:12.985] fetch_binding_ocaml_stub_inspect  check_post  (FAIL)
[2026-09-15 18:47:12.985] fetch_binding_ocaml_stub_inspect  failed  (postcondition failed)
[2026-09-15 18:47:12.985] probe_lib                  check_pre  (pass)
[2026-09-15 18:47:12.987] probe_lib                  cmd  (LIB_NATIVE=$(ls /usr/lib/x86_64-linux-gnu/libz.so.1* /usr/lib*/libz.so.1* 2>/dev/null \
        "$(brew --prefix zlib 2>/dev/null)/lib/libz.dylib" 2>/dev/null \
        | head -1)
test -n "$LIB_NATIVE" -a -e "$LIB_NATIVE"
COUNT=$(nm -D "$LIB_NATIVE" 2>/dev/null | grep -v ' U ' | grep -c 'deflate' || echo 0)
printf 'deflate symbols exported: %s\n' "$COUNT" | tee /home/red/code/research/tola/_out/canary/projects/zlib/probe_lib/probe_source-fetched-1.3.1_lib-fetched_ocaml_binding-fetched.log
test "$COUNT" -gt 0)
[2026-09-15 18:47:12.987] probe_lib                  opam_switch  (canary)
[2026-09-15 18:47:12.987] probe_lib                  platform  (wsl_ubuntu)
[2026-09-15 18:47:13.038] probe_lib                  cmd_log  (probe_lib.out_source-fetched-1.3.1_lib-fetched_ocaml_binding-fetched.log)
[2026-09-15 18:47:13.038] probe_lib                  detect  (ok, output present)
[2026-09-15 18:47:13.038] probe_lib                  agreement_outcome  (no agreement fires at this action)
[2026-09-15 18:47:13.038] probe_lib                  check_post  (pass)
[2026-09-15 18:47:13.038] probe_lib                  done
[2026-09-15 18:47:13.040] probe_lib_inspect          check_pre  (pass)
[2026-09-15 18:47:13.042] probe_lib_inspect          cmd  (LIB_NATIVE=$(ls /usr/lib/x86_64-linux-gnu/libz.so.1* /usr/lib*/libz.so.1* 2>/dev/null \
        "$(brew --prefix zlib 2>/dev/null)/lib/libz.dylib" 2>/dev/null \
        | head -1)
test -n "$LIB_NATIVE" -a -e "$LIB_NATIVE"
nm -D "$LIB_NATIVE" 2>/dev/null \
  | python3 canary/scripts/inspect_native.py --emit-symbols --elf --path "$LIB_NATIVE" --prefixes 'deflate,inflate,gz,crc32,adler32' --watchlist 'deflateInit_,deflate,deflateEnd,inflateInit_,inflate,inflateEnd,zlibVersion' \
  > /home/red/code/research/tola/_out/canary/projects/zlib/probe_lib/inspect_source-fetched-1.3.1_lib-fetched_ocaml_binding-fetched.json)
[2026-09-15 18:47:13.042] probe_lib_inspect          opam_switch  (canary)
[2026-09-15 18:47:13.042] probe_lib_inspect          platform  (wsl_ubuntu)
[2026-09-15 18:47:13.098] probe_lib_inspect          cmd_log  (probe_lib_inspect.out_source-fetched-1.3.1_lib-fetched_ocaml_binding-fetched.log)
[2026-09-15 18:47:13.098] probe_lib_inspect          detect  (ok, output present)
[2026-09-15 18:47:13.098] probe_lib_inspect          agreement_outcome  (no agreement fires at this action)
[2026-09-15 18:47:13.098] probe_lib_inspect          check_post  (pass)
[2026-09-15 18:47:13.098] probe_lib_inspect          done
[2026-09-15 18:47:13.100] probe_binding_ocaml        check_pre  (pass)
[2026-09-15 18:47:13.102] probe_binding_ocaml        cmd  (eval $(opam env)
ocamlfind ocamlopt -package camlzip -linkpkg canary/examples/zlib/zlib_example.ml -o /home/red/code/research/tola/_out/canary/projects/zlib/probe_binding/ocaml/zlib_example > /home/red/code/research/tola/_out/canary/projects/zlib/probe_binding/ocaml/probe_source-fetched-1.3.1_lib-fetched_ocaml_binding-fetched.log 2>&1 && /home/red/code/research/tola/_out/canary/projects/zlib/probe_binding/ocaml/zlib_example >> /home/red/code/research/tola/_out/canary/projects/zlib/probe_binding/ocaml/probe_source-fetched-1.3.1_lib-fetched_ocaml_binding-fetched.log 2>&1
RC=$?
test -f /home/red/code/research/tola/_out/canary/projects/zlib/probe_binding/ocaml/zlib_example && { nm -D "/home/red/code/research/tola/_out/canary/projects/zlib/probe_binding/ocaml/zlib_example" 2>/dev/null \
  | python3 canary/scripts/inspect_native.py --elf --path "/home/red/code/research/tola/_out/canary/projects/zlib/probe_binding/ocaml/zlib_example" --prefixes '' --watchlist '' \
  > /home/red/code/research/tola/_out/canary/projects/zlib/probe_binding/ocaml/inspect_abi_source-fetched-1.3.1_lib-fetched_ocaml_binding-fetched.json ; } || true
cat /home/red/code/research/tola/_out/canary/projects/zlib/probe_binding/ocaml/probe_source-fetched-1.3.1_lib-fetched_ocaml_binding-fetched.log
exit $RC)
[2026-09-15 18:47:13.102] probe_binding_ocaml        opam_switch  (canary)
[2026-09-15 18:47:13.102] probe_binding_ocaml        platform  (wsl_ubuntu)
[2026-09-15 18:47:13.281] probe_binding_ocaml        cmd_log  (probe_binding_ocaml.out_source-fetched-1.3.1_lib-fetched_ocaml_binding-fetched.log)
[2026-09-15 18:47:13.282] probe_binding_ocaml        detect  (ok, output present)
[2026-09-15 18:47:13.283] probe_binding_ocaml        agreement_outcome  (required_symbols_exported/stub_requirements_vs_library_exports: unavailable: no compiled-stub inspection in this world)
[2026-09-15 18:47:13.283] probe_binding_ocaml        agreement_outcome  (api_names_present/watchlist_vs_user_surface: holds)
[2026-09-15 18:47:13.283] probe_binding_ocaml        agreement_outcome  (behavior_matches/probe_assertions: not_implemented: the expected values live inside the probe's source as embedded assertions, and the observation is the probe's …)
[2026-09-15 18:47:13.283] probe_binding_ocaml        agreement_outcome  (soname_matches_requirement/library_identity_vs_consumer_record: holds)
[2026-09-15 18:47:13.283] probe_binding_ocaml        agreement_outcome  (required_versions_exported/required_tags_vs_provider_exports: inconclusive: one side carries no symbol versioning; an empty requirement set decides nothing)
[2026-09-15 18:47:13.283] probe_binding_ocaml        agreement_outcome  (signatures_agree/header_vs_stub_signature_summaries: unavailable: no header signature summary in this world)
[2026-09-15 18:47:13.283] probe_binding_ocaml        agreement_outcome  (dependencies_provided/recorded_dependencies_vs_world_providers: holds)
[2026-09-15 18:47:13.283] probe_binding_ocaml        agreement_outcome  (repack_preserves_api/declared_repacking_relation: not_implemented: the repacking relation is not specified: "preserves" has no agreed scope, so there is nothing to compare a bin…)
[2026-09-15 18:47:13.283] probe_binding_ocaml        agreement_outcome  (repack_complete/composed_faithfulness: not_implemented: the claim's scope is unsettled ("loses nothing" needs an allowed-omission policy), and two of the three agreem…)
[2026-09-15 18:47:13.283] probe_binding_ocaml        check_post  (pass)
[2026-09-15 18:47:13.283] probe_binding_ocaml        done
[2026-09-15 18:47:13.285] *                          graph_end  (6/7 completed)
[2026-09-15 18:47:13.285] fetch_binding_ocaml_stub_inspect  failed
[2026-09-15 18:47:13.285] *                          diagram  (_out/canary/projects/zlib/-run/diagrams/all.mmd)
[2026-09-15 18:47:13.285] *                          diagram  (_out/canary/projects/zlib/-run/diagrams/full.mmd)
[2026-09-15 18:47:13.286] *                          view  (lib (3 steps))
[2026-09-15 18:47:13.286] *                          view  (probes (3 steps))
[2026-09-15 18:47:13.286] *                          view  (binding_ocaml (4 steps))
[2026-09-15 18:47:13.288] *                          html  (_out/canary/projects/zlib/-run/result.html)
[2026-09-15 18:47:13.289] *                          index  (_out/canary/projects/index.html)
[2026-09-15 18:47:13.289] *                          invariant  (full.mmd: OK (7 nodes, 7 IDs))
[2026-09-15 18:47:13.289] *                          invariant  (binding_ocaml.mmd: OK (6 nodes, 7 IDs))
[2026-09-15 18:47:13.289] *                          invariant  (source.mmd: OK (5 nodes, 7 IDs))
[2026-09-15 18:47:13.289] *                          invariant  (lib.mmd: OK (5 nodes, 7 IDs))
[2026-09-15 18:47:13.289] *                          invariant  (all.mmd: OK (4 nodes, 7 IDs))
[2026-09-15 18:47:13.289] *                          invariant  (probes.mmd: OK (7 nodes, 7 IDs))
[2026-09-15 18:47:13.289] *                          invariant  (ALL OK)
[2026-09-15 18:47:13.311] *                          variant_start  (source-fetched-1.3.1_lib-vendored-dev_ocaml_binding-fetched)
[2026-09-15 18:47:13.311] *                          graph_start  (7 steps)
[2026-09-15 18:47:13.311] fetch_lib                  warm_gate  (marker + fingerprint + check_post passed)
[2026-09-15 18:47:13.311] fetch_lib                  skip  (verdict marker (prior success))
[2026-09-15 18:47:13.311] fetch_binding_ocaml        warm_gate  (marker + fingerprint + check_post passed)
[2026-09-15 18:47:13.311] fetch_binding_ocaml        skip  (verdict marker (prior success))
[2026-09-15 18:47:13.311] fetch_binding_ocaml_inspect  warm_gate  (marker + fingerprint + check_post passed)
[2026-09-15 18:47:13.311] fetch_binding_ocaml_inspect  skip  (verdict marker (prior success))
[2026-09-15 18:47:13.311] fetch_binding_ocaml_stub_inspect  check_pre  (pass)
[2026-09-15 18:47:13.313] fetch_binding_ocaml_stub_inspect  cmd  (eval $(opam env)
PKG_DIR=$(ocamlfind query 'camlzip' 2>/dev/null)
test -n "$PKG_DIR"
STUB=$(ls "$PKG_DIR"/lib*.a 2>/dev/null | head -1)
test -n "$STUB"
python3 canary/scripts/inspect_binding.py --kind stub --path "$STUB" \
  --prefix 'deflate' --watchlist '' \
  > /home/red/code/research/tola/_out/canary/projects/zlib/fetch_binding/ocaml/inspect_stub_source-fetched-1.3.1_lib-vendored-dev_ocaml_binding-fetched.json)
[2026-09-15 18:47:13.313] fetch_binding_ocaml_stub_inspect  opam_switch  (canary)
[2026-09-15 18:47:13.313] fetch_binding_ocaml_stub_inspect  platform  (wsl_ubuntu)
[2026-09-15 18:47:13.377] fetch_binding_ocaml_stub_inspect  cmd_log  (fetch_binding_ocaml_stub_inspect.out_source-fetched-1.3.1_lib-vendored-dev_ocaml_binding-fetched.log)
[2026-09-15 18:47:13.377] fetch_binding_ocaml_stub_inspect  cmd_fail  (exit 2)
[2026-09-15 18:47:13.377] fetch_binding_ocaml_stub_inspect  cmd_out  (usage: inspect_binding.py [-h] --kind {mli,stub} [--path PATH] [--dir DIR])
[2026-09-15 18:47:13.377] fetch_binding_ocaml_stub_inspect  cmd_out  (                          [--watchlist WATCHLIST] [--prefix PREFIX])
[2026-09-15 18:47:13.377] fetch_binding_ocaml_stub_inspect  cmd_out  (                          [--module-prefix MODULE_PREFIX])
[2026-09-15 18:47:13.377] fetch_binding_ocaml_stub_inspect  cmd_out  (inspect_binding.py: error: --kind stub requires --path)
[2026-09-15 18:47:13.377] fetch_binding_ocaml_stub_inspect  detect  (error, output present)
[2026-09-15 18:47:13.377] fetch_binding_ocaml_stub_inspect  agreement_outcome  (no agreement fires at this action)
[2026-09-15 18:47:13.377] fetch_binding_ocaml_stub_inspect  check_post  (FAIL)
[2026-09-15 18:47:13.377] fetch_binding_ocaml_stub_inspect  failed  (postcondition failed)
[2026-09-15 18:47:13.377] probe_lib                  check_pre  (pass)
[2026-09-15 18:47:13.379] probe_lib                  cmd  (LIB_NATIVE=$(ls /home/red/code/contrib/zlib-all/prebuilt/zlib-1.3.2/lib/libz.so.1* 2>/dev/null | head -1)
test -n "$LIB_NATIVE" -a -e "$LIB_NATIVE" || { echo "PREBUILT MISSING: /home/red/code/contrib/zlib-all/prebuilt/zlib-1.3.2/lib — run 'canary prebuilt zlib' first" >&2; exit 1; }
COUNT=$(nm -D "$LIB_NATIVE" 2>/dev/null | grep -v ' U ' | grep -c 'deflate' || echo 0)
printf 'deflate symbols exported: %s\n' "$COUNT" | tee /home/red/code/research/tola/_out/canary/projects/zlib/probe_lib/probe_source-fetched-1.3.1_lib-vendored-dev_ocaml_binding-fetched.log
test "$COUNT" -gt 0)
[2026-09-15 18:47:13.379] probe_lib                  opam_switch  (canary)
[2026-09-15 18:47:13.379] probe_lib                  platform  (wsl_ubuntu)
[2026-09-15 18:47:13.427] probe_lib                  cmd_log  (probe_lib.out_source-fetched-1.3.1_lib-vendored-dev_ocaml_binding-fetched.log)
[2026-09-15 18:47:13.427] probe_lib                  detect  (ok, output present)
[2026-09-15 18:47:13.427] probe_lib                  agreement_outcome  (no agreement fires at this action)
[2026-09-15 18:47:13.427] probe_lib                  check_post  (pass)
[2026-09-15 18:47:13.427] probe_lib                  done
[2026-09-15 18:47:13.429] probe_lib_inspect          check_pre  (pass)
[2026-09-15 18:47:13.431] probe_lib_inspect          cmd  (LIB_NATIVE=$(ls /home/red/code/contrib/zlib-all/prebuilt/zlib-1.3.2/lib/libz.so.1* 2>/dev/null | head -1)
test -n "$LIB_NATIVE" -a -e "$LIB_NATIVE" || { echo "PREBUILT MISSING: /home/red/code/contrib/zlib-all/prebuilt/zlib-1.3.2/lib — run 'canary prebuilt zlib' first" >&2; exit 1; }
nm -D "$LIB_NATIVE" 2>/dev/null \
  | python3 canary/scripts/inspect_native.py --emit-symbols --elf --path "$LIB_NATIVE" --prefixes 'deflate,inflate,gz,crc32,adler32' --watchlist 'deflateInit_,deflate,deflateEnd,inflateInit_,inflate,inflateEnd,zlibVersion' \
  > /home/red/code/research/tola/_out/canary/projects/zlib/probe_lib/inspect_source-fetched-1.3.1_lib-vendored-dev_ocaml_binding-fetched.json)
[2026-09-15 18:47:13.431] probe_lib_inspect          opam_switch  (canary)
[2026-09-15 18:47:13.431] probe_lib_inspect          platform  (wsl_ubuntu)
[2026-09-15 18:47:13.497] probe_lib_inspect          cmd_log  (probe_lib_inspect.out_source-fetched-1.3.1_lib-vendored-dev_ocaml_binding-fetched.log)
[2026-09-15 18:47:13.497] probe_lib_inspect          detect  (ok, output present)
[2026-09-15 18:47:13.497] probe_lib_inspect          agreement_outcome  (no agreement fires at this action)
[2026-09-15 18:47:13.497] probe_lib_inspect          check_post  (pass)
[2026-09-15 18:47:13.497] probe_lib_inspect          done
[2026-09-15 18:47:13.499] probe_binding_ocaml        check_pre  (pass)
[2026-09-15 18:47:13.501] probe_binding_ocaml        cmd  (eval $(opam env)
export LD_LIBRARY_PATH=/home/red/code/contrib/zlib-all/prebuilt/zlib-1.3.2/lib:$LD_LIBRARY_PATH
ocamlfind ocamlopt -package camlzip -linkpkg canary/examples/zlib/zlib_example.ml -o /home/red/code/research/tola/_out/canary/projects/zlib/probe_binding/ocaml/zlib_example > /home/red/code/research/tola/_out/canary/projects/zlib/probe_binding/ocaml/probe_source-fetched-1.3.1_lib-vendored-dev_ocaml_binding-fetched.log 2>&1 && /home/red/code/research/tola/_out/canary/projects/zlib/probe_binding/ocaml/zlib_example >> /home/red/code/research/tola/_out/canary/projects/zlib/probe_binding/ocaml/probe_source-fetched-1.3.1_lib-vendored-dev_ocaml_binding-fetched.log 2>&1 && grep -qF "/home/red/code/contrib/zlib-all/prebuilt/zlib-1.3.2/lib" /home/red/code/research/tola/_out/canary/projects/zlib/probe_binding/ocaml/probe_source-fetched-1.3.1_lib-vendored-dev_ocaml_binding-fetched.log
RC=$?
test -f /home/red/code/research/tola/_out/canary/projects/zlib/probe_binding/ocaml/zlib_example && { nm -D "/home/red/code/research/tola/_out/canary/projects/zlib/probe_binding/ocaml/zlib_example" 2>/dev/null \
  | python3 canary/scripts/inspect_native.py --elf --path "/home/red/code/research/tola/_out/canary/projects/zlib/probe_binding/ocaml/zlib_example" --prefixes '' --watchlist '' \
  > /home/red/code/research/tola/_out/canary/projects/zlib/probe_binding/ocaml/inspect_abi_source-fetched-1.3.1_lib-vendored-dev_ocaml_binding-fetched.json ; } || true
cat /home/red/code/research/tola/_out/canary/projects/zlib/probe_binding/ocaml/probe_source-fetched-1.3.1_lib-vendored-dev_ocaml_binding-fetched.log
exit $RC)
[2026-09-15 18:47:13.501] probe_binding_ocaml        opam_switch  (canary)
[2026-09-15 18:47:13.501] probe_binding_ocaml        platform  (wsl_ubuntu)
[2026-09-15 18:47:13.679] probe_binding_ocaml        cmd_log  (probe_binding_ocaml.out_source-fetched-1.3.1_lib-vendored-dev_ocaml_binding-fetched.log)
[2026-09-15 18:47:13.679] probe_binding_ocaml        detect  (ok, output present)
[2026-09-15 18:47:13.680] probe_binding_ocaml        agreement_outcome  (required_symbols_exported/stub_requirements_vs_library_exports: unavailable: no compiled-stub inspection in this world)
[2026-09-15 18:47:13.680] probe_binding_ocaml        agreement_outcome  (api_names_present/watchlist_vs_user_surface: holds)
[2026-09-15 18:47:13.680] probe_binding_ocaml        agreement_outcome  (behavior_matches/probe_assertions: not_implemented: the expected values live inside the probe's source as embedded assertions, and the observation is the probe's …)
[2026-09-15 18:47:13.680] probe_binding_ocaml        agreement_outcome  (soname_matches_requirement/library_identity_vs_consumer_record: holds)
[2026-09-15 18:47:13.680] probe_binding_ocaml        agreement_outcome  (required_versions_exported/required_tags_vs_provider_exports: inconclusive: one side carries no symbol versioning; an empty requirement set decides nothing)
[2026-09-15 18:47:13.680] probe_binding_ocaml        agreement_outcome  (signatures_agree/header_vs_stub_signature_summaries: unavailable: no header signature summary in this world)
[2026-09-15 18:47:13.680] probe_binding_ocaml        agreement_outcome  (dependencies_provided/recorded_dependencies_vs_world_providers: holds)
[2026-09-15 18:47:13.680] probe_binding_ocaml        agreement_outcome  (repack_preserves_api/declared_repacking_relation: not_implemented: the repacking relation is not specified: "preserves" has no agreed scope, so there is nothing to compare a bin…)
[2026-09-15 18:47:13.680] probe_binding_ocaml        agreement_outcome  (repack_complete/composed_faithfulness: not_implemented: the claim's scope is unsettled ("loses nothing" needs an allowed-omission policy), and two of the three agreem…)
[2026-09-15 18:47:13.680] probe_binding_ocaml        check_post  (pass)
[2026-09-15 18:47:13.680] probe_binding_ocaml        done
[2026-09-15 18:47:13.682] *                          graph_end  (6/7 completed)
[2026-09-15 18:47:13.682] fetch_binding_ocaml_stub_inspect  failed
[2026-09-15 18:47:13.683] *                          diagram  (_out/canary/projects/zlib/-run/diagrams/all.mmd)
[2026-09-15 18:47:13.683] *                          diagram  (_out/canary/projects/zlib/-run/diagrams/full.mmd)
[2026-09-15 18:47:13.683] *                          view  (lib (3 steps))
[2026-09-15 18:47:13.683] *                          view  (probes (3 steps))
[2026-09-15 18:47:13.683] *                          view  (binding_ocaml (4 steps))
[2026-09-15 18:47:13.684] *                          html  (_out/canary/projects/zlib/-run/result.html)
[2026-09-15 18:47:13.685] *                          index  (_out/canary/projects/index.html)
[2026-09-15 18:47:13.685] *                          invariant  (full.mmd: OK (7 nodes, 7 IDs))
[2026-09-15 18:47:13.686] *                          invariant  (binding_ocaml.mmd: OK (6 nodes, 7 IDs))
[2026-09-15 18:47:13.686] *                          invariant  (source.mmd: OK (5 nodes, 7 IDs))
[2026-09-15 18:47:13.686] *                          invariant  (lib.mmd: OK (5 nodes, 7 IDs))
[2026-09-15 18:47:13.686] *                          invariant  (all.mmd: OK (4 nodes, 7 IDs))
[2026-09-15 18:47:13.686] *                          invariant  (probes.mmd: OK (7 nodes, 7 IDs))
[2026-09-15 18:47:13.686] *                          invariant  (ALL OK)
[2026-09-17 03:53:57.861] *                          run_start  (zlib)
[2026-09-17 03:53:57.868] *                          variant_start  (source-fetched-1.3.1_lib-fetched_ocaml_binding-fetched)
[2026-09-17 03:53:57.868] *                          graph_start  (7 steps)
[2026-09-17 03:53:57.869] fetch_lib                  warm_gate  (marker + fingerprint + check_post passed)
[2026-09-17 03:53:57.869] fetch_lib                  skip  (verdict marker (prior success))
[2026-09-17 03:53:57.869] fetch_binding_ocaml        warm_gate  (marker + fingerprint + check_post passed)
[2026-09-17 03:53:57.869] fetch_binding_ocaml        skip  (verdict marker (prior success))
[2026-09-17 03:53:57.869] fetch_binding_ocaml_inspect  warm_gate  (marker + fingerprint + check_post passed)
[2026-09-17 03:53:57.869] fetch_binding_ocaml_inspect  skip  (verdict marker (prior success))
[2026-09-17 03:53:57.869] fetch_binding_ocaml_stub_inspect  check_pre  (pass)
[2026-09-17 03:53:57.871] fetch_binding_ocaml_stub_inspect  cmd  (eval $(opam env)
PKG_DIR=$(ocamlfind query 'camlzip' 2>/dev/null)
test -n "$PKG_DIR"
STUB=$(ls "$PKG_DIR"/lib*.a 2>/dev/null | head -1)
test -n "$STUB"
python3 canary/scripts/inspect_binding.py --kind stub --path "$STUB" \
  --prefix 'deflate' --watchlist '' \
  > /home/red/code/research/tola/_out/canary/projects/zlib/fetch_binding/ocaml/inspect_stub_source-fetched-1.3.1_lib-fetched_ocaml_binding-fetched.json)
[2026-09-17 03:53:57.871] fetch_binding_ocaml_stub_inspect  opam_switch  (canary)
[2026-09-17 03:53:57.871] fetch_binding_ocaml_stub_inspect  platform  (wsl_ubuntu)
[2026-09-17 03:53:57.934] fetch_binding_ocaml_stub_inspect  cmd_log  (fetch_binding_ocaml_stub_inspect.out_source-fetched-1.3.1_lib-fetched_ocaml_binding-fetched.log)
[2026-09-17 03:53:57.934] fetch_binding_ocaml_stub_inspect  cmd_fail  (exit 2)
[2026-09-17 03:53:57.934] fetch_binding_ocaml_stub_inspect  cmd_out  (usage: inspect_binding.py [-h] --kind {mli,stub} [--path PATH] [--dir DIR])
[2026-09-17 03:53:57.934] fetch_binding_ocaml_stub_inspect  cmd_out  (                          [--watchlist WATCHLIST] [--prefix PREFIX])
[2026-09-17 03:53:57.935] fetch_binding_ocaml_stub_inspect  cmd_out  (                          [--module-prefix MODULE_PREFIX])
[2026-09-17 03:53:57.935] fetch_binding_ocaml_stub_inspect  cmd_out  (inspect_binding.py: error: --kind stub requires --path)
[2026-09-17 03:53:57.935] fetch_binding_ocaml_stub_inspect  detect  (error, output present)
[2026-09-17 03:53:57.935] fetch_binding_ocaml_stub_inspect  agreement_outcome  (no agreement fires at this action)
[2026-09-17 03:53:57.935] fetch_binding_ocaml_stub_inspect  check_post  (FAIL)
[2026-09-17 03:53:57.935] fetch_binding_ocaml_stub_inspect  failed  (postcondition failed)
[2026-09-17 03:53:57.935] probe_lib                  check_pre  (pass)
[2026-09-17 03:53:57.937] probe_lib                  cmd  (LIB_NATIVE=$(ls /usr/lib/x86_64-linux-gnu/libz.so.1* /usr/lib*/libz.so.1* 2>/dev/null \
        "$(brew --prefix zlib 2>/dev/null)/lib/libz.dylib" 2>/dev/null \
        | head -1)
test -n "$LIB_NATIVE" -a -e "$LIB_NATIVE"
COUNT=$(nm -D "$LIB_NATIVE" 2>/dev/null | grep -v ' U ' | grep -c 'deflate' || echo 0)
printf 'deflate symbols exported: %s\n' "$COUNT" | tee /home/red/code/research/tola/_out/canary/projects/zlib/probe_lib/probe_source-fetched-1.3.1_lib-fetched_ocaml_binding-fetched.log
test "$COUNT" -gt 0)
[2026-09-17 03:53:57.937] probe_lib                  opam_switch  (canary)
[2026-09-17 03:53:57.937] probe_lib                  platform  (wsl_ubuntu)
[2026-09-17 03:53:57.985] probe_lib                  cmd_log  (probe_lib.out_source-fetched-1.3.1_lib-fetched_ocaml_binding-fetched.log)
[2026-09-17 03:53:57.985] probe_lib                  detect  (ok, output present)
[2026-09-17 03:53:57.986] probe_lib                  agreement_outcome  (declared_symbols_exported/declared_exports_vs_library: violated: zlibVersion)
[2026-09-17 03:53:57.986] probe_lib                  agreement_outcome  (soname_matches_declaration/declared_soname_vs_library: holds)
[2026-09-17 03:53:57.986] probe_lib                  agreement_outcome  (declared_versions_exported/declared_tags_vs_library_exports: vacuous: this project declares no symbol-version tags. For most libraries that is the truth rather than an omission —…)
[2026-09-17 03:53:57.986] probe_lib                  check_post  (pass)
[2026-09-17 03:53:57.986] probe_lib                  agreement_confirmed  (declared_symbols_exported: predicted text present in this run's output)
[2026-09-17 03:53:57.986] probe_lib                  done
[2026-09-17 03:53:57.988] probe_lib_inspect          check_pre  (pass)
[2026-09-17 03:53:57.990] probe_lib_inspect          cmd  (LIB_NATIVE=$(ls /usr/lib/x86_64-linux-gnu/libz.so.1* /usr/lib*/libz.so.1* 2>/dev/null \
        "$(brew --prefix zlib 2>/dev/null)/lib/libz.dylib" 2>/dev/null \
        | head -1)
test -n "$LIB_NATIVE" -a -e "$LIB_NATIVE"
nm -D "$LIB_NATIVE" 2>/dev/null \
  | python3 canary/scripts/inspect_native.py --emit-symbols --elf --path "$LIB_NATIVE" --prefixes 'deflate,inflate,gz,crc32,adler32' --watchlist 'deflateInit_,deflate,deflateEnd,inflateInit_,inflate,inflateEnd,zlibVersion' \
  > /home/red/code/research/tola/_out/canary/projects/zlib/probe_lib/inspect_source-fetched-1.3.1_lib-fetched_ocaml_binding-fetched.json)
[2026-09-17 03:53:57.990] probe_lib_inspect          opam_switch  (canary)
[2026-09-17 03:53:57.990] probe_lib_inspect          platform  (wsl_ubuntu)
[2026-09-17 03:53:58.052] probe_lib_inspect          cmd_log  (probe_lib_inspect.out_source-fetched-1.3.1_lib-fetched_ocaml_binding-fetched.log)
[2026-09-17 03:53:58.052] probe_lib_inspect          detect  (ok, output present)
[2026-09-17 03:53:58.053] probe_lib_inspect          agreement_outcome  (declared_symbols_exported/declared_exports_vs_library: violated: zlibVersion)
[2026-09-17 03:53:58.053] probe_lib_inspect          agreement_outcome  (soname_matches_declaration/declared_soname_vs_library: holds)
[2026-09-17 03:53:58.053] probe_lib_inspect          agreement_outcome  (declared_versions_exported/declared_tags_vs_library_exports: vacuous: this project declares no symbol-version tags. For most libraries that is the truth rather than an omission —…)
[2026-09-17 03:53:58.053] probe_lib_inspect          check_post  (pass)
[2026-09-17 03:53:58.053] probe_lib_inspect          agreement_confirmed  (declared_symbols_exported: predicted text present in this run's output)
[2026-09-17 03:53:58.053] probe_lib_inspect          done
[2026-09-17 03:53:58.055] probe_binding_ocaml        check_pre  (pass)
[2026-09-17 03:53:58.057] probe_binding_ocaml        cmd  (eval $(opam env)
ocamlfind ocamlopt -package camlzip -linkpkg canary/examples/zlib/zlib_example.ml -o /home/red/code/research/tola/_out/canary/projects/zlib/probe_binding/ocaml/zlib_example > /home/red/code/research/tola/_out/canary/projects/zlib/probe_binding/ocaml/probe_source-fetched-1.3.1_lib-fetched_ocaml_binding-fetched.log 2>&1 && /home/red/code/research/tola/_out/canary/projects/zlib/probe_binding/ocaml/zlib_example >> /home/red/code/research/tola/_out/canary/projects/zlib/probe_binding/ocaml/probe_source-fetched-1.3.1_lib-fetched_ocaml_binding-fetched.log 2>&1
RC=$?
test -f /home/red/code/research/tola/_out/canary/projects/zlib/probe_binding/ocaml/zlib_example && { nm -D "/home/red/code/research/tola/_out/canary/projects/zlib/probe_binding/ocaml/zlib_example" 2>/dev/null \
  | python3 canary/scripts/inspect_native.py --elf --path "/home/red/code/research/tola/_out/canary/projects/zlib/probe_binding/ocaml/zlib_example" --prefixes '' --watchlist '' \
  > /home/red/code/research/tola/_out/canary/projects/zlib/probe_binding/ocaml/inspect_abi_source-fetched-1.3.1_lib-fetched_ocaml_binding-fetched.json ; } || true
cat /home/red/code/research/tola/_out/canary/projects/zlib/probe_binding/ocaml/probe_source-fetched-1.3.1_lib-fetched_ocaml_binding-fetched.log
exit $RC)
[2026-09-17 03:53:58.057] probe_binding_ocaml        opam_switch  (canary)
[2026-09-17 03:53:58.057] probe_binding_ocaml        platform  (wsl_ubuntu)
[2026-09-17 03:53:58.310] probe_binding_ocaml        cmd_log  (probe_binding_ocaml.out_source-fetched-1.3.1_lib-fetched_ocaml_binding-fetched.log)
[2026-09-17 03:53:58.310] probe_binding_ocaml        detect  (ok, output present)
[2026-09-17 03:53:58.310] probe_binding_ocaml        agreement_outcome  (required_symbols_exported/stub_requirements_vs_library_exports: unavailable: no compiled-stub inspection in this world)
[2026-09-17 03:53:58.310] probe_binding_ocaml        agreement_outcome  (api_names_present/watchlist_vs_user_surface: holds)
[2026-09-17 03:53:58.310] probe_binding_ocaml        agreement_outcome  (behavior_matches/probe_assertions: not_implemented: the expected values live inside the probe's source as embedded assertions, and the observation is the probe's …)
[2026-09-17 03:53:58.310] probe_binding_ocaml        agreement_outcome  (soname_matches_requirement/library_identity_vs_consumer_record: holds)
[2026-09-17 03:53:58.310] probe_binding_ocaml        agreement_outcome  (required_versions_exported/required_tags_vs_provider_exports: inconclusive: one side carries no symbol versioning; an empty requirement set decides nothing)
[2026-09-17 03:53:58.310] probe_binding_ocaml        agreement_outcome  (signatures_agree/header_vs_stub_signature_summaries: unavailable: no header signature summary in this world)
[2026-09-17 03:53:58.310] probe_binding_ocaml        agreement_outcome  (dependencies_provided/recorded_dependencies_vs_world_providers: holds)
[2026-09-17 03:53:58.310] probe_binding_ocaml        agreement_outcome  (repack_preserves_api/declared_repacking_relation: not_implemented: the repacking relation is not specified: "preserves" has no agreed scope, so there is nothing to compare a bin…)
[2026-09-17 03:53:58.310] probe_binding_ocaml        agreement_outcome  (repack_complete/composed_faithfulness: not_implemented: the claim's scope is unsettled ("loses nothing" needs an allowed-omission policy), and two of the three agreem…)
[2026-09-17 03:53:58.311] probe_binding_ocaml        check_post  (pass)
[2026-09-17 03:53:58.311] probe_binding_ocaml        done
[2026-09-17 03:53:58.313] *                          graph_end  (6/7 completed)
[2026-09-17 03:53:58.313] fetch_binding_ocaml_stub_inspect  failed
[2026-09-17 03:53:58.313] *                          diagram  (_out/canary/projects/zlib/-run/diagrams/all.mmd)
[2026-09-17 03:53:58.313] *                          diagram  (_out/canary/projects/zlib/-run/diagrams/full.mmd)
[2026-09-17 03:53:58.313] *                          view  (lib (3 steps))
[2026-09-17 03:53:58.313] *                          view  (probes (3 steps))
[2026-09-17 03:53:58.314] *                          view  (binding_ocaml (4 steps))
[2026-09-17 03:53:58.315] *                          html  (_out/canary/projects/zlib/-run/result.html)
[2026-09-17 03:53:58.320] *                          index  (_out/canary/projects/index.html)
[2026-09-17 03:53:58.320] *                          invariant  (full.mmd: OK (7 nodes, 7 IDs))
[2026-09-17 03:53:58.320] *                          invariant  (binding_ocaml.mmd: OK (6 nodes, 7 IDs))
[2026-09-17 03:53:58.321] *                          invariant  (source.mmd: OK (5 nodes, 7 IDs))
[2026-09-17 03:53:58.321] *                          invariant  (lib.mmd: OK (5 nodes, 7 IDs))
[2026-09-17 03:53:58.321] *                          invariant  (all.mmd: OK (4 nodes, 7 IDs))
[2026-09-17 03:53:58.321] *                          invariant  (probes.mmd: OK (7 nodes, 7 IDs))
[2026-09-17 03:53:58.321] *                          invariant  (ALL OK)
[2026-09-17 03:53:58.348] *                          variant_start  (source-fetched-1.3.1_lib-vendored-dev_ocaml_binding-fetched)
[2026-09-17 03:53:58.348] *                          graph_start  (7 steps)
[2026-09-17 03:53:58.348] fetch_lib                  warm_gate  (marker + fingerprint + check_post passed)
[2026-09-17 03:53:58.348] fetch_lib                  skip  (verdict marker (prior success))
[2026-09-17 03:53:58.348] fetch_binding_ocaml        warm_gate  (marker + fingerprint + check_post passed)
[2026-09-17 03:53:58.348] fetch_binding_ocaml        skip  (verdict marker (prior success))
[2026-09-17 03:53:58.348] fetch_binding_ocaml_inspect  warm_gate  (marker + fingerprint + check_post passed)
[2026-09-17 03:53:58.348] fetch_binding_ocaml_inspect  skip  (verdict marker (prior success))
[2026-09-17 03:53:58.348] fetch_binding_ocaml_stub_inspect  check_pre  (pass)
[2026-09-17 03:53:58.351] fetch_binding_ocaml_stub_inspect  cmd  (eval $(opam env)
PKG_DIR=$(ocamlfind query 'camlzip' 2>/dev/null)
test -n "$PKG_DIR"
STUB=$(ls "$PKG_DIR"/lib*.a 2>/dev/null | head -1)
test -n "$STUB"
python3 canary/scripts/inspect_binding.py --kind stub --path "$STUB" \
  --prefix 'deflate' --watchlist '' \
  > /home/red/code/research/tola/_out/canary/projects/zlib/fetch_binding/ocaml/inspect_stub_source-fetched-1.3.1_lib-vendored-dev_ocaml_binding-fetched.json)
[2026-09-17 03:53:58.351] fetch_binding_ocaml_stub_inspect  opam_switch  (canary)
[2026-09-17 03:53:58.351] fetch_binding_ocaml_stub_inspect  platform  (wsl_ubuntu)
[2026-09-17 03:53:58.408] fetch_binding_ocaml_stub_inspect  cmd_log  (fetch_binding_ocaml_stub_inspect.out_source-fetched-1.3.1_lib-vendored-dev_ocaml_binding-fetched.log)
[2026-09-17 03:53:58.408] fetch_binding_ocaml_stub_inspect  cmd_fail  (exit 2)
[2026-09-17 03:53:58.408] fetch_binding_ocaml_stub_inspect  cmd_out  (usage: inspect_binding.py [-h] --kind {mli,stub} [--path PATH] [--dir DIR])
[2026-09-17 03:53:58.408] fetch_binding_ocaml_stub_inspect  cmd_out  (                          [--watchlist WATCHLIST] [--prefix PREFIX])
[2026-09-17 03:53:58.408] fetch_binding_ocaml_stub_inspect  cmd_out  (                          [--module-prefix MODULE_PREFIX])
[2026-09-17 03:53:58.408] fetch_binding_ocaml_stub_inspect  cmd_out  (inspect_binding.py: error: --kind stub requires --path)
[2026-09-17 03:53:58.408] fetch_binding_ocaml_stub_inspect  detect  (error, output present)
[2026-09-17 03:53:58.408] fetch_binding_ocaml_stub_inspect  agreement_outcome  (no agreement fires at this action)
[2026-09-17 03:53:58.408] fetch_binding_ocaml_stub_inspect  check_post  (FAIL)
[2026-09-17 03:53:58.408] fetch_binding_ocaml_stub_inspect  failed  (postcondition failed)
[2026-09-17 03:53:58.408] probe_lib                  check_pre  (pass)
[2026-09-17 03:53:58.411] probe_lib                  cmd  (LIB_NATIVE=$(ls /home/red/code/contrib/zlib-all/prebuilt/zlib-1.3.2/lib/libz.so.1* 2>/dev/null | head -1)
test -n "$LIB_NATIVE" -a -e "$LIB_NATIVE" || { echo "PREBUILT MISSING: /home/red/code/contrib/zlib-all/prebuilt/zlib-1.3.2/lib — run 'canary prebuilt zlib' first" >&2; exit 1; }
COUNT=$(nm -D "$LIB_NATIVE" 2>/dev/null | grep -v ' U ' | grep -c 'deflate' || echo 0)
printf 'deflate symbols exported: %s\n' "$COUNT" | tee /home/red/code/research/tola/_out/canary/projects/zlib/probe_lib/probe_source-fetched-1.3.1_lib-vendored-dev_ocaml_binding-fetched.log
test "$COUNT" -gt 0)
[2026-09-17 03:53:58.411] probe_lib                  opam_switch  (canary)
[2026-09-17 03:53:58.411] probe_lib                  platform  (wsl_ubuntu)
[2026-09-17 03:53:58.454] probe_lib                  cmd_log  (probe_lib.out_source-fetched-1.3.1_lib-vendored-dev_ocaml_binding-fetched.log)
[2026-09-17 03:53:58.454] probe_lib                  detect  (ok, output present)
[2026-09-17 03:53:58.455] probe_lib                  agreement_outcome  (declared_symbols_exported/declared_exports_vs_library: violated: zlibVersion)
[2026-09-17 03:53:58.455] probe_lib                  agreement_outcome  (soname_matches_declaration/declared_soname_vs_library: holds)
[2026-09-17 03:53:58.455] probe_lib                  agreement_outcome  (declared_versions_exported/declared_tags_vs_library_exports: vacuous: this project declares no symbol-version tags. For most libraries that is the truth rather than an omission —…)
[2026-09-17 03:53:58.455] probe_lib                  check_post  (pass)
[2026-09-17 03:53:58.455] probe_lib                  agreement_confirmed  (declared_symbols_exported: predicted text present in this run's output)
[2026-09-17 03:53:58.455] probe_lib                  done
[2026-09-17 03:53:58.457] probe_lib_inspect          check_pre  (pass)
[2026-09-17 03:53:58.459] probe_lib_inspect          cmd  (LIB_NATIVE=$(ls /home/red/code/contrib/zlib-all/prebuilt/zlib-1.3.2/lib/libz.so.1* 2>/dev/null | head -1)
test -n "$LIB_NATIVE" -a -e "$LIB_NATIVE" || { echo "PREBUILT MISSING: /home/red/code/contrib/zlib-all/prebuilt/zlib-1.3.2/lib — run 'canary prebuilt zlib' first" >&2; exit 1; }
nm -D "$LIB_NATIVE" 2>/dev/null \
  | python3 canary/scripts/inspect_native.py --emit-symbols --elf --path "$LIB_NATIVE" --prefixes 'deflate,inflate,gz,crc32,adler32' --watchlist 'deflateInit_,deflate,deflateEnd,inflateInit_,inflate,inflateEnd,zlibVersion' \
  > /home/red/code/research/tola/_out/canary/projects/zlib/probe_lib/inspect_source-fetched-1.3.1_lib-vendored-dev_ocaml_binding-fetched.json)
[2026-09-17 03:53:58.459] probe_lib_inspect          opam_switch  (canary)
[2026-09-17 03:53:58.459] probe_lib_inspect          platform  (wsl_ubuntu)
[2026-09-17 03:53:58.513] probe_lib_inspect          cmd_log  (probe_lib_inspect.out_source-fetched-1.3.1_lib-vendored-dev_ocaml_binding-fetched.log)
[2026-09-17 03:53:58.513] probe_lib_inspect          detect  (ok, output present)
[2026-09-17 03:53:58.514] probe_lib_inspect          agreement_outcome  (declared_symbols_exported/declared_exports_vs_library: violated: zlibVersion)
[2026-09-17 03:53:58.514] probe_lib_inspect          agreement_outcome  (soname_matches_declaration/declared_soname_vs_library: holds)
[2026-09-17 03:53:58.514] probe_lib_inspect          agreement_outcome  (declared_versions_exported/declared_tags_vs_library_exports: vacuous: this project declares no symbol-version tags. For most libraries that is the truth rather than an omission —…)
[2026-09-17 03:53:58.514] probe_lib_inspect          check_post  (pass)
[2026-09-17 03:53:58.514] probe_lib_inspect          agreement_confirmed  (declared_symbols_exported: predicted text present in this run's output)
[2026-09-17 03:53:58.514] probe_lib_inspect          done
[2026-09-17 03:53:58.516] probe_binding_ocaml        check_pre  (pass)
[2026-09-17 03:53:58.518] probe_binding_ocaml        cmd  (eval $(opam env)
export LD_LIBRARY_PATH=/home/red/code/contrib/zlib-all/prebuilt/zlib-1.3.2/lib:$LD_LIBRARY_PATH
ocamlfind ocamlopt -package camlzip -linkpkg canary/examples/zlib/zlib_example.ml -o /home/red/code/research/tola/_out/canary/projects/zlib/probe_binding/ocaml/zlib_example > /home/red/code/research/tola/_out/canary/projects/zlib/probe_binding/ocaml/probe_source-fetched-1.3.1_lib-vendored-dev_ocaml_binding-fetched.log 2>&1 && /home/red/code/research/tola/_out/canary/projects/zlib/probe_binding/ocaml/zlib_example >> /home/red/code/research/tola/_out/canary/projects/zlib/probe_binding/ocaml/probe_source-fetched-1.3.1_lib-vendored-dev_ocaml_binding-fetched.log 2>&1 && grep -qF "/home/red/code/contrib/zlib-all/prebuilt/zlib-1.3.2/lib" /home/red/code/research/tola/_out/canary/projects/zlib/probe_binding/ocaml/probe_source-fetched-1.3.1_lib-vendored-dev_ocaml_binding-fetched.log
RC=$?
test -f /home/red/code/research/tola/_out/canary/projects/zlib/probe_binding/ocaml/zlib_example && { nm -D "/home/red/code/research/tola/_out/canary/projects/zlib/probe_binding/ocaml/zlib_example" 2>/dev/null \
  | python3 canary/scripts/inspect_native.py --elf --path "/home/red/code/research/tola/_out/canary/projects/zlib/probe_binding/ocaml/zlib_example" --prefixes '' --watchlist '' \
  > /home/red/code/research/tola/_out/canary/projects/zlib/probe_binding/ocaml/inspect_abi_source-fetched-1.3.1_lib-vendored-dev_ocaml_binding-fetched.json ; } || true
cat /home/red/code/research/tola/_out/canary/projects/zlib/probe_binding/ocaml/probe_source-fetched-1.3.1_lib-vendored-dev_ocaml_binding-fetched.log
exit $RC)
[2026-09-17 03:53:58.518] probe_binding_ocaml        opam_switch  (canary)
[2026-09-17 03:53:58.518] probe_binding_ocaml        platform  (wsl_ubuntu)
[2026-09-17 03:53:58.681] probe_binding_ocaml        cmd_log  (probe_binding_ocaml.out_source-fetched-1.3.1_lib-vendored-dev_ocaml_binding-fetched.log)
[2026-09-17 03:53:58.681] probe_binding_ocaml        detect  (ok, output present)
[2026-09-17 03:53:58.681] probe_binding_ocaml        agreement_outcome  (required_symbols_exported/stub_requirements_vs_library_exports: unavailable: no compiled-stub inspection in this world)
[2026-09-17 03:53:58.681] probe_binding_ocaml        agreement_outcome  (api_names_present/watchlist_vs_user_surface: holds)
[2026-09-17 03:53:58.681] probe_binding_ocaml        agreement_outcome  (behavior_matches/probe_assertions: not_implemented: the expected values live inside the probe's source as embedded assertions, and the observation is the probe's …)
[2026-09-17 03:53:58.681] probe_binding_ocaml        agreement_outcome  (soname_matches_requirement/library_identity_vs_consumer_record: holds)
[2026-09-17 03:53:58.681] probe_binding_ocaml        agreement_outcome  (required_versions_exported/required_tags_vs_provider_exports: inconclusive: one side carries no symbol versioning; an empty requirement set decides nothing)
[2026-09-17 03:53:58.681] probe_binding_ocaml        agreement_outcome  (signatures_agree/header_vs_stub_signature_summaries: unavailable: no header signature summary in this world)
[2026-09-17 03:53:58.681] probe_binding_ocaml        agreement_outcome  (dependencies_provided/recorded_dependencies_vs_world_providers: holds)
[2026-09-17 03:53:58.681] probe_binding_ocaml        agreement_outcome  (repack_preserves_api/declared_repacking_relation: not_implemented: the repacking relation is not specified: "preserves" has no agreed scope, so there is nothing to compare a bin…)
[2026-09-17 03:53:58.681] probe_binding_ocaml        agreement_outcome  (repack_complete/composed_faithfulness: not_implemented: the claim's scope is unsettled ("loses nothing" needs an allowed-omission policy), and two of the three agreem…)
[2026-09-17 03:53:58.681] probe_binding_ocaml        check_post  (pass)
[2026-09-17 03:53:58.682] probe_binding_ocaml        done
[2026-09-17 03:53:58.683] *                          graph_end  (6/7 completed)
[2026-09-17 03:53:58.684] fetch_binding_ocaml_stub_inspect  failed
[2026-09-17 03:53:58.684] *                          diagram  (_out/canary/projects/zlib/-run/diagrams/all.mmd)
[2026-09-17 03:53:58.684] *                          diagram  (_out/canary/projects/zlib/-run/diagrams/full.mmd)
[2026-09-17 03:53:58.684] *                          view  (lib (3 steps))
[2026-09-17 03:53:58.684] *                          view  (probes (3 steps))
[2026-09-17 03:53:58.684] *                          view  (binding_ocaml (4 steps))
[2026-09-17 03:53:58.685] *                          html  (_out/canary/projects/zlib/-run/result.html)
[2026-09-17 03:53:58.686] *                          index  (_out/canary/projects/index.html)
[2026-09-17 03:53:58.686] *                          invariant  (full.mmd: OK (7 nodes, 7 IDs))
[2026-09-17 03:53:58.686] *                          invariant  (binding_ocaml.mmd: OK (6 nodes, 7 IDs))
[2026-09-17 03:53:58.686] *                          invariant  (source.mmd: OK (5 nodes, 7 IDs))
[2026-09-17 03:53:58.686] *                          invariant  (lib.mmd: OK (5 nodes, 7 IDs))
[2026-09-17 03:53:58.686] *                          invariant  (all.mmd: OK (4 nodes, 7 IDs))
[2026-09-17 03:53:58.686] *                          invariant  (probes.mmd: OK (7 nodes, 7 IDs))
[2026-09-17 03:53:58.686] *                          invariant  (ALL OK)
[2026-09-17 03:56:50.477] *                          run_start  (zlib)
[2026-09-17 03:56:50.486] *                          variant_start  (source-fetched-1.3.1_lib-fetched_ocaml_binding-fetched)
[2026-09-17 03:56:50.486] *                          graph_start  (7 steps)
[2026-09-17 03:56:50.486] fetch_lib                  warm_gate  (marker + fingerprint + check_post passed)
[2026-09-17 03:56:50.486] fetch_lib                  skip  (verdict marker (prior success))
[2026-09-17 03:56:50.486] fetch_binding_ocaml        warm_gate  (marker + fingerprint + check_post passed)
[2026-09-17 03:56:50.486] fetch_binding_ocaml        skip  (verdict marker (prior success))
[2026-09-17 03:56:50.486] fetch_binding_ocaml_inspect  warm_gate  (marker + fingerprint + check_post passed)
[2026-09-17 03:56:50.486] fetch_binding_ocaml_inspect  skip  (verdict marker (prior success))
[2026-09-17 03:56:50.486] fetch_binding_ocaml_stub_inspect  check_pre  (pass)
[2026-09-17 03:56:50.488] fetch_binding_ocaml_stub_inspect  cmd  (eval $(opam env)
PKG_DIR=$(ocamlfind query 'camlzip' 2>/dev/null)
test -n "$PKG_DIR"
STUB=$(ls "$PKG_DIR"/lib*.a 2>/dev/null | head -1)
test -n "$STUB"
python3 canary/scripts/inspect_binding.py --kind stub --path "$STUB" \
  --prefix 'deflate' --watchlist '' \
  > /home/red/code/research/tola/_out/canary/projects/zlib/fetch_binding/ocaml/inspect_stub_source-fetched-1.3.1_lib-fetched_ocaml_binding-fetched.json)
[2026-09-17 03:56:50.488] fetch_binding_ocaml_stub_inspect  opam_switch  (canary)
[2026-09-17 03:56:50.488] fetch_binding_ocaml_stub_inspect  platform  (wsl_ubuntu)
[2026-09-17 03:56:50.563] fetch_binding_ocaml_stub_inspect  cmd_log  (fetch_binding_ocaml_stub_inspect.out_source-fetched-1.3.1_lib-fetched_ocaml_binding-fetched.log)
[2026-09-17 03:56:50.563] fetch_binding_ocaml_stub_inspect  cmd_fail  (exit 2)
[2026-09-17 03:56:50.563] fetch_binding_ocaml_stub_inspect  cmd_out  (usage: inspect_binding.py [-h] --kind {mli,stub} [--path PATH] [--dir DIR])
[2026-09-17 03:56:50.563] fetch_binding_ocaml_stub_inspect  cmd_out  (                          [--watchlist WATCHLIST] [--prefix PREFIX])
[2026-09-17 03:56:50.563] fetch_binding_ocaml_stub_inspect  cmd_out  (                          [--module-prefix MODULE_PREFIX])
[2026-09-17 03:56:50.563] fetch_binding_ocaml_stub_inspect  cmd_out  (inspect_binding.py: error: --kind stub requires --path)
[2026-09-17 03:56:50.563] fetch_binding_ocaml_stub_inspect  detect  (error, output present)
[2026-09-17 03:56:50.563] fetch_binding_ocaml_stub_inspect  agreement_outcome  (no agreement fires at this action)
[2026-09-17 03:56:50.563] fetch_binding_ocaml_stub_inspect  check_post  (FAIL)
[2026-09-17 03:56:50.563] fetch_binding_ocaml_stub_inspect  failed  (postcondition failed)
[2026-09-17 03:56:50.563] probe_lib                  check_pre  (pass)
[2026-09-17 03:56:50.565] probe_lib                  cmd  (LIB_NATIVE=$(ls /usr/lib/x86_64-linux-gnu/libz.so.1* /usr/lib*/libz.so.1* 2>/dev/null \
        "$(brew --prefix zlib 2>/dev/null)/lib/libz.dylib" 2>/dev/null \
        | head -1)
test -n "$LIB_NATIVE" -a -e "$LIB_NATIVE"
COUNT=$(nm -D "$LIB_NATIVE" 2>/dev/null | grep -v ' U ' | grep -c 'deflate' || echo 0)
printf 'deflate symbols exported: %s\n' "$COUNT" | tee /home/red/code/research/tola/_out/canary/projects/zlib/probe_lib/probe_source-fetched-1.3.1_lib-fetched_ocaml_binding-fetched.log
test "$COUNT" -gt 0)
[2026-09-17 03:56:50.565] probe_lib                  opam_switch  (canary)
[2026-09-17 03:56:50.565] probe_lib                  platform  (wsl_ubuntu)
[2026-09-17 03:56:50.614] probe_lib                  cmd_log  (probe_lib.out_source-fetched-1.3.1_lib-fetched_ocaml_binding-fetched.log)
[2026-09-17 03:56:50.614] probe_lib                  detect  (ok, output present)
[2026-09-17 03:56:50.614] probe_lib                  agreement_outcome  (declared_symbols_exported/declared_exports_vs_library: inconclusive: the library's inspection is PREFIX-FILTERED (79 of 102 defined symbols      recorded), so a declared name miss…)
[2026-09-17 03:56:50.614] probe_lib                  agreement_outcome  (soname_matches_declaration/declared_soname_vs_library: holds)
[2026-09-17 03:56:50.614] probe_lib                  agreement_outcome  (declared_versions_exported/declared_tags_vs_library_exports: vacuous: this project declares no symbol-version tags. For most libraries that is the truth rather than an omission —…)
[2026-09-17 03:56:50.614] probe_lib                  check_post  (pass)
[2026-09-17 03:56:50.614] probe_lib                  done
[2026-09-17 03:56:50.617] probe_lib_inspect          check_pre  (pass)
[2026-09-17 03:56:50.619] probe_lib_inspect          cmd  (LIB_NATIVE=$(ls /usr/lib/x86_64-linux-gnu/libz.so.1* /usr/lib*/libz.so.1* 2>/dev/null \
        "$(brew --prefix zlib 2>/dev/null)/lib/libz.dylib" 2>/dev/null \
        | head -1)
test -n "$LIB_NATIVE" -a -e "$LIB_NATIVE"
nm -D "$LIB_NATIVE" 2>/dev/null \
  | python3 canary/scripts/inspect_native.py --emit-symbols --elf --path "$LIB_NATIVE" --prefixes 'deflate,inflate,gz,crc32,adler32' --watchlist 'deflateInit_,deflate,deflateEnd,inflateInit_,inflate,inflateEnd,zlibVersion' \
  > /home/red/code/research/tola/_out/canary/projects/zlib/probe_lib/inspect_source-fetched-1.3.1_lib-fetched_ocaml_binding-fetched.json)
[2026-09-17 03:56:50.619] probe_lib_inspect          opam_switch  (canary)
[2026-09-17 03:56:50.619] probe_lib_inspect          platform  (wsl_ubuntu)
[2026-09-17 03:56:50.685] probe_lib_inspect          cmd_log  (probe_lib_inspect.out_source-fetched-1.3.1_lib-fetched_ocaml_binding-fetched.log)
[2026-09-17 03:56:50.685] probe_lib_inspect          detect  (ok, output present)
[2026-09-17 03:56:50.685] probe_lib_inspect          agreement_outcome  (declared_symbols_exported/declared_exports_vs_library: inconclusive: the library's inspection is PREFIX-FILTERED (79 of 102 defined symbols      recorded), so a declared name miss…)
[2026-09-17 03:56:50.685] probe_lib_inspect          agreement_outcome  (soname_matches_declaration/declared_soname_vs_library: holds)
[2026-09-17 03:56:50.685] probe_lib_inspect          agreement_outcome  (declared_versions_exported/declared_tags_vs_library_exports: vacuous: this project declares no symbol-version tags. For most libraries that is the truth rather than an omission —…)
[2026-09-17 03:56:50.685] probe_lib_inspect          check_post  (pass)
[2026-09-17 03:56:50.685] probe_lib_inspect          done
[2026-09-17 03:56:50.688] probe_binding_ocaml        check_pre  (pass)
[2026-09-17 03:56:50.690] probe_binding_ocaml        cmd  (eval $(opam env)
ocamlfind ocamlopt -package camlzip -linkpkg canary/examples/zlib/zlib_example.ml -o /home/red/code/research/tola/_out/canary/projects/zlib/probe_binding/ocaml/zlib_example > /home/red/code/research/tola/_out/canary/projects/zlib/probe_binding/ocaml/probe_source-fetched-1.3.1_lib-fetched_ocaml_binding-fetched.log 2>&1 && /home/red/code/research/tola/_out/canary/projects/zlib/probe_binding/ocaml/zlib_example >> /home/red/code/research/tola/_out/canary/projects/zlib/probe_binding/ocaml/probe_source-fetched-1.3.1_lib-fetched_ocaml_binding-fetched.log 2>&1
RC=$?
test -f /home/red/code/research/tola/_out/canary/projects/zlib/probe_binding/ocaml/zlib_example && { nm -D "/home/red/code/research/tola/_out/canary/projects/zlib/probe_binding/ocaml/zlib_example" 2>/dev/null \
  | python3 canary/scripts/inspect_native.py --elf --path "/home/red/code/research/tola/_out/canary/projects/zlib/probe_binding/ocaml/zlib_example" --prefixes '' --watchlist '' \
  > /home/red/code/research/tola/_out/canary/projects/zlib/probe_binding/ocaml/inspect_abi_source-fetched-1.3.1_lib-fetched_ocaml_binding-fetched.json ; } || true
cat /home/red/code/research/tola/_out/canary/projects/zlib/probe_binding/ocaml/probe_source-fetched-1.3.1_lib-fetched_ocaml_binding-fetched.log
exit $RC)
[2026-09-17 03:56:50.690] probe_binding_ocaml        opam_switch  (canary)
[2026-09-17 03:56:50.690] probe_binding_ocaml        platform  (wsl_ubuntu)
[2026-09-17 03:56:50.868] probe_binding_ocaml        cmd_log  (probe_binding_ocaml.out_source-fetched-1.3.1_lib-fetched_ocaml_binding-fetched.log)
[2026-09-17 03:56:50.868] probe_binding_ocaml        detect  (ok, output present)
[2026-09-17 03:56:50.869] probe_binding_ocaml        agreement_outcome  (required_symbols_exported/stub_requirements_vs_library_exports: unavailable: no compiled-stub inspection in this world)
[2026-09-17 03:56:50.869] probe_binding_ocaml        agreement_outcome  (api_names_present/watchlist_vs_user_surface: holds)
[2026-09-17 03:56:50.869] probe_binding_ocaml        agreement_outcome  (behavior_matches/probe_assertions: not_implemented: the expected values live inside the probe's source as embedded assertions, and the observation is the probe's …)
[2026-09-17 03:56:50.869] probe_binding_ocaml        agreement_outcome  (soname_matches_requirement/library_identity_vs_consumer_record: holds)
[2026-09-17 03:56:50.869] probe_binding_ocaml        agreement_outcome  (required_versions_exported/required_tags_vs_provider_exports: inconclusive: one side carries no symbol versioning; an empty requirement set decides nothing)
[2026-09-17 03:56:50.869] probe_binding_ocaml        agreement_outcome  (signatures_agree/header_vs_stub_signature_summaries: unavailable: no header signature summary in this world)
[2026-09-17 03:56:50.869] probe_binding_ocaml        agreement_outcome  (dependencies_provided/recorded_dependencies_vs_world_providers: holds)
[2026-09-17 03:56:50.869] probe_binding_ocaml        agreement_outcome  (repack_preserves_api/declared_repacking_relation: not_implemented: the repacking relation is not specified: "preserves" has no agreed scope, so there is nothing to compare a bin…)
[2026-09-17 03:56:50.869] probe_binding_ocaml        agreement_outcome  (repack_complete/composed_faithfulness: not_implemented: the claim's scope is unsettled ("loses nothing" needs an allowed-omission policy), and two of the three agreem…)
[2026-09-17 03:56:50.869] probe_binding_ocaml        check_post  (pass)
[2026-09-17 03:56:50.869] probe_binding_ocaml        done
[2026-09-17 03:56:50.871] *                          graph_end  (6/7 completed)
[2026-09-17 03:56:50.871] fetch_binding_ocaml_stub_inspect  failed
[2026-09-17 03:56:50.871] *                          diagram  (_out/canary/projects/zlib/-run/diagrams/all.mmd)
[2026-09-17 03:56:50.871] *                          diagram  (_out/canary/projects/zlib/-run/diagrams/full.mmd)
[2026-09-17 03:56:50.871] *                          view  (lib (3 steps))
[2026-09-17 03:56:50.872] *                          view  (probes (3 steps))
[2026-09-17 03:56:50.872] *                          view  (binding_ocaml (4 steps))
[2026-09-17 03:56:50.873] *                          html  (_out/canary/projects/zlib/-run/result.html)
[2026-09-17 03:56:50.874] *                          index  (_out/canary/projects/index.html)
[2026-09-17 03:56:50.874] *                          invariant  (full.mmd: OK (7 nodes, 7 IDs))
[2026-09-17 03:56:50.874] *                          invariant  (binding_ocaml.mmd: OK (6 nodes, 7 IDs))
[2026-09-17 03:56:50.874] *                          invariant  (source.mmd: OK (5 nodes, 7 IDs))
[2026-09-17 03:56:50.875] *                          invariant  (lib.mmd: OK (5 nodes, 7 IDs))
[2026-09-17 03:56:50.875] *                          invariant  (all.mmd: OK (4 nodes, 7 IDs))
[2026-09-17 03:56:50.875] *                          invariant  (probes.mmd: OK (7 nodes, 7 IDs))
[2026-09-17 03:56:50.875] *                          invariant  (ALL OK)
[2026-09-17 03:56:50.893] *                          variant_start  (source-fetched-1.3.1_lib-vendored-dev_ocaml_binding-fetched)
[2026-09-17 03:56:50.893] *                          graph_start  (7 steps)
[2026-09-17 03:56:50.893] fetch_lib                  warm_gate  (marker + fingerprint + check_post passed)
[2026-09-17 03:56:50.893] fetch_lib                  skip  (verdict marker (prior success))
[2026-09-17 03:56:50.893] fetch_binding_ocaml        warm_gate  (marker + fingerprint + check_post passed)
[2026-09-17 03:56:50.893] fetch_binding_ocaml        skip  (verdict marker (prior success))
[2026-09-17 03:56:50.893] fetch_binding_ocaml_inspect  warm_gate  (marker + fingerprint + check_post passed)
[2026-09-17 03:56:50.893] fetch_binding_ocaml_inspect  skip  (verdict marker (prior success))
[2026-09-17 03:56:50.893] fetch_binding_ocaml_stub_inspect  check_pre  (pass)
[2026-09-17 03:56:50.895] fetch_binding_ocaml_stub_inspect  cmd  (eval $(opam env)
PKG_DIR=$(ocamlfind query 'camlzip' 2>/dev/null)
test -n "$PKG_DIR"
STUB=$(ls "$PKG_DIR"/lib*.a 2>/dev/null | head -1)
test -n "$STUB"
python3 canary/scripts/inspect_binding.py --kind stub --path "$STUB" \
  --prefix 'deflate' --watchlist '' \
  > /home/red/code/research/tola/_out/canary/projects/zlib/fetch_binding/ocaml/inspect_stub_source-fetched-1.3.1_lib-vendored-dev_ocaml_binding-fetched.json)
[2026-09-17 03:56:50.895] fetch_binding_ocaml_stub_inspect  opam_switch  (canary)
[2026-09-17 03:56:50.895] fetch_binding_ocaml_stub_inspect  platform  (wsl_ubuntu)
[2026-09-17 03:56:50.961] fetch_binding_ocaml_stub_inspect  cmd_log  (fetch_binding_ocaml_stub_inspect.out_source-fetched-1.3.1_lib-vendored-dev_ocaml_binding-fetched.log)
[2026-09-17 03:56:50.961] fetch_binding_ocaml_stub_inspect  cmd_fail  (exit 2)
[2026-09-17 03:56:50.961] fetch_binding_ocaml_stub_inspect  cmd_out  (usage: inspect_binding.py [-h] --kind {mli,stub} [--path PATH] [--dir DIR])
[2026-09-17 03:56:50.961] fetch_binding_ocaml_stub_inspect  cmd_out  (                          [--watchlist WATCHLIST] [--prefix PREFIX])
[2026-09-17 03:56:50.961] fetch_binding_ocaml_stub_inspect  cmd_out  (                          [--module-prefix MODULE_PREFIX])
[2026-09-17 03:56:50.961] fetch_binding_ocaml_stub_inspect  cmd_out  (inspect_binding.py: error: --kind stub requires --path)
[2026-09-17 03:56:50.961] fetch_binding_ocaml_stub_inspect  detect  (error, output present)
[2026-09-17 03:56:50.961] fetch_binding_ocaml_stub_inspect  agreement_outcome  (no agreement fires at this action)
[2026-09-17 03:56:50.961] fetch_binding_ocaml_stub_inspect  check_post  (FAIL)
[2026-09-17 03:56:50.961] fetch_binding_ocaml_stub_inspect  failed  (postcondition failed)
[2026-09-17 03:56:50.961] probe_lib                  check_pre  (pass)
[2026-09-17 03:56:50.963] probe_lib                  cmd  (LIB_NATIVE=$(ls /home/red/code/contrib/zlib-all/prebuilt/zlib-1.3.2/lib/libz.so.1* 2>/dev/null | head -1)
test -n "$LIB_NATIVE" -a -e "$LIB_NATIVE" || { echo "PREBUILT MISSING: /home/red/code/contrib/zlib-all/prebuilt/zlib-1.3.2/lib — run 'canary prebuilt zlib' first" >&2; exit 1; }
COUNT=$(nm -D "$LIB_NATIVE" 2>/dev/null | grep -v ' U ' | grep -c 'deflate' || echo 0)
printf 'deflate symbols exported: %s\n' "$COUNT" | tee /home/red/code/research/tola/_out/canary/projects/zlib/probe_lib/probe_source-fetched-1.3.1_lib-vendored-dev_ocaml_binding-fetched.log
test "$COUNT" -gt 0)
[2026-09-17 03:56:50.963] probe_lib                  opam_switch  (canary)
[2026-09-17 03:56:50.963] probe_lib                  platform  (wsl_ubuntu)
[2026-09-17 03:56:51.008] probe_lib                  cmd_log  (probe_lib.out_source-fetched-1.3.1_lib-vendored-dev_ocaml_binding-fetched.log)
[2026-09-17 03:56:51.009] probe_lib                  detect  (ok, output present)
[2026-09-17 03:56:51.009] probe_lib                  agreement_outcome  (declared_symbols_exported/declared_exports_vs_library: inconclusive: the library's inspection is PREFIX-FILTERED (81 of 111 defined symbols      recorded), so a declared name miss…)
[2026-09-17 03:56:51.009] probe_lib                  agreement_outcome  (soname_matches_declaration/declared_soname_vs_library: holds)
[2026-09-17 03:56:51.009] probe_lib                  agreement_outcome  (declared_versions_exported/declared_tags_vs_library_exports: vacuous: this project declares no symbol-version tags. For most libraries that is the truth rather than an omission —…)
[2026-09-17 03:56:51.009] probe_lib                  check_post  (pass)
[2026-09-17 03:56:51.009] probe_lib                  done
[2026-09-17 03:56:51.011] probe_lib_inspect          check_pre  (pass)
[2026-09-17 03:56:51.013] probe_lib_inspect          cmd  (LIB_NATIVE=$(ls /home/red/code/contrib/zlib-all/prebuilt/zlib-1.3.2/lib/libz.so.1* 2>/dev/null | head -1)
test -n "$LIB_NATIVE" -a -e "$LIB_NATIVE" || { echo "PREBUILT MISSING: /home/red/code/contrib/zlib-all/prebuilt/zlib-1.3.2/lib — run 'canary prebuilt zlib' first" >&2; exit 1; }
nm -D "$LIB_NATIVE" 2>/dev/null \
  | python3 canary/scripts/inspect_native.py --emit-symbols --elf --path "$LIB_NATIVE" --prefixes 'deflate,inflate,gz,crc32,adler32' --watchlist 'deflateInit_,deflate,deflateEnd,inflateInit_,inflate,inflateEnd,zlibVersion' \
  > /home/red/code/research/tola/_out/canary/projects/zlib/probe_lib/inspect_source-fetched-1.3.1_lib-vendored-dev_ocaml_binding-fetched.json)
[2026-09-17 03:56:51.013] probe_lib_inspect          opam_switch  (canary)
[2026-09-17 03:56:51.013] probe_lib_inspect          platform  (wsl_ubuntu)
[2026-09-17 03:56:51.067] probe_lib_inspect          cmd_log  (probe_lib_inspect.out_source-fetched-1.3.1_lib-vendored-dev_ocaml_binding-fetched.log)
[2026-09-17 03:56:51.067] probe_lib_inspect          detect  (ok, output present)
[2026-09-17 03:56:51.068] probe_lib_inspect          agreement_outcome  (declared_symbols_exported/declared_exports_vs_library: inconclusive: the library's inspection is PREFIX-FILTERED (81 of 111 defined symbols      recorded), so a declared name miss…)
[2026-09-17 03:56:51.068] probe_lib_inspect          agreement_outcome  (soname_matches_declaration/declared_soname_vs_library: holds)
[2026-09-17 03:56:51.068] probe_lib_inspect          agreement_outcome  (declared_versions_exported/declared_tags_vs_library_exports: vacuous: this project declares no symbol-version tags. For most libraries that is the truth rather than an omission —…)
[2026-09-17 03:56:51.068] probe_lib_inspect          check_post  (pass)
[2026-09-17 03:56:51.068] probe_lib_inspect          done
[2026-09-17 03:56:51.070] probe_binding_ocaml        check_pre  (pass)
[2026-09-17 03:56:51.072] probe_binding_ocaml        cmd  (eval $(opam env)
export LD_LIBRARY_PATH=/home/red/code/contrib/zlib-all/prebuilt/zlib-1.3.2/lib:$LD_LIBRARY_PATH
ocamlfind ocamlopt -package camlzip -linkpkg canary/examples/zlib/zlib_example.ml -o /home/red/code/research/tola/_out/canary/projects/zlib/probe_binding/ocaml/zlib_example > /home/red/code/research/tola/_out/canary/projects/zlib/probe_binding/ocaml/probe_source-fetched-1.3.1_lib-vendored-dev_ocaml_binding-fetched.log 2>&1 && /home/red/code/research/tola/_out/canary/projects/zlib/probe_binding/ocaml/zlib_example >> /home/red/code/research/tola/_out/canary/projects/zlib/probe_binding/ocaml/probe_source-fetched-1.3.1_lib-vendored-dev_ocaml_binding-fetched.log 2>&1 && grep -qF "/home/red/code/contrib/zlib-all/prebuilt/zlib-1.3.2/lib" /home/red/code/research/tola/_out/canary/projects/zlib/probe_binding/ocaml/probe_source-fetched-1.3.1_lib-vendored-dev_ocaml_binding-fetched.log
RC=$?
test -f /home/red/code/research/tola/_out/canary/projects/zlib/probe_binding/ocaml/zlib_example && { nm -D "/home/red/code/research/tola/_out/canary/projects/zlib/probe_binding/ocaml/zlib_example" 2>/dev/null \
  | python3 canary/scripts/inspect_native.py --elf --path "/home/red/code/research/tola/_out/canary/projects/zlib/probe_binding/ocaml/zlib_example" --prefixes '' --watchlist '' \
  > /home/red/code/research/tola/_out/canary/projects/zlib/probe_binding/ocaml/inspect_abi_source-fetched-1.3.1_lib-vendored-dev_ocaml_binding-fetched.json ; } || true
cat /home/red/code/research/tola/_out/canary/projects/zlib/probe_binding/ocaml/probe_source-fetched-1.3.1_lib-vendored-dev_ocaml_binding-fetched.log
exit $RC)
[2026-09-17 03:56:51.072] probe_binding_ocaml        opam_switch  (canary)
[2026-09-17 03:56:51.072] probe_binding_ocaml        platform  (wsl_ubuntu)
[2026-09-17 03:56:51.248] probe_binding_ocaml        cmd_log  (probe_binding_ocaml.out_source-fetched-1.3.1_lib-vendored-dev_ocaml_binding-fetched.log)
[2026-09-17 03:56:51.248] probe_binding_ocaml        detect  (ok, output present)
[2026-09-17 03:56:51.249] probe_binding_ocaml        agreement_outcome  (required_symbols_exported/stub_requirements_vs_library_exports: unavailable: no compiled-stub inspection in this world)
[2026-09-17 03:56:51.249] probe_binding_ocaml        agreement_outcome  (api_names_present/watchlist_vs_user_surface: holds)
[2026-09-17 03:56:51.249] probe_binding_ocaml        agreement_outcome  (behavior_matches/probe_assertions: not_implemented: the expected values live inside the probe's source as embedded assertions, and the observation is the probe's …)
[2026-09-17 03:56:51.249] probe_binding_ocaml        agreement_outcome  (soname_matches_requirement/library_identity_vs_consumer_record: holds)
[2026-09-17 03:56:51.249] probe_binding_ocaml        agreement_outcome  (required_versions_exported/required_tags_vs_provider_exports: inconclusive: one side carries no symbol versioning; an empty requirement set decides nothing)
[2026-09-17 03:56:51.249] probe_binding_ocaml        agreement_outcome  (signatures_agree/header_vs_stub_signature_summaries: unavailable: no header signature summary in this world)
[2026-09-17 03:56:51.249] probe_binding_ocaml        agreement_outcome  (dependencies_provided/recorded_dependencies_vs_world_providers: holds)
[2026-09-17 03:56:51.249] probe_binding_ocaml        agreement_outcome  (repack_preserves_api/declared_repacking_relation: not_implemented: the repacking relation is not specified: "preserves" has no agreed scope, so there is nothing to compare a bin…)
[2026-09-17 03:56:51.249] probe_binding_ocaml        agreement_outcome  (repack_complete/composed_faithfulness: not_implemented: the claim's scope is unsettled ("loses nothing" needs an allowed-omission policy), and two of the three agreem…)
[2026-09-17 03:56:51.249] probe_binding_ocaml        check_post  (pass)
[2026-09-17 03:56:51.249] probe_binding_ocaml        done
[2026-09-17 03:56:51.251] *                          graph_end  (6/7 completed)
[2026-09-17 03:56:51.251] fetch_binding_ocaml_stub_inspect  failed
[2026-09-17 03:56:51.251] *                          diagram  (_out/canary/projects/zlib/-run/diagrams/all.mmd)
[2026-09-17 03:56:51.251] *                          diagram  (_out/canary/projects/zlib/-run/diagrams/full.mmd)
[2026-09-17 03:56:51.251] *                          view  (lib (3 steps))
[2026-09-17 03:56:51.251] *                          view  (probes (3 steps))
[2026-09-17 03:56:51.252] *                          view  (binding_ocaml (4 steps))
[2026-09-17 03:56:51.252] *                          html  (_out/canary/projects/zlib/-run/result.html)
[2026-09-17 03:56:51.253] *                          index  (_out/canary/projects/index.html)
[2026-09-17 03:56:51.253] *                          invariant  (full.mmd: OK (7 nodes, 7 IDs))
[2026-09-17 03:56:51.253] *                          invariant  (binding_ocaml.mmd: OK (6 nodes, 7 IDs))
[2026-09-17 03:56:51.253] *                          invariant  (source.mmd: OK (5 nodes, 7 IDs))
[2026-09-17 03:56:51.254] *                          invariant  (lib.mmd: OK (5 nodes, 7 IDs))
[2026-09-17 03:56:51.254] *                          invariant  (all.mmd: OK (4 nodes, 7 IDs))
[2026-09-17 03:56:51.254] *                          invariant  (probes.mmd: OK (7 nodes, 7 IDs))
[2026-09-17 03:56:51.254] *                          invariant  (ALL OK)
