[2026-08-15 18:59:49.410] *                          variant_start  (source-vendored-stable_lib-vendored-stable_ocaml_binding-vendored-stable_python_binding-vendored-stable_python_binding-vendored-stable_app-vendored-stable_app-vendored-stable)
[2026-08-15 18:59:49.410] *                          graph_start  (13 steps)
[2026-08-15 18:59:49.410] configure                  check_pre  (pass)
[2026-08-15 18:59:49.412] configure                  cmd  (test -d _out/canary/tiny/scenarios/_cache/symbol_missing/workspace/c/build || { echo 'lib_dir missing: _out/canary/tiny/scenarios/_cache/symbol_missing/workspace/c/build'; exit 1; } && echo 'ok' > /home/red/code/research/tola/_out/canary/projects/tiny1/symbol_missing/configure/conf_source-vendored-stable_lib-vendored-stable_ocaml_binding-vendored-stable_python_binding-vendored-stable_python_binding-vendored-stable_app-vendored-stable_app-vendored-stable.ok)
[2026-08-15 18:59:49.414] configure                  detect  (ok, output present)
[2026-08-15 18:59:49.414] configure                  check_post  (pass)
[2026-08-15 18:59:49.414] configure                  done
[2026-08-15 18:59:49.416] scan_sources               check_pre  (pass)
[2026-08-15 18:59:49.418] scan_sources               cmd  (python3 canary/scripts/inspect_tiny_typed.py --layer header --path _out/canary/tiny/scenarios/_cache/symbol_missing/workspace/c/include/tiny.h > /home/red/code/research/tola/_out/canary/projects/tiny1/symbol_missing/scan_sources/inspect_typed_header_source-vendored-stable_lib-vendored-stable_ocaml_binding-vendored-stable_python_binding-vendored-stable_python_binding-vendored-stable_app-vendored-stable_app-vendored-stable.json && python3 canary/scripts/inspect_tiny_typed.py --layer stub_ocaml --path _out/canary/tiny/scenarios/_cache/symbol_missing/workspace/ocaml/tiny_raw.mli > /home/red/code/research/tola/_out/canary/projects/tiny1/symbol_missing/scan_sources/inspect_typed_binding_stub_ocaml_source-vendored-stable_lib-vendored-stable_ocaml_binding-vendored-stable_python_binding-vendored-stable_python_binding-vendored-stable_app-vendored-stable_app-vendored-stable.json && python3 canary/scripts/inspect_tiny_typed.py --layer user_ocaml --path _out/canary/tiny/scenarios/_cache/symbol_missing/workspace/ocaml/tiny.mli > /home/red/code/research/tola/_out/canary/projects/tiny1/symbol_missing/scan_sources/inspect_typed_binding_user_ocaml_source-vendored-stable_lib-vendored-stable_ocaml_binding-vendored-stable_python_binding-vendored-stable_python_binding-vendored-stable_app-vendored-stable_app-vendored-stable.json && python3 canary/scripts/inspect_tiny_typed.py --layer stub_python --path _out/canary/tiny/scenarios/_cache/symbol_missing/workspace/python_cext/tiny_cext/_native.c > /home/red/code/research/tola/_out/canary/projects/tiny1/symbol_missing/scan_sources/inspect_typed_binding_stub_python_source-vendored-stable_lib-vendored-stable_ocaml_binding-vendored-stable_python_binding-vendored-stable_python_binding-vendored-stable_app-vendored-stable_app-vendored-stable.json && python3 canary/scripts/inspect_tiny_typed.py --layer user_python --path _out/canary/tiny/scenarios/_cache/symbol_missing/workspace/python_cext/tiny_cext/__init__.py > /home/red/code/research/tola/_out/canary/projects/tiny1/symbol_missing/scan_sources/inspect_typed_binding_user_python_source-vendored-stable_lib-vendored-stable_ocaml_binding-vendored-stable_python_binding-vendored-stable_python_binding-vendored-stable_app-vendored-stable_app-vendored-stable.json && echo 'ok' > /home/red/code/research/tola/_out/canary/projects/tiny1/symbol_missing/scan_sources/scan_source-vendored-stable_lib-vendored-stable_ocaml_binding-vendored-stable_python_binding-vendored-stable_python_binding-vendored-stable_app-vendored-stable_app-vendored-stable.ok)
[2026-08-15 18:59:49.591] scan_sources               detect  (ok, output present)
[2026-08-15 18:59:49.591] scan_sources               check_post  (pass)
[2026-08-15 18:59:49.591] scan_sources               done
[2026-08-15 18:59:49.593] build_lib                  check_pre  (pass)
[2026-08-15 18:59:49.595] build_lib                  cmd  (test -f _out/canary/tiny/scenarios/_cache/symbol_missing/workspace/c/build/libtiny.so.1 || { mkdir -p _out/canary/tiny/scenarios/_cache/symbol_missing/workspace/c/build && gcc -c -fPIC -I_out/canary/tiny/scenarios/_cache/symbol_missing/workspace/c/include _out/canary/tiny/scenarios/_cache/symbol_missing/workspace/c/src/tiny.c -o _out/canary/tiny/scenarios/_cache/symbol_missing/workspace/c/build/tiny.o && gcc -shared -fPIC -Wl,-soname,libtiny.so.1 -Wl,--version-script=_out/canary/tiny/scenarios/_cache/symbol_missing/workspace/c/tiny.map _out/canary/tiny/scenarios/_cache/symbol_missing/workspace/c/build/tiny.o -o _out/canary/tiny/scenarios/_cache/symbol_missing/workspace/c/build/libtiny.so.1.0 && ln -sf libtiny.so.1.0 _out/canary/tiny/scenarios/_cache/symbol_missing/workspace/c/build/libtiny.so.1 && ln -sf libtiny.so.1 _out/canary/tiny/scenarios/_cache/symbol_missing/workspace/c/build/libtiny.so ; } && echo 'ok' > /home/red/code/research/tola/_out/canary/projects/tiny1/symbol_missing/build_lib/build_source-vendored-stable_lib-vendored-stable_ocaml_binding-vendored-stable_python_binding-vendored-stable_python_binding-vendored-stable_app-vendored-stable_app-vendored-stable.ok)
[2026-08-15 18:59:49.596] build_lib                  detect  (ok, output present)
[2026-08-15 18:59:49.596] build_lib                  check_post  (pass)
[2026-08-15 18:59:49.596] build_lib                  done
[2026-08-15 18:59:49.598] build_lib_inspect          check_pre  (pass)
[2026-08-15 18:59:49.600] build_lib_inspect          cmd  (nm -D "_out/canary/tiny/scenarios/_cache/symbol_missing/workspace/c/build/libtiny.so.1" 2>/dev/null \
  | python3 canary/scripts/inspect_native.py --emit-symbols --elf --path "_out/canary/tiny/scenarios/_cache/symbol_missing/workspace/c/build/libtiny.so.1" --prefixes 'tiny_' --watchlist 'tiny_sum,tiny_diff,tiny_offset' \
  > /home/red/code/research/tola/_out/canary/projects/tiny1/symbol_missing/build_lib/inspect_source-vendored-stable_lib-vendored-stable_ocaml_binding-vendored-stable_python_binding-vendored-stable_python_binding-vendored-stable_app-vendored-stable_app-vendored-stable.json)
[2026-08-15 18:59:49.652] build_lib_inspect          detect  (ok, output present)
[2026-08-15 18:59:49.652] build_lib_inspect          check_post  (pass)
[2026-08-15 18:59:49.652] build_lib_inspect          done
[2026-08-15 18:59:49.655] build_binding_ocaml        check_pre  (pass)
[2026-08-15 18:59:49.657] build_binding_ocaml        cmd  ((LIBRARY_PATH=$PWD/_out/canary/tiny/scenarios/_cache/symbol_missing/workspace/c/build LD_RUN_PATH=$PWD/_out/canary/tiny/scenarios/_cache/symbol_missing/workspace/c/build dune build --root _out/canary/tiny/scenarios/_cache/symbol_missing/workspace ocaml/tiny.cmxa ocaml/libtiny_stubs.a) > /home/red/code/research/tola/_out/canary/projects/tiny1/symbol_missing/build_binding/ocaml/build_source-vendored-stable_lib-vendored-stable_ocaml_binding-vendored-stable_python_binding-vendored-stable_python_binding-vendored-stable_app-vendored-stable_app-vendored-stable.log 2>&1 && echo 'ok' > /home/red/code/research/tola/_out/canary/projects/tiny1/symbol_missing/build_binding/ocaml/build_source-vendored-stable_lib-vendored-stable_ocaml_binding-vendored-stable_python_binding-vendored-stable_python_binding-vendored-stable_app-vendored-stable_app-vendored-stable.ok)
[2026-08-15 18:59:49.690] build_binding_ocaml        detect  (ok, output present)
[2026-08-15 18:59:49.690] build_binding_ocaml        compat_predicted  (no contract fired)
[2026-08-15 18:59:49.690] build_binding_ocaml        contract_skipped  (c3 cmp_behavior: disabled in registry (blocked))
[2026-08-15 18:59:49.690] build_binding_ocaml        contract_skipped  (c7 api_sound_repack: disabled in registry (stubbed))
[2026-08-15 18:59:49.690] build_binding_ocaml        contract_skipped  (c8 cmp_api_faithfulness: disabled in registry (stubbed))
[2026-08-15 18:59:49.690] build_binding_ocaml        done  (no compat failure predicted; success expected)
[2026-08-15 18:59:49.692] build_binding_ocaml_inspect  check_pre  (pass)
[2026-08-15 18:59:49.694] build_binding_ocaml_inspect  cmd  (python3 canary/scripts/inspect_binding.py --kind stub --path _out/canary/tiny/scenarios/_cache/symbol_missing/workspace/_build/default/ocaml/libtiny_stubs.a --prefix tiny_ > /home/red/code/research/tola/_out/canary/projects/tiny1/symbol_missing/build_binding/ocaml/inspect_source-vendored-stable_lib-vendored-stable_ocaml_binding-vendored-stable_python_binding-vendored-stable_python_binding-vendored-stable_app-vendored-stable_app-vendored-stable.json && python3 canary/scripts/inspect_binding.py --kind mli --module-prefix Tiny --path _out/canary/tiny/scenarios/_cache/symbol_missing/workspace/ocaml/tiny.mli --watchlist 'Tiny,Tiny.sum,Tiny.diff,Tiny.offset' > /home/red/code/research/tola/_out/canary/projects/tiny1/symbol_missing/build_binding/ocaml/inspect_mli_source-vendored-stable_lib-vendored-stable_ocaml_binding-vendored-stable_python_binding-vendored-stable_python_binding-vendored-stable_app-vendored-stable_app-vendored-stable.json)
[2026-08-15 18:59:49.816] build_binding_ocaml_inspect  detect  (ok, output present)
[2026-08-15 18:59:49.816] build_binding_ocaml_inspect  check_post  (pass)
[2026-08-15 18:59:49.816] build_binding_ocaml_inspect  done
[2026-08-15 18:59:49.818] probe_binding_ocaml        check_pre  (pass)
[2026-08-15 18:59:49.821] probe_binding_ocaml        cmd  ((LIBRARY_PATH=$PWD/_out/canary/tiny/scenarios/_cache/symbol_missing/workspace/c/build LD_RUN_PATH=$PWD/_out/canary/tiny/scenarios/_cache/symbol_missing/workspace/c/build dune build --root _out/canary/tiny/scenarios/_cache/symbol_missing/workspace ocaml/examples/probe_baseline.exe && LD_LIBRARY_PATH=$PWD/_out/canary/tiny/scenarios/_cache/symbol_missing/workspace/c/build _out/canary/tiny/scenarios/_cache/symbol_missing/workspace/_build/default/ocaml/examples/probe_baseline.exe) > /home/red/code/research/tola/_out/canary/projects/tiny1/symbol_missing/probe_binding/ocaml/probe_source-vendored-stable_lib-vendored-stable_ocaml_binding-vendored-stable_python_binding-vendored-stable_python_binding-vendored-stable_app-vendored-stable_app-vendored-stable.log 2>&1)
[2026-08-15 18:59:49.918] probe_binding_ocaml        cmd_fail  (exit 1)
[2026-08-15 18:59:49.918] probe_binding_ocaml        detect  (error, output present)
[2026-08-15 18:59:49.918] probe_binding_ocaml        compat_predicted  (c1 cmp_symbol: 1 substring(s))
[2026-08-15 18:59:49.918] probe_binding_ocaml        contract_skipped  (c3 cmp_behavior: disabled in registry (blocked))
[2026-08-15 18:59:49.918] probe_binding_ocaml        contract_skipped  (c7 api_sound_repack: disabled in registry (stubbed))
[2026-08-15 18:59:49.918] probe_binding_ocaml        contract_skipped  (c8 cmp_api_faithfulness: disabled in registry (stubbed))
[2026-08-15 18:59:49.918] probe_binding_ocaml        done  (expected failure confirmed (derived) [c1])
[2026-08-15 18:59:49.920] probe_binding_ocaml_inspect  check_pre  (pass)
[2026-08-15 18:59:49.922] probe_binding_ocaml_inspect  cmd  (python3 canary/scripts/inspect_binding.py --kind mli --module-prefix Tiny --path _out/canary/tiny/scenarios/_cache/symbol_missing/workspace/ocaml/tiny.mli --watchlist 'Tiny,Tiny.sum,Tiny.diff,Tiny.offset' > /home/red/code/research/tola/_out/canary/projects/tiny1/symbol_missing/probe_binding/ocaml/inspect_source-vendored-stable_lib-vendored-stable_ocaml_binding-vendored-stable_python_binding-vendored-stable_python_binding-vendored-stable_app-vendored-stable_app-vendored-stable.json)
[2026-08-15 18:59:49.963] probe_binding_ocaml_inspect  detect  (ok, output present)
[2026-08-15 18:59:49.963] probe_binding_ocaml_inspect  check_post  (pass)
[2026-08-15 18:59:49.963] probe_binding_ocaml_inspect  done
[2026-08-15 18:59:49.966] build_binding_python       check_pre  (pass)
[2026-08-15 18:59:49.968] build_binding_python       cmd  (ls _out/canary/tiny/scenarios/_cache/symbol_missing/workspace/python_cext/tiny_cext/_native.cpython-*.so > /dev/null && echo 'ok' > /home/red/code/research/tola/_out/canary/projects/tiny1/symbol_missing/build_binding/python/build_source-vendored-stable_lib-vendored-stable_ocaml_binding-vendored-stable_python_binding-vendored-stable_python_binding-vendored-stable_app-vendored-stable_app-vendored-stable.ok)
[2026-08-15 18:59:49.970] build_binding_python       detect  (ok, output present)
[2026-08-15 18:59:49.970] build_binding_python       check_post  (pass)
[2026-08-15 18:59:49.970] build_binding_python       done
[2026-08-15 18:59:49.972] build_binding_python_inspect  check_pre  (pass)
[2026-08-15 18:59:49.974] build_binding_python_inspect  cmd  (python3 canary/scripts/inspect_binding.py --kind stub --path _out/canary/tiny/scenarios/_cache/symbol_missing/workspace/python_cext/tiny_cext/_native.cpython-*.so --prefix tiny_ > /home/red/code/research/tola/_out/canary/projects/tiny1/symbol_missing/build_binding/python/inspect_source-vendored-stable_lib-vendored-stable_ocaml_binding-vendored-stable_python_binding-vendored-stable_python_binding-vendored-stable_app-vendored-stable_app-vendored-stable.json && LD_LIBRARY_PATH=$PWD/_out/canary/tiny/scenarios/_cache/symbol_missing/workspace/c/build PYTHONPATH=_out/canary/tiny/scenarios/_cache/symbol_missing/workspace/python_cext python3 canary/scripts/inspect_python.py --pkg tiny_cext --watchlist 'sum,diff,offset' > /home/red/code/research/tola/_out/canary/projects/tiny1/symbol_missing/build_binding/python/inspect_attrs_source-vendored-stable_lib-vendored-stable_ocaml_binding-vendored-stable_python_binding-vendored-stable_python_binding-vendored-stable_app-vendored-stable_app-vendored-stable.json)
[2026-08-15 18:59:50.093] build_binding_python_inspect  detect  (ok, output present)
[2026-08-15 18:59:50.093] build_binding_python_inspect  check_post  (pass)
[2026-08-15 18:59:50.093] build_binding_python_inspect  done
[2026-08-15 18:59:50.095] probe_binding_python       check_pre  (pass)
[2026-08-15 18:59:50.098] probe_binding_python       cmd  (LD_LIBRARY_PATH=$PWD/_out/canary/tiny/scenarios/_cache/symbol_missing/workspace/c/build PYTHONPATH=_out/canary/tiny/scenarios/_cache/symbol_missing/workspace/python_cext python3 _out/canary/tiny/scenarios/_cache/symbol_missing/workspace/python_cext/examples/probe_baseline.py > /home/red/code/research/tola/_out/canary/projects/tiny1/symbol_missing/probe_binding/python/probe_source-vendored-stable_lib-vendored-stable_ocaml_binding-vendored-stable_python_binding-vendored-stable_python_binding-vendored-stable_app-vendored-stable_app-vendored-stable.log 2>&1)
[2026-08-15 18:59:50.129] probe_binding_python       cmd_fail  (exit 1)
[2026-08-15 18:59:50.129] probe_binding_python       detect  (error, output present)
[2026-08-15 18:59:50.130] probe_binding_python       compat_predicted  (c1 cmp_symbol: 1 substring(s))
[2026-08-15 18:59:50.130] probe_binding_python       contract_skipped  (c3 cmp_behavior: disabled in registry (blocked))
[2026-08-15 18:59:50.130] probe_binding_python       contract_skipped  (c7 api_sound_repack: disabled in registry (stubbed))
[2026-08-15 18:59:50.130] probe_binding_python       contract_skipped  (c8 cmp_api_faithfulness: disabled in registry (stubbed))
[2026-08-15 18:59:50.130] probe_binding_python       done  (expected failure confirmed (derived) [c1])
[2026-08-15 18:59:50.132] probe_binding_python_inspect  check_pre  (pass)
[2026-08-15 18:59:50.134] probe_binding_python_inspect  cmd  (LD_LIBRARY_PATH=$PWD/_out/canary/tiny/scenarios/_cache/symbol_missing/workspace/c/build PYTHONPATH=_out/canary/tiny/scenarios/_cache/symbol_missing/workspace/python_cext python3 canary/scripts/inspect_python.py --pkg tiny_cext --watchlist 'sum,diff,offset' > /home/red/code/research/tola/_out/canary/projects/tiny1/symbol_missing/probe_binding/python/inspect_source-vendored-stable_lib-vendored-stable_ocaml_binding-vendored-stable_python_binding-vendored-stable_python_binding-vendored-stable_app-vendored-stable_app-vendored-stable.json)
[2026-08-15 18:59:50.169] probe_binding_python_inspect  detect  (ok, output present)
[2026-08-15 18:59:50.169] probe_binding_python_inspect  check_post  (pass)
[2026-08-15 18:59:50.169] probe_binding_python_inspect  done
[2026-08-15 18:59:50.171] probe_lib                  check_pre  (pass)
[2026-08-15 18:59:50.174] probe_lib                  cmd  (nm -D _out/canary/tiny/scenarios/_cache/symbol_missing/workspace/c/build/libtiny.so.1 | grep -E '^[0-9a-f]+ T tiny_' > /home/red/code/research/tola/_out/canary/projects/tiny1/symbol_missing/probe_lib/probe_source-vendored-stable_lib-vendored-stable_ocaml_binding-vendored-stable_python_binding-vendored-stable_python_binding-vendored-stable_app-vendored-stable_app-vendored-stable.log 2>&1)
[2026-08-15 18:59:50.217] probe_lib                  detect  (ok, output present)
[2026-08-15 18:59:50.217] probe_lib                  check_post  (pass)
[2026-08-15 18:59:50.217] probe_lib                  done
[2026-08-15 18:59:50.219] *                          graph_end  (13/13 completed)
[2026-08-15 18:59:50.219] *                          diagram  (_out/canary/projects/tiny1/symbol_missing/-run/diagrams/all.mmd)
[2026-08-15 18:59:50.220] *                          diagram  (_out/canary/projects/tiny1/symbol_missing/-run/diagrams/full.mmd)
[2026-08-15 18:59:50.220] *                          view  (lib (2 steps))
[2026-08-15 18:59:50.220] *                          view  (probes (5 steps))
[2026-08-15 18:59:50.220] *                          view  (binding_ocaml (4 steps))
[2026-08-15 18:59:50.220] *                          view  (binding_python (4 steps))
[2026-08-15 18:59:50.222] *                          html  (_out/canary/projects/tiny1/symbol_missing/-run/result.html)
[2026-08-15 18:59:50.222] *                          index  (_out/canary/projects/index.html)
[2026-08-15 18:59:50.222] *                          invariant  (full.mmd: OK (13 nodes, 13 IDs))
[2026-08-15 18:59:50.223] !                          invariant  (binding_ocaml.mmd: missing [2])
[2026-08-15 18:59:50.223] !                          invariant  (SOME FAILED)
[2026-08-15 19:00:36.651] *                          variant_start  (source-vendored-stable_lib-vendored-stable_ocaml_binding-vendored-stable_python_binding-vendored-stable_python_binding-vendored-stable_app-vendored-stable_app-vendored-stable)
[2026-08-15 19:00:36.651] *                          graph_start  (13 steps)
[2026-08-15 19:00:36.651] configure                  skip  (verdict marker (prior success))
[2026-08-15 19:00:36.651] scan_sources               skip  (verdict marker (prior success))
[2026-08-15 19:00:36.651] build_lib                  skip  (verdict marker (prior success))
[2026-08-15 19:00:36.651] build_lib_inspect          skip  (verdict marker (prior success))
[2026-08-15 19:00:36.651] build_binding_ocaml        skip  (verdict marker (prior success))
[2026-08-15 19:00:36.651] build_binding_ocaml_inspect  skip  (verdict marker (prior success))
[2026-08-15 19:00:36.651] probe_binding_ocaml        skip  (verdict marker (prior xfail) [c1])
[2026-08-15 19:00:36.651] probe_binding_ocaml_inspect  skip  (verdict marker (prior success))
[2026-08-15 19:00:36.651] build_binding_python       skip  (verdict marker (prior success))
[2026-08-15 19:00:36.651] build_binding_python_inspect  skip  (verdict marker (prior success))
[2026-08-15 19:00:36.651] probe_binding_python       skip  (verdict marker (prior xfail) [c1])
[2026-08-15 19:00:36.651] probe_binding_python_inspect  skip  (verdict marker (prior success))
[2026-08-15 19:00:36.651] probe_lib                  skip  (verdict marker (prior success))
[2026-08-15 19:00:36.651] *                          graph_end  (13/13 completed)
[2026-08-15 19:00:36.652] *                          diagram  (_out/canary/projects/tiny1/symbol_missing/-run/diagrams/all.mmd)
[2026-08-15 19:00:36.652] *                          diagram  (_out/canary/projects/tiny1/symbol_missing/-run/diagrams/full.mmd)
[2026-08-15 19:00:36.652] *                          view  (lib (2 steps))
[2026-08-15 19:00:36.652] *                          view  (probes (5 steps))
[2026-08-15 19:00:36.652] *                          view  (binding_ocaml (4 steps))
[2026-08-15 19:00:36.654] *                          view  (binding_python (4 steps))
[2026-08-15 19:00:36.655] *                          html  (_out/canary/projects/tiny1/symbol_missing/-run/result.html)
[2026-08-15 19:00:36.655] *                          index  (_out/canary/projects/index.html)
[2026-08-15 19:00:36.655] *                          invariant  (full.mmd: OK (13 nodes, 13 IDs))
[2026-08-15 19:00:36.656] !                          invariant  (binding_ocaml.mmd: missing [2])
[2026-08-15 19:00:36.656] !                          invariant  (SOME FAILED)
[2026-08-16 17:44:31.053] *                          variant_start  (source-vendored-stable_lib-vendored-stable_ocaml_binding-vendored-stable_python_binding-vendored-stable_python_binding-vendored-stable_app-vendored-stable_app-vendored-stable)
[2026-08-16 17:44:31.053] *                          graph_start  (13 steps)
[2026-08-16 17:44:31.053] configure                  skip  (verdict marker (prior success))
[2026-08-16 17:44:31.053] scan_sources               skip  (verdict marker (prior success))
[2026-08-16 17:44:31.053] build_lib                  skip  (verdict marker (prior success))
[2026-08-16 17:44:31.053] build_lib_inspect          skip  (verdict marker (prior success))
[2026-08-16 17:44:31.053] build_binding_ocaml        skip  (verdict marker (prior success))
[2026-08-16 17:44:31.054] build_binding_ocaml_inspect  skip  (verdict marker (prior success))
[2026-08-16 17:44:31.054] probe_binding_ocaml        skip  (verdict marker (prior xfail) [c1])
[2026-08-16 17:44:31.054] probe_binding_ocaml_inspect  skip  (verdict marker (prior success))
[2026-08-16 17:44:31.054] build_binding_python       skip  (verdict marker (prior success))
[2026-08-16 17:44:31.054] build_binding_python_inspect  skip  (verdict marker (prior success))
[2026-08-16 17:44:31.054] probe_binding_python       skip  (verdict marker (prior xfail) [c1])
[2026-08-16 17:44:31.054] probe_binding_python_inspect  skip  (verdict marker (prior success))
[2026-08-16 17:44:31.054] probe_lib                  skip  (verdict marker (prior success))
[2026-08-16 17:44:31.054] *                          graph_end  (13/13 completed)
[2026-08-16 17:44:31.054] *                          diagram  (_out/canary/projects/tiny1/symbol_missing/-run/diagrams/all.mmd)
[2026-08-16 17:44:31.055] *                          diagram  (_out/canary/projects/tiny1/symbol_missing/-run/diagrams/full.mmd)
[2026-08-16 17:44:31.055] *                          view  (lib (2 steps))
[2026-08-16 17:44:31.055] *                          view  (probes (5 steps))
[2026-08-16 17:44:31.057] *                          view  (binding_ocaml (4 steps))
[2026-08-16 17:44:31.057] *                          view  (binding_python (4 steps))
[2026-08-16 17:44:31.058] *                          html  (_out/canary/projects/tiny1/symbol_missing/-run/result.html)
[2026-08-16 17:44:31.059] *                          index  (_out/canary/projects/index.html)
[2026-08-16 17:44:31.059] *                          invariant  (full.mmd: OK (13 nodes, 13 IDs))
[2026-08-16 17:44:31.059] !                          invariant  (binding_ocaml.mmd: missing [2])
[2026-08-16 17:44:31.059] !                          invariant  (SOME FAILED)
[2026-08-16 19:15:59.821] *                          variant_start  (source-vendored-stable_lib-vendored-stable_ocaml_binding-vendored-stable_python_binding-vendored-stable_python_binding-vendored-stable_app-vendored-stable_app-vendored-stable)
[2026-08-16 19:15:59.821] *                          graph_start  (13 steps)
[2026-08-16 19:15:59.821] configure                  skip  (verdict marker (prior success))
[2026-08-16 19:15:59.822] scan_sources               skip  (verdict marker (prior success))
[2026-08-16 19:15:59.822] build_lib                  skip  (verdict marker (prior success))
[2026-08-16 19:15:59.822] build_lib_inspect          skip  (verdict marker (prior success))
[2026-08-16 19:15:59.822] build_binding_ocaml        skip  (verdict marker (prior success))
[2026-08-16 19:15:59.822] build_binding_ocaml_inspect  skip  (verdict marker (prior success))
[2026-08-16 19:15:59.822] probe_binding_ocaml        skip  (verdict marker (prior xfail) [c1])
[2026-08-16 19:15:59.822] probe_binding_ocaml_inspect  skip  (verdict marker (prior success))
[2026-08-16 19:15:59.822] build_binding_python       skip  (verdict marker (prior success))
[2026-08-16 19:15:59.822] build_binding_python_inspect  skip  (verdict marker (prior success))
[2026-08-16 19:15:59.823] probe_binding_python       skip  (verdict marker (prior xfail) [c1])
[2026-08-16 19:15:59.823] probe_binding_python_inspect  skip  (verdict marker (prior success))
[2026-08-16 19:15:59.823] probe_lib                  skip  (verdict marker (prior success))
[2026-08-16 19:15:59.823] *                          graph_end  (13/13 completed)
[2026-08-16 19:15:59.823] *                          diagram  (_out/canary/projects/tiny1/symbol_missing/-run/diagrams/all.mmd)
[2026-08-16 19:15:59.823] *                          diagram  (_out/canary/projects/tiny1/symbol_missing/-run/diagrams/full.mmd)
[2026-08-16 19:15:59.823] *                          view  (lib (2 steps))
[2026-08-16 19:15:59.824] *                          view  (probes (5 steps))
[2026-08-16 19:15:59.825] *                          view  (binding_ocaml (4 steps))
[2026-08-16 19:15:59.825] *                          view  (binding_python (4 steps))
[2026-08-16 19:15:59.826] *                          html  (_out/canary/projects/tiny1/symbol_missing/-run/result.html)
[2026-08-16 19:15:59.827] *                          index  (_out/canary/projects/index.html)
[2026-08-16 19:15:59.827] *                          invariant  (full.mmd: OK (13 nodes, 13 IDs))
[2026-08-16 19:15:59.827] !                          invariant  (binding_ocaml.mmd: missing [2])
[2026-08-16 19:15:59.827] !                          invariant  (SOME FAILED)
[2026-08-17 02:04:25.939] *                          variant_start  (source-vendored-stable_lib-vendored-stable_ocaml_binding-vendored-stable_python_binding-vendored-stable_python_binding-vendored-stable_app-vendored-stable_app-vendored-stable)
[2026-08-17 02:04:25.939] *                          graph_start  (13 steps)
[2026-08-17 02:04:25.939] configure                  skip  (verdict marker (prior success))
[2026-08-17 02:04:25.939] scan_sources               skip  (verdict marker (prior success))
[2026-08-17 02:04:25.939] build_lib                  skip  (verdict marker (prior success))
[2026-08-17 02:04:25.939] build_lib_inspect          skip  (verdict marker (prior success))
[2026-08-17 02:04:25.939] build_binding_ocaml        skip  (verdict marker (prior success))
[2026-08-17 02:04:25.939] build_binding_ocaml_inspect  skip  (verdict marker (prior success))
[2026-08-17 02:04:25.940] probe_binding_ocaml        skip  (verdict marker (prior xfail) [c1])
[2026-08-17 02:04:25.940] probe_binding_ocaml_inspect  skip  (verdict marker (prior success))
[2026-08-17 02:04:25.940] build_binding_python       skip  (verdict marker (prior success))
[2026-08-17 02:04:25.940] build_binding_python_inspect  skip  (verdict marker (prior success))
[2026-08-17 02:04:25.940] probe_binding_python       skip  (verdict marker (prior xfail) [c1])
[2026-08-17 02:04:25.940] probe_binding_python_inspect  skip  (verdict marker (prior success))
[2026-08-17 02:04:25.940] probe_lib                  skip  (verdict marker (prior success))
[2026-08-17 02:04:25.940] *                          graph_end  (13/13 completed)
[2026-08-17 02:04:25.940] *                          diagram  (_out/canary/projects/tiny1/symbol_missing/-run/diagrams/all.mmd)
[2026-08-17 02:04:25.940] *                          diagram  (_out/canary/projects/tiny1/symbol_missing/-run/diagrams/full.mmd)
[2026-08-17 02:04:25.941] *                          view  (lib (2 steps))
[2026-08-17 02:04:25.941] *                          view  (probes (5 steps))
[2026-08-17 02:04:25.942] *                          view  (binding_ocaml (4 steps))
[2026-08-17 02:04:25.942] *                          view  (binding_python (4 steps))
[2026-08-17 02:04:25.943] *                          html  (_out/canary/projects/tiny1/symbol_missing/-run/result.html)
[2026-08-17 02:04:25.944] *                          index  (_out/canary/projects/index.html)
[2026-08-17 02:04:25.944] *                          invariant  (full.mmd: OK (13 nodes, 13 IDs))
[2026-08-17 02:04:25.944] !                          invariant  (binding_ocaml.mmd: missing [2])
[2026-08-17 02:04:25.944] !                          invariant  (SOME FAILED)
[2026-08-19 00:21:00.800] *                          variant_start  (source-vendored-stable_lib-vendored-stable_ocaml_binding-vendored-stable_python_binding-vendored-stable_python_binding-vendored-stable_app-vendored-stable_app-vendored-stable)
[2026-08-19 00:21:00.800] *                          graph_start  (13 steps)
[2026-08-19 00:21:00.800] configure                  marker_stale  (spec changed since the marker — re-running)
[2026-08-19 00:21:00.800] scan_sources               marker_stale  (spec changed since the marker — re-running)
[2026-08-19 00:21:00.801] build_lib                  marker_stale  (spec changed since the marker — re-running)
[2026-08-19 00:21:00.801] build_lib_inspect          marker_stale  (spec changed since the marker — re-running)
[2026-08-19 00:21:00.801] build_binding_ocaml        marker_stale  (spec changed since the marker — re-running)
[2026-08-19 00:21:00.801] build_binding_ocaml_inspect  marker_stale  (spec changed since the marker — re-running)
[2026-08-19 00:21:00.801] probe_binding_ocaml        marker_stale  (spec changed since the marker — re-running)
[2026-08-19 00:21:00.802] probe_binding_ocaml_inspect  marker_stale  (spec changed since the marker — re-running)
[2026-08-19 00:21:00.802] build_binding_python       marker_stale  (spec changed since the marker — re-running)
[2026-08-19 00:21:00.802] build_binding_python_inspect  marker_stale  (spec changed since the marker — re-running)
[2026-08-19 00:21:00.802] probe_binding_python       marker_stale  (spec changed since the marker — re-running)
[2026-08-19 00:21:00.802] probe_binding_python_inspect  marker_stale  (spec changed since the marker — re-running)
[2026-08-19 00:21:00.802] probe_lib                  marker_stale  (spec changed since the marker — re-running)
[2026-08-19 00:21:00.802] configure                  check_pre  (pass)
[2026-08-19 00:21:00.804] configure                  cmd  (test -d _out/canary/tiny/scenarios/_cache/symbol_missing/workspace/c/build || { echo 'lib_dir missing: _out/canary/tiny/scenarios/_cache/symbol_missing/workspace/c/build'; exit 1; } && echo 'ok' > /home/red/code/research/tola/_out/canary/projects/tiny1/symbol_missing/configure/conf_source-vendored-stable_lib-vendored-stable_ocaml_binding-vendored-stable_python_binding-vendored-stable_python_binding-vendored-stable_app-vendored-stable_app-vendored-stable.ok)
[2026-08-19 00:21:00.806] configure                  detect  (ok, output present)
[2026-08-19 00:21:00.806] configure                  check_post  (pass)
[2026-08-19 00:21:00.806] configure                  done
[2026-08-19 00:21:00.808] scan_sources               check_pre  (pass)
[2026-08-19 00:21:00.810] scan_sources               cmd  (python3 canary/scripts/inspect_tiny_typed.py --layer header --path _out/canary/tiny/scenarios/_cache/symbol_missing/workspace/c/include/tiny.h > /home/red/code/research/tola/_out/canary/projects/tiny1/symbol_missing/scan_sources/inspect_typed_header_source-vendored-stable_lib-vendored-stable_ocaml_binding-vendored-stable_python_binding-vendored-stable_python_binding-vendored-stable_app-vendored-stable_app-vendored-stable.json && python3 canary/scripts/inspect_tiny_typed.py --layer stub_ocaml --path _out/canary/tiny/scenarios/_cache/symbol_missing/workspace/ocaml/tiny_raw.mli > /home/red/code/research/tola/_out/canary/projects/tiny1/symbol_missing/scan_sources/inspect_typed_binding_stub_ocaml_source-vendored-stable_lib-vendored-stable_ocaml_binding-vendored-stable_python_binding-vendored-stable_python_binding-vendored-stable_app-vendored-stable_app-vendored-stable.json && python3 canary/scripts/inspect_tiny_typed.py --layer user_ocaml --path _out/canary/tiny/scenarios/_cache/symbol_missing/workspace/ocaml/tiny.mli > /home/red/code/research/tola/_out/canary/projects/tiny1/symbol_missing/scan_sources/inspect_typed_binding_user_ocaml_source-vendored-stable_lib-vendored-stable_ocaml_binding-vendored-stable_python_binding-vendored-stable_python_binding-vendored-stable_app-vendored-stable_app-vendored-stable.json && python3 canary/scripts/inspect_tiny_typed.py --layer stub_python --path _out/canary/tiny/scenarios/_cache/symbol_missing/workspace/python_cext/tiny_cext/_native.c > /home/red/code/research/tola/_out/canary/projects/tiny1/symbol_missing/scan_sources/inspect_typed_binding_stub_python_source-vendored-stable_lib-vendored-stable_ocaml_binding-vendored-stable_python_binding-vendored-stable_python_binding-vendored-stable_app-vendored-stable_app-vendored-stable.json && python3 canary/scripts/inspect_tiny_typed.py --layer user_python --path _out/canary/tiny/scenarios/_cache/symbol_missing/workspace/python_cext/tiny_cext/__init__.py > /home/red/code/research/tola/_out/canary/projects/tiny1/symbol_missing/scan_sources/inspect_typed_binding_user_python_source-vendored-stable_lib-vendored-stable_ocaml_binding-vendored-stable_python_binding-vendored-stable_python_binding-vendored-stable_app-vendored-stable_app-vendored-stable.json && echo 'ok' > /home/red/code/research/tola/_out/canary/projects/tiny1/symbol_missing/scan_sources/scan_source-vendored-stable_lib-vendored-stable_ocaml_binding-vendored-stable_python_binding-vendored-stable_python_binding-vendored-stable_app-vendored-stable_app-vendored-stable.ok)
[2026-08-19 00:21:00.998] scan_sources               detect  (ok, output present)
[2026-08-19 00:21:00.998] scan_sources               check_post  (pass)
[2026-08-19 00:21:00.998] scan_sources               done
[2026-08-19 00:21:01.000] build_lib                  check_pre  (pass)
[2026-08-19 00:21:01.002] build_lib                  cmd  (test -f _out/canary/tiny/scenarios/_cache/symbol_missing/workspace/c/build/libtiny.so.1 || { mkdir -p _out/canary/tiny/scenarios/_cache/symbol_missing/workspace/c/build && gcc -c -fPIC -I_out/canary/tiny/scenarios/_cache/symbol_missing/workspace/c/include _out/canary/tiny/scenarios/_cache/symbol_missing/workspace/c/src/tiny.c -o _out/canary/tiny/scenarios/_cache/symbol_missing/workspace/c/build/tiny.o && gcc -shared -fPIC -Wl,-soname,libtiny.so.1 -Wl,--version-script=_out/canary/tiny/scenarios/_cache/symbol_missing/workspace/c/tiny.map _out/canary/tiny/scenarios/_cache/symbol_missing/workspace/c/build/tiny.o -o _out/canary/tiny/scenarios/_cache/symbol_missing/workspace/c/build/libtiny.so.1.0 && ln -sf libtiny.so.1.0 _out/canary/tiny/scenarios/_cache/symbol_missing/workspace/c/build/libtiny.so.1 && ln -sf libtiny.so.1 _out/canary/tiny/scenarios/_cache/symbol_missing/workspace/c/build/libtiny.so ; } && echo 'ok' > /home/red/code/research/tola/_out/canary/projects/tiny1/symbol_missing/build_lib/build_source-vendored-stable_lib-vendored-stable_ocaml_binding-vendored-stable_python_binding-vendored-stable_python_binding-vendored-stable_app-vendored-stable_app-vendored-stable.ok)
[2026-08-19 00:21:01.003] build_lib                  detect  (ok, output present)
[2026-08-19 00:21:01.003] build_lib                  check_post  (pass)
[2026-08-19 00:21:01.003] build_lib                  done
[2026-08-19 00:21:01.005] build_lib_inspect          check_pre  (pass)
[2026-08-19 00:21:01.007] build_lib_inspect          cmd  (nm -D "_out/canary/tiny/scenarios/_cache/symbol_missing/workspace/c/build/libtiny.so.1" 2>/dev/null \
  | python3 canary/scripts/inspect_native.py --emit-symbols --elf --path "_out/canary/tiny/scenarios/_cache/symbol_missing/workspace/c/build/libtiny.so.1" --prefixes 'tiny_' --watchlist 'tiny_sum,tiny_diff,tiny_offset' \
  > /home/red/code/research/tola/_out/canary/projects/tiny1/symbol_missing/build_lib/inspect_source-vendored-stable_lib-vendored-stable_ocaml_binding-vendored-stable_python_binding-vendored-stable_python_binding-vendored-stable_app-vendored-stable_app-vendored-stable.json)
[2026-08-19 00:21:01.059] build_lib_inspect          detect  (ok, output present)
[2026-08-19 00:21:01.059] build_lib_inspect          check_post  (pass)
[2026-08-19 00:21:01.059] build_lib_inspect          done
[2026-08-19 00:21:01.062] build_binding_ocaml        check_pre  (pass)
[2026-08-19 00:21:01.063] build_binding_ocaml        cmd  ((LIBRARY_PATH=$PWD/_out/canary/tiny/scenarios/_cache/symbol_missing/workspace/c/build LD_RUN_PATH=$PWD/_out/canary/tiny/scenarios/_cache/symbol_missing/workspace/c/build dune build --root _out/canary/tiny/scenarios/_cache/symbol_missing/workspace ocaml/tiny.cmxa ocaml/libtiny_stubs.a) > /home/red/code/research/tola/_out/canary/projects/tiny1/symbol_missing/build_binding/ocaml/build_source-vendored-stable_lib-vendored-stable_ocaml_binding-vendored-stable_python_binding-vendored-stable_python_binding-vendored-stable_app-vendored-stable_app-vendored-stable.log 2>&1 && echo 'ok' > /home/red/code/research/tola/_out/canary/projects/tiny1/symbol_missing/build_binding/ocaml/build_source-vendored-stable_lib-vendored-stable_ocaml_binding-vendored-stable_python_binding-vendored-stable_python_binding-vendored-stable_app-vendored-stable_app-vendored-stable.ok)
[2026-08-19 00:21:01.099] build_binding_ocaml        detect  (ok, output present)
[2026-08-19 00:21:01.099] build_binding_ocaml        compat_predicted  (no contract fired)
[2026-08-19 00:21:01.099] build_binding_ocaml        contract_skipped  (c3 cmp_behavior: disabled in registry (blocked))
[2026-08-19 00:21:01.099] build_binding_ocaml        contract_skipped  (c7 api_sound_repack: disabled in registry (stubbed))
[2026-08-19 00:21:01.099] build_binding_ocaml        contract_skipped  (c8 cmp_api_faithfulness: disabled in registry (stubbed))
[2026-08-19 00:21:01.099] build_binding_ocaml        done  (no compat failure predicted; success expected)
[2026-08-19 00:21:01.101] build_binding_ocaml_inspect  check_pre  (pass)
[2026-08-19 00:21:01.103] build_binding_ocaml_inspect  cmd  (python3 canary/scripts/inspect_binding.py --kind stub --path _out/canary/tiny/scenarios/_cache/symbol_missing/workspace/_build/default/ocaml/libtiny_stubs.a --prefix tiny_ > /home/red/code/research/tola/_out/canary/projects/tiny1/symbol_missing/build_binding/ocaml/inspect_source-vendored-stable_lib-vendored-stable_ocaml_binding-vendored-stable_python_binding-vendored-stable_python_binding-vendored-stable_app-vendored-stable_app-vendored-stable.json && python3 canary/scripts/inspect_binding.py --kind mli --module-prefix Tiny --path _out/canary/tiny/scenarios/_cache/symbol_missing/workspace/ocaml/tiny.mli --watchlist 'Tiny,Tiny.sum,Tiny.diff,Tiny.offset' > /home/red/code/research/tola/_out/canary/projects/tiny1/symbol_missing/build_binding/ocaml/inspect_mli_source-vendored-stable_lib-vendored-stable_ocaml_binding-vendored-stable_python_binding-vendored-stable_python_binding-vendored-stable_app-vendored-stable_app-vendored-stable.json)
[2026-08-19 00:21:01.229] build_binding_ocaml_inspect  detect  (ok, output present)
[2026-08-19 00:21:01.229] build_binding_ocaml_inspect  check_post  (pass)
[2026-08-19 00:21:01.229] build_binding_ocaml_inspect  done
[2026-08-19 00:21:01.231] probe_binding_ocaml        check_pre  (pass)
[2026-08-19 00:21:01.233] probe_binding_ocaml        cmd  ((LIBRARY_PATH=$PWD/_out/canary/tiny/scenarios/_cache/symbol_missing/workspace/c/build LD_RUN_PATH=$PWD/_out/canary/tiny/scenarios/_cache/symbol_missing/workspace/c/build dune build --root _out/canary/tiny/scenarios/_cache/symbol_missing/workspace ocaml/examples/probe_baseline.exe && LD_LIBRARY_PATH=$PWD/_out/canary/tiny/scenarios/_cache/symbol_missing/workspace/c/build _out/canary/tiny/scenarios/_cache/symbol_missing/workspace/_build/default/ocaml/examples/probe_baseline.exe) > /home/red/code/research/tola/_out/canary/projects/tiny1/symbol_missing/probe_binding/ocaml/probe_source-vendored-stable_lib-vendored-stable_ocaml_binding-vendored-stable_python_binding-vendored-stable_python_binding-vendored-stable_app-vendored-stable_app-vendored-stable.log 2>&1)
[2026-08-19 00:21:01.354] probe_binding_ocaml        cmd_fail  (exit 1)
[2026-08-19 00:21:01.355] probe_binding_ocaml        detect  (error, output present)
[2026-08-19 00:21:01.355] probe_binding_ocaml        compat_predicted  (c1 cmp_symbol: 1 substring(s))
[2026-08-19 00:21:01.355] probe_binding_ocaml        contract_skipped  (c3 cmp_behavior: disabled in registry (blocked))
[2026-08-19 00:21:01.355] probe_binding_ocaml        contract_skipped  (c7 api_sound_repack: disabled in registry (stubbed))
[2026-08-19 00:21:01.355] probe_binding_ocaml        contract_skipped  (c8 cmp_api_faithfulness: disabled in registry (stubbed))
[2026-08-19 00:21:01.355] probe_binding_ocaml        done  (expected failure confirmed (derived) [c1])
[2026-08-19 00:21:01.358] probe_binding_ocaml_inspect  check_pre  (pass)
[2026-08-19 00:21:01.360] probe_binding_ocaml_inspect  cmd  (python3 canary/scripts/inspect_binding.py --kind mli --module-prefix Tiny --path _out/canary/tiny/scenarios/_cache/symbol_missing/workspace/ocaml/tiny.mli --watchlist 'Tiny,Tiny.sum,Tiny.diff,Tiny.offset' > /home/red/code/research/tola/_out/canary/projects/tiny1/symbol_missing/probe_binding/ocaml/inspect_source-vendored-stable_lib-vendored-stable_ocaml_binding-vendored-stable_python_binding-vendored-stable_python_binding-vendored-stable_app-vendored-stable_app-vendored-stable.json)
[2026-08-19 00:21:01.401] probe_binding_ocaml_inspect  detect  (ok, output present)
[2026-08-19 00:21:01.401] probe_binding_ocaml_inspect  check_post  (pass)
[2026-08-19 00:21:01.401] probe_binding_ocaml_inspect  done
[2026-08-19 00:21:01.403] build_binding_python       check_pre  (pass)
[2026-08-19 00:21:01.405] build_binding_python       cmd  (ls _out/canary/tiny/scenarios/_cache/symbol_missing/workspace/python_cext/tiny_cext/_native.cpython-*.so > /dev/null && echo 'ok' > /home/red/code/research/tola/_out/canary/projects/tiny1/symbol_missing/build_binding/python/build_source-vendored-stable_lib-vendored-stable_ocaml_binding-vendored-stable_python_binding-vendored-stable_python_binding-vendored-stable_app-vendored-stable_app-vendored-stable.ok)
[2026-08-19 00:21:01.407] build_binding_python       detect  (ok, output present)
[2026-08-19 00:21:01.407] build_binding_python       check_post  (pass)
[2026-08-19 00:21:01.407] build_binding_python       done
[2026-08-19 00:21:01.409] build_binding_python_inspect  check_pre  (pass)
[2026-08-19 00:21:01.411] build_binding_python_inspect  cmd  (python3 canary/scripts/inspect_binding.py --kind stub --path _out/canary/tiny/scenarios/_cache/symbol_missing/workspace/python_cext/tiny_cext/_native.cpython-*.so --prefix tiny_ > /home/red/code/research/tola/_out/canary/projects/tiny1/symbol_missing/build_binding/python/inspect_source-vendored-stable_lib-vendored-stable_ocaml_binding-vendored-stable_python_binding-vendored-stable_python_binding-vendored-stable_app-vendored-stable_app-vendored-stable.json && LD_LIBRARY_PATH=$PWD/_out/canary/tiny/scenarios/_cache/symbol_missing/workspace/c/build PYTHONPATH=_out/canary/tiny/scenarios/_cache/symbol_missing/workspace/python_cext python3 canary/scripts/inspect_python.py --pkg tiny_cext --watchlist 'sum,diff,offset' > /home/red/code/research/tola/_out/canary/projects/tiny1/symbol_missing/build_binding/python/inspect_attrs_source-vendored-stable_lib-vendored-stable_ocaml_binding-vendored-stable_python_binding-vendored-stable_python_binding-vendored-stable_app-vendored-stable_app-vendored-stable.json)
[2026-08-19 00:21:01.537] build_binding_python_inspect  detect  (ok, output present)
[2026-08-19 00:21:01.537] build_binding_python_inspect  check_post  (pass)
[2026-08-19 00:21:01.537] build_binding_python_inspect  done
[2026-08-19 00:21:01.539] probe_binding_python       check_pre  (pass)
[2026-08-19 00:21:01.541] probe_binding_python       cmd  (LD_LIBRARY_PATH=$PWD/_out/canary/tiny/scenarios/_cache/symbol_missing/workspace/c/build PYTHONPATH=_out/canary/tiny/scenarios/_cache/symbol_missing/workspace/python_cext python3 _out/canary/tiny/scenarios/_cache/symbol_missing/workspace/python_cext/examples/probe_baseline.py > /home/red/code/research/tola/_out/canary/projects/tiny1/symbol_missing/probe_binding/python/probe_source-vendored-stable_lib-vendored-stable_ocaml_binding-vendored-stable_python_binding-vendored-stable_python_binding-vendored-stable_app-vendored-stable_app-vendored-stable.log 2>&1)
[2026-08-19 00:21:01.574] probe_binding_python       cmd_fail  (exit 1)
[2026-08-19 00:21:01.574] probe_binding_python       detect  (error, output present)
[2026-08-19 00:21:01.574] probe_binding_python       compat_predicted  (c1 cmp_symbol: 1 substring(s))
[2026-08-19 00:21:01.574] probe_binding_python       contract_skipped  (c3 cmp_behavior: disabled in registry (blocked))
[2026-08-19 00:21:01.574] probe_binding_python       contract_skipped  (c7 api_sound_repack: disabled in registry (stubbed))
[2026-08-19 00:21:01.574] probe_binding_python       contract_skipped  (c8 cmp_api_faithfulness: disabled in registry (stubbed))
[2026-08-19 00:21:01.575] probe_binding_python       done  (expected failure confirmed (derived) [c1])
[2026-08-19 00:21:01.577] probe_binding_python_inspect  check_pre  (pass)
[2026-08-19 00:21:01.579] probe_binding_python_inspect  cmd  (LD_LIBRARY_PATH=$PWD/_out/canary/tiny/scenarios/_cache/symbol_missing/workspace/c/build PYTHONPATH=_out/canary/tiny/scenarios/_cache/symbol_missing/workspace/python_cext python3 canary/scripts/inspect_python.py --pkg tiny_cext --watchlist 'sum,diff,offset' > /home/red/code/research/tola/_out/canary/projects/tiny1/symbol_missing/probe_binding/python/inspect_source-vendored-stable_lib-vendored-stable_ocaml_binding-vendored-stable_python_binding-vendored-stable_python_binding-vendored-stable_app-vendored-stable_app-vendored-stable.json)
[2026-08-19 00:21:01.614] probe_binding_python_inspect  detect  (ok, output present)
[2026-08-19 00:21:01.614] probe_binding_python_inspect  check_post  (pass)
[2026-08-19 00:21:01.614] probe_binding_python_inspect  done
[2026-08-19 00:21:01.617] probe_lib                  check_pre  (pass)
[2026-08-19 00:21:01.618] probe_lib                  cmd  (nm -D _out/canary/tiny/scenarios/_cache/symbol_missing/workspace/c/build/libtiny.so.1 | grep -E '^[0-9a-f]+ T tiny_' > /home/red/code/research/tola/_out/canary/projects/tiny1/symbol_missing/probe_lib/probe_source-vendored-stable_lib-vendored-stable_ocaml_binding-vendored-stable_python_binding-vendored-stable_python_binding-vendored-stable_app-vendored-stable_app-vendored-stable.log 2>&1)
[2026-08-19 00:21:01.663] probe_lib                  detect  (ok, output present)
[2026-08-19 00:21:01.663] probe_lib                  check_post  (pass)
[2026-08-19 00:21:01.663] probe_lib                  done
[2026-08-19 00:21:01.665] *                          graph_end  (13/13 completed)
[2026-08-19 00:21:01.665] *                          diagram  (_out/canary/projects/tiny1/symbol_missing/-run/diagrams/all.mmd)
[2026-08-19 00:21:01.666] *                          diagram  (_out/canary/projects/tiny1/symbol_missing/-run/diagrams/full.mmd)
[2026-08-19 00:21:01.666] *                          view  (lib (2 steps))
[2026-08-19 00:21:01.666] *                          view  (probes (5 steps))
[2026-08-19 00:21:01.666] *                          view  (binding_ocaml (4 steps))
[2026-08-19 00:21:01.666] *                          view  (binding_python (4 steps))
[2026-08-19 00:21:01.668] *                          html  (_out/canary/projects/tiny1/symbol_missing/-run/result.html)
[2026-08-19 00:21:01.669] *                          index  (_out/canary/projects/index.html)
[2026-08-19 00:21:01.669] *                          invariant  (full.mmd: OK (13 nodes, 13 IDs))
[2026-08-19 00:21:01.669] !                          invariant  (binding_ocaml.mmd: missing [2])
[2026-08-19 00:21:01.669] !                          invariant  (SOME FAILED)
[2026-08-20 02:21:14.291] *                          variant_start  (source-vendored-stable_lib-vendored-stable_ocaml_binding-vendored-stable_python_binding-vendored-stable_python_binding-vendored-stable_app-vendored-stable_app-vendored-stable)
[2026-08-20 02:21:14.293] *                          graph_start  (13 steps)
[2026-08-20 02:21:14.295] configure                  warm_gate  (marker + fingerprint + check_post passed)
[2026-08-20 02:21:14.295] configure                  skip  (verdict marker (prior success))
[2026-08-20 02:21:14.296] scan_sources               warm_gate  (marker + fingerprint + check_post passed)
[2026-08-20 02:21:14.296] scan_sources               skip  (verdict marker (prior success))
[2026-08-20 02:21:14.296] build_lib                  warm_gate  (marker + fingerprint + check_post passed)
[2026-08-20 02:21:14.296] build_lib                  skip  (verdict marker (prior success))
[2026-08-20 02:21:14.297] build_lib_inspect          warm_gate  (marker + fingerprint + check_post passed)
[2026-08-20 02:21:14.297] build_lib_inspect          skip  (verdict marker (prior success))
[2026-08-20 02:21:14.297] build_binding_ocaml        warm_gate  (marker + fingerprint + check_post passed)
[2026-08-20 02:21:14.297] build_binding_ocaml        skip  (verdict marker (prior success))
[2026-08-20 02:21:14.297] build_binding_ocaml_inspect  warm_gate  (marker + fingerprint + check_post passed)
[2026-08-20 02:21:14.297] build_binding_ocaml_inspect  skip  (verdict marker (prior success))
[2026-08-20 02:21:14.297] probe_binding_ocaml        warm_gate  (marker + fingerprint + check_post passed)
[2026-08-20 02:21:14.297] probe_binding_ocaml        skip  (verdict marker (prior xfail) [c1])
[2026-08-20 02:21:14.298] probe_binding_ocaml_inspect  warm_gate  (marker + fingerprint + check_post passed)
[2026-08-20 02:21:14.298] probe_binding_ocaml_inspect  skip  (verdict marker (prior success))
[2026-08-20 02:21:14.298] build_binding_python       warm_gate  (marker + fingerprint + check_post passed)
[2026-08-20 02:21:14.298] build_binding_python       skip  (verdict marker (prior success))
[2026-08-20 02:21:14.299] build_binding_python_inspect  warm_gate  (marker + fingerprint + check_post passed)
[2026-08-20 02:21:14.299] build_binding_python_inspect  skip  (verdict marker (prior success))
[2026-08-20 02:21:14.299] probe_binding_python       warm_gate  (marker + fingerprint + check_post passed)
[2026-08-20 02:21:14.299] probe_binding_python       skip  (verdict marker (prior xfail) [c1])
[2026-08-20 02:21:14.299] probe_binding_python_inspect  warm_gate  (marker + fingerprint + check_post passed)
[2026-08-20 02:21:14.299] probe_binding_python_inspect  skip  (verdict marker (prior success))
[2026-08-20 02:21:14.299] probe_lib                  warm_gate  (marker + fingerprint + check_post passed)
[2026-08-20 02:21:14.299] probe_lib                  skip  (verdict marker (prior success))
[2026-08-20 02:21:14.299] *                          graph_end  (13/13 completed)
[2026-08-20 02:21:14.300] *                          diagram  (_out/canary/projects/tiny1/symbol_missing/-run/diagrams/all.mmd)
[2026-08-20 02:21:14.300] *                          diagram  (_out/canary/projects/tiny1/symbol_missing/-run/diagrams/full.mmd)
[2026-08-20 02:21:14.300] *                          view  (lib (2 steps))
[2026-08-20 02:21:14.301] *                          view  (probes (5 steps))
[2026-08-20 02:21:14.301] *                          view  (binding_ocaml (4 steps))
[2026-08-20 02:21:14.301] *                          view  (binding_python (4 steps))
[2026-08-20 02:21:14.302] *                          html  (_out/canary/projects/tiny1/symbol_missing/-run/result.html)
[2026-08-20 02:21:14.303] *                          index  (_out/canary/projects/index.html)
[2026-08-20 02:21:14.303] *                          invariant  (full.mmd: OK (13 nodes, 13 IDs))
[2026-08-20 02:21:14.304] !                          invariant  (binding_ocaml.mmd: missing [2])
[2026-08-20 02:21:14.304] !                          invariant  (SOME FAILED)
[2026-08-25 16:32:09.354] *                          variant_start  (source-vendored-stable_lib-vendored-stable_ocaml_binding-vendored-stable_python_binding-vendored-stable_python_binding-vendored-stable_app-vendored-stable_app-vendored-stable)
[2026-08-25 16:32:09.354] *                          graph_start  (13 steps)
[2026-08-25 16:32:09.354] configure                  warm_gate  (marker + fingerprint + check_post passed)
[2026-08-25 16:32:09.354] configure                  skip  (verdict marker (prior success))
[2026-08-25 16:32:09.355] scan_sources               warm_gate  (marker + fingerprint + check_post passed)
[2026-08-25 16:32:09.355] scan_sources               skip  (verdict marker (prior success))
[2026-08-25 16:32:09.355] build_lib                  warm_gate  (marker + fingerprint + check_post passed)
[2026-08-25 16:32:09.355] build_lib                  skip  (verdict marker (prior success))
[2026-08-25 16:32:09.355] build_lib_inspect          warm_gate  (marker + fingerprint + check_post passed)
[2026-08-25 16:32:09.355] build_lib_inspect          skip  (verdict marker (prior success))
[2026-08-25 16:32:09.355] build_binding_ocaml        warm_gate  (marker + fingerprint + check_post passed)
[2026-08-25 16:32:09.355] build_binding_ocaml        skip  (verdict marker (prior success))
[2026-08-25 16:32:09.356] build_binding_ocaml_inspect  warm_gate  (marker + fingerprint + check_post passed)
[2026-08-25 16:32:09.356] build_binding_ocaml_inspect  skip  (verdict marker (prior success))
[2026-08-25 16:32:09.356] probe_binding_ocaml        warm_gate  (marker + fingerprint + check_post passed)
[2026-08-25 16:32:09.356] probe_binding_ocaml        skip  (verdict marker (prior xfail) [c1])
[2026-08-25 16:32:09.356] probe_binding_ocaml_inspect  warm_gate  (marker + fingerprint + check_post passed)
[2026-08-25 16:32:09.356] probe_binding_ocaml_inspect  skip  (verdict marker (prior success))
[2026-08-25 16:32:09.356] build_binding_python       warm_gate  (marker + fingerprint + check_post passed)
[2026-08-25 16:32:09.356] build_binding_python       skip  (verdict marker (prior success))
[2026-08-25 16:32:09.357] build_binding_python_inspect  warm_gate  (marker + fingerprint + check_post passed)
[2026-08-25 16:32:09.357] build_binding_python_inspect  skip  (verdict marker (prior success))
[2026-08-25 16:32:09.357] probe_binding_python       warm_gate  (marker + fingerprint + check_post passed)
[2026-08-25 16:32:09.357] probe_binding_python       skip  (verdict marker (prior xfail) [c1])
[2026-08-25 16:32:09.357] probe_binding_python_inspect  warm_gate  (marker + fingerprint + check_post passed)
[2026-08-25 16:32:09.357] probe_binding_python_inspect  skip  (verdict marker (prior success))
[2026-08-25 16:32:09.357] probe_lib                  warm_gate  (marker + fingerprint + check_post passed)
[2026-08-25 16:32:09.358] probe_lib                  skip  (verdict marker (prior success))
[2026-08-25 16:32:09.358] *                          graph_end  (13/13 completed)
[2026-08-25 16:32:09.358] *                          diagram  (_out/canary/projects/tiny1/symbol_missing/-run/diagrams/all.mmd)
[2026-08-25 16:32:09.359] *                          diagram  (_out/canary/projects/tiny1/symbol_missing/-run/diagrams/full.mmd)
[2026-08-25 16:32:09.359] *                          view  (lib (2 steps))
[2026-08-25 16:32:09.359] *                          view  (probes (5 steps))
[2026-08-25 16:32:09.359] *                          view  (binding_ocaml (4 steps))
[2026-08-25 16:32:09.359] *                          view  (binding_python (4 steps))
[2026-08-25 16:32:09.361] *                          html  (_out/canary/projects/tiny1/symbol_missing/-run/result.html)
[2026-08-25 16:32:09.362] *                          index  (_out/canary/projects/index.html)
[2026-08-25 16:32:09.362] *                          invariant  (full.mmd: OK (13 nodes, 13 IDs))
[2026-08-25 16:32:09.362] !                          invariant  (binding_ocaml.mmd: missing [2])
[2026-08-25 16:32:09.362] !                          invariant  (SOME FAILED)
[2026-08-25 16:59:47.071] *                          variant_start  (source-vendored-stable_lib-vendored-stable_ocaml_binding-vendored-stable_python_binding-vendored-stable_python_binding-vendored-stable_app-vendored-stable_app-vendored-stable)
[2026-08-25 16:59:47.071] *                          graph_start  (13 steps)
[2026-08-25 16:59:47.071] configure                  warm_gate  (marker + fingerprint + check_post passed)
[2026-08-25 16:59:47.071] configure                  skip  (verdict marker (prior success))
[2026-08-25 16:59:47.072] scan_sources               warm_gate  (marker + fingerprint + check_post passed)
[2026-08-25 16:59:47.072] scan_sources               skip  (verdict marker (prior success))
[2026-08-25 16:59:47.072] build_lib                  warm_gate  (marker + fingerprint + check_post passed)
[2026-08-25 16:59:47.072] build_lib                  skip  (verdict marker (prior success))
[2026-08-25 16:59:47.072] build_lib_inspect          warm_gate  (marker + fingerprint + check_post passed)
[2026-08-25 16:59:47.072] build_lib_inspect          skip  (verdict marker (prior success))
[2026-08-25 16:59:47.072] build_binding_ocaml        warm_gate  (marker + fingerprint + check_post passed)
[2026-08-25 16:59:47.072] build_binding_ocaml        skip  (verdict marker (prior success))
[2026-08-25 16:59:47.072] build_binding_ocaml_inspect  warm_gate  (marker + fingerprint + check_post passed)
[2026-08-25 16:59:47.072] build_binding_ocaml_inspect  skip  (verdict marker (prior success))
[2026-08-25 16:59:47.072] probe_binding_ocaml        warm_gate  (marker + fingerprint + check_post passed)
[2026-08-25 16:59:47.072] probe_binding_ocaml        skip  (verdict marker (prior xfail) [c1])
[2026-08-25 16:59:47.072] probe_binding_ocaml_inspect  warm_gate  (marker + fingerprint + check_post passed)
[2026-08-25 16:59:47.072] probe_binding_ocaml_inspect  skip  (verdict marker (prior success))
[2026-08-25 16:59:47.072] build_binding_python       warm_gate  (marker + fingerprint + check_post passed)
[2026-08-25 16:59:47.072] build_binding_python       skip  (verdict marker (prior success))
[2026-08-25 16:59:47.072] build_binding_python_inspect  warm_gate  (marker + fingerprint + check_post passed)
[2026-08-25 16:59:47.072] build_binding_python_inspect  skip  (verdict marker (prior success))
[2026-08-25 16:59:47.072] probe_binding_python       warm_gate  (marker + fingerprint + check_post passed)
[2026-08-25 16:59:47.072] probe_binding_python       skip  (verdict marker (prior xfail) [c1])
[2026-08-25 16:59:47.072] probe_binding_python_inspect  warm_gate  (marker + fingerprint + check_post passed)
[2026-08-25 16:59:47.072] probe_binding_python_inspect  skip  (verdict marker (prior success))
[2026-08-25 16:59:47.072] probe_lib                  warm_gate  (marker + fingerprint + check_post passed)
[2026-08-25 16:59:47.072] probe_lib                  skip  (verdict marker (prior success))
[2026-08-25 16:59:47.072] *                          graph_end  (13/13 completed)
[2026-08-25 16:59:47.072] *                          diagram  (_out/canary/projects/tiny1/symbol_missing/-run/diagrams/all.mmd)
[2026-08-25 16:59:47.073] *                          diagram  (_out/canary/projects/tiny1/symbol_missing/-run/diagrams/full.mmd)
[2026-08-25 16:59:47.073] *                          view  (lib (2 steps))
[2026-08-25 16:59:47.073] *                          view  (probes (5 steps))
[2026-08-25 16:59:47.073] *                          view  (binding_ocaml (4 steps))
[2026-08-25 16:59:47.074] *                          view  (binding_python (4 steps))
[2026-08-25 16:59:47.075] *                          html  (_out/canary/projects/tiny1/symbol_missing/-run/result.html)
[2026-08-25 16:59:47.076] *                          index  (_out/canary/projects/index.html)
[2026-08-25 16:59:47.076] *                          invariant  (full.mmd: OK (13 nodes, 13 IDs))
[2026-08-25 16:59:47.076] !                          invariant  (binding_ocaml.mmd: missing [2])
[2026-08-25 16:59:47.076] !                          invariant  (SOME FAILED)
[2026-08-26 16:35:49.909] *                          variant_start  (source-vendored-stable_lib-vendored-stable_ocaml_binding-vendored-stable_python_binding-vendored-stable_python_binding-vendored-stable_app-vendored-stable_app-vendored-stable)
[2026-08-26 16:35:49.909] *                          graph_start  (13 steps)
[2026-08-26 16:35:49.909] configure                  marker_stale  (spec changed since the marker — re-running)
[2026-08-26 16:35:49.910] scan_sources               marker_stale  (spec changed since the marker — re-running)
[2026-08-26 16:35:49.910] build_lib                  marker_stale  (spec changed since the marker — re-running)
[2026-08-26 16:35:49.910] build_lib_inspect          marker_stale  (spec changed since the marker — re-running)
[2026-08-26 16:35:49.911] build_binding_ocaml        marker_stale  (spec changed since the marker — re-running)
[2026-08-26 16:35:49.911] build_binding_ocaml_inspect  marker_stale  (spec changed since the marker — re-running)
[2026-08-26 16:35:49.911] probe_binding_ocaml        marker_stale  (spec changed since the marker — re-running)
[2026-08-26 16:35:49.912] probe_binding_ocaml_inspect  marker_stale  (spec changed since the marker — re-running)
[2026-08-26 16:35:49.912] build_binding_python       marker_stale  (spec changed since the marker — re-running)
[2026-08-26 16:35:49.912] build_binding_python_inspect  marker_stale  (spec changed since the marker — re-running)
[2026-08-26 16:35:49.912] probe_binding_python       marker_stale  (spec changed since the marker — re-running)
[2026-08-26 16:35:49.913] probe_binding_python_inspect  marker_stale  (spec changed since the marker — re-running)
[2026-08-26 16:35:49.913] probe_lib                  marker_stale  (spec changed since the marker — re-running)
[2026-08-26 16:35:49.913] configure                  check_pre  (pass)
[2026-08-26 16:35:49.915] configure                  cmd  (test -d _out/canary/tiny/scenarios/_cache/symbol_missing/workspace/c/build || { echo 'lib_dir missing: _out/canary/tiny/scenarios/_cache/symbol_missing/workspace/c/build'; exit 1; } && echo 'ok' > /home/red/code/research/tola/_out/canary/projects/tiny1/symbol_missing/configure/conf_source-vendored-stable_lib-vendored-stable_ocaml_binding-vendored-stable_python_binding-vendored-stable_python_binding-vendored-stable_app-vendored-stable_app-vendored-stable.ok)
[2026-08-26 16:35:49.915] configure                  opam_switch  (canary)
[2026-08-26 16:35:49.915] configure                  platform  (wsl_ubuntu)
[2026-08-26 16:35:49.919] configure                  cmd_log  (configure.out_source-vendored-stable_lib-vendored-stable_ocaml_binding-vendored-stable_python_binding-vendored-stable_python_binding-vendored-stable_app-vendored-stable_app-vendored-stable.log)
[2026-08-26 16:35:49.919] configure                  detect  (ok, output present)
[2026-08-26 16:35:49.919] configure                  check_post  (pass)
[2026-08-26 16:35:49.919] configure                  done
[2026-08-26 16:35:49.921] scan_sources               check_pre  (pass)
[2026-08-26 16:35:49.923] scan_sources               cmd  (python3 canary/scripts/inspect_tiny_typed.py --layer header --path _out/canary/tiny/scenarios/_cache/symbol_missing/workspace/c/include/tiny.h > /home/red/code/research/tola/_out/canary/projects/tiny1/symbol_missing/scan_sources/inspect_typed_header_source-vendored-stable_lib-vendored-stable_ocaml_binding-vendored-stable_python_binding-vendored-stable_python_binding-vendored-stable_app-vendored-stable_app-vendored-stable.json && python3 canary/scripts/inspect_tiny_typed.py --layer stub_ocaml --path _out/canary/tiny/scenarios/_cache/symbol_missing/workspace/ocaml/tiny_raw.mli > /home/red/code/research/tola/_out/canary/projects/tiny1/symbol_missing/scan_sources/inspect_typed_binding_stub_ocaml_source-vendored-stable_lib-vendored-stable_ocaml_binding-vendored-stable_python_binding-vendored-stable_python_binding-vendored-stable_app-vendored-stable_app-vendored-stable.json && python3 canary/scripts/inspect_tiny_typed.py --layer user_ocaml --path _out/canary/tiny/scenarios/_cache/symbol_missing/workspace/ocaml/tiny.mli > /home/red/code/research/tola/_out/canary/projects/tiny1/symbol_missing/scan_sources/inspect_typed_binding_user_ocaml_source-vendored-stable_lib-vendored-stable_ocaml_binding-vendored-stable_python_binding-vendored-stable_python_binding-vendored-stable_app-vendored-stable_app-vendored-stable.json && python3 canary/scripts/inspect_tiny_typed.py --layer stub_python --path _out/canary/tiny/scenarios/_cache/symbol_missing/workspace/python_cext/tiny_cext/_native.c > /home/red/code/research/tola/_out/canary/projects/tiny1/symbol_missing/scan_sources/inspect_typed_binding_stub_python_source-vendored-stable_lib-vendored-stable_ocaml_binding-vendored-stable_python_binding-vendored-stable_python_binding-vendored-stable_app-vendored-stable_app-vendored-stable.json && python3 canary/scripts/inspect_tiny_typed.py --layer user_python --path _out/canary/tiny/scenarios/_cache/symbol_missing/workspace/python_cext/tiny_cext/__init__.py > /home/red/code/research/tola/_out/canary/projects/tiny1/symbol_missing/scan_sources/inspect_typed_binding_user_python_source-vendored-stable_lib-vendored-stable_ocaml_binding-vendored-stable_python_binding-vendored-stable_python_binding-vendored-stable_app-vendored-stable_app-vendored-stable.json && echo 'ok' > /home/red/code/research/tola/_out/canary/projects/tiny1/symbol_missing/scan_sources/scan_source-vendored-stable_lib-vendored-stable_ocaml_binding-vendored-stable_python_binding-vendored-stable_python_binding-vendored-stable_app-vendored-stable_app-vendored-stable.ok)
[2026-08-26 16:35:49.923] scan_sources               opam_switch  (canary)
[2026-08-26 16:35:49.923] scan_sources               platform  (wsl_ubuntu)
[2026-08-26 16:35:50.103] scan_sources               cmd_log  (scan_sources.out_source-vendored-stable_lib-vendored-stable_ocaml_binding-vendored-stable_python_binding-vendored-stable_python_binding-vendored-stable_app-vendored-stable_app-vendored-stable.log)
[2026-08-26 16:35:50.103] scan_sources               detect  (ok, output present)
[2026-08-26 16:35:50.103] scan_sources               check_post  (pass)
[2026-08-26 16:35:50.103] scan_sources               done
[2026-08-26 16:35:50.105] build_lib                  check_pre  (pass)
[2026-08-26 16:35:50.108] build_lib                  cmd  (test -f _out/canary/tiny/scenarios/_cache/symbol_missing/workspace/c/build/libtiny.so.1 || { mkdir -p _out/canary/tiny/scenarios/_cache/symbol_missing/workspace/c/build && gcc -c -fPIC -I_out/canary/tiny/scenarios/_cache/symbol_missing/workspace/c/include _out/canary/tiny/scenarios/_cache/symbol_missing/workspace/c/src/tiny.c -o _out/canary/tiny/scenarios/_cache/symbol_missing/workspace/c/build/tiny.o && gcc -shared -fPIC -Wl,-soname,libtiny.so.1 -Wl,--version-script=_out/canary/tiny/scenarios/_cache/symbol_missing/workspace/c/tiny.map _out/canary/tiny/scenarios/_cache/symbol_missing/workspace/c/build/tiny.o -o _out/canary/tiny/scenarios/_cache/symbol_missing/workspace/c/build/libtiny.so.1.0 && ln -sf libtiny.so.1.0 _out/canary/tiny/scenarios/_cache/symbol_missing/workspace/c/build/libtiny.so.1 && ln -sf libtiny.so.1 _out/canary/tiny/scenarios/_cache/symbol_missing/workspace/c/build/libtiny.so ; } && echo 'ok' > /home/red/code/research/tola/_out/canary/projects/tiny1/symbol_missing/build_lib/build_source-vendored-stable_lib-vendored-stable_ocaml_binding-vendored-stable_python_binding-vendored-stable_python_binding-vendored-stable_app-vendored-stable_app-vendored-stable.ok)
[2026-08-26 16:35:50.108] build_lib                  opam_switch  (canary)
[2026-08-26 16:35:50.108] build_lib                  platform  (wsl_ubuntu)
[2026-08-26 16:35:50.113] build_lib                  cmd_log  (build_lib.out_source-vendored-stable_lib-vendored-stable_ocaml_binding-vendored-stable_python_binding-vendored-stable_python_binding-vendored-stable_app-vendored-stable_app-vendored-stable.log)
[2026-08-26 16:35:50.113] build_lib                  detect  (ok, output present)
[2026-08-26 16:35:50.113] build_lib                  check_post  (pass)
[2026-08-26 16:35:50.113] build_lib                  done
[2026-08-26 16:35:50.115] build_lib_inspect          check_pre  (pass)
[2026-08-26 16:35:50.117] build_lib_inspect          cmd  (nm -D "_out/canary/tiny/scenarios/_cache/symbol_missing/workspace/c/build/libtiny.so.1" 2>/dev/null \
  | python3 canary/scripts/inspect_native.py --emit-symbols --elf --path "_out/canary/tiny/scenarios/_cache/symbol_missing/workspace/c/build/libtiny.so.1" --prefixes 'tiny_' --watchlist 'tiny_sum,tiny_diff,tiny_offset' \
  > /home/red/code/research/tola/_out/canary/projects/tiny1/symbol_missing/build_lib/inspect_source-vendored-stable_lib-vendored-stable_ocaml_binding-vendored-stable_python_binding-vendored-stable_python_binding-vendored-stable_app-vendored-stable_app-vendored-stable.json)
[2026-08-26 16:35:50.117] build_lib_inspect          opam_switch  (canary)
[2026-08-26 16:35:50.117] build_lib_inspect          platform  (wsl_ubuntu)
[2026-08-26 16:35:50.169] build_lib_inspect          cmd_log  (build_lib_inspect.out_source-vendored-stable_lib-vendored-stable_ocaml_binding-vendored-stable_python_binding-vendored-stable_python_binding-vendored-stable_app-vendored-stable_app-vendored-stable.log)
[2026-08-26 16:35:50.169] build_lib_inspect          detect  (ok, output present)
[2026-08-26 16:35:50.169] build_lib_inspect          check_post  (pass)
[2026-08-26 16:35:50.169] build_lib_inspect          done
[2026-08-26 16:35:50.171] build_binding_ocaml        check_pre  (pass)
[2026-08-26 16:35:50.172] build_binding_ocaml        cmd  ((LIBRARY_PATH=$PWD/_out/canary/tiny/scenarios/_cache/symbol_missing/workspace/c/build LD_RUN_PATH=$PWD/_out/canary/tiny/scenarios/_cache/symbol_missing/workspace/c/build dune build --root _out/canary/tiny/scenarios/_cache/symbol_missing/workspace ocaml/tiny.cmxa ocaml/libtiny_stubs.a) > /home/red/code/research/tola/_out/canary/projects/tiny1/symbol_missing/build_binding/ocaml/build_source-vendored-stable_lib-vendored-stable_ocaml_binding-vendored-stable_python_binding-vendored-stable_python_binding-vendored-stable_app-vendored-stable_app-vendored-stable.log 2>&1 && echo 'ok' > /home/red/code/research/tola/_out/canary/projects/tiny1/symbol_missing/build_binding/ocaml/build_source-vendored-stable_lib-vendored-stable_ocaml_binding-vendored-stable_python_binding-vendored-stable_python_binding-vendored-stable_app-vendored-stable_app-vendored-stable.ok)
[2026-08-26 16:35:50.172] build_binding_ocaml        opam_switch  (canary)
[2026-08-26 16:35:50.172] build_binding_ocaml        platform  (wsl_ubuntu)
[2026-08-26 16:35:50.209] build_binding_ocaml        cmd_log  (build_binding_ocaml.out_source-vendored-stable_lib-vendored-stable_ocaml_binding-vendored-stable_python_binding-vendored-stable_python_binding-vendored-stable_app-vendored-stable_app-vendored-stable.log)
[2026-08-26 16:35:50.209] build_binding_ocaml        detect  (ok, output present)
[2026-08-26 16:35:50.209] build_binding_ocaml        compat_predicted  (no contract fired)
[2026-08-26 16:35:50.209] build_binding_ocaml        contract_skipped  (c3 cmp_behavior: disabled in registry (blocked))
[2026-08-26 16:35:50.209] build_binding_ocaml        contract_skipped  (c7 api_sound_repack: disabled in registry (stubbed))
[2026-08-26 16:35:50.209] build_binding_ocaml        contract_skipped  (c8 cmp_api_faithfulness: disabled in registry (stubbed))
[2026-08-26 16:35:50.209] build_binding_ocaml        done  (no compat failure predicted; success expected)
[2026-08-26 16:35:50.211] build_binding_ocaml_inspect  check_pre  (pass)
[2026-08-26 16:35:50.213] build_binding_ocaml_inspect  cmd  (python3 canary/scripts/inspect_binding.py --kind stub --path _out/canary/tiny/scenarios/_cache/symbol_missing/workspace/_build/default/ocaml/libtiny_stubs.a --prefix tiny_ > /home/red/code/research/tola/_out/canary/projects/tiny1/symbol_missing/build_binding/ocaml/inspect_source-vendored-stable_lib-vendored-stable_ocaml_binding-vendored-stable_python_binding-vendored-stable_python_binding-vendored-stable_app-vendored-stable_app-vendored-stable.json && python3 canary/scripts/inspect_binding.py --kind mli --module-prefix Tiny --path _out/canary/tiny/scenarios/_cache/symbol_missing/workspace/ocaml/tiny.mli --watchlist 'Tiny,Tiny.sum,Tiny.diff,Tiny.offset' > /home/red/code/research/tola/_out/canary/projects/tiny1/symbol_missing/build_binding/ocaml/inspect_mli_source-vendored-stable_lib-vendored-stable_ocaml_binding-vendored-stable_python_binding-vendored-stable_python_binding-vendored-stable_app-vendored-stable_app-vendored-stable.json)
[2026-08-26 16:35:50.213] build_binding_ocaml_inspect  opam_switch  (canary)
[2026-08-26 16:35:50.213] build_binding_ocaml_inspect  platform  (wsl_ubuntu)
[2026-08-26 16:35:50.335] build_binding_ocaml_inspect  cmd_log  (build_binding_ocaml_inspect.out_source-vendored-stable_lib-vendored-stable_ocaml_binding-vendored-stable_python_binding-vendored-stable_python_binding-vendored-stable_app-vendored-stable_app-vendored-stable.log)
[2026-08-26 16:35:50.335] build_binding_ocaml_inspect  detect  (ok, output present)
[2026-08-26 16:35:50.335] build_binding_ocaml_inspect  check_post  (pass)
[2026-08-26 16:35:50.335] build_binding_ocaml_inspect  done
[2026-08-26 16:35:50.337] probe_binding_ocaml        check_pre  (pass)
[2026-08-26 16:35:50.339] probe_binding_ocaml        cmd  ((LIBRARY_PATH=$PWD/_out/canary/tiny/scenarios/_cache/symbol_missing/workspace/c/build LD_RUN_PATH=$PWD/_out/canary/tiny/scenarios/_cache/symbol_missing/workspace/c/build dune build --root _out/canary/tiny/scenarios/_cache/symbol_missing/workspace ocaml/examples/probe_baseline.exe && LD_LIBRARY_PATH=$PWD/_out/canary/tiny/scenarios/_cache/symbol_missing/workspace/c/build _out/canary/tiny/scenarios/_cache/symbol_missing/workspace/_build/default/ocaml/examples/probe_baseline.exe) > /home/red/code/research/tola/_out/canary/projects/tiny1/symbol_missing/probe_binding/ocaml/probe_source-vendored-stable_lib-vendored-stable_ocaml_binding-vendored-stable_python_binding-vendored-stable_python_binding-vendored-stable_app-vendored-stable_app-vendored-stable.log 2>&1)
[2026-08-26 16:35:50.339] probe_binding_ocaml        opam_switch  (canary)
[2026-08-26 16:35:50.339] probe_binding_ocaml        platform  (wsl_ubuntu)
[2026-08-26 16:35:50.450] probe_binding_ocaml        cmd_log  (probe_binding_ocaml.out_source-vendored-stable_lib-vendored-stable_ocaml_binding-vendored-stable_python_binding-vendored-stable_python_binding-vendored-stable_app-vendored-stable_app-vendored-stable.log)
[2026-08-26 16:35:50.451] probe_binding_ocaml        cmd_fail  (exit 1)
[2026-08-26 16:35:50.451] probe_binding_ocaml        detect  (error, output present)
[2026-08-26 16:35:50.451] probe_binding_ocaml        compat_predicted  (c1 cmp_symbol: 1 substring(s))
[2026-08-26 16:35:50.451] probe_binding_ocaml        contract_skipped  (c3 cmp_behavior: disabled in registry (blocked))
[2026-08-26 16:35:50.451] probe_binding_ocaml        contract_skipped  (c7 api_sound_repack: disabled in registry (stubbed))
[2026-08-26 16:35:50.451] probe_binding_ocaml        contract_skipped  (c8 cmp_api_faithfulness: disabled in registry (stubbed))
[2026-08-26 16:35:50.451] probe_binding_ocaml        done  (expected failure confirmed (derived) [c1])
[2026-08-26 16:35:50.453] probe_binding_ocaml_inspect  check_pre  (pass)
[2026-08-26 16:35:50.455] probe_binding_ocaml_inspect  cmd  (python3 canary/scripts/inspect_binding.py --kind mli --module-prefix Tiny --path _out/canary/tiny/scenarios/_cache/symbol_missing/workspace/ocaml/tiny.mli --watchlist 'Tiny,Tiny.sum,Tiny.diff,Tiny.offset' > /home/red/code/research/tola/_out/canary/projects/tiny1/symbol_missing/probe_binding/ocaml/inspect_source-vendored-stable_lib-vendored-stable_ocaml_binding-vendored-stable_python_binding-vendored-stable_python_binding-vendored-stable_app-vendored-stable_app-vendored-stable.json)
[2026-08-26 16:35:50.455] probe_binding_ocaml_inspect  opam_switch  (canary)
[2026-08-26 16:35:50.455] probe_binding_ocaml_inspect  platform  (wsl_ubuntu)
[2026-08-26 16:35:50.498] probe_binding_ocaml_inspect  cmd_log  (probe_binding_ocaml_inspect.out_source-vendored-stable_lib-vendored-stable_ocaml_binding-vendored-stable_python_binding-vendored-stable_python_binding-vendored-stable_app-vendored-stable_app-vendored-stable.log)
[2026-08-26 16:35:50.498] probe_binding_ocaml_inspect  detect  (ok, output present)
[2026-08-26 16:35:50.498] probe_binding_ocaml_inspect  check_post  (pass)
[2026-08-26 16:35:50.498] probe_binding_ocaml_inspect  done
[2026-08-26 16:35:50.500] build_binding_python       check_pre  (pass)
[2026-08-26 16:35:50.502] build_binding_python       cmd  (ls _out/canary/tiny/scenarios/_cache/symbol_missing/workspace/python_cext/tiny_cext/_native.cpython-*.so > /dev/null && echo 'ok' > /home/red/code/research/tola/_out/canary/projects/tiny1/symbol_missing/build_binding/python/build_source-vendored-stable_lib-vendored-stable_ocaml_binding-vendored-stable_python_binding-vendored-stable_python_binding-vendored-stable_app-vendored-stable_app-vendored-stable.ok)
[2026-08-26 16:35:50.502] build_binding_python       opam_switch  (canary)
[2026-08-26 16:35:50.502] build_binding_python       platform  (wsl_ubuntu)
[2026-08-26 16:35:50.507] build_binding_python       cmd_log  (build_binding_python.out_source-vendored-stable_lib-vendored-stable_ocaml_binding-vendored-stable_python_binding-vendored-stable_python_binding-vendored-stable_app-vendored-stable_app-vendored-stable.log)
[2026-08-26 16:35:50.507] build_binding_python       detect  (ok, output present)
[2026-08-26 16:35:50.507] build_binding_python       check_post  (pass)
[2026-08-26 16:35:50.507] build_binding_python       done
[2026-08-26 16:35:50.509] build_binding_python_inspect  check_pre  (pass)
[2026-08-26 16:35:50.511] build_binding_python_inspect  cmd  (python3 canary/scripts/inspect_binding.py --kind stub --path _out/canary/tiny/scenarios/_cache/symbol_missing/workspace/python_cext/tiny_cext/_native.cpython-*.so --prefix tiny_ > /home/red/code/research/tola/_out/canary/projects/tiny1/symbol_missing/build_binding/python/inspect_source-vendored-stable_lib-vendored-stable_ocaml_binding-vendored-stable_python_binding-vendored-stable_python_binding-vendored-stable_app-vendored-stable_app-vendored-stable.json && LD_LIBRARY_PATH=$PWD/_out/canary/tiny/scenarios/_cache/symbol_missing/workspace/c/build PYTHONPATH=_out/canary/tiny/scenarios/_cache/symbol_missing/workspace/python_cext python3 canary/scripts/inspect_python.py --pkg tiny_cext --watchlist 'sum,diff,offset' > /home/red/code/research/tola/_out/canary/projects/tiny1/symbol_missing/build_binding/python/inspect_attrs_source-vendored-stable_lib-vendored-stable_ocaml_binding-vendored-stable_python_binding-vendored-stable_python_binding-vendored-stable_app-vendored-stable_app-vendored-stable.json)
[2026-08-26 16:35:50.511] build_binding_python_inspect  opam_switch  (canary)
[2026-08-26 16:35:50.511] build_binding_python_inspect  platform  (wsl_ubuntu)
[2026-08-26 16:35:50.631] build_binding_python_inspect  cmd_log  (build_binding_python_inspect.out_source-vendored-stable_lib-vendored-stable_ocaml_binding-vendored-stable_python_binding-vendored-stable_python_binding-vendored-stable_app-vendored-stable_app-vendored-stable.log)
[2026-08-26 16:35:50.631] build_binding_python_inspect  detect  (ok, output present)
[2026-08-26 16:35:50.631] build_binding_python_inspect  check_post  (pass)
[2026-08-26 16:35:50.631] build_binding_python_inspect  done
[2026-08-26 16:35:50.633] probe_binding_python       check_pre  (pass)
[2026-08-26 16:35:50.635] probe_binding_python       cmd  (LD_LIBRARY_PATH=$PWD/_out/canary/tiny/scenarios/_cache/symbol_missing/workspace/c/build PYTHONPATH=_out/canary/tiny/scenarios/_cache/symbol_missing/workspace/python_cext python3 _out/canary/tiny/scenarios/_cache/symbol_missing/workspace/python_cext/examples/probe_baseline.py > /home/red/code/research/tola/_out/canary/projects/tiny1/symbol_missing/probe_binding/python/probe_source-vendored-stable_lib-vendored-stable_ocaml_binding-vendored-stable_python_binding-vendored-stable_python_binding-vendored-stable_app-vendored-stable_app-vendored-stable.log 2>&1)
[2026-08-26 16:35:50.635] probe_binding_python       opam_switch  (canary)
[2026-08-26 16:35:50.635] probe_binding_python       platform  (wsl_ubuntu)
[2026-08-26 16:35:50.670] probe_binding_python       cmd_log  (probe_binding_python.out_source-vendored-stable_lib-vendored-stable_ocaml_binding-vendored-stable_python_binding-vendored-stable_python_binding-vendored-stable_app-vendored-stable_app-vendored-stable.log)
[2026-08-26 16:35:50.670] probe_binding_python       cmd_fail  (exit 1)
[2026-08-26 16:35:50.670] probe_binding_python       detect  (error, output present)
[2026-08-26 16:35:50.670] probe_binding_python       compat_predicted  (c1 cmp_symbol: 1 substring(s))
[2026-08-26 16:35:50.670] probe_binding_python       contract_skipped  (c3 cmp_behavior: disabled in registry (blocked))
[2026-08-26 16:35:50.670] probe_binding_python       contract_skipped  (c7 api_sound_repack: disabled in registry (stubbed))
[2026-08-26 16:35:50.670] probe_binding_python       contract_skipped  (c8 cmp_api_faithfulness: disabled in registry (stubbed))
[2026-08-26 16:35:50.671] probe_binding_python       done  (expected failure confirmed (derived) [c1])
[2026-08-26 16:35:50.673] probe_binding_python_inspect  check_pre  (pass)
[2026-08-26 16:35:50.674] probe_binding_python_inspect  cmd  (LD_LIBRARY_PATH=$PWD/_out/canary/tiny/scenarios/_cache/symbol_missing/workspace/c/build PYTHONPATH=_out/canary/tiny/scenarios/_cache/symbol_missing/workspace/python_cext python3 canary/scripts/inspect_python.py --pkg tiny_cext --watchlist 'sum,diff,offset' > /home/red/code/research/tola/_out/canary/projects/tiny1/symbol_missing/probe_binding/python/inspect_source-vendored-stable_lib-vendored-stable_ocaml_binding-vendored-stable_python_binding-vendored-stable_python_binding-vendored-stable_app-vendored-stable_app-vendored-stable.json)
[2026-08-26 16:35:50.674] probe_binding_python_inspect  opam_switch  (canary)
[2026-08-26 16:35:50.674] probe_binding_python_inspect  platform  (wsl_ubuntu)
[2026-08-26 16:35:50.712] probe_binding_python_inspect  cmd_log  (probe_binding_python_inspect.out_source-vendored-stable_lib-vendored-stable_ocaml_binding-vendored-stable_python_binding-vendored-stable_python_binding-vendored-stable_app-vendored-stable_app-vendored-stable.log)
[2026-08-26 16:35:50.712] probe_binding_python_inspect  detect  (ok, output present)
[2026-08-26 16:35:50.712] probe_binding_python_inspect  check_post  (pass)
[2026-08-26 16:35:50.712] probe_binding_python_inspect  done
[2026-08-26 16:35:50.714] probe_lib                  check_pre  (pass)
[2026-08-26 16:35:50.716] probe_lib                  cmd  (nm -D _out/canary/tiny/scenarios/_cache/symbol_missing/workspace/c/build/libtiny.so.1 | grep -E '^[0-9a-f]+ T tiny_' > /home/red/code/research/tola/_out/canary/projects/tiny1/symbol_missing/probe_lib/probe_source-vendored-stable_lib-vendored-stable_ocaml_binding-vendored-stable_python_binding-vendored-stable_python_binding-vendored-stable_app-vendored-stable_app-vendored-stable.log 2>&1)
[2026-08-26 16:35:50.716] probe_lib                  opam_switch  (canary)
[2026-08-26 16:35:50.716] probe_lib                  platform  (wsl_ubuntu)
[2026-08-26 16:35:50.758] probe_lib                  cmd_log  (probe_lib.out_source-vendored-stable_lib-vendored-stable_ocaml_binding-vendored-stable_python_binding-vendored-stable_python_binding-vendored-stable_app-vendored-stable_app-vendored-stable.log)
[2026-08-26 16:35:50.758] probe_lib                  detect  (ok, output present)
[2026-08-26 16:35:50.758] probe_lib                  check_post  (pass)
[2026-08-26 16:35:50.758] probe_lib                  done
[2026-08-26 16:35:50.760] *                          graph_end  (13/13 completed)
[2026-08-26 16:35:50.760] *                          diagram  (_out/canary/projects/tiny1/symbol_missing/-run/diagrams/all.mmd)
[2026-08-26 16:35:50.760] *                          diagram  (_out/canary/projects/tiny1/symbol_missing/-run/diagrams/full.mmd)
[2026-08-26 16:35:50.760] *                          view  (lib (2 steps))
[2026-08-26 16:35:50.760] *                          view  (probes (5 steps))
[2026-08-26 16:35:50.761] *                          view  (binding_ocaml (4 steps))
[2026-08-26 16:35:50.761] *                          view  (binding_python (4 steps))
[2026-08-26 16:35:50.762] *                          html  (_out/canary/projects/tiny1/symbol_missing/-run/result.html)
[2026-08-26 16:35:50.762] *                          index  (_out/canary/projects/index.html)
[2026-08-26 16:35:50.763] *                          invariant  (full.mmd: OK (13 nodes, 13 IDs))
[2026-08-26 16:35:50.763] !                          invariant  (binding_ocaml.mmd: missing [2])
[2026-08-26 16:35:50.763] !                          invariant  (SOME FAILED)
[2026-08-26 17:21:29.875] *                          variant_start  (source-vendored-stable_lib-vendored-stable_ocaml_binding-vendored-stable_python_binding-vendored-stable_python_binding-vendored-stable_app-vendored-stable_app-vendored-stable)
[2026-08-26 17:21:29.875] *                          graph_start  (13 steps)
[2026-08-26 17:21:29.875] configure                  warm_gate  (marker + fingerprint + check_post passed)
[2026-08-26 17:21:29.876] configure                  skip  (verdict marker (prior success))
[2026-08-26 17:21:29.876] scan_sources               warm_gate  (marker + fingerprint + check_post passed)
[2026-08-26 17:21:29.876] scan_sources               skip  (verdict marker (prior success))
[2026-08-26 17:21:29.876] build_lib                  warm_gate  (marker + fingerprint + check_post passed)
[2026-08-26 17:21:29.876] build_lib                  skip  (verdict marker (prior success))
[2026-08-26 17:21:29.876] build_lib_inspect          warm_gate  (marker + fingerprint + check_post passed)
[2026-08-26 17:21:29.876] build_lib_inspect          skip  (verdict marker (prior success))
[2026-08-26 17:21:29.877] build_binding_ocaml        warm_gate  (marker + fingerprint + check_post passed)
[2026-08-26 17:21:29.877] build_binding_ocaml        skip  (verdict marker (prior success))
[2026-08-26 17:21:29.877] build_binding_ocaml_inspect  warm_gate  (marker + fingerprint + check_post passed)
[2026-08-26 17:21:29.877] build_binding_ocaml_inspect  skip  (verdict marker (prior success))
[2026-08-26 17:21:29.877] probe_binding_ocaml        warm_gate  (marker + fingerprint + check_post passed)
[2026-08-26 17:21:29.877] probe_binding_ocaml        skip  (verdict marker (prior xfail) [c1])
[2026-08-26 17:21:29.877] probe_binding_ocaml_inspect  warm_gate  (marker + fingerprint + check_post passed)
[2026-08-26 17:21:29.877] probe_binding_ocaml_inspect  skip  (verdict marker (prior success))
[2026-08-26 17:21:29.877] build_binding_python       warm_gate  (marker + fingerprint + check_post passed)
[2026-08-26 17:21:29.877] build_binding_python       skip  (verdict marker (prior success))
[2026-08-26 17:21:29.878] build_binding_python_inspect  warm_gate  (marker + fingerprint + check_post passed)
[2026-08-26 17:21:29.878] build_binding_python_inspect  skip  (verdict marker (prior success))
[2026-08-26 17:21:29.878] probe_binding_python       warm_gate  (marker + fingerprint + check_post passed)
[2026-08-26 17:21:29.878] probe_binding_python       skip  (verdict marker (prior xfail) [c1])
[2026-08-26 17:21:29.878] probe_binding_python_inspect  warm_gate  (marker + fingerprint + check_post passed)
[2026-08-26 17:21:29.878] probe_binding_python_inspect  skip  (verdict marker (prior success))
[2026-08-26 17:21:29.878] probe_lib                  warm_gate  (marker + fingerprint + check_post passed)
[2026-08-26 17:21:29.878] probe_lib                  skip  (verdict marker (prior success))
[2026-08-26 17:21:29.878] *                          graph_end  (13/13 completed)
[2026-08-26 17:21:29.878] *                          diagram  (_out/canary/projects/tiny1/symbol_missing/-run/diagrams/all.mmd)
[2026-08-26 17:21:29.879] *                          diagram  (_out/canary/projects/tiny1/symbol_missing/-run/diagrams/full.mmd)
[2026-08-26 17:21:29.879] *                          view  (lib (2 steps))
[2026-08-26 17:21:29.879] *                          view  (probes (5 steps))
[2026-08-26 17:21:29.879] *                          view  (binding_ocaml (4 steps))
[2026-08-26 17:21:29.880] *                          view  (binding_python (4 steps))
[2026-08-26 17:21:29.881] *                          html  (_out/canary/projects/tiny1/symbol_missing/-run/result.html)
[2026-08-26 17:21:29.886] *                          index  (_out/canary/projects/index.html)
[2026-08-26 17:21:29.887] *                          invariant  (full.mmd: OK (13 nodes, 13 IDs))
[2026-08-26 17:21:29.887] !                          invariant  (binding_ocaml.mmd: missing [2])
[2026-08-26 17:21:29.887] !                          invariant  (SOME FAILED)
[2026-09-09 16:02:40.384] *                          variant_start  (source-vendored-stable_lib-vendored-stable_ocaml_binding-vendored-stable_python_binding-vendored-stable_python_binding-vendored-stable_app-vendored-stable_app-vendored-stable)
[2026-09-09 16:02:40.384] *                          graph_start  (13 steps)
[2026-09-09 16:02:40.385] configure                  warm_gate  (marker + fingerprint + check_post passed)
[2026-09-09 16:02:40.385] configure                  skip  (verdict marker (prior success))
[2026-09-09 16:02:40.385] scan_sources               warm_gate  (marker + fingerprint + check_post passed)
[2026-09-09 16:02:40.385] scan_sources               skip  (verdict marker (prior success))
[2026-09-09 16:02:40.386] build_lib                  warm_gate  (marker + fingerprint + check_post passed)
[2026-09-09 16:02:40.386] build_lib                  skip  (verdict marker (prior success))
[2026-09-09 16:02:40.386] build_lib_inspect          warm_gate  (marker + fingerprint + check_post passed)
[2026-09-09 16:02:40.386] build_lib_inspect          skip  (verdict marker (prior success))
[2026-09-09 16:02:40.386] build_binding_ocaml        warm_gate  (marker + fingerprint + check_post passed)
[2026-09-09 16:02:40.386] build_binding_ocaml        skip  (verdict marker (prior success))
[2026-09-09 16:02:40.386] build_binding_ocaml_inspect  warm_gate  (marker + fingerprint + check_post passed)
[2026-09-09 16:02:40.386] build_binding_ocaml_inspect  skip  (verdict marker (prior success))
[2026-09-09 16:02:40.386] probe_binding_ocaml        warm_gate  (marker + fingerprint + check_post passed)
[2026-09-09 16:02:40.387] probe_binding_ocaml        skip  (verdict marker (prior xfail) [c1])
[2026-09-09 16:02:40.387] probe_binding_ocaml_inspect  warm_gate  (marker + fingerprint + check_post passed)
[2026-09-09 16:02:40.387] probe_binding_ocaml_inspect  skip  (verdict marker (prior success))
[2026-09-09 16:02:40.387] build_binding_python       warm_gate  (marker + fingerprint + check_post passed)
[2026-09-09 16:02:40.387] build_binding_python       skip  (verdict marker (prior success))
[2026-09-09 16:02:40.388] build_binding_python_inspect  warm_gate  (marker + fingerprint + check_post passed)
[2026-09-09 16:02:40.388] build_binding_python_inspect  skip  (verdict marker (prior success))
[2026-09-09 16:02:40.388] probe_binding_python       warm_gate  (marker + fingerprint + check_post passed)
[2026-09-09 16:02:40.388] probe_binding_python       skip  (verdict marker (prior xfail) [c1])
[2026-09-09 16:02:40.389] probe_binding_python_inspect  warm_gate  (marker + fingerprint + check_post passed)
[2026-09-09 16:02:40.389] probe_binding_python_inspect  skip  (verdict marker (prior success))
[2026-09-09 16:02:40.389] probe_lib                  warm_gate  (marker + fingerprint + check_post passed)
[2026-09-09 16:02:40.389] probe_lib                  skip  (verdict marker (prior success))
[2026-09-09 16:02:40.389] *                          graph_end  (13/13 completed)
[2026-09-09 16:02:40.389] *                          diagram  (_out/canary/projects/tiny1/symbol_missing/-run/diagrams/all.mmd)
[2026-09-09 16:02:40.390] *                          diagram  (_out/canary/projects/tiny1/symbol_missing/-run/diagrams/full.mmd)
[2026-09-09 16:02:40.390] *                          view  (lib (2 steps))
[2026-09-09 16:02:40.390] *                          view  (probes (5 steps))
[2026-09-09 16:02:40.390] *                          view  (binding_ocaml (4 steps))
[2026-09-09 16:02:40.390] *                          view  (binding_python (4 steps))
[2026-09-09 16:02:40.392] *                          html  (_out/canary/projects/tiny1/symbol_missing/-run/result.html)
[2026-09-09 16:02:40.392] *                          index  (_out/canary/projects/index.html)
[2026-09-09 16:02:40.393] *                          invariant  (full.mmd: OK (13 nodes, 13 IDs))
[2026-09-09 16:02:40.393] !                          invariant  (binding_ocaml.mmd: missing [2])
[2026-09-09 16:02:40.393] !                          invariant  (SOME FAILED)
[2026-09-09 19:32:55.072] *                          variant_start  (source-vendored-stable_lib-vendored-stable_ocaml_binding-vendored-stable_python_binding-vendored-stable_python_binding-vendored-stable_app-vendored-stable_app-vendored-stable)
[2026-09-09 19:32:55.072] *                          graph_start  (13 steps)
[2026-09-09 19:32:55.072] configure                  warm_gate  (marker + fingerprint + check_post passed)
[2026-09-09 19:32:55.072] configure                  skip  (verdict marker (prior success))
[2026-09-09 19:32:55.072] scan_sources               warm_gate  (marker + fingerprint + check_post passed)
[2026-09-09 19:32:55.073] scan_sources               skip  (verdict marker (prior success))
[2026-09-09 19:32:55.073] build_lib                  warm_gate  (marker + fingerprint + check_post passed)
[2026-09-09 19:32:55.073] build_lib                  skip  (verdict marker (prior success))
[2026-09-09 19:32:55.073] build_lib_inspect          warm_gate  (marker + fingerprint + check_post passed)
[2026-09-09 19:32:55.073] build_lib_inspect          skip  (verdict marker (prior success))
[2026-09-09 19:32:55.073] build_binding_ocaml        warm_gate  (marker + fingerprint + check_post passed)
[2026-09-09 19:32:55.073] build_binding_ocaml        skip  (verdict marker (prior success))
[2026-09-09 19:32:55.073] build_binding_ocaml_inspect  warm_gate  (marker + fingerprint + check_post passed)
[2026-09-09 19:32:55.073] build_binding_ocaml_inspect  skip  (verdict marker (prior success))
[2026-09-09 19:32:55.074] probe_binding_ocaml        warm_gate  (marker + fingerprint + check_post passed)
[2026-09-09 19:32:55.074] probe_binding_ocaml        skip  (verdict marker (prior xfail) [c1])
[2026-09-09 19:32:55.074] probe_binding_ocaml_inspect  warm_gate  (marker + fingerprint + check_post passed)
[2026-09-09 19:32:55.074] probe_binding_ocaml_inspect  skip  (verdict marker (prior success))
[2026-09-09 19:32:55.074] build_binding_python       warm_gate  (marker + fingerprint + check_post passed)
[2026-09-09 19:32:55.074] build_binding_python       skip  (verdict marker (prior success))
[2026-09-09 19:32:55.074] build_binding_python_inspect  warm_gate  (marker + fingerprint + check_post passed)
[2026-09-09 19:32:55.074] build_binding_python_inspect  skip  (verdict marker (prior success))
[2026-09-09 19:32:55.075] probe_binding_python       warm_gate  (marker + fingerprint + check_post passed)
[2026-09-09 19:32:55.075] probe_binding_python       skip  (verdict marker (prior xfail) [c1])
[2026-09-09 19:32:55.075] probe_binding_python_inspect  warm_gate  (marker + fingerprint + check_post passed)
[2026-09-09 19:32:55.075] probe_binding_python_inspect  skip  (verdict marker (prior success))
[2026-09-09 19:32:55.075] probe_lib                  warm_gate  (marker + fingerprint + check_post passed)
[2026-09-09 19:32:55.075] probe_lib                  skip  (verdict marker (prior success))
[2026-09-09 19:32:55.075] *                          graph_end  (13/13 completed)
[2026-09-09 19:32:55.076] *                          diagram  (_out/canary/projects/tiny1/symbol_missing/-run/diagrams/all.mmd)
[2026-09-09 19:32:55.076] *                          diagram  (_out/canary/projects/tiny1/symbol_missing/-run/diagrams/full.mmd)
[2026-09-09 19:32:55.076] *                          view  (lib (2 steps))
[2026-09-09 19:32:55.076] *                          view  (probes (5 steps))
[2026-09-09 19:32:55.077] *                          view  (binding_ocaml (4 steps))
[2026-09-09 19:32:55.077] *                          view  (binding_python (4 steps))
[2026-09-09 19:32:55.078] *                          html  (_out/canary/projects/tiny1/symbol_missing/-run/result.html)
[2026-09-09 19:32:55.079] *                          index  (_out/canary/projects/index.html)
[2026-09-09 19:32:55.079] *                          invariant  (full.mmd: OK (13 nodes, 13 IDs))
[2026-09-09 19:32:55.079] !                          invariant  (binding_ocaml.mmd: missing [2])
[2026-09-09 19:32:55.079] !                          invariant  (SOME FAILED)
[2026-09-11 00:28:44.494] *                          variant_start  (source-vendored-stable_lib-vendored-stable_ocaml_binding-vendored-stable_python_binding-vendored-stable_python_binding-vendored-stable_app-vendored-stable_app-vendored-stable)
[2026-09-11 00:28:44.494] *                          graph_start  (13 steps)
[2026-09-11 00:28:44.494] configure                  warm_gate  (marker + fingerprint + check_post passed)
[2026-09-11 00:28:44.494] configure                  skip  (verdict marker (prior success))
[2026-09-11 00:28:44.495] scan_sources               warm_gate  (marker + fingerprint + check_post passed)
[2026-09-11 00:28:44.495] scan_sources               skip  (verdict marker (prior success))
[2026-09-11 00:28:44.495] build_lib                  warm_gate  (marker + fingerprint + check_post passed)
[2026-09-11 00:28:44.495] build_lib                  skip  (verdict marker (prior success))
[2026-09-11 00:28:44.495] build_lib_inspect          warm_gate  (marker + fingerprint + check_post passed)
[2026-09-11 00:28:44.495] build_lib_inspect          skip  (verdict marker (prior success))
[2026-09-11 00:28:44.496] build_binding_ocaml        warm_gate  (marker + fingerprint + check_post passed)
[2026-09-11 00:28:44.496] build_binding_ocaml        skip  (verdict marker (prior success))
[2026-09-11 00:28:44.496] build_binding_ocaml_inspect  warm_gate  (marker + fingerprint + check_post passed)
[2026-09-11 00:28:44.496] build_binding_ocaml_inspect  skip  (verdict marker (prior success))
[2026-09-11 00:28:44.496] probe_binding_ocaml        warm_gate  (marker + fingerprint + check_post passed)
[2026-09-11 00:28:44.496] probe_binding_ocaml        skip  (verdict marker (prior xfail) [c1])
[2026-09-11 00:28:44.496] probe_binding_ocaml_inspect  warm_gate  (marker + fingerprint + check_post passed)
[2026-09-11 00:28:44.496] probe_binding_ocaml_inspect  skip  (verdict marker (prior success))
[2026-09-11 00:28:44.496] build_binding_python       warm_gate  (marker + fingerprint + check_post passed)
[2026-09-11 00:28:44.496] build_binding_python       skip  (verdict marker (prior success))
[2026-09-11 00:28:44.497] build_binding_python_inspect  warm_gate  (marker + fingerprint + check_post passed)
[2026-09-11 00:28:44.497] build_binding_python_inspect  skip  (verdict marker (prior success))
[2026-09-11 00:28:44.497] probe_binding_python       warm_gate  (marker + fingerprint + check_post passed)
[2026-09-11 00:28:44.497] probe_binding_python       skip  (verdict marker (prior xfail) [c1])
[2026-09-11 00:28:44.497] probe_binding_python_inspect  warm_gate  (marker + fingerprint + check_post passed)
[2026-09-11 00:28:44.497] probe_binding_python_inspect  skip  (verdict marker (prior success))
[2026-09-11 00:28:44.498] probe_lib                  warm_gate  (marker + fingerprint + check_post passed)
[2026-09-11 00:28:44.498] probe_lib                  skip  (verdict marker (prior success))
[2026-09-11 00:28:44.498] *                          graph_end  (13/13 completed)
[2026-09-11 00:28:44.498] *                          diagram  (_out/canary/projects/tiny1/symbol_missing/-run/diagrams/all.mmd)
[2026-09-11 00:28:44.499] *                          diagram  (_out/canary/projects/tiny1/symbol_missing/-run/diagrams/full.mmd)
[2026-09-11 00:28:44.499] *                          view  (lib (2 steps))
[2026-09-11 00:28:44.499] *                          view  (probes (5 steps))
[2026-09-11 00:28:44.499] *                          view  (binding_ocaml (4 steps))
[2026-09-11 00:28:44.499] *                          view  (binding_python (4 steps))
[2026-09-11 00:28:44.501] *                          html  (_out/canary/projects/tiny1/symbol_missing/-run/result.html)
[2026-09-11 00:28:44.502] *                          index  (_out/canary/projects/index.html)
[2026-09-11 00:28:44.502] *                          invariant  (full.mmd: OK (13 nodes, 13 IDs))
[2026-09-11 00:28:44.502] !                          invariant  (binding_ocaml.mmd: missing [2])
[2026-09-11 00:28:44.502] !                          invariant  (SOME FAILED)
[2026-09-12 15:40:02.895] *                          variant_start  (source-vendored-stable_lib-vendored-stable_ocaml_binding-vendored-stable_python_binding-vendored-stable_python_binding-vendored-stable_app-vendored-stable_app-vendored-stable)
[2026-09-12 15:40:02.895] *                          graph_start  (13 steps)
[2026-09-12 15:40:02.895] configure                  warm_gate  (marker + fingerprint + check_post passed)
[2026-09-12 15:40:02.895] configure                  skip  (verdict marker (prior success))
[2026-09-12 15:40:02.896] scan_sources               warm_gate  (marker + fingerprint + check_post passed)
[2026-09-12 15:40:02.896] scan_sources               skip  (verdict marker (prior success))
[2026-09-12 15:40:02.896] build_lib                  warm_gate  (marker + fingerprint + check_post passed)
[2026-09-12 15:40:02.896] build_lib                  skip  (verdict marker (prior success))
[2026-09-12 15:40:02.896] build_lib_inspect          warm_gate  (marker + fingerprint + check_post passed)
[2026-09-12 15:40:02.896] build_lib_inspect          skip  (verdict marker (prior success))
[2026-09-12 15:40:02.897] build_binding_ocaml        marker_stale  (spec changed since the marker — re-running)
[2026-09-12 15:40:02.897] build_binding_ocaml_inspect  warm_gate  (marker + fingerprint + check_post passed)
[2026-09-12 15:40:02.897] build_binding_ocaml_inspect  skip  (verdict marker (prior success))
[2026-09-12 15:40:02.897] probe_binding_ocaml        marker_stale  (spec changed since the marker — re-running)
[2026-09-12 15:40:02.898] probe_binding_ocaml_inspect  warm_gate  (marker + fingerprint + check_post passed)
[2026-09-12 15:40:02.898] probe_binding_ocaml_inspect  skip  (verdict marker (prior success))
[2026-09-12 15:40:02.898] build_binding_python       warm_gate  (marker + fingerprint + check_post passed)
[2026-09-12 15:40:02.898] build_binding_python       skip  (verdict marker (prior success))
[2026-09-12 15:40:02.898] build_binding_python_inspect  warm_gate  (marker + fingerprint + check_post passed)
[2026-09-12 15:40:02.898] build_binding_python_inspect  skip  (verdict marker (prior success))
[2026-09-12 15:40:02.898] probe_binding_python       marker_stale  (spec changed since the marker — re-running)
[2026-09-12 15:40:02.899] probe_binding_python_inspect  warm_gate  (marker + fingerprint + check_post passed)
[2026-09-12 15:40:02.899] probe_binding_python_inspect  skip  (verdict marker (prior success))
[2026-09-12 15:40:02.899] probe_lib                  warm_gate  (marker + fingerprint + check_post passed)
[2026-09-12 15:40:02.899] probe_lib                  skip  (verdict marker (prior success))
[2026-09-12 15:40:02.899] build_binding_ocaml        check_pre  (pass)
[2026-09-12 15:40:02.901] build_binding_ocaml        cmd  ((LIBRARY_PATH=$PWD/_out/canary/tiny/scenarios/_cache/symbol_missing/workspace/c/build LD_RUN_PATH=$PWD/_out/canary/tiny/scenarios/_cache/symbol_missing/workspace/c/build dune build --root _out/canary/tiny/scenarios/_cache/symbol_missing/workspace ocaml/tiny.cmxa ocaml/libtiny_stubs.a) > /home/red/code/research/tola/_out/canary/projects/tiny1/symbol_missing/build_binding/ocaml/build_source-vendored-stable_lib-vendored-stable_ocaml_binding-vendored-stable_python_binding-vendored-stable_python_binding-vendored-stable_app-vendored-stable_app-vendored-stable.log 2>&1 && echo 'ok' > /home/red/code/research/tola/_out/canary/projects/tiny1/symbol_missing/build_binding/ocaml/build_source-vendored-stable_lib-vendored-stable_ocaml_binding-vendored-stable_python_binding-vendored-stable_python_binding-vendored-stable_app-vendored-stable_app-vendored-stable.ok)
[2026-09-12 15:40:02.901] build_binding_ocaml        opam_switch  (canary)
[2026-09-12 15:40:02.901] build_binding_ocaml        platform  (wsl_ubuntu)
[2026-09-12 15:40:02.950] build_binding_ocaml        cmd_log  (build_binding_ocaml.out_source-vendored-stable_lib-vendored-stable_ocaml_binding-vendored-stable_python_binding-vendored-stable_python_binding-vendored-stable_app-vendored-stable_app-vendored-stable.log)
[2026-09-12 15:40:02.951] build_binding_ocaml        detect  (ok, output present)
[2026-09-12 15:40:02.951] build_binding_ocaml        agreement_outcome  (no agreement fires at this action)
[2026-09-12 15:40:02.951] build_binding_ocaml        agreement_predicted  (no agreement fired)
[2026-09-12 15:40:02.951] build_binding_ocaml        done  (no compat failure predicted; success expected)
[2026-09-12 15:40:02.954] probe_binding_ocaml        check_pre  (pass)
[2026-09-12 15:40:02.957] probe_binding_ocaml        cmd  ((LIBRARY_PATH=$PWD/_out/canary/tiny/scenarios/_cache/symbol_missing/workspace/c/build LD_RUN_PATH=$PWD/_out/canary/tiny/scenarios/_cache/symbol_missing/workspace/c/build dune build --root _out/canary/tiny/scenarios/_cache/symbol_missing/workspace ocaml/examples/probe_baseline.exe && LD_LIBRARY_PATH=$PWD/_out/canary/tiny/scenarios/_cache/symbol_missing/workspace/c/build _out/canary/tiny/scenarios/_cache/symbol_missing/workspace/_build/default/ocaml/examples/probe_baseline.exe) > /home/red/code/research/tola/_out/canary/projects/tiny1/symbol_missing/probe_binding/ocaml/probe_source-vendored-stable_lib-vendored-stable_ocaml_binding-vendored-stable_python_binding-vendored-stable_python_binding-vendored-stable_app-vendored-stable_app-vendored-stable.log 2>&1)
[2026-09-12 15:40:02.957] probe_binding_ocaml        opam_switch  (canary)
[2026-09-12 15:40:02.957] probe_binding_ocaml        platform  (wsl_ubuntu)
[2026-09-12 15:40:03.073] probe_binding_ocaml        cmd_log  (probe_binding_ocaml.out_source-vendored-stable_lib-vendored-stable_ocaml_binding-vendored-stable_python_binding-vendored-stable_python_binding-vendored-stable_app-vendored-stable_app-vendored-stable.log)
[2026-09-12 15:40:03.073] probe_binding_ocaml        cmd_fail  (exit 1)
[2026-09-12 15:40:03.073] probe_binding_ocaml        detect  (error, output present)
[2026-09-12 15:40:03.074] probe_binding_ocaml        agreement_outcome  (required_symbols_exported/stub_requirements_vs_library_exports: violated: tiny_sum)
[2026-09-12 15:40:03.074] probe_binding_ocaml        agreement_outcome  (api_names_present/watchlist_vs_user_surface: holds)
[2026-09-12 15:40:03.074] probe_binding_ocaml        agreement_outcome  (behavior_matches/probe_assertions: not_implemented: the expected values live inside the probe's source as embedded assertions, and the observation is the probe's …)
[2026-09-12 15:40:03.074] probe_binding_ocaml        agreement_outcome  (soname_matches_requirement/library_identity_vs_consumer_record: not_applicable: this binding mechanism produces no artifact carrying a dependency or symbol-version record (a static archive h…)
[2026-09-12 15:40:03.074] probe_binding_ocaml        agreement_outcome  (required_versions_exported/required_tags_vs_provider_exports: not_applicable: this binding mechanism produces no artifact carrying a dependency or symbol-version record (a static archive h…)
[2026-09-12 15:40:03.074] probe_binding_ocaml        agreement_outcome  (signatures_agree/header_vs_stub_signature_summaries: holds)
[2026-09-12 15:40:03.074] probe_binding_ocaml        agreement_outcome  (dependencies_provided/recorded_dependencies_vs_world_providers: not_applicable: this binding mechanism produces no artifact carrying a dependency or symbol-version record (a static archive h…)
[2026-09-12 15:40:03.074] probe_binding_ocaml        agreement_outcome  (repack_preserves_api/declared_repacking_relation: not_implemented: the repacking relation is not specified: "preserves" has no agreed scope, so there is nothing to compare a bin…)
[2026-09-12 15:40:03.074] probe_binding_ocaml        agreement_outcome  (repack_complete/composed_faithfulness: not_implemented: the claim's scope is unsettled ("loses nothing" needs an allowed-omission policy), and two of the three agreem…)
[2026-09-12 15:40:03.074] probe_binding_ocaml        agreement_predicted  (required_symbols_exported: 1 substring(s))
[2026-09-12 15:40:03.075] probe_binding_ocaml        done  (expected failure confirmed (derived) [required_symbols_exported])
[2026-09-12 15:40:03.077] probe_binding_python       check_pre  (pass)
[2026-09-12 15:40:03.079] probe_binding_python       cmd  (LD_LIBRARY_PATH=$PWD/_out/canary/tiny/scenarios/_cache/symbol_missing/workspace/c/build PYTHONPATH=_out/canary/tiny/scenarios/_cache/symbol_missing/workspace/python_cext python3 _out/canary/tiny/scenarios/_cache/symbol_missing/workspace/python_cext/examples/probe_baseline.py > /home/red/code/research/tola/_out/canary/projects/tiny1/symbol_missing/probe_binding/python/probe_source-vendored-stable_lib-vendored-stable_ocaml_binding-vendored-stable_python_binding-vendored-stable_python_binding-vendored-stable_app-vendored-stable_app-vendored-stable.log 2>&1)
[2026-09-12 15:40:03.080] probe_binding_python       opam_switch  (canary)
[2026-09-12 15:40:03.080] probe_binding_python       platform  (wsl_ubuntu)
[2026-09-12 15:40:03.119] probe_binding_python       cmd_log  (probe_binding_python.out_source-vendored-stable_lib-vendored-stable_ocaml_binding-vendored-stable_python_binding-vendored-stable_python_binding-vendored-stable_app-vendored-stable_app-vendored-stable.log)
[2026-09-12 15:40:03.119] probe_binding_python       cmd_fail  (exit 1)
[2026-09-12 15:40:03.119] probe_binding_python       detect  (error, output present)
[2026-09-12 15:40:03.120] probe_binding_python       agreement_outcome  (required_symbols_exported/stub_requirements_vs_library_exports: violated: tiny_sum)
[2026-09-12 15:40:03.120] probe_binding_python       agreement_outcome  (api_names_present/watchlist_vs_user_surface: inconclusive: the surface inspection carries no watchlist section (the inspector ran without one))
[2026-09-12 15:40:03.120] probe_binding_python       agreement_outcome  (behavior_matches/probe_assertions: not_implemented: the expected values live inside the probe's source as embedded assertions, and the observation is the probe's …)
[2026-09-12 15:40:03.120] probe_binding_python       agreement_outcome  (soname_matches_requirement/library_identity_vs_consumer_record: holds)
[2026-09-12 15:40:03.120] probe_binding_python       agreement_outcome  (required_versions_exported/required_tags_vs_provider_exports: holds)
[2026-09-12 15:40:03.120] probe_binding_python       agreement_outcome  (signatures_agree/header_vs_stub_signature_summaries: not_applicable: no signature extractor for this language's stub surface yet)
[2026-09-12 15:40:03.120] probe_binding_python       agreement_outcome  (dependencies_provided/recorded_dependencies_vs_world_providers: holds)
[2026-09-12 15:40:03.120] probe_binding_python       agreement_outcome  (repack_preserves_api/declared_repacking_relation: not_implemented: the repacking relation is not specified: "preserves" has no agreed scope, so there is nothing to compare a bin…)
[2026-09-12 15:40:03.120] probe_binding_python       agreement_outcome  (repack_complete/composed_faithfulness: not_implemented: the claim's scope is unsettled ("loses nothing" needs an allowed-omission policy), and two of the three agreem…)
[2026-09-12 15:40:03.120] probe_binding_python       agreement_predicted  (required_symbols_exported: 1 substring(s))
[2026-09-12 15:40:03.121] probe_binding_python       done  (expected failure confirmed (derived) [required_symbols_exported])
[2026-09-12 15:40:03.123] *                          graph_end  (13/13 completed)
[2026-09-12 15:40:03.123] *                          diagram  (_out/canary/projects/tiny1/symbol_missing/-run/diagrams/all.mmd)
[2026-09-12 15:40:03.123] *                          diagram  (_out/canary/projects/tiny1/symbol_missing/-run/diagrams/full.mmd)
[2026-09-12 15:40:03.123] *                          view  (lib (2 steps))
[2026-09-12 15:40:03.124] *                          view  (probes (5 steps))
[2026-09-12 15:40:03.124] *                          view  (binding_ocaml (4 steps))
[2026-09-12 15:40:03.124] *                          view  (binding_python (4 steps))
[2026-09-12 15:40:03.126] *                          html  (_out/canary/projects/tiny1/symbol_missing/-run/result.html)
[2026-09-12 15:40:03.127] *                          index  (_out/canary/projects/index.html)
[2026-09-12 15:40:03.128] *                          invariant  (full.mmd: OK (13 nodes, 13 IDs))
[2026-09-12 15:40:03.128] !                          invariant  (binding_ocaml.mmd: missing [2])
[2026-09-12 15:40:03.128] !                          invariant  (SOME FAILED)
[2026-09-12 17:24:19.903] *                          variant_start  (source-vendored-stable_lib-vendored-stable_ocaml_binding-vendored-stable_python_binding-vendored-stable_python_binding-vendored-stable_app-vendored-stable_app-vendored-stable)
[2026-09-12 17:24:19.903] *                          graph_start  (13 steps)
[2026-09-12 17:24:19.904] configure                  warm_gate  (marker + fingerprint + check_post passed)
[2026-09-12 17:24:19.904] configure                  skip  (verdict marker (prior success))
[2026-09-12 17:24:19.904] scan_sources               warm_gate  (marker + fingerprint + check_post passed)
[2026-09-12 17:24:19.904] scan_sources               skip  (verdict marker (prior success))
[2026-09-12 17:24:19.904] build_lib                  warm_gate  (marker + fingerprint + check_post passed)
[2026-09-12 17:24:19.905] build_lib                  skip  (verdict marker (prior success))
[2026-09-12 17:24:19.905] build_lib_inspect          warm_gate  (marker + fingerprint + check_post passed)
[2026-09-12 17:24:19.905] build_lib_inspect          skip  (verdict marker (prior success))
[2026-09-12 17:24:19.905] build_binding_ocaml        marker_stale  (spec changed since the marker — re-running)
[2026-09-12 17:24:19.906] build_binding_ocaml_inspect  warm_gate  (marker + fingerprint + check_post passed)
[2026-09-12 17:24:19.906] build_binding_ocaml_inspect  skip  (verdict marker (prior success))
[2026-09-12 17:24:19.906] probe_binding_ocaml        marker_stale  (spec changed since the marker — re-running)
[2026-09-12 17:24:19.906] probe_binding_ocaml_inspect  warm_gate  (marker + fingerprint + check_post passed)
[2026-09-12 17:24:19.906] probe_binding_ocaml_inspect  skip  (verdict marker (prior success))
[2026-09-12 17:24:19.907] build_binding_python       warm_gate  (marker + fingerprint + check_post passed)
[2026-09-12 17:24:19.907] build_binding_python       skip  (verdict marker (prior success))
[2026-09-12 17:24:19.907] build_binding_python_inspect  warm_gate  (marker + fingerprint + check_post passed)
[2026-09-12 17:24:19.907] build_binding_python_inspect  skip  (verdict marker (prior success))
[2026-09-12 17:24:19.907] probe_binding_python       marker_stale  (spec changed since the marker — re-running)
[2026-09-12 17:24:19.908] probe_binding_python_inspect  warm_gate  (marker + fingerprint + check_post passed)
[2026-09-12 17:24:19.908] probe_binding_python_inspect  skip  (verdict marker (prior success))
[2026-09-12 17:24:19.908] probe_lib                  warm_gate  (marker + fingerprint + check_post passed)
[2026-09-12 17:24:19.908] probe_lib                  skip  (verdict marker (prior success))
[2026-09-12 17:24:19.908] build_binding_ocaml        check_pre  (pass)
[2026-09-12 17:24:19.910] build_binding_ocaml        cmd  ((LIBRARY_PATH=$PWD/_out/canary/tiny/scenarios/_cache/symbol_missing/workspace/c/build LD_RUN_PATH=$PWD/_out/canary/tiny/scenarios/_cache/symbol_missing/workspace/c/build dune build --root _out/canary/tiny/scenarios/_cache/symbol_missing/workspace ocaml/tiny.cmxa ocaml/libtiny_stubs.a) > /home/red/code/research/tola/_out/canary/projects/tiny1/symbol_missing/build_binding/ocaml/build_source-vendored-stable_lib-vendored-stable_ocaml_binding-vendored-stable_python_binding-vendored-stable_python_binding-vendored-stable_app-vendored-stable_app-vendored-stable.log 2>&1 && echo 'ok' > /home/red/code/research/tola/_out/canary/projects/tiny1/symbol_missing/build_binding/ocaml/build_source-vendored-stable_lib-vendored-stable_ocaml_binding-vendored-stable_python_binding-vendored-stable_python_binding-vendored-stable_app-vendored-stable_app-vendored-stable.ok)
[2026-09-12 17:24:19.910] build_binding_ocaml        opam_switch  (canary)
[2026-09-12 17:24:19.910] build_binding_ocaml        platform  (wsl_ubuntu)
[2026-09-12 17:24:19.949] build_binding_ocaml        cmd_log  (build_binding_ocaml.out_source-vendored-stable_lib-vendored-stable_ocaml_binding-vendored-stable_python_binding-vendored-stable_python_binding-vendored-stable_app-vendored-stable_app-vendored-stable.log)
[2026-09-12 17:24:19.949] build_binding_ocaml        detect  (ok, output present)
[2026-09-12 17:24:19.949] build_binding_ocaml        agreement_outcome  (behavior_matches/probe_assertions: not_implemented: the expected values live inside the probe's source as embedded assertions, and the observation is the probe's …)
[2026-09-12 17:24:19.949] build_binding_ocaml        agreement_outcome  (signatures_agree/header_vs_stub_signature_summaries: holds)
[2026-09-12 17:24:19.950] build_binding_ocaml        agreement_outcome  (repack_preserves_api/declared_repacking_relation: not_implemented: the repacking relation is not specified: "preserves" has no agreed scope, so there is nothing to compare a bin…)
[2026-09-12 17:24:19.950] build_binding_ocaml        agreement_outcome  (repack_complete/composed_faithfulness: not_implemented: the claim's scope is unsettled ("loses nothing" needs an allowed-omission policy), and two of the three agreem…)
[2026-09-12 17:24:19.950] build_binding_ocaml        done  (no compat failure predicted; success expected)
[2026-09-12 17:24:19.952] probe_binding_ocaml        check_pre  (pass)
[2026-09-12 17:24:19.954] probe_binding_ocaml        cmd  ((LIBRARY_PATH=$PWD/_out/canary/tiny/scenarios/_cache/symbol_missing/workspace/c/build LD_RUN_PATH=$PWD/_out/canary/tiny/scenarios/_cache/symbol_missing/workspace/c/build dune build --root _out/canary/tiny/scenarios/_cache/symbol_missing/workspace ocaml/examples/probe_baseline.exe && LD_LIBRARY_PATH=$PWD/_out/canary/tiny/scenarios/_cache/symbol_missing/workspace/c/build _out/canary/tiny/scenarios/_cache/symbol_missing/workspace/_build/default/ocaml/examples/probe_baseline.exe) > /home/red/code/research/tola/_out/canary/projects/tiny1/symbol_missing/probe_binding/ocaml/probe_source-vendored-stable_lib-vendored-stable_ocaml_binding-vendored-stable_python_binding-vendored-stable_python_binding-vendored-stable_app-vendored-stable_app-vendored-stable.log 2>&1)
[2026-09-12 17:24:19.954] probe_binding_ocaml        opam_switch  (canary)
[2026-09-12 17:24:19.954] probe_binding_ocaml        platform  (wsl_ubuntu)
[2026-09-12 17:24:20.070] probe_binding_ocaml        cmd_log  (probe_binding_ocaml.out_source-vendored-stable_lib-vendored-stable_ocaml_binding-vendored-stable_python_binding-vendored-stable_python_binding-vendored-stable_app-vendored-stable_app-vendored-stable.log)
[2026-09-12 17:24:20.070] probe_binding_ocaml        cmd_fail  (exit 1)
[2026-09-12 17:24:20.070] probe_binding_ocaml        detect  (error, output present)
[2026-09-12 17:24:20.071] probe_binding_ocaml        agreement_outcome  (required_symbols_exported/stub_requirements_vs_library_exports: violated: tiny_sum)
[2026-09-12 17:24:20.071] probe_binding_ocaml        agreement_outcome  (api_names_present/watchlist_vs_user_surface: holds)
[2026-09-12 17:24:20.071] probe_binding_ocaml        agreement_outcome  (behavior_matches/probe_assertions: not_implemented: the expected values live inside the probe's source as embedded assertions, and the observation is the probe's …)
[2026-09-12 17:24:20.071] probe_binding_ocaml        agreement_outcome  (soname_matches_requirement/library_identity_vs_consumer_record: not_applicable: this binding mechanism produces no artifact carrying a dependency or symbol-version record (a static archive h…)
[2026-09-12 17:24:20.071] probe_binding_ocaml        agreement_outcome  (required_versions_exported/required_tags_vs_provider_exports: not_applicable: this binding mechanism produces no artifact carrying a dependency or symbol-version record (a static archive h…)
[2026-09-12 17:24:20.071] probe_binding_ocaml        agreement_outcome  (signatures_agree/header_vs_stub_signature_summaries: holds)
[2026-09-12 17:24:20.071] probe_binding_ocaml        agreement_outcome  (dependencies_provided/recorded_dependencies_vs_world_providers: not_applicable: this binding mechanism produces no artifact carrying a dependency or symbol-version record (a static archive h…)
[2026-09-12 17:24:20.071] probe_binding_ocaml        agreement_outcome  (repack_preserves_api/declared_repacking_relation: not_implemented: the repacking relation is not specified: "preserves" has no agreed scope, so there is nothing to compare a bin…)
[2026-09-12 17:24:20.071] probe_binding_ocaml        agreement_outcome  (repack_complete/composed_faithfulness: not_implemented: the claim's scope is unsettled ("loses nothing" needs an allowed-omission policy), and two of the three agreem…)
[2026-09-12 17:24:20.071] probe_binding_ocaml        agreement_confirmed  (required_symbols_exported: predicted text present in this run's output)
[2026-09-12 17:24:20.071] probe_binding_ocaml        done  (expected failure confirmed (derived) [required_symbols_exported])
[2026-09-12 17:24:20.073] probe_binding_python       check_pre  (pass)
[2026-09-12 17:24:20.075] probe_binding_python       cmd  (LD_LIBRARY_PATH=$PWD/_out/canary/tiny/scenarios/_cache/symbol_missing/workspace/c/build PYTHONPATH=_out/canary/tiny/scenarios/_cache/symbol_missing/workspace/python_cext python3 _out/canary/tiny/scenarios/_cache/symbol_missing/workspace/python_cext/examples/probe_baseline.py > /home/red/code/research/tola/_out/canary/projects/tiny1/symbol_missing/probe_binding/python/probe_source-vendored-stable_lib-vendored-stable_ocaml_binding-vendored-stable_python_binding-vendored-stable_python_binding-vendored-stable_app-vendored-stable_app-vendored-stable.log 2>&1)
[2026-09-12 17:24:20.076] probe_binding_python       opam_switch  (canary)
[2026-09-12 17:24:20.076] probe_binding_python       platform  (wsl_ubuntu)
[2026-09-12 17:24:20.114] probe_binding_python       cmd_log  (probe_binding_python.out_source-vendored-stable_lib-vendored-stable_ocaml_binding-vendored-stable_python_binding-vendored-stable_python_binding-vendored-stable_app-vendored-stable_app-vendored-stable.log)
[2026-09-12 17:24:20.114] probe_binding_python       cmd_fail  (exit 1)
[2026-09-12 17:24:20.114] probe_binding_python       detect  (error, output present)
[2026-09-12 17:24:20.115] probe_binding_python       agreement_outcome  (required_symbols_exported/stub_requirements_vs_library_exports: violated: tiny_sum)
[2026-09-12 17:24:20.115] probe_binding_python       agreement_outcome  (api_names_present/watchlist_vs_user_surface: inconclusive: the surface inspection carries no watchlist section (the inspector ran without one))
[2026-09-12 17:24:20.115] probe_binding_python       agreement_outcome  (behavior_matches/probe_assertions: not_implemented: the expected values live inside the probe's source as embedded assertions, and the observation is the probe's …)
[2026-09-12 17:24:20.115] probe_binding_python       agreement_outcome  (soname_matches_requirement/library_identity_vs_consumer_record: holds)
[2026-09-12 17:24:20.115] probe_binding_python       agreement_outcome  (required_versions_exported/required_tags_vs_provider_exports: holds)
[2026-09-12 17:24:20.115] probe_binding_python       agreement_outcome  (signatures_agree/header_vs_stub_signature_summaries: not_applicable: no signature extractor for this language's stub surface yet)
[2026-09-12 17:24:20.115] probe_binding_python       agreement_outcome  (dependencies_provided/recorded_dependencies_vs_world_providers: holds)
[2026-09-12 17:24:20.115] probe_binding_python       agreement_outcome  (repack_preserves_api/declared_repacking_relation: not_implemented: the repacking relation is not specified: "preserves" has no agreed scope, so there is nothing to compare a bin…)
[2026-09-12 17:24:20.115] probe_binding_python       agreement_outcome  (repack_complete/composed_faithfulness: not_implemented: the claim's scope is unsettled ("loses nothing" needs an allowed-omission policy), and two of the three agreem…)
[2026-09-12 17:24:20.115] probe_binding_python       agreement_confirmed  (required_symbols_exported: predicted text present in this run's output)
[2026-09-12 17:24:20.115] probe_binding_python       done  (expected failure confirmed (derived) [required_symbols_exported])
[2026-09-12 17:24:20.118] *                          graph_end  (13/13 completed)
[2026-09-12 17:24:20.118] *                          diagram  (_out/canary/projects/tiny1/symbol_missing/-run/diagrams/all.mmd)
[2026-09-12 17:24:20.118] *                          diagram  (_out/canary/projects/tiny1/symbol_missing/-run/diagrams/full.mmd)
[2026-09-12 17:24:20.118] *                          view  (lib (2 steps))
[2026-09-12 17:24:20.118] *                          view  (probes (5 steps))
[2026-09-12 17:24:20.118] *                          view  (binding_ocaml (4 steps))
[2026-09-12 17:24:20.119] *                          view  (binding_python (4 steps))
[2026-09-12 17:24:20.120] *                          html  (_out/canary/projects/tiny1/symbol_missing/-run/result.html)
[2026-09-12 17:24:20.121] *                          index  (_out/canary/projects/index.html)
[2026-09-12 17:24:20.121] *                          invariant  (full.mmd: OK (13 nodes, 13 IDs))
[2026-09-12 17:24:20.122] !                          invariant  (binding_ocaml.mmd: missing [2])
[2026-09-12 17:24:20.122] !                          invariant  (SOME FAILED)
[2026-09-12 20:45:47.821] *                          run_start  (tiny1/symbol_missing)
[2026-09-12 20:45:47.829] *                          variant_start  (source-vendored-stable_lib-vendored-stable_ocaml_binding-vendored-stable_python_binding-vendored-stable_python_binding-vendored-stable_app-vendored-stable_app-vendored-stable)
[2026-09-12 20:45:47.829] *                          graph_start  (13 steps)
[2026-09-12 20:45:47.830] configure                  warm_gate  (marker + fingerprint + check_post passed)
[2026-09-12 20:45:47.830] configure                  skip  (verdict marker (prior success))
[2026-09-12 20:45:47.830] scan_sources               warm_gate  (marker + fingerprint + check_post passed)
[2026-09-12 20:45:47.830] scan_sources               skip  (verdict marker (prior success))
[2026-09-12 20:45:47.830] build_lib                  warm_gate  (marker + fingerprint + check_post passed)
[2026-09-12 20:45:47.830] build_lib                  skip  (verdict marker (prior success))
[2026-09-12 20:45:47.830] build_lib_inspect          warm_gate  (marker + fingerprint + check_post passed)
[2026-09-12 20:45:47.830] build_lib_inspect          skip  (verdict marker (prior success))
[2026-09-12 20:45:47.831] build_binding_ocaml        warm_gate  (marker + fingerprint + check_post passed)
[2026-09-12 20:45:47.831] build_binding_ocaml        skip  (verdict marker (prior success))
[2026-09-12 20:45:47.831] build_binding_ocaml_inspect  warm_gate  (marker + fingerprint + check_post passed)
[2026-09-12 20:45:47.831] build_binding_ocaml_inspect  skip  (verdict marker (prior success))
[2026-09-12 20:45:47.832] probe_binding_ocaml        warm_gate  (marker + fingerprint + check_post passed)
[2026-09-12 20:45:47.832] probe_binding_ocaml        skip  (verdict marker (prior xfail) [required_symbols_exported])
[2026-09-12 20:45:47.832] probe_binding_ocaml_inspect  warm_gate  (marker + fingerprint + check_post passed)
[2026-09-12 20:45:47.832] probe_binding_ocaml_inspect  skip  (verdict marker (prior success))
[2026-09-12 20:45:47.832] build_binding_python       warm_gate  (marker + fingerprint + check_post passed)
[2026-09-12 20:45:47.832] build_binding_python       skip  (verdict marker (prior success))
[2026-09-12 20:45:47.832] build_binding_python_inspect  warm_gate  (marker + fingerprint + check_post passed)
[2026-09-12 20:45:47.832] build_binding_python_inspect  skip  (verdict marker (prior success))
[2026-09-12 20:45:47.832] probe_binding_python       warm_gate  (marker + fingerprint + check_post passed)
[2026-09-12 20:45:47.833] probe_binding_python       skip  (verdict marker (prior xfail) [required_symbols_exported])
[2026-09-12 20:45:47.833] probe_binding_python_inspect  warm_gate  (marker + fingerprint + check_post passed)
[2026-09-12 20:45:47.833] probe_binding_python_inspect  skip  (verdict marker (prior success))
[2026-09-12 20:45:47.833] probe_lib                  warm_gate  (marker + fingerprint + check_post passed)
[2026-09-12 20:45:47.833] probe_lib                  skip  (verdict marker (prior success))
[2026-09-12 20:45:47.833] *                          graph_end  (13/13 completed)
[2026-09-12 20:45:47.834] *                          diagram  (_out/canary/projects/tiny1/symbol_missing/-run/diagrams/all.mmd)
[2026-09-12 20:45:47.834] *                          diagram  (_out/canary/projects/tiny1/symbol_missing/-run/diagrams/full.mmd)
[2026-09-12 20:45:47.834] *                          view  (lib (2 steps))
[2026-09-12 20:45:47.834] *                          view  (probes (5 steps))
[2026-09-12 20:45:47.834] *                          view  (binding_ocaml (4 steps))
[2026-09-12 20:45:47.834] *                          view  (binding_python (4 steps))
[2026-09-12 20:45:47.836] *                          html  (_out/canary/projects/tiny1/symbol_missing/-run/result.html)
[2026-09-12 20:45:47.837] *                          index  (_out/canary/projects/index.html)
[2026-09-12 20:45:47.837] *                          invariant  (full.mmd: OK (13 nodes, 13 IDs))
[2026-09-12 20:45:47.837] !                          invariant  (binding_ocaml.mmd: missing [2])
[2026-09-12 20:45:47.837] !                          invariant  (SOME FAILED)
[2026-09-12 20:57:56.282] *                          run_start  (tiny1/symbol_missing)
[2026-09-12 20:57:56.290] *                          variant_start  (source-vendored-stable_lib-vendored-stable_ocaml_binding-vendored-stable_python_binding-vendored-stable_python_binding-vendored-stable_app-vendored-stable_app-vendored-stable)
[2026-09-12 20:57:56.291] *                          graph_start  (13 steps)
[2026-09-12 20:57:56.291] configure                  warm_gate  (marker + fingerprint + check_post passed)
[2026-09-12 20:57:56.291] configure                  skip  (verdict marker (prior success))
[2026-09-12 20:57:56.291] scan_sources               warm_gate  (marker + fingerprint + check_post passed)
[2026-09-12 20:57:56.291] scan_sources               skip  (verdict marker (prior success))
[2026-09-12 20:57:56.291] build_lib                  warm_gate  (marker + fingerprint + check_post passed)
[2026-09-12 20:57:56.291] build_lib                  skip  (verdict marker (prior success))
[2026-09-12 20:57:56.291] build_lib_inspect          warm_gate  (marker + fingerprint + check_post passed)
[2026-09-12 20:57:56.291] build_lib_inspect          skip  (verdict marker (prior success))
[2026-09-12 20:57:56.291] build_binding_ocaml        warm_gate  (marker + fingerprint + check_post passed)
[2026-09-12 20:57:56.291] build_binding_ocaml        skip  (verdict marker (prior success))
[2026-09-12 20:57:56.291] build_binding_ocaml_inspect  warm_gate  (marker + fingerprint + check_post passed)
[2026-09-12 20:57:56.291] build_binding_ocaml_inspect  skip  (verdict marker (prior success))
[2026-09-12 20:57:56.291] probe_binding_ocaml        warm_gate  (marker + fingerprint + check_post passed)
[2026-09-12 20:57:56.291] probe_binding_ocaml        skip  (verdict marker (prior xfail) [required_symbols_exported])
[2026-09-12 20:57:56.291] probe_binding_ocaml_inspect  warm_gate  (marker + fingerprint + check_post passed)
[2026-09-12 20:57:56.291] probe_binding_ocaml_inspect  skip  (verdict marker (prior success))
[2026-09-12 20:57:56.291] build_binding_python       warm_gate  (marker + fingerprint + check_post passed)
[2026-09-12 20:57:56.291] build_binding_python       skip  (verdict marker (prior success))
[2026-09-12 20:57:56.291] build_binding_python_inspect  warm_gate  (marker + fingerprint + check_post passed)
[2026-09-12 20:57:56.291] build_binding_python_inspect  skip  (verdict marker (prior success))
[2026-09-12 20:57:56.291] probe_binding_python       warm_gate  (marker + fingerprint + check_post passed)
[2026-09-12 20:57:56.291] probe_binding_python       skip  (verdict marker (prior xfail) [required_symbols_exported])
[2026-09-12 20:57:56.291] probe_binding_python_inspect  warm_gate  (marker + fingerprint + check_post passed)
[2026-09-12 20:57:56.291] probe_binding_python_inspect  skip  (verdict marker (prior success))
[2026-09-12 20:57:56.291] probe_lib                  warm_gate  (marker + fingerprint + check_post passed)
[2026-09-12 20:57:56.291] probe_lib                  skip  (verdict marker (prior success))
[2026-09-12 20:57:56.291] *                          graph_end  (13/13 completed)
[2026-09-12 20:57:56.292] *                          diagram  (_out/canary/projects/tiny1/symbol_missing/-run/diagrams/all.mmd)
[2026-09-12 20:57:56.292] *                          diagram  (_out/canary/projects/tiny1/symbol_missing/-run/diagrams/full.mmd)
[2026-09-12 20:57:56.292] *                          view  (lib (2 steps))
[2026-09-12 20:57:56.293] *                          view  (probes (5 steps))
[2026-09-12 20:57:56.293] *                          view  (binding_ocaml (4 steps))
[2026-09-12 20:57:56.293] *                          view  (binding_python (4 steps))
[2026-09-12 20:57:56.295] *                          html  (_out/canary/projects/tiny1/symbol_missing/-run/result.html)
[2026-09-12 20:57:56.295] *                          index  (_out/canary/projects/index.html)
[2026-09-12 20:57:56.296] *                          invariant  (full.mmd: OK (13 nodes, 13 IDs))
[2026-09-12 20:57:56.296] !                          invariant  (binding_ocaml.mmd: missing [2])
[2026-09-12 20:57:56.296] !                          invariant  (SOME FAILED)
[2026-09-12 21:24:35.422] *                          run_start  (tiny1/symbol_missing)
[2026-09-12 21:24:35.430] *                          variant_start  (source-vendored-stable_lib-vendored-stable_ocaml_binding-vendored-stable_python_binding-vendored-stable_python_binding-vendored-stable_app-vendored-stable_app-vendored-stable)
[2026-09-12 21:24:35.430] *                          graph_start  (13 steps)
[2026-09-12 21:24:35.430] configure                  warm_gate  (marker + fingerprint + check_post passed)
[2026-09-12 21:24:35.430] configure                  skip  (verdict marker (prior success))
[2026-09-12 21:24:35.431] scan_sources               warm_gate  (marker + fingerprint + check_post passed)
[2026-09-12 21:24:35.431] scan_sources               skip  (verdict marker (prior success))
[2026-09-12 21:24:35.431] build_lib                  warm_gate  (marker + fingerprint + check_post passed)
[2026-09-12 21:24:35.431] build_lib                  skip  (verdict marker (prior success))
[2026-09-12 21:24:35.431] build_lib_inspect          warm_gate  (marker + fingerprint + check_post passed)
[2026-09-12 21:24:35.431] build_lib_inspect          skip  (verdict marker (prior success))
[2026-09-12 21:24:35.432] build_binding_ocaml        warm_gate  (marker + fingerprint + check_post passed)
[2026-09-12 21:24:35.432] build_binding_ocaml        skip  (verdict marker (prior success))
[2026-09-12 21:24:35.432] build_binding_ocaml_inspect  warm_gate  (marker + fingerprint + check_post passed)
[2026-09-12 21:24:35.432] build_binding_ocaml_inspect  skip  (verdict marker (prior success))
[2026-09-12 21:24:35.432] probe_binding_ocaml        warm_gate  (marker + fingerprint + check_post passed)
[2026-09-12 21:24:35.432] probe_binding_ocaml        skip  (verdict marker (prior xfail) [required_symbols_exported])
[2026-09-12 21:24:35.432] probe_binding_ocaml_inspect  warm_gate  (marker + fingerprint + check_post passed)
[2026-09-12 21:24:35.432] probe_binding_ocaml_inspect  skip  (verdict marker (prior success))
[2026-09-12 21:24:35.433] build_binding_python       warm_gate  (marker + fingerprint + check_post passed)
[2026-09-12 21:24:35.433] build_binding_python       skip  (verdict marker (prior success))
[2026-09-12 21:24:35.433] build_binding_python_inspect  warm_gate  (marker + fingerprint + check_post passed)
[2026-09-12 21:24:35.433] build_binding_python_inspect  skip  (verdict marker (prior success))
[2026-09-12 21:24:35.433] probe_binding_python       warm_gate  (marker + fingerprint + check_post passed)
[2026-09-12 21:24:35.433] probe_binding_python       skip  (verdict marker (prior xfail) [required_symbols_exported])
[2026-09-12 21:24:35.433] probe_binding_python_inspect  warm_gate  (marker + fingerprint + check_post passed)
[2026-09-12 21:24:35.433] probe_binding_python_inspect  skip  (verdict marker (prior success))
[2026-09-12 21:24:35.434] probe_lib                  warm_gate  (marker + fingerprint + check_post passed)
[2026-09-12 21:24:35.434] probe_lib                  skip  (verdict marker (prior success))
[2026-09-12 21:24:35.434] *                          graph_end  (13/13 completed)
[2026-09-12 21:24:35.434] *                          diagram  (_out/canary/projects/tiny1/symbol_missing/-run/diagrams/all.mmd)
[2026-09-12 21:24:35.434] *                          diagram  (_out/canary/projects/tiny1/symbol_missing/-run/diagrams/full.mmd)
[2026-09-12 21:24:35.434] *                          view  (lib (2 steps))
[2026-09-12 21:24:35.435] *                          view  (probes (5 steps))
[2026-09-12 21:24:35.435] *                          view  (binding_ocaml (4 steps))
[2026-09-12 21:24:35.435] *                          view  (binding_python (4 steps))
[2026-09-12 21:24:35.437] *                          html  (_out/canary/projects/tiny1/symbol_missing/-run/result.html)
[2026-09-12 21:24:35.437] *                          index  (_out/canary/projects/index.html)
[2026-09-12 21:24:35.437] *                          invariant  (full.mmd: OK (13 nodes, 13 IDs))
[2026-09-12 21:24:35.438] !                          invariant  (binding_ocaml.mmd: missing [2])
[2026-09-12 21:24:35.438] !                          invariant  (SOME FAILED)
[2026-09-12 21:42:44.947] *                          run_start  (tiny1/symbol_missing)
[2026-09-12 21:42:44.958] *                          variant_start  (source-vendored-stable_lib-vendored-stable_ocaml_binding-vendored-stable_python_binding-vendored-stable_python_binding-vendored-stable_app-vendored-stable_app-vendored-stable)
[2026-09-12 21:42:44.958] *                          graph_start  (13 steps)
[2026-09-12 21:42:44.958] configure                  warm_gate  (marker + fingerprint + check_post passed)
[2026-09-12 21:42:44.958] configure                  skip  (verdict marker (prior success))
[2026-09-12 21:42:44.959] scan_sources               warm_gate  (marker + fingerprint + check_post passed)
[2026-09-12 21:42:44.959] scan_sources               skip  (verdict marker (prior success))
[2026-09-12 21:42:44.959] build_lib                  warm_gate  (marker + fingerprint + check_post passed)
[2026-09-12 21:42:44.959] build_lib                  skip  (verdict marker (prior success))
[2026-09-12 21:42:44.959] build_lib_inspect          warm_gate  (marker + fingerprint + check_post passed)
[2026-09-12 21:42:44.959] build_lib_inspect          skip  (verdict marker (prior success))
[2026-09-12 21:42:44.960] build_binding_ocaml        warm_gate  (marker + fingerprint + check_post passed)
[2026-09-12 21:42:44.960] build_binding_ocaml        skip  (verdict marker (prior success))
[2026-09-12 21:42:44.960] build_binding_ocaml_inspect  warm_gate  (marker + fingerprint + check_post passed)
[2026-09-12 21:42:44.960] build_binding_ocaml_inspect  skip  (verdict marker (prior success))
[2026-09-12 21:42:44.960] probe_binding_ocaml        warm_gate  (marker + fingerprint + check_post passed)
[2026-09-12 21:42:44.960] probe_binding_ocaml        skip  (verdict marker (prior xfail) [required_symbols_exported])
[2026-09-12 21:42:44.961] probe_binding_ocaml_inspect  warm_gate  (marker + fingerprint + check_post passed)
[2026-09-12 21:42:44.961] probe_binding_ocaml_inspect  skip  (verdict marker (prior success))
[2026-09-12 21:42:44.961] build_binding_python       warm_gate  (marker + fingerprint + check_post passed)
[2026-09-12 21:42:44.961] build_binding_python       skip  (verdict marker (prior success))
[2026-09-12 21:42:44.961] build_binding_python_inspect  warm_gate  (marker + fingerprint + check_post passed)
[2026-09-12 21:42:44.961] build_binding_python_inspect  skip  (verdict marker (prior success))
[2026-09-12 21:42:44.962] probe_binding_python       warm_gate  (marker + fingerprint + check_post passed)
[2026-09-12 21:42:44.962] probe_binding_python       skip  (verdict marker (prior xfail) [required_symbols_exported])
[2026-09-12 21:42:44.962] probe_binding_python_inspect  warm_gate  (marker + fingerprint + check_post passed)
[2026-09-12 21:42:44.962] probe_binding_python_inspect  skip  (verdict marker (prior success))
[2026-09-12 21:42:44.962] probe_lib                  warm_gate  (marker + fingerprint + check_post passed)
[2026-09-12 21:42:44.962] probe_lib                  skip  (verdict marker (prior success))
[2026-09-12 21:42:44.962] *                          graph_end  (13/13 completed)
[2026-09-12 21:42:44.963] *                          diagram  (_out/canary/projects/tiny1/symbol_missing/-run/diagrams/all.mmd)
[2026-09-12 21:42:44.963] *                          diagram  (_out/canary/projects/tiny1/symbol_missing/-run/diagrams/full.mmd)
[2026-09-12 21:42:44.963] *                          view  (lib (2 steps))
[2026-09-12 21:42:44.963] *                          view  (probes (5 steps))
[2026-09-12 21:42:44.964] *                          view  (binding_ocaml (4 steps))
[2026-09-12 21:42:44.964] *                          view  (binding_python (4 steps))
[2026-09-12 21:42:44.966] *                          html  (_out/canary/projects/tiny1/symbol_missing/-run/result.html)
[2026-09-12 21:42:44.966] *                          index  (_out/canary/projects/index.html)
[2026-09-12 21:42:44.967] *                          invariant  (full.mmd: OK (13 nodes, 13 IDs))
[2026-09-12 21:42:44.967] !                          invariant  (binding_ocaml.mmd: missing [2])
[2026-09-12 21:42:44.967] !                          invariant  (SOME FAILED)
[2026-09-12 22:46:50.839] *                          run_start  (tiny1/symbol_missing)
[2026-09-12 22:46:50.850] *                          variant_start  (source-vendored-stable_lib-vendored-stable_ocaml_binding-vendored-stable_python_binding-vendored-stable_python_binding-vendored-stable_app-vendored-stable_app-vendored-stable)
[2026-09-12 22:46:50.850] *                          graph_start  (13 steps)
[2026-09-12 22:46:50.850] configure                  warm_gate  (marker + fingerprint + check_post passed)
[2026-09-12 22:46:50.850] configure                  skip  (verdict marker (prior success))
[2026-09-12 22:46:50.851] scan_sources               warm_gate  (marker + fingerprint + check_post passed)
[2026-09-12 22:46:50.851] scan_sources               skip  (verdict marker (prior success))
[2026-09-12 22:46:50.851] build_lib                  warm_gate  (marker + fingerprint + check_post passed)
[2026-09-12 22:46:50.851] build_lib                  skip  (verdict marker (prior success))
[2026-09-12 22:46:50.851] build_lib_inspect          warm_gate  (marker + fingerprint + check_post passed)
[2026-09-12 22:46:50.851] build_lib_inspect          skip  (verdict marker (prior success))
[2026-09-12 22:46:50.852] build_binding_ocaml        warm_gate  (marker + fingerprint + check_post passed)
[2026-09-12 22:46:50.852] build_binding_ocaml        skip  (verdict marker (prior success))
[2026-09-12 22:46:50.852] build_binding_ocaml_inspect  warm_gate  (marker + fingerprint + check_post passed)
[2026-09-12 22:46:50.852] build_binding_ocaml_inspect  skip  (verdict marker (prior success))
[2026-09-12 22:46:50.852] probe_binding_ocaml        warm_gate  (marker + fingerprint + check_post passed)
[2026-09-12 22:46:50.852] probe_binding_ocaml        skip  (verdict marker (prior xfail) [required_symbols_exported])
[2026-09-12 22:46:50.853] probe_binding_ocaml_inspect  warm_gate  (marker + fingerprint + check_post passed)
[2026-09-12 22:46:50.853] probe_binding_ocaml_inspect  skip  (verdict marker (prior success))
[2026-09-12 22:46:50.853] build_binding_python       warm_gate  (marker + fingerprint + check_post passed)
[2026-09-12 22:46:50.853] build_binding_python       skip  (verdict marker (prior success))
[2026-09-12 22:46:50.853] build_binding_python_inspect  warm_gate  (marker + fingerprint + check_post passed)
[2026-09-12 22:46:50.853] build_binding_python_inspect  skip  (verdict marker (prior success))
[2026-09-12 22:46:50.854] probe_binding_python       warm_gate  (marker + fingerprint + check_post passed)
[2026-09-12 22:46:50.854] probe_binding_python       skip  (verdict marker (prior xfail) [required_symbols_exported])
[2026-09-12 22:46:50.854] probe_binding_python_inspect  warm_gate  (marker + fingerprint + check_post passed)
[2026-09-12 22:46:50.854] probe_binding_python_inspect  skip  (verdict marker (prior success))
[2026-09-12 22:46:50.854] probe_lib                  warm_gate  (marker + fingerprint + check_post passed)
[2026-09-12 22:46:50.854] probe_lib                  skip  (verdict marker (prior success))
[2026-09-12 22:46:50.854] *                          graph_end  (13/13 completed)
[2026-09-12 22:46:50.855] *                          diagram  (_out/canary/projects/tiny1/symbol_missing/-run/diagrams/all.mmd)
[2026-09-12 22:46:50.856] *                          diagram  (_out/canary/projects/tiny1/symbol_missing/-run/diagrams/full.mmd)
[2026-09-12 22:46:50.856] *                          view  (lib (2 steps))
[2026-09-12 22:46:50.856] *                          view  (probes (5 steps))
[2026-09-12 22:46:50.856] *                          view  (binding_ocaml (4 steps))
[2026-09-12 22:46:50.856] *                          view  (binding_python (4 steps))
[2026-09-12 22:46:50.859] *                          html  (_out/canary/projects/tiny1/symbol_missing/-run/result.html)
[2026-09-12 22:46:50.861] *                          index  (_out/canary/projects/index.html)
[2026-09-12 22:46:50.861] *                          invariant  (full.mmd: OK (13 nodes, 13 IDs))
[2026-09-12 22:46:50.861] !                          invariant  (binding_ocaml.mmd: missing [2])
[2026-09-12 22:46:50.861] !                          invariant  (SOME FAILED)
[2026-09-13 20:13:16.030] *                          run_start  (tiny1/symbol_missing)
[2026-09-13 20:13:16.039] *                          variant_start  (source-vendored-stable_lib-vendored-stable_ocaml_binding-vendored-stable_python_binding-vendored-stable_python_binding-vendored-stable_app-vendored-stable_app-vendored-stable)
[2026-09-13 20:13:16.039] *                          graph_start  (13 steps)
[2026-09-13 20:13:16.039] configure                  warm_gate  (marker + fingerprint + check_post passed)
[2026-09-13 20:13:16.039] configure                  skip  (verdict marker (prior success))
[2026-09-13 20:13:16.040] scan_sources               warm_gate  (marker + fingerprint + check_post passed)
[2026-09-13 20:13:16.040] scan_sources               skip  (verdict marker (prior success))
[2026-09-13 20:13:16.040] build_lib                  warm_gate  (marker + fingerprint + check_post passed)
[2026-09-13 20:13:16.040] build_lib                  skip  (verdict marker (prior success))
[2026-09-13 20:13:16.041] build_lib_inspect          warm_gate  (marker + fingerprint + check_post passed)
[2026-09-13 20:13:16.041] build_lib_inspect          skip  (verdict marker (prior success))
[2026-09-13 20:13:16.041] build_binding_ocaml        warm_gate  (marker + fingerprint + check_post passed)
[2026-09-13 20:13:16.041] build_binding_ocaml        skip  (verdict marker (prior success))
[2026-09-13 20:13:16.041] build_binding_ocaml_inspect  warm_gate  (marker + fingerprint + check_post passed)
[2026-09-13 20:13:16.041] build_binding_ocaml_inspect  skip  (verdict marker (prior success))
[2026-09-13 20:13:16.041] probe_binding_ocaml        warm_gate  (marker + fingerprint + check_post passed)
[2026-09-13 20:13:16.041] probe_binding_ocaml        skip  (verdict marker (prior xfail) [required_symbols_exported])
[2026-09-13 20:13:16.042] probe_binding_ocaml_inspect  warm_gate  (marker + fingerprint + check_post passed)
[2026-09-13 20:13:16.042] probe_binding_ocaml_inspect  skip  (verdict marker (prior success))
[2026-09-13 20:13:16.042] build_binding_python       warm_gate  (marker + fingerprint + check_post passed)
[2026-09-13 20:13:16.042] build_binding_python       skip  (verdict marker (prior success))
[2026-09-13 20:13:16.042] build_binding_python_inspect  warm_gate  (marker + fingerprint + check_post passed)
[2026-09-13 20:13:16.042] build_binding_python_inspect  skip  (verdict marker (prior success))
[2026-09-13 20:13:16.043] probe_binding_python       warm_gate  (marker + fingerprint + check_post passed)
[2026-09-13 20:13:16.043] probe_binding_python       skip  (verdict marker (prior xfail) [required_symbols_exported])
[2026-09-13 20:13:16.043] probe_binding_python_inspect  warm_gate  (marker + fingerprint + check_post passed)
[2026-09-13 20:13:16.043] probe_binding_python_inspect  skip  (verdict marker (prior success))
[2026-09-13 20:13:16.043] probe_lib                  warm_gate  (marker + fingerprint + check_post passed)
[2026-09-13 20:13:16.043] probe_lib                  skip  (verdict marker (prior success))
[2026-09-13 20:13:16.043] *                          graph_end  (13/13 completed)
[2026-09-13 20:13:16.044] *                          diagram  (_out/canary/projects/tiny1/symbol_missing/-run/diagrams/all.mmd)
[2026-09-13 20:13:16.044] *                          diagram  (_out/canary/projects/tiny1/symbol_missing/-run/diagrams/full.mmd)
[2026-09-13 20:13:16.044] *                          view  (lib (2 steps))
[2026-09-13 20:13:16.044] *                          view  (probes (5 steps))
[2026-09-13 20:13:16.045] *                          view  (binding_ocaml (4 steps))
[2026-09-13 20:13:16.045] *                          view  (binding_python (4 steps))
[2026-09-13 20:13:16.046] *                          html  (_out/canary/projects/tiny1/symbol_missing/-run/result.html)
[2026-09-13 20:13:16.047] *                          index  (_out/canary/projects/index.html)
[2026-09-13 20:13:16.047] *                          invariant  (full.mmd: OK (13 nodes, 13 IDs))
[2026-09-13 20:13:16.048] !                          invariant  (binding_ocaml.mmd: missing [2])
[2026-09-13 20:13:16.048] !                          invariant  (SOME FAILED)
[2026-09-13 20:25:22.531] *                          run_start  (tiny1/symbol_missing)
[2026-09-13 20:25:22.539] *                          variant_start  (source-vendored-stable_lib-vendored-stable_ocaml_binding-vendored-stable_python_binding-vendored-stable_python_binding-vendored-stable_app-vendored-stable_app-vendored-stable)
[2026-09-13 20:25:22.539] *                          graph_start  (13 steps)
[2026-09-13 20:25:22.539] configure                  warm_gate  (marker + fingerprint + check_post passed)
[2026-09-13 20:25:22.539] configure                  skip  (verdict marker (prior success))
[2026-09-13 20:25:22.539] scan_sources               warm_gate  (marker + fingerprint + check_post passed)
[2026-09-13 20:25:22.539] scan_sources               skip  (verdict marker (prior success))
[2026-09-13 20:25:22.539] build_lib                  warm_gate  (marker + fingerprint + check_post passed)
[2026-09-13 20:25:22.539] build_lib                  skip  (verdict marker (prior success))
[2026-09-13 20:25:22.539] build_lib_inspect          warm_gate  (marker + fingerprint + check_post passed)
[2026-09-13 20:25:22.539] build_lib_inspect          skip  (verdict marker (prior success))
[2026-09-13 20:25:22.540] build_binding_ocaml        warm_gate  (marker + fingerprint + check_post passed)
[2026-09-13 20:25:22.540] build_binding_ocaml        skip  (verdict marker (prior success))
[2026-09-13 20:25:22.540] build_binding_ocaml_inspect  warm_gate  (marker + fingerprint + check_post passed)
[2026-09-13 20:25:22.540] build_binding_ocaml_inspect  skip  (verdict marker (prior success))
[2026-09-13 20:25:22.540] probe_binding_ocaml        warm_gate  (marker + fingerprint + check_post passed)
[2026-09-13 20:25:22.540] probe_binding_ocaml        skip  (verdict marker (prior xfail) [required_symbols_exported])
[2026-09-13 20:25:22.540] probe_binding_ocaml_inspect  warm_gate  (marker + fingerprint + check_post passed)
[2026-09-13 20:25:22.540] probe_binding_ocaml_inspect  skip  (verdict marker (prior success))
[2026-09-13 20:25:22.540] build_binding_python       warm_gate  (marker + fingerprint + check_post passed)
[2026-09-13 20:25:22.540] build_binding_python       skip  (verdict marker (prior success))
[2026-09-13 20:25:22.540] build_binding_python_inspect  warm_gate  (marker + fingerprint + check_post passed)
[2026-09-13 20:25:22.540] build_binding_python_inspect  skip  (verdict marker (prior success))
[2026-09-13 20:25:22.540] probe_binding_python       warm_gate  (marker + fingerprint + check_post passed)
[2026-09-13 20:25:22.540] probe_binding_python       skip  (verdict marker (prior xfail) [required_symbols_exported])
[2026-09-13 20:25:22.540] probe_binding_python_inspect  warm_gate  (marker + fingerprint + check_post passed)
[2026-09-13 20:25:22.540] probe_binding_python_inspect  skip  (verdict marker (prior success))
[2026-09-13 20:25:22.540] probe_lib                  warm_gate  (marker + fingerprint + check_post passed)
[2026-09-13 20:25:22.540] probe_lib                  skip  (verdict marker (prior success))
[2026-09-13 20:25:22.540] *                          graph_end  (13/13 completed)
[2026-09-13 20:25:22.541] *                          diagram  (_out/canary/projects/tiny1/symbol_missing/-run/diagrams/all.mmd)
[2026-09-13 20:25:22.541] *                          diagram  (_out/canary/projects/tiny1/symbol_missing/-run/diagrams/full.mmd)
[2026-09-13 20:25:22.541] *                          view  (lib (2 steps))
[2026-09-13 20:25:22.541] *                          view  (probes (5 steps))
[2026-09-13 20:25:22.541] *                          view  (binding_ocaml (4 steps))
[2026-09-13 20:25:22.542] *                          view  (binding_python (4 steps))
[2026-09-13 20:25:22.543] *                          html  (_out/canary/projects/tiny1/symbol_missing/-run/result.html)
[2026-09-13 20:25:22.544] *                          index  (_out/canary/projects/index.html)
[2026-09-13 20:25:22.544] *                          invariant  (full.mmd: OK (13 nodes, 13 IDs))
[2026-09-13 20:25:22.545] !                          invariant  (binding_ocaml.mmd: missing [2])
[2026-09-13 20:25:22.545] !                          invariant  (SOME FAILED)
[2026-09-14 13:32:45.367] *                          run_start  (tiny1/symbol_missing)
[2026-09-14 13:32:45.375] *                          variant_start  (source-vendored-stable_lib-vendored-stable_ocaml_binding-vendored-stable_python_binding-vendored-stable_python_binding-vendored-stable_app-vendored-stable_app-vendored-stable)
[2026-09-14 13:32:45.375] *                          graph_start  (13 steps)
[2026-09-14 13:32:45.375] configure                  warm_gate  (marker + fingerprint + check_post passed)
[2026-09-14 13:32:45.375] configure                  skip  (verdict marker (prior success))
[2026-09-14 13:32:45.376] scan_sources               warm_gate  (marker + fingerprint + check_post passed)
[2026-09-14 13:32:45.376] scan_sources               skip  (verdict marker (prior success))
[2026-09-14 13:32:45.376] build_lib                  warm_gate  (marker + fingerprint + check_post passed)
[2026-09-14 13:32:45.376] build_lib                  skip  (verdict marker (prior success))
[2026-09-14 13:32:45.376] build_lib_inspect          warm_gate  (marker + fingerprint + check_post passed)
[2026-09-14 13:32:45.376] build_lib_inspect          skip  (verdict marker (prior success))
[2026-09-14 13:32:45.376] build_binding_ocaml        warm_gate  (marker + fingerprint + check_post passed)
[2026-09-14 13:32:45.377] build_binding_ocaml        skip  (verdict marker (prior success))
[2026-09-14 13:32:45.377] build_binding_ocaml_inspect  warm_gate  (marker + fingerprint + check_post passed)
[2026-09-14 13:32:45.377] build_binding_ocaml_inspect  skip  (verdict marker (prior success))
[2026-09-14 13:32:45.377] probe_binding_ocaml        warm_gate  (marker + fingerprint + check_post passed)
[2026-09-14 13:32:45.377] probe_binding_ocaml        skip  (verdict marker (prior xfail) [required_symbols_exported])
[2026-09-14 13:32:45.377] probe_binding_ocaml_inspect  warm_gate  (marker + fingerprint + check_post passed)
[2026-09-14 13:32:45.377] probe_binding_ocaml_inspect  skip  (verdict marker (prior success))
[2026-09-14 13:32:45.378] build_binding_python       warm_gate  (marker + fingerprint + check_post passed)
[2026-09-14 13:32:45.378] build_binding_python       skip  (verdict marker (prior success))
[2026-09-14 13:32:45.378] build_binding_python_inspect  warm_gate  (marker + fingerprint + check_post passed)
[2026-09-14 13:32:45.378] build_binding_python_inspect  skip  (verdict marker (prior success))
[2026-09-14 13:32:45.378] probe_binding_python       warm_gate  (marker + fingerprint + check_post passed)
[2026-09-14 13:32:45.378] probe_binding_python       skip  (verdict marker (prior xfail) [required_symbols_exported])
[2026-09-14 13:32:45.378] probe_binding_python_inspect  warm_gate  (marker + fingerprint + check_post passed)
[2026-09-14 13:32:45.378] probe_binding_python_inspect  skip  (verdict marker (prior success))
[2026-09-14 13:32:45.378] probe_lib                  warm_gate  (marker + fingerprint + check_post passed)
[2026-09-14 13:32:45.378] probe_lib                  skip  (verdict marker (prior success))
[2026-09-14 13:32:45.379] *                          graph_end  (13/13 completed)
[2026-09-14 13:32:45.379] *                          diagram  (_out/canary/projects/tiny1/symbol_missing/-run/diagrams/all.mmd)
[2026-09-14 13:32:45.379] *                          diagram  (_out/canary/projects/tiny1/symbol_missing/-run/diagrams/full.mmd)
[2026-09-14 13:32:45.379] *                          view  (lib (2 steps))
[2026-09-14 13:32:45.380] *                          view  (probes (5 steps))
[2026-09-14 13:32:45.380] *                          view  (binding_ocaml (4 steps))
[2026-09-14 13:32:45.380] *                          view  (binding_python (4 steps))
[2026-09-14 13:32:45.381] *                          html  (_out/canary/projects/tiny1/symbol_missing/-run/result.html)
[2026-09-14 13:32:45.382] *                          index  (_out/canary/projects/index.html)
[2026-09-14 13:32:45.383] *                          invariant  (full.mmd: OK (13 nodes, 13 IDs))
[2026-09-14 13:32:45.383] !                          invariant  (binding_ocaml.mmd: missing [2])
[2026-09-14 13:32:45.383] !                          invariant  (SOME FAILED)
[2026-09-14 13:48:39.459] *                          run_start  (tiny1/symbol_missing)
[2026-09-14 13:48:39.466] *                          variant_start  (source-vendored-stable_lib-vendored-stable_ocaml_binding-vendored-stable_python_binding-vendored-stable_python_binding-vendored-stable_app-vendored-stable_app-vendored-stable)
[2026-09-14 13:48:39.466] *                          graph_start  (13 steps)
[2026-09-14 13:48:39.466] configure                  warm_gate  (marker + fingerprint + check_post passed)
[2026-09-14 13:48:39.466] configure                  skip  (verdict marker (prior success))
[2026-09-14 13:48:39.466] scan_sources               warm_gate  (marker + fingerprint + check_post passed)
[2026-09-14 13:48:39.466] scan_sources               skip  (verdict marker (prior success))
[2026-09-14 13:48:39.466] build_lib                  warm_gate  (marker + fingerprint + check_post passed)
[2026-09-14 13:48:39.466] build_lib                  skip  (verdict marker (prior success))
[2026-09-14 13:48:39.466] build_lib_inspect          warm_gate  (marker + fingerprint + check_post passed)
[2026-09-14 13:48:39.466] build_lib_inspect          skip  (verdict marker (prior success))
[2026-09-14 13:48:39.467] build_binding_ocaml        warm_gate  (marker + fingerprint + check_post passed)
[2026-09-14 13:48:39.467] build_binding_ocaml        skip  (verdict marker (prior success))
[2026-09-14 13:48:39.467] build_binding_ocaml_inspect  warm_gate  (marker + fingerprint + check_post passed)
[2026-09-14 13:48:39.467] build_binding_ocaml_inspect  skip  (verdict marker (prior success))
[2026-09-14 13:48:39.467] probe_binding_ocaml        warm_gate  (marker + fingerprint + check_post passed)
[2026-09-14 13:48:39.467] probe_binding_ocaml        skip  (verdict marker (prior xfail) [required_symbols_exported])
[2026-09-14 13:48:39.467] probe_binding_ocaml_inspect  warm_gate  (marker + fingerprint + check_post passed)
[2026-09-14 13:48:39.467] probe_binding_ocaml_inspect  skip  (verdict marker (prior success))
[2026-09-14 13:48:39.467] build_binding_python       warm_gate  (marker + fingerprint + check_post passed)
[2026-09-14 13:48:39.467] build_binding_python       skip  (verdict marker (prior success))
[2026-09-14 13:48:39.467] build_binding_python_inspect  warm_gate  (marker + fingerprint + check_post passed)
[2026-09-14 13:48:39.467] build_binding_python_inspect  skip  (verdict marker (prior success))
[2026-09-14 13:48:39.467] probe_binding_python       warm_gate  (marker + fingerprint + check_post passed)
[2026-09-14 13:48:39.467] probe_binding_python       skip  (verdict marker (prior xfail) [required_symbols_exported])
[2026-09-14 13:48:39.467] probe_binding_python_inspect  warm_gate  (marker + fingerprint + check_post passed)
[2026-09-14 13:48:39.467] probe_binding_python_inspect  skip  (verdict marker (prior success))
[2026-09-14 13:48:39.467] probe_lib                  warm_gate  (marker + fingerprint + check_post passed)
[2026-09-14 13:48:39.467] probe_lib                  skip  (verdict marker (prior success))
[2026-09-14 13:48:39.467] *                          graph_end  (13/13 completed)
[2026-09-14 13:48:39.468] *                          diagram  (_out/canary/projects/tiny1/symbol_missing/-run/diagrams/all.mmd)
[2026-09-14 13:48:39.468] *                          diagram  (_out/canary/projects/tiny1/symbol_missing/-run/diagrams/full.mmd)
[2026-09-14 13:48:39.468] *                          view  (lib (2 steps))
[2026-09-14 13:48:39.468] *                          view  (probes (5 steps))
[2026-09-14 13:48:39.468] *                          view  (binding_ocaml (4 steps))
[2026-09-14 13:48:39.469] *                          view  (binding_python (4 steps))
[2026-09-14 13:48:39.470] *                          html  (_out/canary/projects/tiny1/symbol_missing/-run/result.html)
[2026-09-14 13:48:39.471] *                          index  (_out/canary/projects/index.html)
[2026-09-14 13:48:39.471] *                          invariant  (full.mmd: OK (13 nodes, 13 IDs))
[2026-09-14 13:48:39.471] !                          invariant  (binding_ocaml.mmd: missing [2])
[2026-09-14 13:48:39.471] !                          invariant  (SOME FAILED)
[2026-09-14 13:50:43.831] *                          run_start  (tiny1/symbol_missing)
[2026-09-14 13:50:43.839] *                          variant_start  (source-vendored-stable_lib-vendored-stable_ocaml_binding-vendored-stable_python_binding-vendored-stable_python_binding-vendored-stable_app-vendored-stable_app-vendored-stable)
[2026-09-14 13:50:43.839] *                          graph_start  (13 steps)
[2026-09-14 13:50:43.839] configure                  warm_gate  (marker + fingerprint + check_post passed)
[2026-09-14 13:50:43.839] configure                  skip  (verdict marker (prior success))
[2026-09-14 13:50:43.839] scan_sources               warm_gate  (marker + fingerprint + check_post passed)
[2026-09-14 13:50:43.839] scan_sources               skip  (verdict marker (prior success))
[2026-09-14 13:50:43.839] build_lib                  warm_gate  (marker + fingerprint + check_post passed)
[2026-09-14 13:50:43.839] build_lib                  skip  (verdict marker (prior success))
[2026-09-14 13:50:43.839] build_lib_inspect          warm_gate  (marker + fingerprint + check_post passed)
[2026-09-14 13:50:43.839] build_lib_inspect          skip  (verdict marker (prior success))
[2026-09-14 13:50:43.839] build_binding_ocaml        warm_gate  (marker + fingerprint + check_post passed)
[2026-09-14 13:50:43.839] build_binding_ocaml        skip  (verdict marker (prior success))
[2026-09-14 13:50:43.839] build_binding_ocaml_inspect  warm_gate  (marker + fingerprint + check_post passed)
[2026-09-14 13:50:43.839] build_binding_ocaml_inspect  skip  (verdict marker (prior success))
[2026-09-14 13:50:43.840] probe_binding_ocaml        warm_gate  (marker + fingerprint + check_post passed)
[2026-09-14 13:50:43.840] probe_binding_ocaml        skip  (verdict marker (prior xfail) [required_symbols_exported])
[2026-09-14 13:50:43.840] probe_binding_ocaml_inspect  warm_gate  (marker + fingerprint + check_post passed)
[2026-09-14 13:50:43.840] probe_binding_ocaml_inspect  skip  (verdict marker (prior success))
[2026-09-14 13:50:43.840] build_binding_python       warm_gate  (marker + fingerprint + check_post passed)
[2026-09-14 13:50:43.840] build_binding_python       skip  (verdict marker (prior success))
[2026-09-14 13:50:43.840] build_binding_python_inspect  warm_gate  (marker + fingerprint + check_post passed)
[2026-09-14 13:50:43.840] build_binding_python_inspect  skip  (verdict marker (prior success))
[2026-09-14 13:50:43.840] probe_binding_python       warm_gate  (marker + fingerprint + check_post passed)
[2026-09-14 13:50:43.840] probe_binding_python       skip  (verdict marker (prior xfail) [required_symbols_exported])
[2026-09-14 13:50:43.840] probe_binding_python_inspect  warm_gate  (marker + fingerprint + check_post passed)
[2026-09-14 13:50:43.840] probe_binding_python_inspect  skip  (verdict marker (prior success))
[2026-09-14 13:50:43.840] probe_lib                  warm_gate  (marker + fingerprint + check_post passed)
[2026-09-14 13:50:43.840] probe_lib                  skip  (verdict marker (prior success))
[2026-09-14 13:50:43.840] *                          graph_end  (13/13 completed)
[2026-09-14 13:50:43.841] *                          diagram  (_out/canary/projects/tiny1/symbol_missing/-run/diagrams/all.mmd)
[2026-09-14 13:50:43.841] *                          diagram  (_out/canary/projects/tiny1/symbol_missing/-run/diagrams/full.mmd)
[2026-09-14 13:50:43.841] *                          view  (lib (2 steps))
[2026-09-14 13:50:43.841] *                          view  (probes (5 steps))
[2026-09-14 13:50:43.841] *                          view  (binding_ocaml (4 steps))
[2026-09-14 13:50:43.841] *                          view  (binding_python (4 steps))
[2026-09-14 13:50:43.843] *                          html  (_out/canary/projects/tiny1/symbol_missing/-run/result.html)
[2026-09-14 13:50:43.844] *                          index  (_out/canary/projects/index.html)
[2026-09-14 13:50:43.844] *                          invariant  (full.mmd: OK (13 nodes, 13 IDs))
[2026-09-14 13:50:43.844] !                          invariant  (binding_ocaml.mmd: missing [2])
[2026-09-14 13:50:43.844] !                          invariant  (SOME FAILED)
[2026-09-14 14:51:03.660] *                          run_start  (tiny1/symbol_missing)
[2026-09-14 14:51:03.668] *                          variant_start  (source-vendored-stable_lib-vendored-stable_ocaml_binding-vendored-stable_python_binding-vendored-stable_python_binding-vendored-stable_app-vendored-stable_app-vendored-stable)
[2026-09-14 14:51:03.668] *                          graph_start  (13 steps)
[2026-09-14 14:51:03.668] configure                  warm_gate  (marker + fingerprint + check_post passed)
[2026-09-14 14:51:03.668] configure                  skip  (verdict marker (prior success))
[2026-09-14 14:51:03.668] scan_sources               warm_gate  (marker + fingerprint + check_post passed)
[2026-09-14 14:51:03.668] scan_sources               skip  (verdict marker (prior success))
[2026-09-14 14:51:03.669] build_lib                  warm_gate  (marker + fingerprint + check_post passed)
[2026-09-14 14:51:03.669] build_lib                  skip  (verdict marker (prior success))
[2026-09-14 14:51:03.669] build_lib_inspect          warm_gate  (marker + fingerprint + check_post passed)
[2026-09-14 14:51:03.669] build_lib_inspect          skip  (verdict marker (prior success))
[2026-09-14 14:51:03.669] build_binding_ocaml        warm_gate  (marker + fingerprint + check_post passed)
[2026-09-14 14:51:03.669] build_binding_ocaml        skip  (verdict marker (prior success))
[2026-09-14 14:51:03.669] build_binding_ocaml_inspect  warm_gate  (marker + fingerprint + check_post passed)
[2026-09-14 14:51:03.669] build_binding_ocaml_inspect  skip  (verdict marker (prior success))
[2026-09-14 14:51:03.670] probe_binding_ocaml        warm_gate  (marker + fingerprint + check_post passed)
[2026-09-14 14:51:03.670] probe_binding_ocaml        skip  (verdict marker (prior xfail) [required_symbols_exported])
[2026-09-14 14:51:03.670] probe_binding_ocaml_inspect  warm_gate  (marker + fingerprint + check_post passed)
[2026-09-14 14:51:03.670] probe_binding_ocaml_inspect  skip  (verdict marker (prior success))
[2026-09-14 14:51:03.670] build_binding_python       warm_gate  (marker + fingerprint + check_post passed)
[2026-09-14 14:51:03.670] build_binding_python       skip  (verdict marker (prior success))
[2026-09-14 14:51:03.670] build_binding_python_inspect  warm_gate  (marker + fingerprint + check_post passed)
[2026-09-14 14:51:03.670] build_binding_python_inspect  skip  (verdict marker (prior success))
[2026-09-14 14:51:03.671] probe_binding_python       warm_gate  (marker + fingerprint + check_post passed)
[2026-09-14 14:51:03.671] probe_binding_python       skip  (verdict marker (prior xfail) [required_symbols_exported])
[2026-09-14 14:51:03.671] probe_binding_python_inspect  warm_gate  (marker + fingerprint + check_post passed)
[2026-09-14 14:51:03.671] probe_binding_python_inspect  skip  (verdict marker (prior success))
[2026-09-14 14:51:03.671] probe_lib                  warm_gate  (marker + fingerprint + check_post passed)
[2026-09-14 14:51:03.671] probe_lib                  skip  (verdict marker (prior success))
[2026-09-14 14:51:03.671] *                          graph_end  (13/13 completed)
[2026-09-14 14:51:03.672] *                          diagram  (_out/canary/projects/tiny1/symbol_missing/-run/diagrams/all.mmd)
[2026-09-14 14:51:03.672] *                          diagram  (_out/canary/projects/tiny1/symbol_missing/-run/diagrams/full.mmd)
[2026-09-14 14:51:03.672] *                          view  (lib (2 steps))
[2026-09-14 14:51:03.672] *                          view  (probes (5 steps))
[2026-09-14 14:51:03.672] *                          view  (binding_ocaml (4 steps))
[2026-09-14 14:51:03.673] *                          view  (binding_python (4 steps))
[2026-09-14 14:51:03.674] *                          html  (_out/canary/projects/tiny1/symbol_missing/-run/result.html)
[2026-09-14 14:51:03.675] *                          index  (_out/canary/projects/index.html)
[2026-09-14 14:51:03.675] *                          invariant  (full.mmd: OK (13 nodes, 13 IDs))
[2026-09-14 14:51:03.676] !                          invariant  (binding_ocaml.mmd: missing [2])
[2026-09-14 14:51:03.676] !                          invariant  (SOME FAILED)
[2026-09-14 15:01:50.765] *                          run_start  (tiny1/symbol_missing)
[2026-09-14 15:01:50.776] *                          variant_start  (source-vendored-stable_lib-vendored-stable_ocaml_binding-vendored-stable_python_binding-vendored-stable_python_binding-vendored-stable_app-vendored-stable_app-vendored-stable)
[2026-09-14 15:01:50.776] *                          graph_start  (13 steps)
[2026-09-14 15:01:50.776] configure                  warm_gate  (marker + fingerprint + check_post passed)
[2026-09-14 15:01:50.776] configure                  skip  (verdict marker (prior success))
[2026-09-14 15:01:50.777] scan_sources               warm_gate  (marker + fingerprint + check_post passed)
[2026-09-14 15:01:50.777] scan_sources               skip  (verdict marker (prior success))
[2026-09-14 15:01:50.777] build_lib                  warm_gate  (marker + fingerprint + check_post passed)
[2026-09-14 15:01:50.777] build_lib                  skip  (verdict marker (prior success))
[2026-09-14 15:01:50.777] build_lib_inspect          warm_gate  (marker + fingerprint + check_post passed)
[2026-09-14 15:01:50.777] build_lib_inspect          skip  (verdict marker (prior success))
[2026-09-14 15:01:50.777] build_binding_ocaml        warm_gate  (marker + fingerprint + check_post passed)
[2026-09-14 15:01:50.777] build_binding_ocaml        skip  (verdict marker (prior success))
[2026-09-14 15:01:50.777] build_binding_ocaml_inspect  warm_gate  (marker + fingerprint + check_post passed)
[2026-09-14 15:01:50.777] build_binding_ocaml_inspect  skip  (verdict marker (prior success))
[2026-09-14 15:01:50.777] probe_binding_ocaml        warm_gate  (marker + fingerprint + check_post passed)
[2026-09-14 15:01:50.777] probe_binding_ocaml        skip  (verdict marker (prior xfail) [required_symbols_exported])
[2026-09-14 15:01:50.777] probe_binding_ocaml_inspect  warm_gate  (marker + fingerprint + check_post passed)
[2026-09-14 15:01:50.777] probe_binding_ocaml_inspect  skip  (verdict marker (prior success))
[2026-09-14 15:01:50.777] build_binding_python       warm_gate  (marker + fingerprint + check_post passed)
[2026-09-14 15:01:50.777] build_binding_python       skip  (verdict marker (prior success))
[2026-09-14 15:01:50.777] build_binding_python_inspect  warm_gate  (marker + fingerprint + check_post passed)
[2026-09-14 15:01:50.777] build_binding_python_inspect  skip  (verdict marker (prior success))
[2026-09-14 15:01:50.777] probe_binding_python       warm_gate  (marker + fingerprint + check_post passed)
[2026-09-14 15:01:50.778] probe_binding_python       skip  (verdict marker (prior xfail) [required_symbols_exported])
[2026-09-14 15:01:50.778] probe_binding_python_inspect  warm_gate  (marker + fingerprint + check_post passed)
[2026-09-14 15:01:50.778] probe_binding_python_inspect  skip  (verdict marker (prior success))
[2026-09-14 15:01:50.778] probe_lib                  warm_gate  (marker + fingerprint + check_post passed)
[2026-09-14 15:01:50.778] probe_lib                  skip  (verdict marker (prior success))
[2026-09-14 15:01:50.778] *                          graph_end  (13/13 completed)
[2026-09-14 15:01:50.779] *                          diagram  (_out/canary/projects/tiny1/symbol_missing/-run/diagrams/all.mmd)
[2026-09-14 15:01:50.779] *                          diagram  (_out/canary/projects/tiny1/symbol_missing/-run/diagrams/full.mmd)
[2026-09-14 15:01:50.779] *                          view  (lib (2 steps))
[2026-09-14 15:01:50.780] *                          view  (probes (5 steps))
[2026-09-14 15:01:50.780] *                          view  (binding_ocaml (4 steps))
[2026-09-14 15:01:50.780] *                          view  (binding_python (4 steps))
[2026-09-14 15:01:50.783] *                          html  (_out/canary/projects/tiny1/symbol_missing/-run/result.html)
[2026-09-14 15:01:50.785] *                          index  (_out/canary/projects/index.html)
[2026-09-14 15:01:50.785] *                          invariant  (full.mmd: OK (13 nodes, 13 IDs))
[2026-09-14 15:01:50.785] !                          invariant  (binding_ocaml.mmd: missing [2])
[2026-09-14 15:01:50.785] !                          invariant  (SOME FAILED)
[2026-09-14 15:13:58.990] *                          run_start  (tiny1/symbol_missing)
[2026-09-14 15:13:58.998] *                          variant_start  (source-vendored-stable_lib-vendored-stable_ocaml_binding-vendored-stable_python_binding-vendored-stable_python_binding-vendored-stable_app-vendored-stable_app-vendored-stable)
[2026-09-14 15:13:58.998] *                          graph_start  (13 steps)
[2026-09-14 15:13:58.998] configure                  warm_gate  (marker + fingerprint + check_post passed)
[2026-09-14 15:13:58.998] configure                  skip  (verdict marker (prior success))
[2026-09-14 15:13:58.998] scan_sources               warm_gate  (marker + fingerprint + check_post passed)
[2026-09-14 15:13:58.998] scan_sources               skip  (verdict marker (prior success))
[2026-09-14 15:13:58.998] build_lib                  warm_gate  (marker + fingerprint + check_post passed)
[2026-09-14 15:13:58.998] build_lib                  skip  (verdict marker (prior success))
[2026-09-14 15:13:58.998] build_lib_inspect          warm_gate  (marker + fingerprint + check_post passed)
[2026-09-14 15:13:58.999] build_lib_inspect          skip  (verdict marker (prior success))
[2026-09-14 15:13:58.999] build_binding_ocaml        warm_gate  (marker + fingerprint + check_post passed)
[2026-09-14 15:13:58.999] build_binding_ocaml        skip  (verdict marker (prior success))
[2026-09-14 15:13:58.999] build_binding_ocaml_inspect  warm_gate  (marker + fingerprint + check_post passed)
[2026-09-14 15:13:58.999] build_binding_ocaml_inspect  skip  (verdict marker (prior success))
[2026-09-14 15:13:58.999] probe_binding_ocaml        warm_gate  (marker + fingerprint + check_post passed)
[2026-09-14 15:13:58.999] probe_binding_ocaml        skip  (verdict marker (prior xfail) [required_symbols_exported])
[2026-09-14 15:13:58.999] probe_binding_ocaml_inspect  warm_gate  (marker + fingerprint + check_post passed)
[2026-09-14 15:13:58.999] probe_binding_ocaml_inspect  skip  (verdict marker (prior success))
[2026-09-14 15:13:58.999] build_binding_python       warm_gate  (marker + fingerprint + check_post passed)
[2026-09-14 15:13:58.999] build_binding_python       skip  (verdict marker (prior success))
[2026-09-14 15:13:58.999] build_binding_python_inspect  warm_gate  (marker + fingerprint + check_post passed)
[2026-09-14 15:13:58.999] build_binding_python_inspect  skip  (verdict marker (prior success))
[2026-09-14 15:13:58.999] probe_binding_python       warm_gate  (marker + fingerprint + check_post passed)
[2026-09-14 15:13:58.999] probe_binding_python       skip  (verdict marker (prior xfail) [required_symbols_exported])
[2026-09-14 15:13:58.999] probe_binding_python_inspect  warm_gate  (marker + fingerprint + check_post passed)
[2026-09-14 15:13:58.999] probe_binding_python_inspect  skip  (verdict marker (prior success))
[2026-09-14 15:13:58.999] probe_lib                  warm_gate  (marker + fingerprint + check_post passed)
[2026-09-14 15:13:58.999] probe_lib                  skip  (verdict marker (prior success))
[2026-09-14 15:13:58.999] *                          graph_end  (13/13 completed)
[2026-09-14 15:13:59.000] *                          diagram  (_out/canary/projects/tiny1/symbol_missing/-run/diagrams/all.mmd)
[2026-09-14 15:13:59.000] *                          diagram  (_out/canary/projects/tiny1/symbol_missing/-run/diagrams/full.mmd)
[2026-09-14 15:13:59.000] *                          view  (lib (2 steps))
[2026-09-14 15:13:59.000] *                          view  (probes (5 steps))
[2026-09-14 15:13:59.001] *                          view  (binding_ocaml (4 steps))
[2026-09-14 15:13:59.001] *                          view  (binding_python (4 steps))
[2026-09-14 15:13:59.002] *                          html  (_out/canary/projects/tiny1/symbol_missing/-run/result.html)
[2026-09-14 15:13:59.003] *                          index  (_out/canary/projects/index.html)
[2026-09-14 15:13:59.004] *                          invariant  (full.mmd: OK (13 nodes, 13 IDs))
[2026-09-14 15:13:59.004] !                          invariant  (binding_ocaml.mmd: missing [2])
[2026-09-14 15:13:59.004] !                          invariant  (SOME FAILED)
[2026-09-14 15:32:01.715] *                          run_start  (tiny1/symbol_missing)
[2026-09-14 15:32:01.724] *                          variant_start  (source-vendored-stable_lib-vendored-stable_ocaml_binding-vendored-stable_python_binding-vendored-stable_python_binding-vendored-stable_app-vendored-stable_app-vendored-stable)
[2026-09-14 15:32:01.724] *                          graph_start  (13 steps)
[2026-09-14 15:32:01.724] configure                  warm_gate  (marker + fingerprint + check_post passed)
[2026-09-14 15:32:01.724] configure                  skip  (verdict marker (prior success))
[2026-09-14 15:32:01.724] scan_sources               warm_gate  (marker + fingerprint + check_post passed)
[2026-09-14 15:32:01.724] scan_sources               skip  (verdict marker (prior success))
[2026-09-14 15:32:01.724] build_lib                  warm_gate  (marker + fingerprint + check_post passed)
[2026-09-14 15:32:01.724] build_lib                  skip  (verdict marker (prior success))
[2026-09-14 15:32:01.724] build_lib_inspect          warm_gate  (marker + fingerprint + check_post passed)
[2026-09-14 15:32:01.724] build_lib_inspect          skip  (verdict marker (prior success))
[2026-09-14 15:32:01.724] build_binding_ocaml        warm_gate  (marker + fingerprint + check_post passed)
[2026-09-14 15:32:01.724] build_binding_ocaml        skip  (verdict marker (prior success))
[2026-09-14 15:32:01.724] build_binding_ocaml_inspect  warm_gate  (marker + fingerprint + check_post passed)
[2026-09-14 15:32:01.724] build_binding_ocaml_inspect  skip  (verdict marker (prior success))
[2026-09-14 15:32:01.724] probe_binding_ocaml        warm_gate  (marker + fingerprint + check_post passed)
[2026-09-14 15:32:01.724] probe_binding_ocaml        skip  (verdict marker (prior xfail) [required_symbols_exported])
[2026-09-14 15:32:01.724] probe_binding_ocaml_inspect  warm_gate  (marker + fingerprint + check_post passed)
[2026-09-14 15:32:01.724] probe_binding_ocaml_inspect  skip  (verdict marker (prior success))
[2026-09-14 15:32:01.724] build_binding_python       warm_gate  (marker + fingerprint + check_post passed)
[2026-09-14 15:32:01.724] build_binding_python       skip  (verdict marker (prior success))
[2026-09-14 15:32:01.724] build_binding_python_inspect  warm_gate  (marker + fingerprint + check_post passed)
[2026-09-14 15:32:01.724] build_binding_python_inspect  skip  (verdict marker (prior success))
[2026-09-14 15:32:01.724] probe_binding_python       warm_gate  (marker + fingerprint + check_post passed)
[2026-09-14 15:32:01.724] probe_binding_python       skip  (verdict marker (prior xfail) [required_symbols_exported])
[2026-09-14 15:32:01.724] probe_binding_python_inspect  warm_gate  (marker + fingerprint + check_post passed)
[2026-09-14 15:32:01.724] probe_binding_python_inspect  skip  (verdict marker (prior success))
[2026-09-14 15:32:01.724] probe_lib                  warm_gate  (marker + fingerprint + check_post passed)
[2026-09-14 15:32:01.724] probe_lib                  skip  (verdict marker (prior success))
[2026-09-14 15:32:01.724] *                          graph_end  (13/13 completed)
[2026-09-14 15:32:01.725] *                          diagram  (_out/canary/projects/tiny1/symbol_missing/-run/diagrams/all.mmd)
[2026-09-14 15:32:01.725] *                          diagram  (_out/canary/projects/tiny1/symbol_missing/-run/diagrams/full.mmd)
[2026-09-14 15:32:01.725] *                          view  (lib (2 steps))
[2026-09-14 15:32:01.726] *                          view  (probes (5 steps))
[2026-09-14 15:32:01.726] *                          view  (binding_ocaml (4 steps))
[2026-09-14 15:32:01.726] *                          view  (binding_python (4 steps))
[2026-09-14 15:32:01.728] *                          html  (_out/canary/projects/tiny1/symbol_missing/-run/result.html)
[2026-09-14 15:32:01.729] *                          index  (_out/canary/projects/index.html)
[2026-09-14 15:32:01.729] *                          invariant  (full.mmd: OK (13 nodes, 13 IDs))
[2026-09-14 15:32:01.729] !                          invariant  (binding_ocaml.mmd: missing [2])
[2026-09-14 15:32:01.729] !                          invariant  (SOME FAILED)
[2026-09-14 16:08:08.198] *                          run_start  (tiny1/symbol_missing)
[2026-09-14 16:08:08.206] *                          variant_start  (source-vendored-stable_lib-vendored-stable_ocaml_binding-vendored-stable_python_binding-vendored-stable_python_binding-vendored-stable_app-vendored-stable_app-vendored-stable)
[2026-09-14 16:08:08.206] *                          graph_start  (13 steps)
[2026-09-14 16:08:08.207] configure                  warm_gate  (marker + fingerprint + check_post passed)
[2026-09-14 16:08:08.207] configure                  skip  (verdict marker (prior success))
[2026-09-14 16:08:08.207] scan_sources               warm_gate  (marker + fingerprint + check_post passed)
[2026-09-14 16:08:08.207] scan_sources               skip  (verdict marker (prior success))
[2026-09-14 16:08:08.207] build_lib                  warm_gate  (marker + fingerprint + check_post passed)
[2026-09-14 16:08:08.207] build_lib                  skip  (verdict marker (prior success))
[2026-09-14 16:08:08.207] build_lib_inspect          warm_gate  (marker + fingerprint + check_post passed)
[2026-09-14 16:08:08.207] build_lib_inspect          skip  (verdict marker (prior success))
[2026-09-14 16:08:08.208] build_binding_ocaml        warm_gate  (marker + fingerprint + check_post passed)
[2026-09-14 16:08:08.208] build_binding_ocaml        skip  (verdict marker (prior success))
[2026-09-14 16:08:08.208] build_binding_ocaml_inspect  warm_gate  (marker + fingerprint + check_post passed)
[2026-09-14 16:08:08.208] build_binding_ocaml_inspect  skip  (verdict marker (prior success))
[2026-09-14 16:08:08.208] probe_binding_ocaml        warm_gate  (marker + fingerprint + check_post passed)
[2026-09-14 16:08:08.208] probe_binding_ocaml        skip  (verdict marker (prior xfail) [required_symbols_exported])
[2026-09-14 16:08:08.208] probe_binding_ocaml_inspect  warm_gate  (marker + fingerprint + check_post passed)
[2026-09-14 16:08:08.208] probe_binding_ocaml_inspect  skip  (verdict marker (prior success))
[2026-09-14 16:08:08.209] build_binding_python       warm_gate  (marker + fingerprint + check_post passed)
[2026-09-14 16:08:08.209] build_binding_python       skip  (verdict marker (prior success))
[2026-09-14 16:08:08.209] build_binding_python_inspect  warm_gate  (marker + fingerprint + check_post passed)
[2026-09-14 16:08:08.209] build_binding_python_inspect  skip  (verdict marker (prior success))
[2026-09-14 16:08:08.209] probe_binding_python       warm_gate  (marker + fingerprint + check_post passed)
[2026-09-14 16:08:08.209] probe_binding_python       skip  (verdict marker (prior xfail) [required_symbols_exported])
[2026-09-14 16:08:08.209] probe_binding_python_inspect  warm_gate  (marker + fingerprint + check_post passed)
[2026-09-14 16:08:08.209] probe_binding_python_inspect  skip  (verdict marker (prior success))
[2026-09-14 16:08:08.210] probe_lib                  warm_gate  (marker + fingerprint + check_post passed)
[2026-09-14 16:08:08.210] probe_lib                  skip  (verdict marker (prior success))
[2026-09-14 16:08:08.210] *                          graph_end  (13/13 completed)
[2026-09-14 16:08:08.210] *                          diagram  (_out/canary/projects/tiny1/symbol_missing/-run/diagrams/all.mmd)
[2026-09-14 16:08:08.210] *                          diagram  (_out/canary/projects/tiny1/symbol_missing/-run/diagrams/full.mmd)
[2026-09-14 16:08:08.211] *                          view  (lib (2 steps))
[2026-09-14 16:08:08.211] *                          view  (probes (5 steps))
[2026-09-14 16:08:08.211] *                          view  (binding_ocaml (4 steps))
[2026-09-14 16:08:08.211] *                          view  (binding_python (4 steps))
[2026-09-14 16:08:08.213] *                          html  (_out/canary/projects/tiny1/symbol_missing/-run/result.html)
[2026-09-14 16:08:08.213] *                          index  (_out/canary/projects/index.html)
[2026-09-14 16:08:08.214] *                          invariant  (full.mmd: OK (13 nodes, 13 IDs))
[2026-09-14 16:08:08.214] !                          invariant  (binding_ocaml.mmd: missing [2])
[2026-09-14 16:08:08.214] !                          invariant  (SOME FAILED)
[2026-09-14 16:32:08.004] *                          run_start  (tiny1/symbol_missing)
[2026-09-14 16:32:08.013] *                          variant_start  (source-vendored-stable_lib-vendored-stable_ocaml_binding-vendored-stable_python_binding-vendored-stable_python_binding-vendored-stable_app-vendored-stable_app-vendored-stable)
[2026-09-14 16:32:08.014] *                          graph_start  (13 steps)
[2026-09-14 16:32:08.014] configure                  warm_gate  (marker + fingerprint + check_post passed)
[2026-09-14 16:32:08.014] configure                  skip  (verdict marker (prior success))
[2026-09-14 16:32:08.014] scan_sources               warm_gate  (marker + fingerprint + check_post passed)
[2026-09-14 16:32:08.014] scan_sources               skip  (verdict marker (prior success))
[2026-09-14 16:32:08.014] build_lib                  warm_gate  (marker + fingerprint + check_post passed)
[2026-09-14 16:32:08.015] build_lib                  skip  (verdict marker (prior success))
[2026-09-14 16:32:08.015] build_lib_inspect          warm_gate  (marker + fingerprint + check_post passed)
[2026-09-14 16:32:08.015] build_lib_inspect          skip  (verdict marker (prior success))
[2026-09-14 16:32:08.015] build_binding_ocaml        warm_gate  (marker + fingerprint + check_post passed)
[2026-09-14 16:32:08.015] build_binding_ocaml        skip  (verdict marker (prior success))
[2026-09-14 16:32:08.015] build_binding_ocaml_inspect  warm_gate  (marker + fingerprint + check_post passed)
[2026-09-14 16:32:08.015] build_binding_ocaml_inspect  skip  (verdict marker (prior success))
[2026-09-14 16:32:08.016] probe_binding_ocaml        warm_gate  (marker + fingerprint + check_post passed)
[2026-09-14 16:32:08.016] probe_binding_ocaml        skip  (verdict marker (prior xfail) [required_symbols_exported])
[2026-09-14 16:32:08.016] probe_binding_ocaml_inspect  warm_gate  (marker + fingerprint + check_post passed)
[2026-09-14 16:32:08.016] probe_binding_ocaml_inspect  skip  (verdict marker (prior success))
[2026-09-14 16:32:08.016] build_binding_python       warm_gate  (marker + fingerprint + check_post passed)
[2026-09-14 16:32:08.016] build_binding_python       skip  (verdict marker (prior success))
[2026-09-14 16:32:08.016] build_binding_python_inspect  warm_gate  (marker + fingerprint + check_post passed)
[2026-09-14 16:32:08.016] build_binding_python_inspect  skip  (verdict marker (prior success))
[2026-09-14 16:32:08.017] probe_binding_python       warm_gate  (marker + fingerprint + check_post passed)
[2026-09-14 16:32:08.017] probe_binding_python       skip  (verdict marker (prior xfail) [required_symbols_exported])
[2026-09-14 16:32:08.017] probe_binding_python_inspect  warm_gate  (marker + fingerprint + check_post passed)
[2026-09-14 16:32:08.017] probe_binding_python_inspect  skip  (verdict marker (prior success))
[2026-09-14 16:32:08.017] probe_lib                  warm_gate  (marker + fingerprint + check_post passed)
[2026-09-14 16:32:08.017] probe_lib                  skip  (verdict marker (prior success))
[2026-09-14 16:32:08.017] *                          graph_end  (13/13 completed)
[2026-09-14 16:32:08.018] *                          diagram  (_out/canary/projects/tiny1/symbol_missing/-run/diagrams/all.mmd)
[2026-09-14 16:32:08.018] *                          diagram  (_out/canary/projects/tiny1/symbol_missing/-run/diagrams/full.mmd)
[2026-09-14 16:32:08.018] *                          view  (lib (2 steps))
[2026-09-14 16:32:08.018] *                          view  (probes (5 steps))
[2026-09-14 16:32:08.018] *                          view  (binding_ocaml (4 steps))
[2026-09-14 16:32:08.019] *                          view  (binding_python (4 steps))
[2026-09-14 16:32:08.021] *                          html  (_out/canary/projects/tiny1/symbol_missing/-run/result.html)
[2026-09-14 16:32:08.022] *                          index  (_out/canary/projects/index.html)
[2026-09-14 16:32:08.022] *                          invariant  (full.mmd: OK (13 nodes, 13 IDs))
[2026-09-14 16:32:08.022] !                          invariant  (binding_ocaml.mmd: missing [2])
[2026-09-14 16:32:08.022] !                          invariant  (SOME FAILED)
[2026-09-14 16:55:24.915] *                          run_start  (tiny1/symbol_missing)
[2026-09-14 16:55:24.923] *                          variant_start  (source-vendored-stable_lib-vendored-stable_ocaml_binding-vendored-stable_python_binding-vendored-stable_python_binding-vendored-stable_app-vendored-stable_app-vendored-stable)
[2026-09-14 16:55:24.924] *                          graph_start  (13 steps)
[2026-09-14 16:55:24.924] configure                  warm_gate  (marker + fingerprint + check_post passed)
[2026-09-14 16:55:24.924] configure                  skip  (verdict marker (prior success))
[2026-09-14 16:55:24.924] scan_sources               warm_gate  (marker + fingerprint + check_post passed)
[2026-09-14 16:55:24.924] scan_sources               skip  (verdict marker (prior success))
[2026-09-14 16:55:24.924] build_lib                  warm_gate  (marker + fingerprint + check_post passed)
[2026-09-14 16:55:24.924] build_lib                  skip  (verdict marker (prior success))
[2026-09-14 16:55:24.924] build_lib_inspect          warm_gate  (marker + fingerprint + check_post passed)
[2026-09-14 16:55:24.924] build_lib_inspect          skip  (verdict marker (prior success))
[2026-09-14 16:55:24.924] build_binding_ocaml        warm_gate  (marker + fingerprint + check_post passed)
[2026-09-14 16:55:24.924] build_binding_ocaml        skip  (verdict marker (prior success))
[2026-09-14 16:55:24.924] build_binding_ocaml_inspect  warm_gate  (marker + fingerprint + check_post passed)
[2026-09-14 16:55:24.924] build_binding_ocaml_inspect  skip  (verdict marker (prior success))
[2026-09-14 16:55:24.924] probe_binding_ocaml        warm_gate  (marker + fingerprint + check_post passed)
[2026-09-14 16:55:24.924] probe_binding_ocaml        skip  (verdict marker (prior xfail) [required_symbols_exported])
[2026-09-14 16:55:24.924] probe_binding_ocaml_inspect  warm_gate  (marker + fingerprint + check_post passed)
[2026-09-14 16:55:24.924] probe_binding_ocaml_inspect  skip  (verdict marker (prior success))
[2026-09-14 16:55:24.924] build_binding_python       warm_gate  (marker + fingerprint + check_post passed)
[2026-09-14 16:55:24.924] build_binding_python       skip  (verdict marker (prior success))
[2026-09-14 16:55:24.924] build_binding_python_inspect  warm_gate  (marker + fingerprint + check_post passed)
[2026-09-14 16:55:24.924] build_binding_python_inspect  skip  (verdict marker (prior success))
[2026-09-14 16:55:24.924] probe_binding_python       warm_gate  (marker + fingerprint + check_post passed)
[2026-09-14 16:55:24.924] probe_binding_python       skip  (verdict marker (prior xfail) [required_symbols_exported])
[2026-09-14 16:55:24.924] probe_binding_python_inspect  warm_gate  (marker + fingerprint + check_post passed)
[2026-09-14 16:55:24.924] probe_binding_python_inspect  skip  (verdict marker (prior success))
[2026-09-14 16:55:24.924] probe_lib                  warm_gate  (marker + fingerprint + check_post passed)
[2026-09-14 16:55:24.924] probe_lib                  skip  (verdict marker (prior success))
[2026-09-14 16:55:24.924] *                          graph_end  (13/13 completed)
[2026-09-14 16:55:24.925] *                          diagram  (_out/canary/projects/tiny1/symbol_missing/-run/diagrams/all.mmd)
[2026-09-14 16:55:24.926] *                          diagram  (_out/canary/projects/tiny1/symbol_missing/-run/diagrams/full.mmd)
[2026-09-14 16:55:24.926] *                          view  (lib (2 steps))
[2026-09-14 16:55:24.926] *                          view  (probes (5 steps))
[2026-09-14 16:55:24.926] *                          view  (binding_ocaml (4 steps))
[2026-09-14 16:55:24.926] *                          view  (binding_python (4 steps))
[2026-09-14 16:55:24.928] *                          html  (_out/canary/projects/tiny1/symbol_missing/-run/result.html)
[2026-09-14 16:55:24.929] *                          index  (_out/canary/projects/index.html)
[2026-09-14 16:55:24.929] *                          invariant  (full.mmd: OK (13 nodes, 13 IDs))
[2026-09-14 16:55:24.929] !                          invariant  (binding_ocaml.mmd: missing [2])
[2026-09-14 16:55:24.929] !                          invariant  (SOME FAILED)
[2026-09-14 20:46:50.026] *                          run_start  (tiny1/symbol_missing)
[2026-09-14 20:46:50.034] *                          variant_start  (source-vendored-stable_lib-vendored-stable_ocaml_binding-vendored-stable_python_binding-vendored-stable_python_binding-vendored-stable_app-vendored-stable_app-vendored-stable)
[2026-09-14 20:46:50.035] *                          graph_start  (13 steps)
[2026-09-14 20:46:50.035] configure                  warm_gate  (marker + fingerprint + check_post passed)
[2026-09-14 20:46:50.035] configure                  skip  (verdict marker (prior success))
[2026-09-14 20:46:50.035] scan_sources               warm_gate  (marker + fingerprint + check_post passed)
[2026-09-14 20:46:50.035] scan_sources               skip  (verdict marker (prior success))
[2026-09-14 20:46:50.036] build_lib                  warm_gate  (marker + fingerprint + check_post passed)
[2026-09-14 20:46:50.036] build_lib                  skip  (verdict marker (prior success))
[2026-09-14 20:46:50.036] build_lib_inspect          warm_gate  (marker + fingerprint + check_post passed)
[2026-09-14 20:46:50.036] build_lib_inspect          skip  (verdict marker (prior success))
[2026-09-14 20:46:50.036] build_binding_ocaml        warm_gate  (marker + fingerprint + check_post passed)
[2026-09-14 20:46:50.036] build_binding_ocaml        skip  (verdict marker (prior success))
[2026-09-14 20:46:50.037] build_binding_ocaml_inspect  warm_gate  (marker + fingerprint + check_post passed)
[2026-09-14 20:46:50.037] build_binding_ocaml_inspect  skip  (verdict marker (prior success))
[2026-09-14 20:46:50.037] probe_binding_ocaml        warm_gate  (marker + fingerprint + check_post passed)
[2026-09-14 20:46:50.037] probe_binding_ocaml        skip  (verdict marker (prior xfail) [required_symbols_exported])
[2026-09-14 20:46:50.038] probe_binding_ocaml_inspect  warm_gate  (marker + fingerprint + check_post passed)
[2026-09-14 20:46:50.038] probe_binding_ocaml_inspect  skip  (verdict marker (prior success))
[2026-09-14 20:46:50.038] build_binding_python       warm_gate  (marker + fingerprint + check_post passed)
[2026-09-14 20:46:50.038] build_binding_python       skip  (verdict marker (prior success))
[2026-09-14 20:46:50.038] build_binding_python_inspect  warm_gate  (marker + fingerprint + check_post passed)
[2026-09-14 20:46:50.038] build_binding_python_inspect  skip  (verdict marker (prior success))
[2026-09-14 20:46:50.038] probe_binding_python       warm_gate  (marker + fingerprint + check_post passed)
[2026-09-14 20:46:50.038] probe_binding_python       skip  (verdict marker (prior xfail) [required_symbols_exported])
[2026-09-14 20:46:50.039] probe_binding_python_inspect  warm_gate  (marker + fingerprint + check_post passed)
[2026-09-14 20:46:50.039] probe_binding_python_inspect  skip  (verdict marker (prior success))
[2026-09-14 20:46:50.039] probe_lib                  warm_gate  (marker + fingerprint + check_post passed)
[2026-09-14 20:46:50.039] probe_lib                  skip  (verdict marker (prior success))
[2026-09-14 20:46:50.039] *                          graph_end  (13/13 completed)
[2026-09-14 20:46:50.040] *                          diagram  (_out/canary/projects/tiny1/symbol_missing/-run/diagrams/all.mmd)
[2026-09-14 20:46:50.040] *                          diagram  (_out/canary/projects/tiny1/symbol_missing/-run/diagrams/full.mmd)
[2026-09-14 20:46:50.040] *                          view  (lib (2 steps))
[2026-09-14 20:46:50.040] *                          view  (probes (5 steps))
[2026-09-14 20:46:50.040] *                          view  (binding_ocaml (4 steps))
[2026-09-14 20:46:50.041] *                          view  (binding_python (4 steps))
[2026-09-14 20:46:50.042] *                          html  (_out/canary/projects/tiny1/symbol_missing/-run/result.html)
[2026-09-14 20:46:50.043] *                          index  (_out/canary/projects/index.html)
[2026-09-14 20:46:50.044] *                          invariant  (full.mmd: OK (13 nodes, 13 IDs))
[2026-09-14 20:46:50.044] !                          invariant  (binding_ocaml.mmd: missing [2])
[2026-09-14 20:46:50.044] !                          invariant  (SOME FAILED)
[2026-09-14 21:10:00.237] *                          run_start  (tiny1/symbol_missing)
[2026-09-14 21:10:00.245] *                          variant_start  (source-vendored-stable_lib-vendored-stable_ocaml_binding-vendored-stable_python_binding-vendored-stable_python_binding-vendored-stable_app-vendored-stable_app-vendored-stable)
[2026-09-14 21:10:00.245] *                          graph_start  (13 steps)
[2026-09-14 21:10:00.245] configure                  warm_gate  (marker + fingerprint + check_post passed)
[2026-09-14 21:10:00.245] configure                  skip  (verdict marker (prior success))
[2026-09-14 21:10:00.245] scan_sources               warm_gate  (marker + fingerprint + check_post passed)
[2026-09-14 21:10:00.245] scan_sources               skip  (verdict marker (prior success))
[2026-09-14 21:10:00.246] build_lib                  warm_gate  (marker + fingerprint + check_post passed)
[2026-09-14 21:10:00.246] build_lib                  skip  (verdict marker (prior success))
[2026-09-14 21:10:00.246] build_lib_inspect          warm_gate  (marker + fingerprint + check_post passed)
[2026-09-14 21:10:00.246] build_lib_inspect          skip  (verdict marker (prior success))
[2026-09-14 21:10:00.246] build_binding_ocaml        warm_gate  (marker + fingerprint + check_post passed)
[2026-09-14 21:10:00.246] build_binding_ocaml        skip  (verdict marker (prior success))
[2026-09-14 21:10:00.246] build_binding_ocaml_inspect  warm_gate  (marker + fingerprint + check_post passed)
[2026-09-14 21:10:00.246] build_binding_ocaml_inspect  skip  (verdict marker (prior success))
[2026-09-14 21:10:00.246] probe_binding_ocaml        warm_gate  (marker + fingerprint + check_post passed)
[2026-09-14 21:10:00.246] probe_binding_ocaml        skip  (verdict marker (prior xfail) [required_symbols_exported])
[2026-09-14 21:10:00.246] probe_binding_ocaml_inspect  warm_gate  (marker + fingerprint + check_post passed)
[2026-09-14 21:10:00.246] probe_binding_ocaml_inspect  skip  (verdict marker (prior success))
[2026-09-14 21:10:00.246] build_binding_python       warm_gate  (marker + fingerprint + check_post passed)
[2026-09-14 21:10:00.246] build_binding_python       skip  (verdict marker (prior success))
[2026-09-14 21:10:00.246] build_binding_python_inspect  warm_gate  (marker + fingerprint + check_post passed)
[2026-09-14 21:10:00.246] build_binding_python_inspect  skip  (verdict marker (prior success))
[2026-09-14 21:10:00.246] probe_binding_python       warm_gate  (marker + fingerprint + check_post passed)
[2026-09-14 21:10:00.246] probe_binding_python       skip  (verdict marker (prior xfail) [required_symbols_exported])
[2026-09-14 21:10:00.246] probe_binding_python_inspect  warm_gate  (marker + fingerprint + check_post passed)
[2026-09-14 21:10:00.246] probe_binding_python_inspect  skip  (verdict marker (prior success))
[2026-09-14 21:10:00.246] probe_lib                  warm_gate  (marker + fingerprint + check_post passed)
[2026-09-14 21:10:00.246] probe_lib                  skip  (verdict marker (prior success))
[2026-09-14 21:10:00.246] *                          graph_end  (13/13 completed)
[2026-09-14 21:10:00.247] *                          diagram  (_out/canary/projects/tiny1/symbol_missing/-run/diagrams/all.mmd)
[2026-09-14 21:10:00.247] *                          diagram  (_out/canary/projects/tiny1/symbol_missing/-run/diagrams/full.mmd)
[2026-09-14 21:10:00.247] *                          view  (lib (2 steps))
[2026-09-14 21:10:00.248] *                          view  (probes (5 steps))
[2026-09-14 21:10:00.248] *                          view  (binding_ocaml (4 steps))
[2026-09-14 21:10:00.248] *                          view  (binding_python (4 steps))
[2026-09-14 21:10:00.250] *                          html  (_out/canary/projects/tiny1/symbol_missing/-run/result.html)
[2026-09-14 21:10:00.251] *                          index  (_out/canary/projects/index.html)
[2026-09-14 21:10:00.251] *                          invariant  (full.mmd: OK (13 nodes, 13 IDs))
[2026-09-14 21:10:00.251] !                          invariant  (binding_ocaml.mmd: missing [2])
[2026-09-14 21:10:00.251] !                          invariant  (SOME FAILED)
[2026-09-14 21:47:00.402] *                          run_start  (tiny1/symbol_missing)
[2026-09-14 21:47:00.410] *                          variant_start  (source-vendored-stable_lib-vendored-stable_ocaml_binding-vendored-stable_python_binding-vendored-stable_python_binding-vendored-stable_app-vendored-stable_app-vendored-stable)
[2026-09-14 21:47:00.410] *                          graph_start  (13 steps)
[2026-09-14 21:47:00.410] configure                  warm_gate  (marker + fingerprint + check_post passed)
[2026-09-14 21:47:00.410] configure                  skip  (verdict marker (prior success))
[2026-09-14 21:47:00.410] scan_sources               warm_gate  (marker + fingerprint + check_post passed)
[2026-09-14 21:47:00.410] scan_sources               skip  (verdict marker (prior success))
[2026-09-14 21:47:00.410] build_lib                  warm_gate  (marker + fingerprint + check_post passed)
[2026-09-14 21:47:00.410] build_lib                  skip  (verdict marker (prior success))
[2026-09-14 21:47:00.410] build_lib_inspect          warm_gate  (marker + fingerprint + check_post passed)
[2026-09-14 21:47:00.410] build_lib_inspect          skip  (verdict marker (prior success))
[2026-09-14 21:47:00.410] build_binding_ocaml        warm_gate  (marker + fingerprint + check_post passed)
[2026-09-14 21:47:00.410] build_binding_ocaml        skip  (verdict marker (prior success))
[2026-09-14 21:47:00.410] build_binding_ocaml_inspect  warm_gate  (marker + fingerprint + check_post passed)
[2026-09-14 21:47:00.410] build_binding_ocaml_inspect  skip  (verdict marker (prior success))
[2026-09-14 21:47:00.410] probe_binding_ocaml        warm_gate  (marker + fingerprint + check_post passed)
[2026-09-14 21:47:00.410] probe_binding_ocaml        skip  (verdict marker (prior xfail) [required_symbols_exported])
[2026-09-14 21:47:00.410] probe_binding_ocaml_inspect  warm_gate  (marker + fingerprint + check_post passed)
[2026-09-14 21:47:00.410] probe_binding_ocaml_inspect  skip  (verdict marker (prior success))
[2026-09-14 21:47:00.410] build_binding_python       warm_gate  (marker + fingerprint + check_post passed)
[2026-09-14 21:47:00.410] build_binding_python       skip  (verdict marker (prior success))
[2026-09-14 21:47:00.411] build_binding_python_inspect  warm_gate  (marker + fingerprint + check_post passed)
[2026-09-14 21:47:00.411] build_binding_python_inspect  skip  (verdict marker (prior success))
[2026-09-14 21:47:00.411] probe_binding_python       warm_gate  (marker + fingerprint + check_post passed)
[2026-09-14 21:47:00.411] probe_binding_python       skip  (verdict marker (prior xfail) [required_symbols_exported])
[2026-09-14 21:47:00.411] probe_binding_python_inspect  warm_gate  (marker + fingerprint + check_post passed)
[2026-09-14 21:47:00.411] probe_binding_python_inspect  skip  (verdict marker (prior success))
[2026-09-14 21:47:00.411] probe_lib                  warm_gate  (marker + fingerprint + check_post passed)
[2026-09-14 21:47:00.411] probe_lib                  skip  (verdict marker (prior success))
[2026-09-14 21:47:00.411] *                          graph_end  (13/13 completed)
[2026-09-14 21:47:00.411] *                          diagram  (_out/canary/projects/tiny1/symbol_missing/-run/diagrams/all.mmd)
[2026-09-14 21:47:00.412] *                          diagram  (_out/canary/projects/tiny1/symbol_missing/-run/diagrams/full.mmd)
[2026-09-14 21:47:00.412] *                          view  (lib (2 steps))
[2026-09-14 21:47:00.412] *                          view  (probes (5 steps))
[2026-09-14 21:47:00.412] *                          view  (binding_ocaml (4 steps))
[2026-09-14 21:47:00.412] *                          view  (binding_python (4 steps))
[2026-09-14 21:47:00.414] *                          html  (_out/canary/projects/tiny1/symbol_missing/-run/result.html)
[2026-09-14 21:47:00.415] *                          index  (_out/canary/projects/index.html)
[2026-09-14 21:47:00.415] *                          invariant  (full.mmd: OK (13 nodes, 13 IDs))
[2026-09-14 21:47:00.415] !                          invariant  (binding_ocaml.mmd: missing [2])
[2026-09-14 21:47:00.415] !                          invariant  (SOME FAILED)
[2026-09-15 12:35:09.292] *                          run_start  (tiny1/symbol_missing)
[2026-09-15 12:35:09.300] *                          variant_start  (source-vendored-stable_lib-vendored-stable_ocaml_binding-vendored-stable_python_binding-vendored-stable_python_binding-vendored-stable_app-vendored-stable_app-vendored-stable)
[2026-09-15 12:35:09.300] *                          graph_start  (13 steps)
[2026-09-15 12:35:09.300] configure                  warm_gate  (marker + fingerprint + check_post passed)
[2026-09-15 12:35:09.300] configure                  skip  (verdict marker (prior success))
[2026-09-15 12:35:09.301] scan_sources               warm_gate  (marker + fingerprint + check_post passed)
[2026-09-15 12:35:09.301] scan_sources               skip  (verdict marker (prior success))
[2026-09-15 12:35:09.301] build_lib                  warm_gate  (marker + fingerprint + check_post passed)
[2026-09-15 12:35:09.301] build_lib                  skip  (verdict marker (prior success))
[2026-09-15 12:35:09.301] build_lib_inspect          warm_gate  (marker + fingerprint + check_post passed)
[2026-09-15 12:35:09.301] build_lib_inspect          skip  (verdict marker (prior success))
[2026-09-15 12:35:09.301] build_binding_ocaml        warm_gate  (marker + fingerprint + check_post passed)
[2026-09-15 12:35:09.301] build_binding_ocaml        skip  (verdict marker (prior success))
[2026-09-15 12:35:09.302] build_binding_ocaml_inspect  warm_gate  (marker + fingerprint + check_post passed)
[2026-09-15 12:35:09.302] build_binding_ocaml_inspect  skip  (verdict marker (prior success))
[2026-09-15 12:35:09.302] probe_binding_ocaml        warm_gate  (marker + fingerprint + check_post passed)
[2026-09-15 12:35:09.302] probe_binding_ocaml        skip  (verdict marker (prior xfail) [required_symbols_exported])
[2026-09-15 12:35:09.302] probe_binding_ocaml_inspect  warm_gate  (marker + fingerprint + check_post passed)
[2026-09-15 12:35:09.302] probe_binding_ocaml_inspect  skip  (verdict marker (prior success))
[2026-09-15 12:35:09.302] build_binding_python       warm_gate  (marker + fingerprint + check_post passed)
[2026-09-15 12:35:09.302] build_binding_python       skip  (verdict marker (prior success))
[2026-09-15 12:35:09.303] build_binding_python_inspect  warm_gate  (marker + fingerprint + check_post passed)
[2026-09-15 12:35:09.303] build_binding_python_inspect  skip  (verdict marker (prior success))
[2026-09-15 12:35:09.303] probe_binding_python       warm_gate  (marker + fingerprint + check_post passed)
[2026-09-15 12:35:09.303] probe_binding_python       skip  (verdict marker (prior xfail) [required_symbols_exported])
[2026-09-15 12:35:09.303] probe_binding_python_inspect  warm_gate  (marker + fingerprint + check_post passed)
[2026-09-15 12:35:09.303] probe_binding_python_inspect  skip  (verdict marker (prior success))
[2026-09-15 12:35:09.304] probe_lib                  warm_gate  (marker + fingerprint + check_post passed)
[2026-09-15 12:35:09.304] probe_lib                  skip  (verdict marker (prior success))
[2026-09-15 12:35:09.304] *                          graph_end  (13/13 completed)
[2026-09-15 12:35:09.304] *                          diagram  (_out/canary/projects/tiny1/symbol_missing/-run/diagrams/all.mmd)
[2026-09-15 12:35:09.305] *                          diagram  (_out/canary/projects/tiny1/symbol_missing/-run/diagrams/full.mmd)
[2026-09-15 12:35:09.305] *                          view  (lib (2 steps))
[2026-09-15 12:35:09.305] *                          view  (probes (5 steps))
[2026-09-15 12:35:09.305] *                          view  (binding_ocaml (4 steps))
[2026-09-15 12:35:09.305] *                          view  (binding_python (4 steps))
[2026-09-15 12:35:09.307] *                          html  (_out/canary/projects/tiny1/symbol_missing/-run/result.html)
[2026-09-15 12:35:09.308] *                          index  (_out/canary/projects/index.html)
[2026-09-15 12:35:09.308] *                          invariant  (full.mmd: OK (13 nodes, 13 IDs))
[2026-09-15 12:35:09.308] !                          invariant  (binding_ocaml.mmd: missing [2])
[2026-09-15 12:35:09.308] !                          invariant  (SOME FAILED)
[2026-09-15 12:45:26.790] *                          run_start  (tiny1/symbol_missing)
[2026-09-15 12:45:26.798] *                          variant_start  (source-vendored-stable_lib-vendored-stable_ocaml_binding-vendored-stable_python_binding-vendored-stable_python_binding-vendored-stable_app-vendored-stable_app-vendored-stable)
[2026-09-15 12:45:26.798] *                          graph_start  (13 steps)
[2026-09-15 12:45:26.798] configure                  warm_gate  (marker + fingerprint + check_post passed)
[2026-09-15 12:45:26.798] configure                  skip  (verdict marker (prior success))
[2026-09-15 12:45:26.798] scan_sources               warm_gate  (marker + fingerprint + check_post passed)
[2026-09-15 12:45:26.798] scan_sources               skip  (verdict marker (prior success))
[2026-09-15 12:45:26.798] build_lib                  warm_gate  (marker + fingerprint + check_post passed)
[2026-09-15 12:45:26.798] build_lib                  skip  (verdict marker (prior success))
[2026-09-15 12:45:26.799] build_lib_inspect          warm_gate  (marker + fingerprint + check_post passed)
[2026-09-15 12:45:26.799] build_lib_inspect          skip  (verdict marker (prior success))
[2026-09-15 12:45:26.799] build_binding_ocaml        warm_gate  (marker + fingerprint + check_post passed)
[2026-09-15 12:45:26.799] build_binding_ocaml        skip  (verdict marker (prior success))
[2026-09-15 12:45:26.799] build_binding_ocaml_inspect  warm_gate  (marker + fingerprint + check_post passed)
[2026-09-15 12:45:26.799] build_binding_ocaml_inspect  skip  (verdict marker (prior success))
[2026-09-15 12:45:26.799] probe_binding_ocaml        warm_gate  (marker + fingerprint + check_post passed)
[2026-09-15 12:45:26.799] probe_binding_ocaml        skip  (verdict marker (prior xfail) [required_symbols_exported])
[2026-09-15 12:45:26.799] probe_binding_ocaml_inspect  warm_gate  (marker + fingerprint + check_post passed)
[2026-09-15 12:45:26.799] probe_binding_ocaml_inspect  skip  (verdict marker (prior success))
[2026-09-15 12:45:26.799] build_binding_python       warm_gate  (marker + fingerprint + check_post passed)
[2026-09-15 12:45:26.799] build_binding_python       skip  (verdict marker (prior success))
[2026-09-15 12:45:26.799] build_binding_python_inspect  warm_gate  (marker + fingerprint + check_post passed)
[2026-09-15 12:45:26.799] build_binding_python_inspect  skip  (verdict marker (prior success))
[2026-09-15 12:45:26.799] probe_binding_python       warm_gate  (marker + fingerprint + check_post passed)
[2026-09-15 12:45:26.799] probe_binding_python       skip  (verdict marker (prior xfail) [required_symbols_exported])
[2026-09-15 12:45:26.799] probe_binding_python_inspect  warm_gate  (marker + fingerprint + check_post passed)
[2026-09-15 12:45:26.799] probe_binding_python_inspect  skip  (verdict marker (prior success))
[2026-09-15 12:45:26.799] probe_lib                  warm_gate  (marker + fingerprint + check_post passed)
[2026-09-15 12:45:26.799] probe_lib                  skip  (verdict marker (prior success))
[2026-09-15 12:45:26.799] *                          graph_end  (13/13 completed)
[2026-09-15 12:45:26.800] *                          diagram  (_out/canary/projects/tiny1/symbol_missing/-run/diagrams/all.mmd)
[2026-09-15 12:45:26.800] *                          diagram  (_out/canary/projects/tiny1/symbol_missing/-run/diagrams/full.mmd)
[2026-09-15 12:45:26.800] *                          view  (lib (2 steps))
[2026-09-15 12:45:26.801] *                          view  (probes (5 steps))
[2026-09-15 12:45:26.801] *                          view  (binding_ocaml (4 steps))
[2026-09-15 12:45:26.801] *                          view  (binding_python (4 steps))
[2026-09-15 12:45:26.803] *                          html  (_out/canary/projects/tiny1/symbol_missing/-run/result.html)
[2026-09-15 12:45:26.804] *                          index  (_out/canary/projects/index.html)
[2026-09-15 12:45:26.804] *                          invariant  (full.mmd: OK (13 nodes, 13 IDs))
[2026-09-15 12:45:26.804] !                          invariant  (binding_ocaml.mmd: missing [2])
[2026-09-15 12:45:26.804] !                          invariant  (SOME FAILED)
[2026-09-15 12:58:42.380] *                          run_start  (tiny1/symbol_missing)
[2026-09-15 12:58:42.389] *                          variant_start  (source-vendored-stable_lib-vendored-stable_ocaml_binding-vendored-stable_python_binding-vendored-stable_python_binding-vendored-stable_app-vendored-stable_app-vendored-stable)
[2026-09-15 12:58:42.389] *                          graph_start  (13 steps)
[2026-09-15 12:58:42.389] configure                  warm_gate  (marker + fingerprint + check_post passed)
[2026-09-15 12:58:42.389] configure                  skip  (verdict marker (prior success))
[2026-09-15 12:58:42.389] scan_sources               warm_gate  (marker + fingerprint + check_post passed)
[2026-09-15 12:58:42.389] scan_sources               skip  (verdict marker (prior success))
[2026-09-15 12:58:42.389] build_lib                  warm_gate  (marker + fingerprint + check_post passed)
[2026-09-15 12:58:42.389] build_lib                  skip  (verdict marker (prior success))
[2026-09-15 12:58:42.389] build_lib_inspect          warm_gate  (marker + fingerprint + check_post passed)
[2026-09-15 12:58:42.389] build_lib_inspect          skip  (verdict marker (prior success))
[2026-09-15 12:58:42.389] build_binding_ocaml        warm_gate  (marker + fingerprint + check_post passed)
[2026-09-15 12:58:42.389] build_binding_ocaml        skip  (verdict marker (prior success))
[2026-09-15 12:58:42.389] build_binding_ocaml_inspect  warm_gate  (marker + fingerprint + check_post passed)
[2026-09-15 12:58:42.389] build_binding_ocaml_inspect  skip  (verdict marker (prior success))
[2026-09-15 12:58:42.389] probe_binding_ocaml        warm_gate  (marker + fingerprint + check_post passed)
[2026-09-15 12:58:42.389] probe_binding_ocaml        skip  (verdict marker (prior xfail) [required_symbols_exported])
[2026-09-15 12:58:42.389] probe_binding_ocaml_inspect  warm_gate  (marker + fingerprint + check_post passed)
[2026-09-15 12:58:42.389] probe_binding_ocaml_inspect  skip  (verdict marker (prior success))
[2026-09-15 12:58:42.389] build_binding_python       warm_gate  (marker + fingerprint + check_post passed)
[2026-09-15 12:58:42.389] build_binding_python       skip  (verdict marker (prior success))
[2026-09-15 12:58:42.389] build_binding_python_inspect  warm_gate  (marker + fingerprint + check_post passed)
[2026-09-15 12:58:42.389] build_binding_python_inspect  skip  (verdict marker (prior success))
[2026-09-15 12:58:42.389] probe_binding_python       warm_gate  (marker + fingerprint + check_post passed)
[2026-09-15 12:58:42.389] probe_binding_python       skip  (verdict marker (prior xfail) [required_symbols_exported])
[2026-09-15 12:58:42.389] probe_binding_python_inspect  warm_gate  (marker + fingerprint + check_post passed)
[2026-09-15 12:58:42.389] probe_binding_python_inspect  skip  (verdict marker (prior success))
[2026-09-15 12:58:42.390] probe_lib                  warm_gate  (marker + fingerprint + check_post passed)
[2026-09-15 12:58:42.390] probe_lib                  skip  (verdict marker (prior success))
[2026-09-15 12:58:42.390] *                          graph_end  (13/13 completed)
[2026-09-15 12:58:42.390] *                          diagram  (_out/canary/projects/tiny1/symbol_missing/-run/diagrams/all.mmd)
[2026-09-15 12:58:42.390] *                          diagram  (_out/canary/projects/tiny1/symbol_missing/-run/diagrams/full.mmd)
[2026-09-15 12:58:42.391] *                          view  (lib (2 steps))
[2026-09-15 12:58:42.391] *                          view  (probes (5 steps))
[2026-09-15 12:58:42.391] *                          view  (binding_ocaml (4 steps))
[2026-09-15 12:58:42.391] *                          view  (binding_python (4 steps))
[2026-09-15 12:58:42.393] *                          html  (_out/canary/projects/tiny1/symbol_missing/-run/result.html)
[2026-09-15 12:58:42.394] *                          index  (_out/canary/projects/index.html)
[2026-09-15 12:58:42.394] *                          invariant  (full.mmd: OK (13 nodes, 13 IDs))
[2026-09-15 12:58:42.394] !                          invariant  (binding_ocaml.mmd: missing [2])
[2026-09-15 12:58:42.394] !                          invariant  (SOME FAILED)
[2026-09-15 14:28:35.415] *                          run_start  (tiny1/symbol_missing)
[2026-09-15 14:28:35.424] *                          variant_start  (source-vendored-stable_lib-vendored-stable_ocaml_binding-vendored-stable_python_binding-vendored-stable_python_binding-vendored-stable_app-vendored-stable_app-vendored-stable)
[2026-09-15 14:28:35.424] *                          graph_start  (13 steps)
[2026-09-15 14:28:35.424] configure                  warm_gate  (marker + fingerprint + check_post passed)
[2026-09-15 14:28:35.424] configure                  skip  (verdict marker (prior success))
[2026-09-15 14:28:35.425] scan_sources               warm_gate  (marker + fingerprint + check_post passed)
[2026-09-15 14:28:35.425] scan_sources               skip  (verdict marker (prior success))
[2026-09-15 14:28:35.425] build_lib                  warm_gate  (marker + fingerprint + check_post passed)
[2026-09-15 14:28:35.425] build_lib                  skip  (verdict marker (prior success))
[2026-09-15 14:28:35.425] build_lib_inspect          warm_gate  (marker + fingerprint + check_post passed)
[2026-09-15 14:28:35.425] build_lib_inspect          skip  (verdict marker (prior success))
[2026-09-15 14:28:35.426] build_binding_ocaml        warm_gate  (marker + fingerprint + check_post passed)
[2026-09-15 14:28:35.426] build_binding_ocaml        skip  (verdict marker (prior success))
[2026-09-15 14:28:35.426] build_binding_ocaml_inspect  warm_gate  (marker + fingerprint + check_post passed)
[2026-09-15 14:28:35.426] build_binding_ocaml_inspect  skip  (verdict marker (prior success))
[2026-09-15 14:28:35.426] probe_binding_ocaml        warm_gate  (marker + fingerprint + check_post passed)
[2026-09-15 14:28:35.426] probe_binding_ocaml        skip  (verdict marker (prior xfail) [required_symbols_exported])
[2026-09-15 14:28:35.427] probe_binding_ocaml_inspect  warm_gate  (marker + fingerprint + check_post passed)
[2026-09-15 14:28:35.427] probe_binding_ocaml_inspect  skip  (verdict marker (prior success))
[2026-09-15 14:28:35.427] build_binding_python       warm_gate  (marker + fingerprint + check_post passed)
[2026-09-15 14:28:35.427] build_binding_python       skip  (verdict marker (prior success))
[2026-09-15 14:28:35.427] build_binding_python_inspect  warm_gate  (marker + fingerprint + check_post passed)
[2026-09-15 14:28:35.427] build_binding_python_inspect  skip  (verdict marker (prior success))
[2026-09-15 14:28:35.427] probe_binding_python       warm_gate  (marker + fingerprint + check_post passed)
[2026-09-15 14:28:35.427] probe_binding_python       skip  (verdict marker (prior xfail) [required_symbols_exported])
[2026-09-15 14:28:35.428] probe_binding_python_inspect  warm_gate  (marker + fingerprint + check_post passed)
[2026-09-15 14:28:35.428] probe_binding_python_inspect  skip  (verdict marker (prior success))
[2026-09-15 14:28:35.428] probe_lib                  warm_gate  (marker + fingerprint + check_post passed)
[2026-09-15 14:28:35.428] probe_lib                  skip  (verdict marker (prior success))
[2026-09-15 14:28:35.428] *                          graph_end  (13/13 completed)
[2026-09-15 14:28:35.429] *                          diagram  (_out/canary/projects/tiny1/symbol_missing/-run/diagrams/all.mmd)
[2026-09-15 14:28:35.429] *                          diagram  (_out/canary/projects/tiny1/symbol_missing/-run/diagrams/full.mmd)
[2026-09-15 14:28:35.429] *                          view  (lib (2 steps))
[2026-09-15 14:28:35.430] *                          view  (probes (5 steps))
[2026-09-15 14:28:35.430] *                          view  (binding_ocaml (4 steps))
[2026-09-15 14:28:35.430] *                          view  (binding_python (4 steps))
[2026-09-15 14:28:35.432] *                          html  (_out/canary/projects/tiny1/symbol_missing/-run/result.html)
[2026-09-15 14:28:35.433] *                          index  (_out/canary/projects/index.html)
[2026-09-15 14:28:35.433] *                          invariant  (full.mmd: OK (13 nodes, 13 IDs))
[2026-09-15 14:28:35.433] !                          invariant  (binding_ocaml.mmd: missing [2])
[2026-09-15 14:28:35.433] !                          invariant  (SOME FAILED)
[2026-09-15 15:26:53.158] *                          run_start  (tiny1/symbol_missing)
[2026-09-15 15:26:53.167] *                          variant_start  (source-vendored-stable_lib-vendored-stable_ocaml_binding-vendored-stable_python_binding-vendored-stable_python_binding-vendored-stable_app-vendored-stable_app-vendored-stable)
[2026-09-15 15:26:53.167] *                          graph_start  (13 steps)
[2026-09-15 15:26:53.168] configure                  warm_gate  (marker + fingerprint + check_post passed)
[2026-09-15 15:26:53.168] configure                  skip  (verdict marker (prior success))
[2026-09-15 15:26:53.168] scan_sources               warm_gate  (marker + fingerprint + check_post passed)
[2026-09-15 15:26:53.168] scan_sources               skip  (verdict marker (prior success))
[2026-09-15 15:26:53.168] build_lib                  warm_gate  (marker + fingerprint + check_post passed)
[2026-09-15 15:26:53.168] build_lib                  skip  (verdict marker (prior success))
[2026-09-15 15:26:53.169] build_lib_inspect          warm_gate  (marker + fingerprint + check_post passed)
[2026-09-15 15:26:53.169] build_lib_inspect          skip  (verdict marker (prior success))
[2026-09-15 15:26:53.169] build_binding_ocaml        warm_gate  (marker + fingerprint + check_post passed)
[2026-09-15 15:26:53.169] build_binding_ocaml        skip  (verdict marker (prior success))
[2026-09-15 15:26:53.169] build_binding_ocaml_inspect  warm_gate  (marker + fingerprint + check_post passed)
[2026-09-15 15:26:53.169] build_binding_ocaml_inspect  skip  (verdict marker (prior success))
[2026-09-15 15:26:53.169] probe_binding_ocaml        warm_gate  (marker + fingerprint + check_post passed)
[2026-09-15 15:26:53.169] probe_binding_ocaml        skip  (verdict marker (prior xfail) [required_symbols_exported])
[2026-09-15 15:26:53.170] probe_binding_ocaml_inspect  warm_gate  (marker + fingerprint + check_post passed)
[2026-09-15 15:26:53.170] probe_binding_ocaml_inspect  skip  (verdict marker (prior success))
[2026-09-15 15:26:53.170] build_binding_python       warm_gate  (marker + fingerprint + check_post passed)
[2026-09-15 15:26:53.170] build_binding_python       skip  (verdict marker (prior success))
[2026-09-15 15:26:53.170] build_binding_python_inspect  warm_gate  (marker + fingerprint + check_post passed)
[2026-09-15 15:26:53.170] build_binding_python_inspect  skip  (verdict marker (prior success))
[2026-09-15 15:26:53.171] probe_binding_python       warm_gate  (marker + fingerprint + check_post passed)
[2026-09-15 15:26:53.171] probe_binding_python       skip  (verdict marker (prior xfail) [required_symbols_exported])
[2026-09-15 15:26:53.171] probe_binding_python_inspect  warm_gate  (marker + fingerprint + check_post passed)
[2026-09-15 15:26:53.171] probe_binding_python_inspect  skip  (verdict marker (prior success))
[2026-09-15 15:26:53.171] probe_lib                  warm_gate  (marker + fingerprint + check_post passed)
[2026-09-15 15:26:53.171] probe_lib                  skip  (verdict marker (prior success))
[2026-09-15 15:26:53.171] *                          graph_end  (13/13 completed)
[2026-09-15 15:26:53.172] *                          diagram  (_out/canary/projects/tiny1/symbol_missing/-run/diagrams/all.mmd)
[2026-09-15 15:26:53.172] *                          diagram  (_out/canary/projects/tiny1/symbol_missing/-run/diagrams/full.mmd)
[2026-09-15 15:26:53.172] *                          view  (lib (2 steps))
[2026-09-15 15:26:53.172] *                          view  (probes (5 steps))
[2026-09-15 15:26:53.173] *                          view  (binding_ocaml (4 steps))
[2026-09-15 15:26:53.173] *                          view  (binding_python (4 steps))
[2026-09-15 15:26:53.175] *                          html  (_out/canary/projects/tiny1/symbol_missing/-run/result.html)
[2026-09-15 15:26:53.177] *                          index  (_out/canary/projects/index.html)
[2026-09-15 15:26:53.177] *                          invariant  (full.mmd: OK (13 nodes, 13 IDs))
[2026-09-15 15:26:53.177] !                          invariant  (binding_ocaml.mmd: missing [2])
[2026-09-15 15:26:53.177] !                          invariant  (SOME FAILED)
[2026-09-15 17:28:40.398] *                          run_start  (tiny1/symbol_missing)
[2026-09-15 17:28:40.408] *                          variant_start  (source-vendored-stable_lib-vendored-stable_ocaml_binding-vendored-stable_python_binding-vendored-stable_python_binding-vendored-stable_app-vendored-stable_app-vendored-stable)
[2026-09-15 17:28:40.408] *                          graph_start  (13 steps)
[2026-09-15 17:28:40.409] configure                  warm_gate  (marker + fingerprint + check_post passed)
[2026-09-15 17:28:40.409] configure                  skip  (verdict marker (prior success))
[2026-09-15 17:28:40.409] scan_sources               warm_gate  (marker + fingerprint + check_post passed)
[2026-09-15 17:28:40.409] scan_sources               skip  (verdict marker (prior success))
[2026-09-15 17:28:40.410] build_lib                  warm_gate  (marker + fingerprint + check_post passed)
[2026-09-15 17:28:40.410] build_lib                  skip  (verdict marker (prior success))
[2026-09-15 17:28:40.410] build_lib_inspect          warm_gate  (marker + fingerprint + check_post passed)
[2026-09-15 17:28:40.410] build_lib_inspect          skip  (verdict marker (prior success))
[2026-09-15 17:28:40.411] build_binding_ocaml        warm_gate  (marker + fingerprint + check_post passed)
[2026-09-15 17:28:40.411] build_binding_ocaml        skip  (verdict marker (prior success))
[2026-09-15 17:28:40.411] build_binding_ocaml_inspect  warm_gate  (marker + fingerprint + check_post passed)
[2026-09-15 17:28:40.411] build_binding_ocaml_inspect  skip  (verdict marker (prior success))
[2026-09-15 17:28:40.412] probe_binding_ocaml        warm_gate  (marker + fingerprint + check_post passed)
[2026-09-15 17:28:40.412] probe_binding_ocaml        skip  (verdict marker (prior xfail) [required_symbols_exported])
[2026-09-15 17:28:40.412] probe_binding_ocaml_inspect  warm_gate  (marker + fingerprint + check_post passed)
[2026-09-15 17:28:40.412] probe_binding_ocaml_inspect  skip  (verdict marker (prior success))
[2026-09-15 17:28:40.413] build_binding_python       warm_gate  (marker + fingerprint + check_post passed)
[2026-09-15 17:28:40.413] build_binding_python       skip  (verdict marker (prior success))
[2026-09-15 17:28:40.413] build_binding_python_inspect  warm_gate  (marker + fingerprint + check_post passed)
[2026-09-15 17:28:40.413] build_binding_python_inspect  skip  (verdict marker (prior success))
[2026-09-15 17:28:40.414] probe_binding_python       warm_gate  (marker + fingerprint + check_post passed)
[2026-09-15 17:28:40.414] probe_binding_python       skip  (verdict marker (prior xfail) [required_symbols_exported])
[2026-09-15 17:28:40.414] probe_binding_python_inspect  warm_gate  (marker + fingerprint + check_post passed)
[2026-09-15 17:28:40.414] probe_binding_python_inspect  skip  (verdict marker (prior success))
[2026-09-15 17:28:40.414] probe_lib                  warm_gate  (marker + fingerprint + check_post passed)
[2026-09-15 17:28:40.414] probe_lib                  skip  (verdict marker (prior success))
[2026-09-15 17:28:40.415] *                          graph_end  (13/13 completed)
[2026-09-15 17:28:40.415] *                          diagram  (_out/canary/projects/tiny1/symbol_missing/-run/diagrams/all.mmd)
[2026-09-15 17:28:40.416] *                          diagram  (_out/canary/projects/tiny1/symbol_missing/-run/diagrams/full.mmd)
[2026-09-15 17:28:40.416] *                          view  (lib (2 steps))
[2026-09-15 17:28:40.416] *                          view  (probes (5 steps))
[2026-09-15 17:28:40.416] *                          view  (binding_ocaml (4 steps))
[2026-09-15 17:28:40.416] *                          view  (binding_python (4 steps))
[2026-09-15 17:28:40.418] *                          html  (_out/canary/projects/tiny1/symbol_missing/-run/result.html)
[2026-09-15 17:28:40.419] *                          index  (_out/canary/projects/index.html)
[2026-09-15 17:28:40.419] *                          invariant  (full.mmd: OK (13 nodes, 13 IDs))
[2026-09-15 17:28:40.420] !                          invariant  (binding_ocaml.mmd: missing [2])
[2026-09-15 17:28:40.420] !                          invariant  (SOME FAILED)
[2026-09-15 18:41:48.144] *                          run_start  (tiny1/symbol_missing)
[2026-09-15 18:41:48.154] *                          variant_start  (source-vendored-stable_lib-vendored-stable_ocaml_binding-vendored-stable_python_binding-vendored-stable_python_binding-vendored-stable_app-vendored-stable_app-vendored-stable)
[2026-09-15 18:41:48.154] *                          graph_start  (13 steps)
[2026-09-15 18:41:48.154] configure                  warm_gate  (marker + fingerprint + check_post passed)
[2026-09-15 18:41:48.154] configure                  skip  (verdict marker (prior success))
[2026-09-15 18:41:48.154] scan_sources               warm_gate  (marker + fingerprint + check_post passed)
[2026-09-15 18:41:48.154] scan_sources               skip  (verdict marker (prior success))
[2026-09-15 18:41:48.154] build_lib                  warm_gate  (marker + fingerprint + check_post passed)
[2026-09-15 18:41:48.154] build_lib                  skip  (verdict marker (prior success))
[2026-09-15 18:41:48.155] build_lib_inspect          warm_gate  (marker + fingerprint + check_post passed)
[2026-09-15 18:41:48.155] build_lib_inspect          skip  (verdict marker (prior success))
[2026-09-15 18:41:48.155] build_binding_ocaml        warm_gate  (marker + fingerprint + check_post passed)
[2026-09-15 18:41:48.155] build_binding_ocaml        skip  (verdict marker (prior success))
[2026-09-15 18:41:48.155] build_binding_ocaml_inspect  warm_gate  (marker + fingerprint + check_post passed)
[2026-09-15 18:41:48.155] build_binding_ocaml_inspect  skip  (verdict marker (prior success))
[2026-09-15 18:41:48.156] probe_binding_ocaml        warm_gate  (marker + fingerprint + check_post passed)
[2026-09-15 18:41:48.156] probe_binding_ocaml        skip  (verdict marker (prior xfail) [required_symbols_exported])
[2026-09-15 18:41:48.156] probe_binding_ocaml_inspect  warm_gate  (marker + fingerprint + check_post passed)
[2026-09-15 18:41:48.156] probe_binding_ocaml_inspect  skip  (verdict marker (prior success))
[2026-09-15 18:41:48.156] build_binding_python       warm_gate  (marker + fingerprint + check_post passed)
[2026-09-15 18:41:48.156] build_binding_python       skip  (verdict marker (prior success))
[2026-09-15 18:41:48.156] build_binding_python_inspect  warm_gate  (marker + fingerprint + check_post passed)
[2026-09-15 18:41:48.156] build_binding_python_inspect  skip  (verdict marker (prior success))
[2026-09-15 18:41:48.157] probe_binding_python       warm_gate  (marker + fingerprint + check_post passed)
[2026-09-15 18:41:48.157] probe_binding_python       skip  (verdict marker (prior xfail) [required_symbols_exported])
[2026-09-15 18:41:48.157] probe_binding_python_inspect  warm_gate  (marker + fingerprint + check_post passed)
[2026-09-15 18:41:48.157] probe_binding_python_inspect  skip  (verdict marker (prior success))
[2026-09-15 18:41:48.157] probe_lib                  warm_gate  (marker + fingerprint + check_post passed)
[2026-09-15 18:41:48.157] probe_lib                  skip  (verdict marker (prior success))
[2026-09-15 18:41:48.157] *                          graph_end  (13/13 completed)
[2026-09-15 18:41:48.158] *                          diagram  (_out/canary/projects/tiny1/symbol_missing/-run/diagrams/all.mmd)
[2026-09-15 18:41:48.158] *                          diagram  (_out/canary/projects/tiny1/symbol_missing/-run/diagrams/full.mmd)
[2026-09-15 18:41:48.158] *                          view  (lib (2 steps))
[2026-09-15 18:41:48.159] *                          view  (probes (5 steps))
[2026-09-15 18:41:48.159] *                          view  (binding_ocaml (4 steps))
[2026-09-15 18:41:48.159] *                          view  (binding_python (4 steps))
[2026-09-15 18:41:48.161] *                          html  (_out/canary/projects/tiny1/symbol_missing/-run/result.html)
[2026-09-15 18:41:48.162] *                          index  (_out/canary/projects/index.html)
[2026-09-15 18:41:48.162] *                          invariant  (full.mmd: OK (13 nodes, 13 IDs))
[2026-09-15 18:41:48.162] !                          invariant  (binding_ocaml.mmd: missing [2])
[2026-09-15 18:41:48.162] !                          invariant  (SOME FAILED)
[2026-09-15 18:49:23.394] *                          run_start  (tiny1/symbol_missing)
[2026-09-15 18:49:23.402] *                          variant_start  (source-vendored-stable_lib-vendored-stable_ocaml_binding-vendored-stable_python_binding-vendored-stable_python_binding-vendored-stable_app-vendored-stable_app-vendored-stable)
[2026-09-15 18:49:23.402] *                          graph_start  (13 steps)
[2026-09-15 18:49:23.402] configure                  warm_gate  (marker + fingerprint + check_post passed)
[2026-09-15 18:49:23.402] configure                  skip  (verdict marker (prior success))
[2026-09-15 18:49:23.402] scan_sources               warm_gate  (marker + fingerprint + check_post passed)
[2026-09-15 18:49:23.402] scan_sources               skip  (verdict marker (prior success))
[2026-09-15 18:49:23.403] build_lib                  warm_gate  (marker + fingerprint + check_post passed)
[2026-09-15 18:49:23.403] build_lib                  skip  (verdict marker (prior success))
[2026-09-15 18:49:23.403] build_lib_inspect          warm_gate  (marker + fingerprint + check_post passed)
[2026-09-15 18:49:23.403] build_lib_inspect          skip  (verdict marker (prior success))
[2026-09-15 18:49:23.403] build_binding_ocaml        warm_gate  (marker + fingerprint + check_post passed)
[2026-09-15 18:49:23.403] build_binding_ocaml        skip  (verdict marker (prior success))
[2026-09-15 18:49:23.403] build_binding_ocaml_inspect  warm_gate  (marker + fingerprint + check_post passed)
[2026-09-15 18:49:23.403] build_binding_ocaml_inspect  skip  (verdict marker (prior success))
[2026-09-15 18:49:23.403] probe_binding_ocaml        warm_gate  (marker + fingerprint + check_post passed)
[2026-09-15 18:49:23.403] probe_binding_ocaml        skip  (verdict marker (prior xfail) [required_symbols_exported])
[2026-09-15 18:49:23.403] probe_binding_ocaml_inspect  warm_gate  (marker + fingerprint + check_post passed)
[2026-09-15 18:49:23.403] probe_binding_ocaml_inspect  skip  (verdict marker (prior success))
[2026-09-15 18:49:23.403] build_binding_python       warm_gate  (marker + fingerprint + check_post passed)
[2026-09-15 18:49:23.403] build_binding_python       skip  (verdict marker (prior success))
[2026-09-15 18:49:23.403] build_binding_python_inspect  warm_gate  (marker + fingerprint + check_post passed)
[2026-09-15 18:49:23.403] build_binding_python_inspect  skip  (verdict marker (prior success))
[2026-09-15 18:49:23.403] probe_binding_python       warm_gate  (marker + fingerprint + check_post passed)
[2026-09-15 18:49:23.403] probe_binding_python       skip  (verdict marker (prior xfail) [required_symbols_exported])
[2026-09-15 18:49:23.403] probe_binding_python_inspect  warm_gate  (marker + fingerprint + check_post passed)
[2026-09-15 18:49:23.403] probe_binding_python_inspect  skip  (verdict marker (prior success))
[2026-09-15 18:49:23.403] probe_lib                  warm_gate  (marker + fingerprint + check_post passed)
[2026-09-15 18:49:23.403] probe_lib                  skip  (verdict marker (prior success))
[2026-09-15 18:49:23.403] *                          graph_end  (13/13 completed)
[2026-09-15 18:49:23.404] *                          diagram  (_out/canary/projects/tiny1/symbol_missing/-run/diagrams/all.mmd)
[2026-09-15 18:49:23.404] *                          diagram  (_out/canary/projects/tiny1/symbol_missing/-run/diagrams/full.mmd)
[2026-09-15 18:49:23.404] *                          view  (lib (2 steps))
[2026-09-15 18:49:23.404] *                          view  (probes (5 steps))
[2026-09-15 18:49:23.405] *                          view  (binding_ocaml (4 steps))
[2026-09-15 18:49:23.405] *                          view  (binding_python (4 steps))
[2026-09-15 18:49:23.407] *                          html  (_out/canary/projects/tiny1/symbol_missing/-run/result.html)
[2026-09-15 18:49:23.408] *                          index  (_out/canary/projects/index.html)
[2026-09-15 18:49:23.408] *                          invariant  (full.mmd: OK (13 nodes, 13 IDs))
[2026-09-15 18:49:23.408] !                          invariant  (binding_ocaml.mmd: missing [2])
[2026-09-15 18:49:23.408] !                          invariant  (SOME FAILED)
[2026-09-15 21:54:44.021] *                          run_start  (tiny1/symbol_missing)
[2026-09-15 21:54:44.028] *                          variant_start  (source-vendored-stable_lib-vendored-stable_ocaml_binding-vendored-stable_python_binding-vendored-stable_python_binding-vendored-stable_app-vendored-stable_app-vendored-stable)
[2026-09-15 21:54:44.028] *                          graph_start  (13 steps)
[2026-09-15 21:54:44.029] configure                  warm_gate  (marker + fingerprint + check_post passed)
[2026-09-15 21:54:44.029] configure                  skip  (verdict marker (prior success))
[2026-09-15 21:54:44.029] scan_sources               warm_gate  (marker + fingerprint + check_post passed)
[2026-09-15 21:54:44.029] scan_sources               skip  (verdict marker (prior success))
[2026-09-15 21:54:44.029] build_lib                  warm_gate  (marker + fingerprint + check_post passed)
[2026-09-15 21:54:44.029] build_lib                  skip  (verdict marker (prior success))
[2026-09-15 21:54:44.030] build_lib_inspect          warm_gate  (marker + fingerprint + check_post passed)
[2026-09-15 21:54:44.030] build_lib_inspect          skip  (verdict marker (prior success))
[2026-09-15 21:54:44.030] build_binding_ocaml        warm_gate  (marker + fingerprint + check_post passed)
[2026-09-15 21:54:44.030] build_binding_ocaml        skip  (verdict marker (prior success))
[2026-09-15 21:54:44.030] build_binding_ocaml_inspect  warm_gate  (marker + fingerprint + check_post passed)
[2026-09-15 21:54:44.030] build_binding_ocaml_inspect  skip  (verdict marker (prior success))
[2026-09-15 21:54:44.030] probe_binding_ocaml        warm_gate  (marker + fingerprint + check_post passed)
[2026-09-15 21:54:44.030] probe_binding_ocaml        skip  (verdict marker (prior xfail) [required_symbols_exported])
[2026-09-15 21:54:44.030] probe_binding_ocaml_inspect  warm_gate  (marker + fingerprint + check_post passed)
[2026-09-15 21:54:44.030] probe_binding_ocaml_inspect  skip  (verdict marker (prior success))
[2026-09-15 21:54:44.031] build_binding_python       warm_gate  (marker + fingerprint + check_post passed)
[2026-09-15 21:54:44.031] build_binding_python       skip  (verdict marker (prior success))
[2026-09-15 21:54:44.031] build_binding_python_inspect  warm_gate  (marker + fingerprint + check_post passed)
[2026-09-15 21:54:44.031] build_binding_python_inspect  skip  (verdict marker (prior success))
[2026-09-15 21:54:44.031] probe_binding_python       warm_gate  (marker + fingerprint + check_post passed)
[2026-09-15 21:54:44.031] probe_binding_python       skip  (verdict marker (prior xfail) [required_symbols_exported])
[2026-09-15 21:54:44.031] probe_binding_python_inspect  warm_gate  (marker + fingerprint + check_post passed)
[2026-09-15 21:54:44.031] probe_binding_python_inspect  skip  (verdict marker (prior success))
[2026-09-15 21:54:44.032] probe_lib                  warm_gate  (marker + fingerprint + check_post passed)
[2026-09-15 21:54:44.032] probe_lib                  skip  (verdict marker (prior success))
[2026-09-15 21:54:44.032] *                          graph_end  (13/13 completed)
[2026-09-15 21:54:44.032] *                          diagram  (_out/canary/projects/tiny1/symbol_missing/-run/diagrams/all.mmd)
[2026-09-15 21:54:44.032] *                          diagram  (_out/canary/projects/tiny1/symbol_missing/-run/diagrams/full.mmd)
[2026-09-15 21:54:44.033] *                          view  (lib (2 steps))
[2026-09-15 21:54:44.033] *                          view  (probes (5 steps))
[2026-09-15 21:54:44.033] *                          view  (binding_ocaml (4 steps))
[2026-09-15 21:54:44.033] *                          view  (binding_python (4 steps))
[2026-09-15 21:54:44.035] *                          html  (_out/canary/projects/tiny1/symbol_missing/-run/result.html)
[2026-09-15 21:54:44.036] *                          index  (_out/canary/projects/index.html)
[2026-09-15 21:54:44.036] *                          invariant  (full.mmd: OK (13 nodes, 13 IDs))
[2026-09-15 21:54:44.036] !                          invariant  (binding_ocaml.mmd: missing [2])
[2026-09-15 21:54:44.036] !                          invariant  (SOME FAILED)
[2026-09-15 22:02:48.309] *                          run_start  (tiny1/symbol_missing)
[2026-09-15 22:02:48.317] *                          variant_start  (source-vendored-stable_lib-vendored-stable_ocaml_binding-vendored-stable_python_binding-vendored-stable_python_binding-vendored-stable_app-vendored-stable_app-vendored-stable)
[2026-09-15 22:02:48.317] *                          graph_start  (13 steps)
[2026-09-15 22:02:48.317] configure                  warm_gate  (marker + fingerprint + check_post passed)
[2026-09-15 22:02:48.317] configure                  skip  (verdict marker (prior success))
[2026-09-15 22:02:48.317] scan_sources               warm_gate  (marker + fingerprint + check_post passed)
[2026-09-15 22:02:48.317] scan_sources               skip  (verdict marker (prior success))
[2026-09-15 22:02:48.317] build_lib                  warm_gate  (marker + fingerprint + check_post passed)
[2026-09-15 22:02:48.317] build_lib                  skip  (verdict marker (prior success))
[2026-09-15 22:02:48.318] build_lib_inspect          warm_gate  (marker + fingerprint + check_post passed)
[2026-09-15 22:02:48.318] build_lib_inspect          skip  (verdict marker (prior success))
[2026-09-15 22:02:48.318] build_binding_ocaml        warm_gate  (marker + fingerprint + check_post passed)
[2026-09-15 22:02:48.318] build_binding_ocaml        skip  (verdict marker (prior success))
[2026-09-15 22:02:48.318] build_binding_ocaml_inspect  warm_gate  (marker + fingerprint + check_post passed)
[2026-09-15 22:02:48.318] build_binding_ocaml_inspect  skip  (verdict marker (prior success))
[2026-09-15 22:02:48.318] probe_binding_ocaml        warm_gate  (marker + fingerprint + check_post passed)
[2026-09-15 22:02:48.318] probe_binding_ocaml        skip  (verdict marker (prior xfail) [required_symbols_exported])
[2026-09-15 22:02:48.318] probe_binding_ocaml_inspect  warm_gate  (marker + fingerprint + check_post passed)
[2026-09-15 22:02:48.318] probe_binding_ocaml_inspect  skip  (verdict marker (prior success))
[2026-09-15 22:02:48.318] build_binding_python       warm_gate  (marker + fingerprint + check_post passed)
[2026-09-15 22:02:48.318] build_binding_python       skip  (verdict marker (prior success))
[2026-09-15 22:02:48.318] build_binding_python_inspect  warm_gate  (marker + fingerprint + check_post passed)
[2026-09-15 22:02:48.318] build_binding_python_inspect  skip  (verdict marker (prior success))
[2026-09-15 22:02:48.318] probe_binding_python       warm_gate  (marker + fingerprint + check_post passed)
[2026-09-15 22:02:48.318] probe_binding_python       skip  (verdict marker (prior xfail) [required_symbols_exported])
[2026-09-15 22:02:48.318] probe_binding_python_inspect  warm_gate  (marker + fingerprint + check_post passed)
[2026-09-15 22:02:48.318] probe_binding_python_inspect  skip  (verdict marker (prior success))
[2026-09-15 22:02:48.318] probe_lib                  warm_gate  (marker + fingerprint + check_post passed)
[2026-09-15 22:02:48.318] probe_lib                  skip  (verdict marker (prior success))
[2026-09-15 22:02:48.318] *                          graph_end  (13/13 completed)
[2026-09-15 22:02:48.319] *                          diagram  (_out/canary/projects/tiny1/symbol_missing/-run/diagrams/all.mmd)
[2026-09-15 22:02:48.319] *                          diagram  (_out/canary/projects/tiny1/symbol_missing/-run/diagrams/full.mmd)
[2026-09-15 22:02:48.319] *                          view  (lib (2 steps))
[2026-09-15 22:02:48.319] *                          view  (probes (5 steps))
[2026-09-15 22:02:48.319] *                          view  (binding_ocaml (4 steps))
[2026-09-15 22:02:48.320] *                          view  (binding_python (4 steps))
[2026-09-15 22:02:48.321] *                          html  (_out/canary/projects/tiny1/symbol_missing/-run/result.html)
[2026-09-15 22:02:48.322] *                          index  (_out/canary/projects/index.html)
[2026-09-15 22:02:48.322] *                          invariant  (full.mmd: OK (13 nodes, 13 IDs))
[2026-09-15 22:02:48.322] !                          invariant  (binding_ocaml.mmd: missing [2])
[2026-09-15 22:02:48.322] !                          invariant  (SOME FAILED)
[2026-09-15 22:26:58.895] *                          run_start  (tiny1/symbol_missing)
[2026-09-15 22:26:58.903] *                          variant_start  (source-vendored-stable_lib-vendored-stable_ocaml_binding-vendored-stable_python_binding-vendored-stable_python_binding-vendored-stable_app-vendored-stable_app-vendored-stable)
[2026-09-15 22:26:58.903] *                          graph_start  (13 steps)
[2026-09-15 22:26:58.903] configure                  warm_gate  (marker + fingerprint + check_post passed)
[2026-09-15 22:26:58.903] configure                  skip  (verdict marker (prior success))
[2026-09-15 22:26:58.903] scan_sources               warm_gate  (marker + fingerprint + check_post passed)
[2026-09-15 22:26:58.903] scan_sources               skip  (verdict marker (prior success))
[2026-09-15 22:26:58.903] build_lib                  warm_gate  (marker + fingerprint + check_post passed)
[2026-09-15 22:26:58.903] build_lib                  skip  (verdict marker (prior success))
[2026-09-15 22:26:58.903] build_lib_inspect          warm_gate  (marker + fingerprint + check_post passed)
[2026-09-15 22:26:58.903] build_lib_inspect          skip  (verdict marker (prior success))
[2026-09-15 22:26:58.903] build_binding_ocaml        warm_gate  (marker + fingerprint + check_post passed)
[2026-09-15 22:26:58.903] build_binding_ocaml        skip  (verdict marker (prior success))
[2026-09-15 22:26:58.903] build_binding_ocaml_inspect  warm_gate  (marker + fingerprint + check_post passed)
[2026-09-15 22:26:58.903] build_binding_ocaml_inspect  skip  (verdict marker (prior success))
[2026-09-15 22:26:58.903] probe_binding_ocaml        warm_gate  (marker + fingerprint + check_post passed)
[2026-09-15 22:26:58.903] probe_binding_ocaml        skip  (verdict marker (prior xfail) [required_symbols_exported])
[2026-09-15 22:26:58.903] probe_binding_ocaml_inspect  warm_gate  (marker + fingerprint + check_post passed)
[2026-09-15 22:26:58.903] probe_binding_ocaml_inspect  skip  (verdict marker (prior success))
[2026-09-15 22:26:58.903] build_binding_python       warm_gate  (marker + fingerprint + check_post passed)
[2026-09-15 22:26:58.903] build_binding_python       skip  (verdict marker (prior success))
[2026-09-15 22:26:58.903] build_binding_python_inspect  warm_gate  (marker + fingerprint + check_post passed)
[2026-09-15 22:26:58.904] build_binding_python_inspect  skip  (verdict marker (prior success))
[2026-09-15 22:26:58.904] probe_binding_python       warm_gate  (marker + fingerprint + check_post passed)
[2026-09-15 22:26:58.904] probe_binding_python       skip  (verdict marker (prior xfail) [required_symbols_exported])
[2026-09-15 22:26:58.904] probe_binding_python_inspect  warm_gate  (marker + fingerprint + check_post passed)
[2026-09-15 22:26:58.904] probe_binding_python_inspect  skip  (verdict marker (prior success))
[2026-09-15 22:26:58.904] probe_lib                  warm_gate  (marker + fingerprint + check_post passed)
[2026-09-15 22:26:58.904] probe_lib                  skip  (verdict marker (prior success))
[2026-09-15 22:26:58.904] *                          graph_end  (13/13 completed)
[2026-09-15 22:26:58.904] *                          diagram  (_out/canary/projects/tiny1/symbol_missing/-run/diagrams/all.mmd)
[2026-09-15 22:26:58.905] *                          diagram  (_out/canary/projects/tiny1/symbol_missing/-run/diagrams/full.mmd)
[2026-09-15 22:26:58.905] *                          view  (lib (2 steps))
[2026-09-15 22:26:58.905] *                          view  (probes (5 steps))
[2026-09-15 22:26:58.905] *                          view  (binding_ocaml (4 steps))
[2026-09-15 22:26:58.905] *                          view  (binding_python (4 steps))
[2026-09-15 22:26:58.907] *                          html  (_out/canary/projects/tiny1/symbol_missing/-run/result.html)
[2026-09-15 22:26:58.908] *                          index  (_out/canary/projects/index.html)
[2026-09-15 22:26:58.908] *                          invariant  (full.mmd: OK (13 nodes, 13 IDs))
[2026-09-15 22:26:58.908] !                          invariant  (binding_ocaml.mmd: missing [2])
[2026-09-15 22:26:58.908] !                          invariant  (SOME FAILED)
[2026-09-16 13:08:20.019] *                          run_start  (tiny1/symbol_missing)
[2026-09-16 13:08:20.028] *                          variant_start  (source-vendored-stable_lib-vendored-stable_ocaml_binding-vendored-stable_python_binding-vendored-stable_python_binding-vendored-stable_app-vendored-stable_app-vendored-stable)
[2026-09-16 13:08:20.028] *                          graph_start  (13 steps)
[2026-09-16 13:08:20.028] configure                  warm_gate  (marker + fingerprint + check_post passed)
[2026-09-16 13:08:20.028] configure                  skip  (verdict marker (prior success))
[2026-09-16 13:08:20.028] scan_sources               warm_gate  (marker + fingerprint + check_post passed)
[2026-09-16 13:08:20.028] scan_sources               skip  (verdict marker (prior success))
[2026-09-16 13:08:20.029] build_lib                  warm_gate  (marker + fingerprint + check_post passed)
[2026-09-16 13:08:20.029] build_lib                  skip  (verdict marker (prior success))
[2026-09-16 13:08:20.029] build_lib_inspect          warm_gate  (marker + fingerprint + check_post passed)
[2026-09-16 13:08:20.029] build_lib_inspect          skip  (verdict marker (prior success))
[2026-09-16 13:08:20.029] build_binding_ocaml        warm_gate  (marker + fingerprint + check_post passed)
[2026-09-16 13:08:20.029] build_binding_ocaml        skip  (verdict marker (prior success))
[2026-09-16 13:08:20.029] build_binding_ocaml_inspect  warm_gate  (marker + fingerprint + check_post passed)
[2026-09-16 13:08:20.029] build_binding_ocaml_inspect  skip  (verdict marker (prior success))
[2026-09-16 13:08:20.030] probe_binding_ocaml        warm_gate  (marker + fingerprint + check_post passed)
[2026-09-16 13:08:20.030] probe_binding_ocaml        skip  (verdict marker (prior xfail) [required_symbols_exported])
[2026-09-16 13:08:20.030] probe_binding_ocaml_inspect  warm_gate  (marker + fingerprint + check_post passed)
[2026-09-16 13:08:20.030] probe_binding_ocaml_inspect  skip  (verdict marker (prior success))
[2026-09-16 13:08:20.030] build_binding_python       warm_gate  (marker + fingerprint + check_post passed)
[2026-09-16 13:08:20.030] build_binding_python       skip  (verdict marker (prior success))
[2026-09-16 13:08:20.030] build_binding_python_inspect  warm_gate  (marker + fingerprint + check_post passed)
[2026-09-16 13:08:20.030] build_binding_python_inspect  skip  (verdict marker (prior success))
[2026-09-16 13:08:20.031] probe_binding_python       warm_gate  (marker + fingerprint + check_post passed)
[2026-09-16 13:08:20.031] probe_binding_python       skip  (verdict marker (prior xfail) [required_symbols_exported])
[2026-09-16 13:08:20.031] probe_binding_python_inspect  warm_gate  (marker + fingerprint + check_post passed)
[2026-09-16 13:08:20.031] probe_binding_python_inspect  skip  (verdict marker (prior success))
[2026-09-16 13:08:20.031] probe_lib                  warm_gate  (marker + fingerprint + check_post passed)
[2026-09-16 13:08:20.031] probe_lib                  skip  (verdict marker (prior success))
[2026-09-16 13:08:20.031] *                          graph_end  (13/13 completed)
[2026-09-16 13:08:20.032] *                          diagram  (_out/canary/projects/tiny1/symbol_missing/-run/diagrams/all.mmd)
[2026-09-16 13:08:20.032] *                          diagram  (_out/canary/projects/tiny1/symbol_missing/-run/diagrams/full.mmd)
[2026-09-16 13:08:20.032] *                          view  (lib (2 steps))
[2026-09-16 13:08:20.032] *                          view  (probes (5 steps))
[2026-09-16 13:08:20.032] *                          view  (binding_ocaml (4 steps))
[2026-09-16 13:08:20.032] *                          view  (binding_python (4 steps))
[2026-09-16 13:08:20.034] *                          html  (_out/canary/projects/tiny1/symbol_missing/-run/result.html)
[2026-09-16 13:08:20.035] *                          index  (_out/canary/projects/index.html)
[2026-09-16 13:08:20.035] *                          invariant  (full.mmd: OK (13 nodes, 13 IDs))
[2026-09-16 13:08:20.035] !                          invariant  (binding_ocaml.mmd: missing [2])
[2026-09-16 13:08:20.035] !                          invariant  (SOME FAILED)
[2026-09-16 20:22:23.710] *                          run_start  (tiny1/symbol_missing)
[2026-09-16 20:22:23.718] *                          variant_start  (source-vendored-stable_lib-vendored-stable_ocaml_binding-vendored-stable_python_binding-vendored-stable_python_binding-vendored-stable_app-vendored-stable_app-vendored-stable)
[2026-09-16 20:22:23.718] *                          graph_start  (13 steps)
[2026-09-16 20:22:23.719] configure                  warm_gate  (marker + fingerprint + check_post passed)
[2026-09-16 20:22:23.719] configure                  skip  (verdict marker (prior success))
[2026-09-16 20:22:23.719] scan_sources               warm_gate  (marker + fingerprint + check_post passed)
[2026-09-16 20:22:23.719] scan_sources               skip  (verdict marker (prior success))
[2026-09-16 20:22:23.719] build_lib                  warm_gate  (marker + fingerprint + check_post passed)
[2026-09-16 20:22:23.719] build_lib                  skip  (verdict marker (prior success))
[2026-09-16 20:22:23.720] build_lib_inspect          warm_gate  (marker + fingerprint + check_post passed)
[2026-09-16 20:22:23.720] build_lib_inspect          skip  (verdict marker (prior success))
[2026-09-16 20:22:23.720] build_binding_ocaml        warm_gate  (marker + fingerprint + check_post passed)
[2026-09-16 20:22:23.720] build_binding_ocaml        skip  (verdict marker (prior success))
[2026-09-16 20:22:23.720] build_binding_ocaml_inspect  warm_gate  (marker + fingerprint + check_post passed)
[2026-09-16 20:22:23.720] build_binding_ocaml_inspect  skip  (verdict marker (prior success))
[2026-09-16 20:22:23.720] probe_binding_ocaml        warm_gate  (marker + fingerprint + check_post passed)
[2026-09-16 20:22:23.721] probe_binding_ocaml        skip  (verdict marker (prior xfail) [required_symbols_exported])
[2026-09-16 20:22:23.721] probe_binding_ocaml_inspect  warm_gate  (marker + fingerprint + check_post passed)
[2026-09-16 20:22:23.721] probe_binding_ocaml_inspect  skip  (verdict marker (prior success))
[2026-09-16 20:22:23.721] build_binding_python       warm_gate  (marker + fingerprint + check_post passed)
[2026-09-16 20:22:23.721] build_binding_python       skip  (verdict marker (prior success))
[2026-09-16 20:22:23.721] build_binding_python_inspect  warm_gate  (marker + fingerprint + check_post passed)
[2026-09-16 20:22:23.721] build_binding_python_inspect  skip  (verdict marker (prior success))
[2026-09-16 20:22:23.722] probe_binding_python       warm_gate  (marker + fingerprint + check_post passed)
[2026-09-16 20:22:23.722] probe_binding_python       skip  (verdict marker (prior xfail) [required_symbols_exported])
[2026-09-16 20:22:23.722] probe_binding_python_inspect  warm_gate  (marker + fingerprint + check_post passed)
[2026-09-16 20:22:23.722] probe_binding_python_inspect  skip  (verdict marker (prior success))
[2026-09-16 20:22:23.722] probe_lib                  warm_gate  (marker + fingerprint + check_post passed)
[2026-09-16 20:22:23.722] probe_lib                  skip  (verdict marker (prior success))
[2026-09-16 20:22:23.722] *                          graph_end  (13/13 completed)
[2026-09-16 20:22:23.723] *                          diagram  (_out/canary/projects/tiny1/symbol_missing/-run/diagrams/all.mmd)
[2026-09-16 20:22:23.723] *                          diagram  (_out/canary/projects/tiny1/symbol_missing/-run/diagrams/full.mmd)
[2026-09-16 20:22:23.723] *                          view  (lib (2 steps))
[2026-09-16 20:22:23.723] *                          view  (probes (5 steps))
[2026-09-16 20:22:23.723] *                          view  (binding_ocaml (4 steps))
[2026-09-16 20:22:23.724] *                          view  (binding_python (4 steps))
[2026-09-16 20:22:23.725] *                          html  (_out/canary/projects/tiny1/symbol_missing/-run/result.html)
[2026-09-16 20:22:23.726] *                          index  (_out/canary/projects/index.html)
[2026-09-16 20:22:23.726] *                          invariant  (full.mmd: OK (13 nodes, 13 IDs))
[2026-09-16 20:22:23.726] !                          invariant  (binding_ocaml.mmd: missing [2])
[2026-09-16 20:22:23.726] !                          invariant  (SOME FAILED)
[2026-09-16 21:05:01.928] *                          run_start  (tiny1/symbol_missing)
[2026-09-16 21:05:01.937] *                          variant_start  (source-vendored-stable_lib-vendored-stable_ocaml_binding-vendored-stable_python_binding-vendored-stable_python_binding-vendored-stable_app-vendored-stable_app-vendored-stable)
[2026-09-16 21:05:01.937] *                          graph_start  (13 steps)
[2026-09-16 21:05:01.937] configure                  warm_gate  (marker + fingerprint + check_post passed)
[2026-09-16 21:05:01.937] configure                  skip  (verdict marker (prior success))
[2026-09-16 21:05:01.938] scan_sources               warm_gate  (marker + fingerprint + check_post passed)
[2026-09-16 21:05:01.938] scan_sources               skip  (verdict marker (prior success))
[2026-09-16 21:05:01.938] build_lib                  warm_gate  (marker + fingerprint + check_post passed)
[2026-09-16 21:05:01.938] build_lib                  skip  (verdict marker (prior success))
[2026-09-16 21:05:01.938] build_lib_inspect          warm_gate  (marker + fingerprint + check_post passed)
[2026-09-16 21:05:01.938] build_lib_inspect          skip  (verdict marker (prior success))
[2026-09-16 21:05:01.938] build_binding_ocaml        warm_gate  (marker + fingerprint + check_post passed)
[2026-09-16 21:05:01.938] build_binding_ocaml        skip  (verdict marker (prior success))
[2026-09-16 21:05:01.939] build_binding_ocaml_inspect  warm_gate  (marker + fingerprint + check_post passed)
[2026-09-16 21:05:01.939] build_binding_ocaml_inspect  skip  (verdict marker (prior success))
[2026-09-16 21:05:01.939] probe_binding_ocaml        warm_gate  (marker + fingerprint + check_post passed)
[2026-09-16 21:05:01.939] probe_binding_ocaml        skip  (verdict marker (prior xfail) [required_symbols_exported])
[2026-09-16 21:05:01.939] probe_binding_ocaml_inspect  warm_gate  (marker + fingerprint + check_post passed)
[2026-09-16 21:05:01.939] probe_binding_ocaml_inspect  skip  (verdict marker (prior success))
[2026-09-16 21:05:01.939] build_binding_python       warm_gate  (marker + fingerprint + check_post passed)
[2026-09-16 21:05:01.939] build_binding_python       skip  (verdict marker (prior success))
[2026-09-16 21:05:01.940] build_binding_python_inspect  warm_gate  (marker + fingerprint + check_post passed)
[2026-09-16 21:05:01.940] build_binding_python_inspect  skip  (verdict marker (prior success))
[2026-09-16 21:05:01.940] probe_binding_python       warm_gate  (marker + fingerprint + check_post passed)
[2026-09-16 21:05:01.940] probe_binding_python       skip  (verdict marker (prior xfail) [required_symbols_exported])
[2026-09-16 21:05:01.940] probe_binding_python_inspect  warm_gate  (marker + fingerprint + check_post passed)
[2026-09-16 21:05:01.940] probe_binding_python_inspect  skip  (verdict marker (prior success))
[2026-09-16 21:05:01.940] probe_lib                  warm_gate  (marker + fingerprint + check_post passed)
[2026-09-16 21:05:01.940] probe_lib                  skip  (verdict marker (prior success))
[2026-09-16 21:05:01.940] *                          graph_end  (13/13 completed)
[2026-09-16 21:05:01.941] *                          diagram  (_out/canary/projects/tiny1/symbol_missing/-run/diagrams/all.mmd)
[2026-09-16 21:05:01.941] *                          diagram  (_out/canary/projects/tiny1/symbol_missing/-run/diagrams/full.mmd)
[2026-09-16 21:05:01.941] *                          view  (lib (2 steps))
[2026-09-16 21:05:01.941] *                          view  (probes (5 steps))
[2026-09-16 21:05:01.942] *                          view  (binding_ocaml (4 steps))
[2026-09-16 21:05:01.942] *                          view  (binding_python (4 steps))
[2026-09-16 21:05:01.943] *                          html  (_out/canary/projects/tiny1/symbol_missing/-run/result.html)
[2026-09-16 21:05:01.944] *                          index  (_out/canary/projects/index.html)
[2026-09-16 21:05:01.944] *                          invariant  (full.mmd: OK (13 nodes, 13 IDs))
[2026-09-16 21:05:01.944] !                          invariant  (binding_ocaml.mmd: missing [2])
[2026-09-16 21:05:01.944] !                          invariant  (SOME FAILED)
[2026-09-16 21:35:25.407] *                          run_start  (tiny1/symbol_missing)
[2026-09-16 21:35:25.415] *                          variant_start  (source-vendored-stable_lib-vendored-stable_ocaml_binding-vendored-stable_python_binding-vendored-stable_python_binding-vendored-stable_app-vendored-stable_app-vendored-stable)
[2026-09-16 21:35:25.415] *                          graph_start  (13 steps)
[2026-09-16 21:35:25.415] configure                  warm_gate  (marker + fingerprint + check_post passed)
[2026-09-16 21:35:25.415] configure                  skip  (verdict marker (prior success))
[2026-09-16 21:35:25.416] scan_sources               warm_gate  (marker + fingerprint + check_post passed)
[2026-09-16 21:35:25.416] scan_sources               skip  (verdict marker (prior success))
[2026-09-16 21:35:25.416] build_lib                  warm_gate  (marker + fingerprint + check_post passed)
[2026-09-16 21:35:25.416] build_lib                  skip  (verdict marker (prior success))
[2026-09-16 21:35:25.416] build_lib_inspect          warm_gate  (marker + fingerprint + check_post passed)
[2026-09-16 21:35:25.416] build_lib_inspect          skip  (verdict marker (prior success))
[2026-09-16 21:35:25.416] build_binding_ocaml        warm_gate  (marker + fingerprint + check_post passed)
[2026-09-16 21:35:25.416] build_binding_ocaml        skip  (verdict marker (prior success))
[2026-09-16 21:35:25.416] build_binding_ocaml_inspect  warm_gate  (marker + fingerprint + check_post passed)
[2026-09-16 21:35:25.416] build_binding_ocaml_inspect  skip  (verdict marker (prior success))
[2026-09-16 21:35:25.417] probe_binding_ocaml        warm_gate  (marker + fingerprint + check_post passed)
[2026-09-16 21:35:25.417] probe_binding_ocaml        skip  (verdict marker (prior xfail) [required_symbols_exported])
[2026-09-16 21:35:25.417] probe_binding_ocaml_inspect  warm_gate  (marker + fingerprint + check_post passed)
[2026-09-16 21:35:25.417] probe_binding_ocaml_inspect  skip  (verdict marker (prior success))
[2026-09-16 21:35:25.417] build_binding_python       warm_gate  (marker + fingerprint + check_post passed)
[2026-09-16 21:35:25.417] build_binding_python       skip  (verdict marker (prior success))
[2026-09-16 21:35:25.417] build_binding_python_inspect  warm_gate  (marker + fingerprint + check_post passed)
[2026-09-16 21:35:25.417] build_binding_python_inspect  skip  (verdict marker (prior success))
[2026-09-16 21:35:25.418] probe_binding_python       warm_gate  (marker + fingerprint + check_post passed)
[2026-09-16 21:35:25.418] probe_binding_python       skip  (verdict marker (prior xfail) [required_symbols_exported])
[2026-09-16 21:35:25.418] probe_binding_python_inspect  warm_gate  (marker + fingerprint + check_post passed)
[2026-09-16 21:35:25.418] probe_binding_python_inspect  skip  (verdict marker (prior success))
[2026-09-16 21:35:25.418] probe_lib                  warm_gate  (marker + fingerprint + check_post passed)
[2026-09-16 21:35:25.418] probe_lib                  skip  (verdict marker (prior success))
[2026-09-16 21:35:25.418] *                          graph_end  (13/13 completed)
[2026-09-16 21:35:25.419] *                          diagram  (_out/canary/projects/tiny1/symbol_missing/-run/diagrams/all.mmd)
[2026-09-16 21:35:25.419] *                          diagram  (_out/canary/projects/tiny1/symbol_missing/-run/diagrams/full.mmd)
[2026-09-16 21:35:25.419] *                          view  (lib (2 steps))
[2026-09-16 21:35:25.419] *                          view  (probes (5 steps))
[2026-09-16 21:35:25.419] *                          view  (binding_ocaml (4 steps))
[2026-09-16 21:35:25.420] *                          view  (binding_python (4 steps))
[2026-09-16 21:35:25.421] *                          html  (_out/canary/projects/tiny1/symbol_missing/-run/result.html)
[2026-09-16 21:35:25.422] *                          index  (_out/canary/projects/index.html)
[2026-09-16 21:35:25.422] *                          invariant  (full.mmd: OK (13 nodes, 13 IDs))
[2026-09-16 21:35:25.422] !                          invariant  (binding_ocaml.mmd: missing [2])
[2026-09-16 21:35:25.422] !                          invariant  (SOME FAILED)
[2026-09-16 22:15:38.127] *                          run_start  (tiny1/symbol_missing)
[2026-09-16 22:15:38.135] *                          variant_start  (source-vendored-stable_lib-vendored-stable_ocaml_binding-vendored-stable_python_binding-vendored-stable_python_binding-vendored-stable_app-vendored-stable_app-vendored-stable)
[2026-09-16 22:15:38.135] *                          graph_start  (13 steps)
[2026-09-16 22:15:38.136] configure                  warm_gate  (marker + fingerprint + check_post passed)
[2026-09-16 22:15:38.136] configure                  skip  (verdict marker (prior success))
[2026-09-16 22:15:38.136] scan_sources               warm_gate  (marker + fingerprint + check_post passed)
[2026-09-16 22:15:38.136] scan_sources               skip  (verdict marker (prior success))
[2026-09-16 22:15:38.136] build_lib                  warm_gate  (marker + fingerprint + check_post passed)
[2026-09-16 22:15:38.136] build_lib                  skip  (verdict marker (prior success))
[2026-09-16 22:15:38.136] build_lib_inspect          warm_gate  (marker + fingerprint + check_post passed)
[2026-09-16 22:15:38.136] build_lib_inspect          skip  (verdict marker (prior success))
[2026-09-16 22:15:38.137] build_binding_ocaml        warm_gate  (marker + fingerprint + check_post passed)
[2026-09-16 22:15:38.137] build_binding_ocaml        skip  (verdict marker (prior success))
[2026-09-16 22:15:38.137] build_binding_ocaml_inspect  warm_gate  (marker + fingerprint + check_post passed)
[2026-09-16 22:15:38.137] build_binding_ocaml_inspect  skip  (verdict marker (prior success))
[2026-09-16 22:15:38.137] probe_binding_ocaml        warm_gate  (marker + fingerprint + check_post passed)
[2026-09-16 22:15:38.137] probe_binding_ocaml        skip  (verdict marker (prior xfail) [required_symbols_exported])
[2026-09-16 22:15:38.137] probe_binding_ocaml_inspect  warm_gate  (marker + fingerprint + check_post passed)
[2026-09-16 22:15:38.137] probe_binding_ocaml_inspect  skip  (verdict marker (prior success))
[2026-09-16 22:15:38.138] build_binding_python       warm_gate  (marker + fingerprint + check_post passed)
[2026-09-16 22:15:38.138] build_binding_python       skip  (verdict marker (prior success))
[2026-09-16 22:15:38.138] build_binding_python_inspect  warm_gate  (marker + fingerprint + check_post passed)
[2026-09-16 22:15:38.138] build_binding_python_inspect  skip  (verdict marker (prior success))
[2026-09-16 22:15:38.138] probe_binding_python       warm_gate  (marker + fingerprint + check_post passed)
[2026-09-16 22:15:38.138] probe_binding_python       skip  (verdict marker (prior xfail) [required_symbols_exported])
[2026-09-16 22:15:38.138] probe_binding_python_inspect  warm_gate  (marker + fingerprint + check_post passed)
[2026-09-16 22:15:38.138] probe_binding_python_inspect  skip  (verdict marker (prior success))
[2026-09-16 22:15:38.139] probe_lib                  warm_gate  (marker + fingerprint + check_post passed)
[2026-09-16 22:15:38.139] probe_lib                  skip  (verdict marker (prior success))
[2026-09-16 22:15:38.139] *                          graph_end  (13/13 completed)
[2026-09-16 22:15:38.139] *                          diagram  (_out/canary/projects/tiny1/symbol_missing/-run/diagrams/all.mmd)
[2026-09-16 22:15:38.139] *                          diagram  (_out/canary/projects/tiny1/symbol_missing/-run/diagrams/full.mmd)
[2026-09-16 22:15:38.140] *                          view  (lib (2 steps))
[2026-09-16 22:15:38.140] *                          view  (probes (5 steps))
[2026-09-16 22:15:38.140] *                          view  (binding_ocaml (4 steps))
[2026-09-16 22:15:38.140] *                          view  (binding_python (4 steps))
[2026-09-16 22:15:38.142] *                          html  (_out/canary/projects/tiny1/symbol_missing/-run/result.html)
[2026-09-16 22:15:38.143] *                          index  (_out/canary/projects/index.html)
[2026-09-16 22:15:38.143] *                          invariant  (full.mmd: OK (13 nodes, 13 IDs))
[2026-09-16 22:15:38.143] !                          invariant  (binding_ocaml.mmd: missing [2])
[2026-09-16 22:15:38.143] !                          invariant  (SOME FAILED)
[2026-09-16 22:58:57.773] *                          run_start  (tiny1/symbol_missing)
[2026-09-16 22:58:57.782] *                          variant_start  (source-vendored-stable_lib-vendored-stable_ocaml_binding-vendored-stable_python_binding-vendored-stable_python_binding-vendored-stable_app-vendored-stable_app-vendored-stable)
[2026-09-16 22:58:57.782] *                          graph_start  (13 steps)
[2026-09-16 22:58:57.782] configure                  warm_gate  (marker + fingerprint + check_post passed)
[2026-09-16 22:58:57.782] configure                  skip  (verdict marker (prior success))
[2026-09-16 22:58:57.782] scan_sources               warm_gate  (marker + fingerprint + check_post passed)
[2026-09-16 22:58:57.782] scan_sources               skip  (verdict marker (prior success))
[2026-09-16 22:58:57.782] build_lib                  warm_gate  (marker + fingerprint + check_post passed)
[2026-09-16 22:58:57.782] build_lib                  skip  (verdict marker (prior success))
[2026-09-16 22:58:57.783] build_lib_inspect          warm_gate  (marker + fingerprint + check_post passed)
[2026-09-16 22:58:57.783] build_lib_inspect          skip  (verdict marker (prior success))
[2026-09-16 22:58:57.783] build_binding_ocaml        warm_gate  (marker + fingerprint + check_post passed)
[2026-09-16 22:58:57.783] build_binding_ocaml        skip  (verdict marker (prior success))
[2026-09-16 22:58:57.783] build_binding_ocaml_inspect  warm_gate  (marker + fingerprint + check_post passed)
[2026-09-16 22:58:57.783] build_binding_ocaml_inspect  skip  (verdict marker (prior success))
[2026-09-16 22:58:57.783] probe_binding_ocaml        warm_gate  (marker + fingerprint + check_post passed)
[2026-09-16 22:58:57.784] probe_binding_ocaml        skip  (verdict marker (prior xfail) [required_symbols_exported])
[2026-09-16 22:58:57.784] probe_binding_ocaml_inspect  warm_gate  (marker + fingerprint + check_post passed)
[2026-09-16 22:58:57.784] probe_binding_ocaml_inspect  skip  (verdict marker (prior success))
[2026-09-16 22:58:57.784] build_binding_python       warm_gate  (marker + fingerprint + check_post passed)
[2026-09-16 22:58:57.784] build_binding_python       skip  (verdict marker (prior success))
[2026-09-16 22:58:57.784] build_binding_python_inspect  warm_gate  (marker + fingerprint + check_post passed)
[2026-09-16 22:58:57.784] build_binding_python_inspect  skip  (verdict marker (prior success))
[2026-09-16 22:58:57.784] probe_binding_python       warm_gate  (marker + fingerprint + check_post passed)
[2026-09-16 22:58:57.784] probe_binding_python       skip  (verdict marker (prior xfail) [required_symbols_exported])
[2026-09-16 22:58:57.785] probe_binding_python_inspect  warm_gate  (marker + fingerprint + check_post passed)
[2026-09-16 22:58:57.785] probe_binding_python_inspect  skip  (verdict marker (prior success))
[2026-09-16 22:58:57.785] probe_lib                  warm_gate  (marker + fingerprint + check_post passed)
[2026-09-16 22:58:57.785] probe_lib                  skip  (verdict marker (prior success))
[2026-09-16 22:58:57.785] *                          graph_end  (13/13 completed)
[2026-09-16 22:58:57.786] *                          diagram  (_out/canary/projects/tiny1/symbol_missing/-run/diagrams/all.mmd)
[2026-09-16 22:58:57.786] *                          diagram  (_out/canary/projects/tiny1/symbol_missing/-run/diagrams/full.mmd)
[2026-09-16 22:58:57.786] *                          view  (lib (2 steps))
[2026-09-16 22:58:57.786] *                          view  (probes (5 steps))
[2026-09-16 22:58:57.786] *                          view  (binding_ocaml (4 steps))
[2026-09-16 22:58:57.786] *                          view  (binding_python (4 steps))
[2026-09-16 22:58:57.788] *                          html  (_out/canary/projects/tiny1/symbol_missing/-run/result.html)
[2026-09-16 22:58:57.789] *                          index  (_out/canary/projects/index.html)
[2026-09-16 22:58:57.789] *                          invariant  (full.mmd: OK (13 nodes, 13 IDs))
[2026-09-16 22:58:57.789] !                          invariant  (binding_ocaml.mmd: missing [2])
[2026-09-16 22:58:57.789] !                          invariant  (SOME FAILED)
[2026-09-17 00:04:34.272] *                          run_start  (tiny1/symbol_missing)
[2026-09-17 00:04:34.281] *                          variant_start  (source-vendored-stable_lib-vendored-stable_ocaml_binding-vendored-stable_python_binding-vendored-stable_python_binding-vendored-stable_app-vendored-stable_app-vendored-stable)
[2026-09-17 00:04:34.281] *                          graph_start  (13 steps)
[2026-09-17 00:04:34.281] configure                  warm_gate  (marker + fingerprint + check_post passed)
[2026-09-17 00:04:34.281] configure                  skip  (verdict marker (prior success))
[2026-09-17 00:04:34.281] scan_sources               warm_gate  (marker + fingerprint + check_post passed)
[2026-09-17 00:04:34.281] scan_sources               skip  (verdict marker (prior success))
[2026-09-17 00:04:34.281] build_lib                  warm_gate  (marker + fingerprint + check_post passed)
[2026-09-17 00:04:34.281] build_lib                  skip  (verdict marker (prior success))
[2026-09-17 00:04:34.282] build_lib_inspect          warm_gate  (marker + fingerprint + check_post passed)
[2026-09-17 00:04:34.282] build_lib_inspect          skip  (verdict marker (prior success))
[2026-09-17 00:04:34.282] build_binding_ocaml        warm_gate  (marker + fingerprint + check_post passed)
[2026-09-17 00:04:34.282] build_binding_ocaml        skip  (verdict marker (prior success))
[2026-09-17 00:04:34.282] build_binding_ocaml_inspect  warm_gate  (marker + fingerprint + check_post passed)
[2026-09-17 00:04:34.282] build_binding_ocaml_inspect  skip  (verdict marker (prior success))
[2026-09-17 00:04:34.282] probe_binding_ocaml        warm_gate  (marker + fingerprint + check_post passed)
[2026-09-17 00:04:34.282] probe_binding_ocaml        skip  (verdict marker (prior xfail) [required_symbols_exported])
[2026-09-17 00:04:34.283] probe_binding_ocaml_inspect  warm_gate  (marker + fingerprint + check_post passed)
[2026-09-17 00:04:34.283] probe_binding_ocaml_inspect  skip  (verdict marker (prior success))
[2026-09-17 00:04:34.283] build_binding_python       warm_gate  (marker + fingerprint + check_post passed)
[2026-09-17 00:04:34.283] build_binding_python       skip  (verdict marker (prior success))
[2026-09-17 00:04:34.283] build_binding_python_inspect  warm_gate  (marker + fingerprint + check_post passed)
[2026-09-17 00:04:34.283] build_binding_python_inspect  skip  (verdict marker (prior success))
[2026-09-17 00:04:34.283] probe_binding_python       warm_gate  (marker + fingerprint + check_post passed)
[2026-09-17 00:04:34.283] probe_binding_python       skip  (verdict marker (prior xfail) [required_symbols_exported])
[2026-09-17 00:04:34.284] probe_binding_python_inspect  warm_gate  (marker + fingerprint + check_post passed)
[2026-09-17 00:04:34.284] probe_binding_python_inspect  skip  (verdict marker (prior success))
[2026-09-17 00:04:34.284] probe_lib                  warm_gate  (marker + fingerprint + check_post passed)
[2026-09-17 00:04:34.284] probe_lib                  skip  (verdict marker (prior success))
[2026-09-17 00:04:34.284] *                          graph_end  (13/13 completed)
[2026-09-17 00:04:34.285] *                          diagram  (_out/canary/projects/tiny1/symbol_missing/-run/diagrams/all.mmd)
[2026-09-17 00:04:34.285] *                          diagram  (_out/canary/projects/tiny1/symbol_missing/-run/diagrams/full.mmd)
[2026-09-17 00:04:34.285] *                          view  (lib (2 steps))
[2026-09-17 00:04:34.285] *                          view  (probes (5 steps))
[2026-09-17 00:04:34.285] *                          view  (binding_ocaml (4 steps))
[2026-09-17 00:04:34.285] *                          view  (binding_python (4 steps))
[2026-09-17 00:04:34.287] *                          html  (_out/canary/projects/tiny1/symbol_missing/-run/result.html)
[2026-09-17 00:04:34.288] *                          index  (_out/canary/projects/index.html)
[2026-09-17 00:04:34.288] *                          invariant  (full.mmd: OK (13 nodes, 13 IDs))
[2026-09-17 00:04:34.288] !                          invariant  (binding_ocaml.mmd: missing [2])
[2026-09-17 00:04:34.288] !                          invariant  (SOME FAILED)
[2026-09-17 02:51:22.018] *                          run_start  (tiny1/symbol_missing)
[2026-09-17 02:51:22.026] *                          variant_start  (source-vendored-stable_lib-vendored-stable_ocaml_binding-vendored-stable_python_binding-vendored-stable_python_binding-vendored-stable_app-vendored-stable_app-vendored-stable)
[2026-09-17 02:51:22.026] *                          graph_start  (13 steps)
[2026-09-17 02:51:22.027] configure                  warm_gate  (marker + fingerprint + check_post passed)
[2026-09-17 02:51:22.027] configure                  skip  (verdict marker (prior success))
[2026-09-17 02:51:22.027] scan_sources               warm_gate  (marker + fingerprint + check_post passed)
[2026-09-17 02:51:22.027] scan_sources               skip  (verdict marker (prior success))
[2026-09-17 02:51:22.027] build_lib                  warm_gate  (marker + fingerprint + check_post passed)
[2026-09-17 02:51:22.027] build_lib                  skip  (verdict marker (prior success))
[2026-09-17 02:51:22.027] build_lib_inspect          warm_gate  (marker + fingerprint + check_post passed)
[2026-09-17 02:51:22.027] build_lib_inspect          skip  (verdict marker (prior success))
[2026-09-17 02:51:22.028] build_binding_ocaml        warm_gate  (marker + fingerprint + check_post passed)
[2026-09-17 02:51:22.028] build_binding_ocaml        skip  (verdict marker (prior success))
[2026-09-17 02:51:22.028] build_binding_ocaml_inspect  warm_gate  (marker + fingerprint + check_post passed)
[2026-09-17 02:51:22.028] build_binding_ocaml_inspect  skip  (verdict marker (prior success))
[2026-09-17 02:51:22.028] probe_binding_ocaml        warm_gate  (marker + fingerprint + check_post passed)
[2026-09-17 02:51:22.028] probe_binding_ocaml        skip  (verdict marker (prior xfail) [required_symbols_exported])
[2026-09-17 02:51:22.028] probe_binding_ocaml_inspect  warm_gate  (marker + fingerprint + check_post passed)
[2026-09-17 02:51:22.028] probe_binding_ocaml_inspect  skip  (verdict marker (prior success))
[2026-09-17 02:51:22.029] build_binding_python       warm_gate  (marker + fingerprint + check_post passed)
[2026-09-17 02:51:22.029] build_binding_python       skip  (verdict marker (prior success))
[2026-09-17 02:51:22.029] build_binding_python_inspect  warm_gate  (marker + fingerprint + check_post passed)
[2026-09-17 02:51:22.029] build_binding_python_inspect  skip  (verdict marker (prior success))
[2026-09-17 02:51:22.029] probe_binding_python       warm_gate  (marker + fingerprint + check_post passed)
[2026-09-17 02:51:22.029] probe_binding_python       skip  (verdict marker (prior xfail) [required_symbols_exported])
[2026-09-17 02:51:22.029] probe_binding_python_inspect  warm_gate  (marker + fingerprint + check_post passed)
[2026-09-17 02:51:22.029] probe_binding_python_inspect  skip  (verdict marker (prior success))
[2026-09-17 02:51:22.030] probe_lib                  warm_gate  (marker + fingerprint + check_post passed)
[2026-09-17 02:51:22.030] probe_lib                  skip  (verdict marker (prior success))
[2026-09-17 02:51:22.030] *                          graph_end  (13/13 completed)
[2026-09-17 02:51:22.030] *                          diagram  (_out/canary/projects/tiny1/symbol_missing/-run/diagrams/all.mmd)
[2026-09-17 02:51:22.030] *                          diagram  (_out/canary/projects/tiny1/symbol_missing/-run/diagrams/full.mmd)
[2026-09-17 02:51:22.031] *                          view  (lib (2 steps))
[2026-09-17 02:51:22.031] *                          view  (probes (5 steps))
[2026-09-17 02:51:22.031] *                          view  (binding_ocaml (4 steps))
[2026-09-17 02:51:22.031] *                          view  (binding_python (4 steps))
[2026-09-17 02:51:22.033] *                          html  (_out/canary/projects/tiny1/symbol_missing/-run/result.html)
[2026-09-17 02:51:22.034] *                          index  (_out/canary/projects/index.html)
[2026-09-17 02:51:22.034] *                          invariant  (full.mmd: OK (13 nodes, 13 IDs))
[2026-09-17 02:51:22.034] !                          invariant  (binding_ocaml.mmd: missing [2])
[2026-09-17 02:51:22.034] !                          invariant  (SOME FAILED)
[2026-09-17 03:17:22.890] *                          run_start  (tiny1/symbol_missing)
[2026-09-17 03:17:22.899] *                          variant_start  (source-vendored-stable_lib-vendored-stable_ocaml_binding-vendored-stable_python_binding-vendored-stable_python_binding-vendored-stable_app-vendored-stable_app-vendored-stable)
[2026-09-17 03:17:22.899] *                          graph_start  (13 steps)
[2026-09-17 03:17:22.899] configure                  warm_gate  (marker + fingerprint + check_post passed)
[2026-09-17 03:17:22.899] configure                  skip  (verdict marker (prior success))
[2026-09-17 03:17:22.899] scan_sources               warm_gate  (marker + fingerprint + check_post passed)
[2026-09-17 03:17:22.899] scan_sources               skip  (verdict marker (prior success))
[2026-09-17 03:17:22.900] build_lib                  warm_gate  (marker + fingerprint + check_post passed)
[2026-09-17 03:17:22.900] build_lib                  skip  (verdict marker (prior success))
[2026-09-17 03:17:22.900] build_lib_inspect          warm_gate  (marker + fingerprint + check_post passed)
[2026-09-17 03:17:22.900] build_lib_inspect          skip  (verdict marker (prior success))
[2026-09-17 03:17:22.900] build_binding_ocaml        warm_gate  (marker + fingerprint + check_post passed)
[2026-09-17 03:17:22.900] build_binding_ocaml        skip  (verdict marker (prior success))
[2026-09-17 03:17:22.900] build_binding_ocaml_inspect  warm_gate  (marker + fingerprint + check_post passed)
[2026-09-17 03:17:22.900] build_binding_ocaml_inspect  skip  (verdict marker (prior success))
[2026-09-17 03:17:22.901] probe_binding_ocaml        warm_gate  (marker + fingerprint + check_post passed)
[2026-09-17 03:17:22.901] probe_binding_ocaml        skip  (verdict marker (prior xfail) [required_symbols_exported])
[2026-09-17 03:17:22.901] probe_binding_ocaml_inspect  warm_gate  (marker + fingerprint + check_post passed)
[2026-09-17 03:17:22.901] probe_binding_ocaml_inspect  skip  (verdict marker (prior success))
[2026-09-17 03:17:22.901] build_binding_python       warm_gate  (marker + fingerprint + check_post passed)
[2026-09-17 03:17:22.901] build_binding_python       skip  (verdict marker (prior success))
[2026-09-17 03:17:22.901] build_binding_python_inspect  warm_gate  (marker + fingerprint + check_post passed)
[2026-09-17 03:17:22.901] build_binding_python_inspect  skip  (verdict marker (prior success))
[2026-09-17 03:17:22.901] probe_binding_python       warm_gate  (marker + fingerprint + check_post passed)
[2026-09-17 03:17:22.902] probe_binding_python       skip  (verdict marker (prior xfail) [required_symbols_exported])
[2026-09-17 03:17:22.902] probe_binding_python_inspect  warm_gate  (marker + fingerprint + check_post passed)
[2026-09-17 03:17:22.902] probe_binding_python_inspect  skip  (verdict marker (prior success))
[2026-09-17 03:17:22.902] probe_lib                  warm_gate  (marker + fingerprint + check_post passed)
[2026-09-17 03:17:22.902] probe_lib                  skip  (verdict marker (prior success))
[2026-09-17 03:17:22.902] *                          graph_end  (13/13 completed)
[2026-09-17 03:17:22.903] *                          diagram  (_out/canary/projects/tiny1/symbol_missing/-run/diagrams/all.mmd)
[2026-09-17 03:17:22.903] *                          diagram  (_out/canary/projects/tiny1/symbol_missing/-run/diagrams/full.mmd)
[2026-09-17 03:17:22.903] *                          view  (lib (2 steps))
[2026-09-17 03:17:22.903] *                          view  (probes (5 steps))
[2026-09-17 03:17:22.903] *                          view  (binding_ocaml (4 steps))
[2026-09-17 03:17:22.903] *                          view  (binding_python (4 steps))
[2026-09-17 03:17:22.905] *                          html  (_out/canary/projects/tiny1/symbol_missing/-run/result.html)
[2026-09-17 03:17:22.906] *                          index  (_out/canary/projects/index.html)
[2026-09-17 03:17:22.906] *                          invariant  (full.mmd: OK (13 nodes, 13 IDs))
[2026-09-17 03:17:22.906] !                          invariant  (binding_ocaml.mmd: missing [2])
[2026-09-17 03:17:22.906] !                          invariant  (SOME FAILED)
[2026-09-17 03:58:35.046] *                          run_start  (tiny1/symbol_missing)
[2026-09-17 03:58:35.055] *                          variant_start  (source-vendored-stable_lib-vendored-stable_ocaml_binding-vendored-stable_python_binding-vendored-stable_python_binding-vendored-stable_app-vendored-stable_app-vendored-stable)
[2026-09-17 03:58:35.055] *                          graph_start  (13 steps)
[2026-09-17 03:58:35.055] configure                  warm_gate  (marker + fingerprint + check_post passed)
[2026-09-17 03:58:35.055] configure                  skip  (verdict marker (prior success))
[2026-09-17 03:58:35.055] scan_sources               warm_gate  (marker + fingerprint + check_post passed)
[2026-09-17 03:58:35.055] scan_sources               skip  (verdict marker (prior success))
[2026-09-17 03:58:35.056] build_lib                  warm_gate  (marker + fingerprint + check_post passed)
[2026-09-17 03:58:35.056] build_lib                  skip  (verdict marker (prior success))
[2026-09-17 03:58:35.056] build_lib_inspect          warm_gate  (marker + fingerprint + check_post passed)
[2026-09-17 03:58:35.056] build_lib_inspect          skip  (verdict marker (prior success))
[2026-09-17 03:58:35.056] build_binding_ocaml        warm_gate  (marker + fingerprint + check_post passed)
[2026-09-17 03:58:35.056] build_binding_ocaml        skip  (verdict marker (prior success))
[2026-09-17 03:58:35.056] build_binding_ocaml_inspect  warm_gate  (marker + fingerprint + check_post passed)
[2026-09-17 03:58:35.056] build_binding_ocaml_inspect  skip  (verdict marker (prior success))
[2026-09-17 03:58:35.057] probe_binding_ocaml        warm_gate  (marker + fingerprint + check_post passed)
[2026-09-17 03:58:35.057] probe_binding_ocaml        skip  (verdict marker (prior xfail) [required_symbols_exported])
[2026-09-17 03:58:35.057] probe_binding_ocaml_inspect  warm_gate  (marker + fingerprint + check_post passed)
[2026-09-17 03:58:35.057] probe_binding_ocaml_inspect  skip  (verdict marker (prior success))
[2026-09-17 03:58:35.057] build_binding_python       warm_gate  (marker + fingerprint + check_post passed)
[2026-09-17 03:58:35.057] build_binding_python       skip  (verdict marker (prior success))
[2026-09-17 03:58:35.057] build_binding_python_inspect  warm_gate  (marker + fingerprint + check_post passed)
[2026-09-17 03:58:35.057] build_binding_python_inspect  skip  (verdict marker (prior success))
[2026-09-17 03:58:35.058] probe_binding_python       warm_gate  (marker + fingerprint + check_post passed)
[2026-09-17 03:58:35.058] probe_binding_python       skip  (verdict marker (prior xfail) [required_symbols_exported])
[2026-09-17 03:58:35.058] probe_binding_python_inspect  warm_gate  (marker + fingerprint + check_post passed)
[2026-09-17 03:58:35.058] probe_binding_python_inspect  skip  (verdict marker (prior success))
[2026-09-17 03:58:35.058] probe_lib                  warm_gate  (marker + fingerprint + check_post passed)
[2026-09-17 03:58:35.058] probe_lib                  skip  (verdict marker (prior success))
[2026-09-17 03:58:35.058] *                          graph_end  (13/13 completed)
[2026-09-17 03:58:35.059] *                          diagram  (_out/canary/projects/tiny1/symbol_missing/-run/diagrams/all.mmd)
[2026-09-17 03:58:35.059] *                          diagram  (_out/canary/projects/tiny1/symbol_missing/-run/diagrams/full.mmd)
[2026-09-17 03:58:35.059] *                          view  (lib (2 steps))
[2026-09-17 03:58:35.059] *                          view  (probes (5 steps))
[2026-09-17 03:58:35.060] *                          view  (binding_ocaml (4 steps))
[2026-09-17 03:58:35.060] *                          view  (binding_python (4 steps))
[2026-09-17 03:58:35.062] *                          html  (_out/canary/projects/tiny1/symbol_missing/-run/result.html)
[2026-09-17 03:58:35.063] *                          index  (_out/canary/projects/index.html)
[2026-09-17 03:58:35.063] *                          invariant  (full.mmd: OK (13 nodes, 13 IDs))
[2026-09-17 03:58:35.063] !                          invariant  (binding_ocaml.mmd: missing [2])
[2026-09-17 03:58:35.063] !                          invariant  (SOME FAILED)
[2026-09-17 11:48:34.308] *                          run_start  (tiny1/symbol_missing)
[2026-09-17 11:48:34.317] *                          variant_start  (source-vendored-stable_lib-vendored-stable_ocaml_binding-vendored-stable_python_binding-vendored-stable_python_binding-vendored-stable_app-vendored-stable_app-vendored-stable)
[2026-09-17 11:48:34.317] *                          graph_start  (13 steps)
[2026-09-17 11:48:34.317] configure                  warm_gate  (marker + fingerprint + check_post passed)
[2026-09-17 11:48:34.317] configure                  skip  (verdict marker (prior success))
[2026-09-17 11:48:34.317] scan_sources               warm_gate  (marker + fingerprint + check_post passed)
[2026-09-17 11:48:34.317] scan_sources               skip  (verdict marker (prior success))
[2026-09-17 11:48:34.318] build_lib                  warm_gate  (marker + fingerprint + check_post passed)
[2026-09-17 11:48:34.318] build_lib                  skip  (verdict marker (prior success))
[2026-09-17 11:48:34.318] build_lib_inspect          warm_gate  (marker + fingerprint + check_post passed)
[2026-09-17 11:48:34.318] build_lib_inspect          skip  (verdict marker (prior success))
[2026-09-17 11:48:34.318] build_binding_ocaml        warm_gate  (marker + fingerprint + check_post passed)
[2026-09-17 11:48:34.318] build_binding_ocaml        skip  (verdict marker (prior success))
[2026-09-17 11:48:34.318] build_binding_ocaml_inspect  warm_gate  (marker + fingerprint + check_post passed)
[2026-09-17 11:48:34.318] build_binding_ocaml_inspect  skip  (verdict marker (prior success))
[2026-09-17 11:48:34.318] probe_binding_ocaml        warm_gate  (marker + fingerprint + check_post passed)
[2026-09-17 11:48:34.319] probe_binding_ocaml        skip  (verdict marker (prior xfail) [required_symbols_exported])
[2026-09-17 11:48:34.319] probe_binding_ocaml_inspect  warm_gate  (marker + fingerprint + check_post passed)
[2026-09-17 11:48:34.319] probe_binding_ocaml_inspect  skip  (verdict marker (prior success))
[2026-09-17 11:48:34.319] build_binding_python       warm_gate  (marker + fingerprint + check_post passed)
[2026-09-17 11:48:34.319] build_binding_python       skip  (verdict marker (prior success))
[2026-09-17 11:48:34.319] build_binding_python_inspect  warm_gate  (marker + fingerprint + check_post passed)
[2026-09-17 11:48:34.319] build_binding_python_inspect  skip  (verdict marker (prior success))
[2026-09-17 11:48:34.320] probe_binding_python       warm_gate  (marker + fingerprint + check_post passed)
[2026-09-17 11:48:34.320] probe_binding_python       skip  (verdict marker (prior xfail) [required_symbols_exported])
[2026-09-17 11:48:34.320] probe_binding_python_inspect  warm_gate  (marker + fingerprint + check_post passed)
[2026-09-17 11:48:34.320] probe_binding_python_inspect  skip  (verdict marker (prior success))
[2026-09-17 11:48:34.320] probe_lib                  warm_gate  (marker + fingerprint + check_post passed)
[2026-09-17 11:48:34.320] probe_lib                  skip  (verdict marker (prior success))
[2026-09-17 11:48:34.320] *                          graph_end  (13/13 completed)
[2026-09-17 11:48:34.321] *                          diagram  (_out/canary/projects/tiny1/symbol_missing/-run/diagrams/all.mmd)
[2026-09-17 11:48:34.321] *                          diagram  (_out/canary/projects/tiny1/symbol_missing/-run/diagrams/full.mmd)
[2026-09-17 11:48:34.321] *                          view  (lib (2 steps))
[2026-09-17 11:48:34.321] *                          view  (probes (5 steps))
[2026-09-17 11:48:34.322] *                          view  (binding_ocaml (4 steps))
[2026-09-17 11:48:34.322] *                          view  (binding_python (4 steps))
[2026-09-17 11:48:34.323] *                          html  (_out/canary/projects/tiny1/symbol_missing/-run/result.html)
[2026-09-17 11:48:34.324] *                          index  (_out/canary/projects/index.html)
[2026-09-17 11:48:34.325] *                          invariant  (full.mmd: OK (13 nodes, 13 IDs))
[2026-09-17 11:48:34.325] !                          invariant  (binding_ocaml.mmd: missing [2])
[2026-09-17 11:48:34.325] !                          invariant  (SOME FAILED)
[2026-09-17 11:54:49.582] *                          run_start  (tiny1/symbol_missing)
[2026-09-17 11:54:49.591] *                          variant_start  (source-vendored-stable_lib-vendored-stable_ocaml_binding-vendored-stable_python_binding-vendored-stable_python_binding-vendored-stable_app-vendored-stable_app-vendored-stable)
[2026-09-17 11:54:49.591] *                          graph_start  (13 steps)
[2026-09-17 11:54:49.591] configure                  warm_gate  (marker + fingerprint + check_post passed)
[2026-09-17 11:54:49.591] configure                  skip  (verdict marker (prior success))
[2026-09-17 11:54:49.591] scan_sources               warm_gate  (marker + fingerprint + check_post passed)
[2026-09-17 11:54:49.591] scan_sources               skip  (verdict marker (prior success))
[2026-09-17 11:54:49.591] build_lib                  warm_gate  (marker + fingerprint + check_post passed)
[2026-09-17 11:54:49.591] build_lib                  skip  (verdict marker (prior success))
[2026-09-17 11:54:49.591] build_lib_inspect          warm_gate  (marker + fingerprint + check_post passed)
[2026-09-17 11:54:49.591] build_lib_inspect          skip  (verdict marker (prior success))
[2026-09-17 11:54:49.591] build_binding_ocaml        warm_gate  (marker + fingerprint + check_post passed)
[2026-09-17 11:54:49.591] build_binding_ocaml        skip  (verdict marker (prior success))
[2026-09-17 11:54:49.591] build_binding_ocaml_inspect  warm_gate  (marker + fingerprint + check_post passed)
[2026-09-17 11:54:49.591] build_binding_ocaml_inspect  skip  (verdict marker (prior success))
[2026-09-17 11:54:49.591] probe_binding_ocaml        warm_gate  (marker + fingerprint + check_post passed)
[2026-09-17 11:54:49.591] probe_binding_ocaml        skip  (verdict marker (prior xfail) [required_symbols_exported])
[2026-09-17 11:54:49.591] probe_binding_ocaml_inspect  warm_gate  (marker + fingerprint + check_post passed)
[2026-09-17 11:54:49.591] probe_binding_ocaml_inspect  skip  (verdict marker (prior success))
[2026-09-17 11:54:49.591] build_binding_python       warm_gate  (marker + fingerprint + check_post passed)
[2026-09-17 11:54:49.591] build_binding_python       skip  (verdict marker (prior success))
[2026-09-17 11:54:49.591] build_binding_python_inspect  warm_gate  (marker + fingerprint + check_post passed)
[2026-09-17 11:54:49.592] build_binding_python_inspect  skip  (verdict marker (prior success))
[2026-09-17 11:54:49.592] probe_binding_python       warm_gate  (marker + fingerprint + check_post passed)
[2026-09-17 11:54:49.592] probe_binding_python       skip  (verdict marker (prior xfail) [required_symbols_exported])
[2026-09-17 11:54:49.592] probe_binding_python_inspect  warm_gate  (marker + fingerprint + check_post passed)
[2026-09-17 11:54:49.592] probe_binding_python_inspect  skip  (verdict marker (prior success))
[2026-09-17 11:54:49.592] probe_lib                  warm_gate  (marker + fingerprint + check_post passed)
[2026-09-17 11:54:49.592] probe_lib                  skip  (verdict marker (prior success))
[2026-09-17 11:54:49.592] *                          graph_end  (13/13 completed)
[2026-09-17 11:54:49.592] *                          diagram  (_out/canary/projects/tiny1/symbol_missing/-run/diagrams/all.mmd)
[2026-09-17 11:54:49.593] *                          diagram  (_out/canary/projects/tiny1/symbol_missing/-run/diagrams/full.mmd)
[2026-09-17 11:54:49.593] *                          view  (lib (2 steps))
[2026-09-17 11:54:49.593] *                          view  (probes (5 steps))
[2026-09-17 11:54:49.593] *                          view  (binding_ocaml (4 steps))
[2026-09-17 11:54:49.593] *                          view  (binding_python (4 steps))
[2026-09-17 11:54:49.595] *                          html  (_out/canary/projects/tiny1/symbol_missing/-run/result.html)
[2026-09-17 11:54:49.596] *                          index  (_out/canary/projects/index.html)
[2026-09-17 11:54:49.596] *                          invariant  (full.mmd: OK (13 nodes, 13 IDs))
[2026-09-17 11:54:49.596] !                          invariant  (binding_ocaml.mmd: missing [2])
[2026-09-17 11:54:49.596] !                          invariant  (SOME FAILED)
[2026-09-17 12:05:34.250] *                          run_start  (tiny1/symbol_missing)
[2026-09-17 12:05:34.259] *                          variant_start  (source-vendored-stable_lib-vendored-stable_ocaml_binding-vendored-stable_python_binding-vendored-stable_python_binding-vendored-stable_app-vendored-stable_app-vendored-stable)
[2026-09-17 12:05:34.259] *                          graph_start  (13 steps)
[2026-09-17 12:05:34.259] configure                  warm_gate  (marker + fingerprint + check_post passed)
[2026-09-17 12:05:34.259] configure                  skip  (verdict marker (prior success))
[2026-09-17 12:05:34.259] scan_sources               warm_gate  (marker + fingerprint + check_post passed)
[2026-09-17 12:05:34.259] scan_sources               skip  (verdict marker (prior success))
[2026-09-17 12:05:34.259] build_lib                  warm_gate  (marker + fingerprint + check_post passed)
[2026-09-17 12:05:34.259] build_lib                  skip  (verdict marker (prior success))
[2026-09-17 12:05:34.259] build_lib_inspect          warm_gate  (marker + fingerprint + check_post passed)
[2026-09-17 12:05:34.259] build_lib_inspect          skip  (verdict marker (prior success))
[2026-09-17 12:05:34.259] build_binding_ocaml        warm_gate  (marker + fingerprint + check_post passed)
[2026-09-17 12:05:34.259] build_binding_ocaml        skip  (verdict marker (prior success))
[2026-09-17 12:05:34.259] build_binding_ocaml_inspect  warm_gate  (marker + fingerprint + check_post passed)
[2026-09-17 12:05:34.259] build_binding_ocaml_inspect  skip  (verdict marker (prior success))
[2026-09-17 12:05:34.259] probe_binding_ocaml        warm_gate  (marker + fingerprint + check_post passed)
[2026-09-17 12:05:34.259] probe_binding_ocaml        skip  (verdict marker (prior xfail) [required_symbols_exported])
[2026-09-17 12:05:34.259] probe_binding_ocaml_inspect  warm_gate  (marker + fingerprint + check_post passed)
[2026-09-17 12:05:34.259] probe_binding_ocaml_inspect  skip  (verdict marker (prior success))
[2026-09-17 12:05:34.259] build_binding_python       warm_gate  (marker + fingerprint + check_post passed)
[2026-09-17 12:05:34.260] build_binding_python       skip  (verdict marker (prior success))
[2026-09-17 12:05:34.260] build_binding_python_inspect  warm_gate  (marker + fingerprint + check_post passed)
[2026-09-17 12:05:34.260] build_binding_python_inspect  skip  (verdict marker (prior success))
[2026-09-17 12:05:34.260] probe_binding_python       warm_gate  (marker + fingerprint + check_post passed)
[2026-09-17 12:05:34.260] probe_binding_python       skip  (verdict marker (prior xfail) [required_symbols_exported])
[2026-09-17 12:05:34.260] probe_binding_python_inspect  warm_gate  (marker + fingerprint + check_post passed)
[2026-09-17 12:05:34.260] probe_binding_python_inspect  skip  (verdict marker (prior success))
[2026-09-17 12:05:34.260] probe_lib                  warm_gate  (marker + fingerprint + check_post passed)
[2026-09-17 12:05:34.260] probe_lib                  skip  (verdict marker (prior success))
[2026-09-17 12:05:34.260] *                          graph_end  (13/13 completed)
[2026-09-17 12:05:34.260] *                          diagram  (_out/canary/projects/tiny1/symbol_missing/-run/diagrams/all.mmd)
[2026-09-17 12:05:34.261] *                          diagram  (_out/canary/projects/tiny1/symbol_missing/-run/diagrams/full.mmd)
[2026-09-17 12:05:34.261] *                          view  (lib (2 steps))
[2026-09-17 12:05:34.261] *                          view  (probes (5 steps))
[2026-09-17 12:05:34.261] *                          view  (binding_ocaml (4 steps))
[2026-09-17 12:05:34.261] *                          view  (binding_python (4 steps))
[2026-09-17 12:05:34.263] *                          html  (_out/canary/projects/tiny1/symbol_missing/-run/result.html)
[2026-09-17 12:05:34.264] *                          index  (_out/canary/projects/index.html)
[2026-09-17 12:05:34.264] *                          invariant  (full.mmd: OK (13 nodes, 13 IDs))
[2026-09-17 12:05:34.264] !                          invariant  (binding_ocaml.mmd: missing [2])
[2026-09-17 12:05:34.264] !                          invariant  (SOME FAILED)
[2026-09-17 12:19:31.657] *                          run_start  (tiny1/symbol_missing)
[2026-09-17 12:19:31.665] *                          variant_start  (source-vendored-stable_lib-vendored-stable_ocaml_binding-vendored-stable_python_binding-vendored-stable_python_binding-vendored-stable_app-vendored-stable_app-vendored-stable)
[2026-09-17 12:19:31.665] *                          graph_start  (13 steps)
[2026-09-17 12:19:31.665] configure                  warm_gate  (marker + fingerprint + check_post passed)
[2026-09-17 12:19:31.665] configure                  skip  (verdict marker (prior success))
[2026-09-17 12:19:31.665] scan_sources               warm_gate  (marker + fingerprint + check_post passed)
[2026-09-17 12:19:31.665] scan_sources               skip  (verdict marker (prior success))
[2026-09-17 12:19:31.665] build_lib                  warm_gate  (marker + fingerprint + check_post passed)
[2026-09-17 12:19:31.665] build_lib                  skip  (verdict marker (prior success))
[2026-09-17 12:19:31.665] build_lib_inspect          warm_gate  (marker + fingerprint + check_post passed)
[2026-09-17 12:19:31.665] build_lib_inspect          skip  (verdict marker (prior success))
[2026-09-17 12:19:31.665] build_binding_ocaml        warm_gate  (marker + fingerprint + check_post passed)
[2026-09-17 12:19:31.666] build_binding_ocaml        skip  (verdict marker (prior success))
[2026-09-17 12:19:31.666] build_binding_ocaml_inspect  warm_gate  (marker + fingerprint + check_post passed)
[2026-09-17 12:19:31.666] build_binding_ocaml_inspect  skip  (verdict marker (prior success))
[2026-09-17 12:19:31.666] probe_binding_ocaml        warm_gate  (marker + fingerprint + check_post passed)
[2026-09-17 12:19:31.666] probe_binding_ocaml        skip  (verdict marker (prior xfail) [required_symbols_exported])
[2026-09-17 12:19:31.666] probe_binding_ocaml_inspect  warm_gate  (marker + fingerprint + check_post passed)
[2026-09-17 12:19:31.666] probe_binding_ocaml_inspect  skip  (verdict marker (prior success))
[2026-09-17 12:19:31.666] build_binding_python       warm_gate  (marker + fingerprint + check_post passed)
[2026-09-17 12:19:31.666] build_binding_python       skip  (verdict marker (prior success))
[2026-09-17 12:19:31.666] build_binding_python_inspect  warm_gate  (marker + fingerprint + check_post passed)
[2026-09-17 12:19:31.666] build_binding_python_inspect  skip  (verdict marker (prior success))
[2026-09-17 12:19:31.666] probe_binding_python       warm_gate  (marker + fingerprint + check_post passed)
[2026-09-17 12:19:31.666] probe_binding_python       skip  (verdict marker (prior xfail) [required_symbols_exported])
[2026-09-17 12:19:31.666] probe_binding_python_inspect  warm_gate  (marker + fingerprint + check_post passed)
[2026-09-17 12:19:31.666] probe_binding_python_inspect  skip  (verdict marker (prior success))
[2026-09-17 12:19:31.666] probe_lib                  warm_gate  (marker + fingerprint + check_post passed)
[2026-09-17 12:19:31.666] probe_lib                  skip  (verdict marker (prior success))
[2026-09-17 12:19:31.666] *                          graph_end  (13/13 completed)
[2026-09-17 12:19:31.667] *                          diagram  (_out/canary/projects/tiny1/symbol_missing/-run/diagrams/all.mmd)
[2026-09-17 12:19:31.667] *                          diagram  (_out/canary/projects/tiny1/symbol_missing/-run/diagrams/full.mmd)
[2026-09-17 12:19:31.667] *                          view  (lib (2 steps))
[2026-09-17 12:19:31.667] *                          view  (probes (5 steps))
[2026-09-17 12:19:31.667] *                          view  (binding_ocaml (4 steps))
[2026-09-17 12:19:31.667] *                          view  (binding_python (4 steps))
[2026-09-17 12:19:31.669] *                          html  (_out/canary/projects/tiny1/symbol_missing/-run/result.html)
[2026-09-17 12:19:31.670] *                          index  (_out/canary/projects/index.html)
[2026-09-17 12:19:31.670] *                          invariant  (full.mmd: OK (13 nodes, 13 IDs))
[2026-09-17 12:19:31.670] !                          invariant  (binding_ocaml.mmd: missing [2])
[2026-09-17 12:19:31.670] !                          invariant  (SOME FAILED)
[2026-09-17 12:35:12.371] *                          run_start  (tiny1/symbol_missing)
[2026-09-17 12:35:12.380] *                          variant_start  (source-vendored-stable_lib-vendored-stable_ocaml_binding-vendored-stable_python_binding-vendored-stable_python_binding-vendored-stable_app-vendored-stable_app-vendored-stable)
[2026-09-17 12:35:12.380] *                          graph_start  (13 steps)
[2026-09-17 12:35:12.380] configure                  warm_gate  (marker + fingerprint + check_post passed)
[2026-09-17 12:35:12.380] configure                  skip  (verdict marker (prior success))
[2026-09-17 12:35:12.381] scan_sources               warm_gate  (marker + fingerprint + check_post passed)
[2026-09-17 12:35:12.381] scan_sources               skip  (verdict marker (prior success))
[2026-09-17 12:35:12.381] build_lib                  warm_gate  (marker + fingerprint + check_post passed)
[2026-09-17 12:35:12.381] build_lib                  skip  (verdict marker (prior success))
[2026-09-17 12:35:12.381] build_lib_inspect          warm_gate  (marker + fingerprint + check_post passed)
[2026-09-17 12:35:12.381] build_lib_inspect          skip  (verdict marker (prior success))
[2026-09-17 12:35:12.381] build_binding_ocaml        warm_gate  (marker + fingerprint + check_post passed)
[2026-09-17 12:35:12.381] build_binding_ocaml        skip  (verdict marker (prior success))
[2026-09-17 12:35:12.382] build_binding_ocaml_inspect  warm_gate  (marker + fingerprint + check_post passed)
[2026-09-17 12:35:12.382] build_binding_ocaml_inspect  skip  (verdict marker (prior success))
[2026-09-17 12:35:12.382] probe_binding_ocaml        warm_gate  (marker + fingerprint + check_post passed)
[2026-09-17 12:35:12.382] probe_binding_ocaml        skip  (verdict marker (prior xfail) [required_symbols_exported])
[2026-09-17 12:35:12.382] probe_binding_ocaml_inspect  warm_gate  (marker + fingerprint + check_post passed)
[2026-09-17 12:35:12.382] probe_binding_ocaml_inspect  skip  (verdict marker (prior success))
[2026-09-17 12:35:12.382] build_binding_python       warm_gate  (marker + fingerprint + check_post passed)
[2026-09-17 12:35:12.383] build_binding_python       skip  (verdict marker (prior success))
[2026-09-17 12:35:12.383] build_binding_python_inspect  warm_gate  (marker + fingerprint + check_post passed)
[2026-09-17 12:35:12.383] build_binding_python_inspect  skip  (verdict marker (prior success))
[2026-09-17 12:35:12.383] probe_binding_python       warm_gate  (marker + fingerprint + check_post passed)
[2026-09-17 12:35:12.383] probe_binding_python       skip  (verdict marker (prior xfail) [required_symbols_exported])
[2026-09-17 12:35:12.383] probe_binding_python_inspect  warm_gate  (marker + fingerprint + check_post passed)
[2026-09-17 12:35:12.383] probe_binding_python_inspect  skip  (verdict marker (prior success))
[2026-09-17 12:35:12.383] probe_lib                  warm_gate  (marker + fingerprint + check_post passed)
[2026-09-17 12:35:12.383] probe_lib                  skip  (verdict marker (prior success))
[2026-09-17 12:35:12.383] *                          graph_end  (13/13 completed)
[2026-09-17 12:35:12.384] *                          diagram  (_out/canary/projects/tiny1/symbol_missing/-run/diagrams/all.mmd)
[2026-09-17 12:35:12.384] *                          diagram  (_out/canary/projects/tiny1/symbol_missing/-run/diagrams/full.mmd)
[2026-09-17 12:35:12.385] *                          view  (lib (2 steps))
[2026-09-17 12:35:12.385] *                          view  (probes (5 steps))
[2026-09-17 12:35:12.385] *                          view  (binding_ocaml (4 steps))
[2026-09-17 12:35:12.385] *                          view  (binding_python (4 steps))
[2026-09-17 12:35:12.387] *                          html  (_out/canary/projects/tiny1/symbol_missing/-run/result.html)
[2026-09-17 12:35:12.388] *                          index  (_out/canary/projects/index.html)
[2026-09-17 12:35:12.388] *                          invariant  (full.mmd: OK (13 nodes, 13 IDs))
[2026-09-17 12:35:12.388] !                          invariant  (binding_ocaml.mmd: missing [2])
[2026-09-17 12:35:12.388] !                          invariant  (SOME FAILED)
[2026-09-17 12:51:48.820] *                          run_start  (tiny1/symbol_missing)
[2026-09-17 12:51:48.833] *                          variant_start  (source-vendored-stable_lib-vendored-stable_ocaml_binding-vendored-stable_python_binding-vendored-stable_python_binding-vendored-stable_app-vendored-stable_app-vendored-stable)
[2026-09-17 12:51:48.833] *                          graph_start  (13 steps)
[2026-09-17 12:51:48.833] configure                  warm_gate  (marker + fingerprint + check_post passed)
[2026-09-17 12:51:48.833] configure                  skip  (verdict marker (prior success))
[2026-09-17 12:51:48.833] scan_sources               warm_gate  (marker + fingerprint + check_post passed)
[2026-09-17 12:51:48.834] scan_sources               skip  (verdict marker (prior success))
[2026-09-17 12:51:48.834] build_lib                  warm_gate  (marker + fingerprint + check_post passed)
[2026-09-17 12:51:48.834] build_lib                  skip  (verdict marker (prior success))
[2026-09-17 12:51:48.834] build_lib_inspect          warm_gate  (marker + fingerprint + check_post passed)
[2026-09-17 12:51:48.834] build_lib_inspect          skip  (verdict marker (prior success))
[2026-09-17 12:51:48.835] build_binding_ocaml        warm_gate  (marker + fingerprint + check_post passed)
[2026-09-17 12:51:48.835] build_binding_ocaml        skip  (verdict marker (prior success))
[2026-09-17 12:51:48.835] build_binding_ocaml_inspect  warm_gate  (marker + fingerprint + check_post passed)
[2026-09-17 12:51:48.835] build_binding_ocaml_inspect  skip  (verdict marker (prior success))
[2026-09-17 12:51:48.835] probe_binding_ocaml        warm_gate  (marker + fingerprint + check_post passed)
[2026-09-17 12:51:48.835] probe_binding_ocaml        skip  (verdict marker (prior xfail) [required_symbols_exported])
[2026-09-17 12:51:48.835] probe_binding_ocaml_inspect  warm_gate  (marker + fingerprint + check_post passed)
[2026-09-17 12:51:48.835] probe_binding_ocaml_inspect  skip  (verdict marker (prior success))
[2026-09-17 12:51:48.836] build_binding_python       warm_gate  (marker + fingerprint + check_post passed)
[2026-09-17 12:51:48.836] build_binding_python       skip  (verdict marker (prior success))
[2026-09-17 12:51:48.836] build_binding_python_inspect  warm_gate  (marker + fingerprint + check_post passed)
[2026-09-17 12:51:48.836] build_binding_python_inspect  skip  (verdict marker (prior success))
[2026-09-17 12:51:48.836] probe_binding_python       warm_gate  (marker + fingerprint + check_post passed)
[2026-09-17 12:51:48.836] probe_binding_python       skip  (verdict marker (prior xfail) [required_symbols_exported])
[2026-09-17 12:51:48.837] probe_binding_python_inspect  warm_gate  (marker + fingerprint + check_post passed)
[2026-09-17 12:51:48.837] probe_binding_python_inspect  skip  (verdict marker (prior success))
[2026-09-17 12:51:48.837] probe_lib                  warm_gate  (marker + fingerprint + check_post passed)
[2026-09-17 12:51:48.837] probe_lib                  skip  (verdict marker (prior success))
[2026-09-17 12:51:48.837] *                          graph_end  (13/13 completed)
[2026-09-17 12:51:48.838] *                          diagram  (_out/canary/projects/tiny1/symbol_missing/-run/diagrams/all.mmd)
[2026-09-17 12:51:48.838] *                          diagram  (_out/canary/projects/tiny1/symbol_missing/-run/diagrams/full.mmd)
[2026-09-17 12:51:48.839] *                          view  (lib (2 steps))
[2026-09-17 12:51:48.839] *                          view  (probes (5 steps))
[2026-09-17 12:51:48.839] *                          view  (binding_ocaml (4 steps))
[2026-09-17 12:51:48.839] *                          view  (binding_python (4 steps))
[2026-09-17 12:51:48.842] *                          html  (_out/canary/projects/tiny1/symbol_missing/-run/result.html)
[2026-09-17 12:51:48.843] *                          index  (_out/canary/projects/index.html)
[2026-09-17 12:51:48.843] *                          invariant  (full.mmd: OK (13 nodes, 13 IDs))
[2026-09-17 12:51:48.843] !                          invariant  (binding_ocaml.mmd: missing [2])
[2026-09-17 12:51:48.843] !                          invariant  (SOME FAILED)
[2026-09-17 13:10:00.004] *                          run_start  (tiny1/symbol_missing)
[2026-09-17 13:10:00.014] *                          variant_start  (source-vendored-stable_lib-vendored-stable_ocaml_binding-vendored-stable_python_binding-vendored-stable_python_binding-vendored-stable_app-vendored-stable_app-vendored-stable)
[2026-09-17 13:10:00.014] *                          graph_start  (13 steps)
[2026-09-17 13:10:00.014] configure                  warm_gate  (marker + fingerprint + check_post passed)
[2026-09-17 13:10:00.014] configure                  skip  (verdict marker (prior success))
[2026-09-17 13:10:00.014] scan_sources               warm_gate  (marker + fingerprint + check_post passed)
[2026-09-17 13:10:00.014] scan_sources               skip  (verdict marker (prior success))
[2026-09-17 13:10:00.015] build_lib                  warm_gate  (marker + fingerprint + check_post passed)
[2026-09-17 13:10:00.015] build_lib                  skip  (verdict marker (prior success))
[2026-09-17 13:10:00.015] build_lib_inspect          warm_gate  (marker + fingerprint + check_post passed)
[2026-09-17 13:10:00.015] build_lib_inspect          skip  (verdict marker (prior success))
[2026-09-17 13:10:00.015] build_binding_ocaml        warm_gate  (marker + fingerprint + check_post passed)
[2026-09-17 13:10:00.015] build_binding_ocaml        skip  (verdict marker (prior success))
[2026-09-17 13:10:00.016] build_binding_ocaml_inspect  warm_gate  (marker + fingerprint + check_post passed)
[2026-09-17 13:10:00.016] build_binding_ocaml_inspect  skip  (verdict marker (prior success))
[2026-09-17 13:10:00.016] probe_binding_ocaml        warm_gate  (marker + fingerprint + check_post passed)
[2026-09-17 13:10:00.016] probe_binding_ocaml        skip  (verdict marker (prior xfail) [required_symbols_exported])
[2026-09-17 13:10:00.016] probe_binding_ocaml_inspect  warm_gate  (marker + fingerprint + check_post passed)
[2026-09-17 13:10:00.016] probe_binding_ocaml_inspect  skip  (verdict marker (prior success))
[2026-09-17 13:10:00.016] build_binding_python       warm_gate  (marker + fingerprint + check_post passed)
[2026-09-17 13:10:00.016] build_binding_python       skip  (verdict marker (prior success))
[2026-09-17 13:10:00.017] build_binding_python_inspect  warm_gate  (marker + fingerprint + check_post passed)
[2026-09-17 13:10:00.017] build_binding_python_inspect  skip  (verdict marker (prior success))
[2026-09-17 13:10:00.017] probe_binding_python       warm_gate  (marker + fingerprint + check_post passed)
[2026-09-17 13:10:00.017] probe_binding_python       skip  (verdict marker (prior xfail) [required_symbols_exported])
[2026-09-17 13:10:00.017] probe_binding_python_inspect  warm_gate  (marker + fingerprint + check_post passed)
[2026-09-17 13:10:00.017] probe_binding_python_inspect  skip  (verdict marker (prior success))
[2026-09-17 13:10:00.017] probe_lib                  warm_gate  (marker + fingerprint + check_post passed)
[2026-09-17 13:10:00.017] probe_lib                  skip  (verdict marker (prior success))
[2026-09-17 13:10:00.017] *                          graph_end  (13/13 completed)
[2026-09-17 13:10:00.018] *                          diagram  (_out/canary/projects/tiny1/symbol_missing/-run/diagrams/all.mmd)
[2026-09-17 13:10:00.018] *                          diagram  (_out/canary/projects/tiny1/symbol_missing/-run/diagrams/full.mmd)
[2026-09-17 13:10:00.018] *                          view  (lib (2 steps))
[2026-09-17 13:10:00.019] *                          view  (probes (5 steps))
[2026-09-17 13:10:00.019] *                          view  (binding_ocaml (4 steps))
[2026-09-17 13:10:00.019] *                          view  (binding_python (4 steps))
[2026-09-17 13:10:00.021] *                          html  (_out/canary/projects/tiny1/symbol_missing/-run/result.html)
[2026-09-17 13:10:00.022] *                          index  (_out/canary/projects/index.html)
[2026-09-17 13:10:00.022] *                          invariant  (full.mmd: OK (13 nodes, 13 IDs))
[2026-09-17 13:10:00.022] !                          invariant  (binding_ocaml.mmd: missing [2])
[2026-09-17 13:10:00.022] !                          invariant  (SOME FAILED)
[2026-09-17 13:40:06.850] *                          run_start  (tiny1/symbol_missing)
[2026-09-17 13:40:06.860] *                          variant_start  (source-vendored-stable_lib-vendored-stable_ocaml_binding-vendored-stable_python_binding-vendored-stable_python_binding-vendored-stable_app-vendored-stable_app-vendored-stable)
[2026-09-17 13:40:06.860] *                          graph_start  (13 steps)
[2026-09-17 13:40:06.860] configure                  warm_gate  (marker + fingerprint + check_post passed)
[2026-09-17 13:40:06.860] configure                  skip  (verdict marker (prior success))
[2026-09-17 13:40:06.861] scan_sources               warm_gate  (marker + fingerprint + check_post passed)
[2026-09-17 13:40:06.861] scan_sources               skip  (verdict marker (prior success))
[2026-09-17 13:40:06.861] build_lib                  warm_gate  (marker + fingerprint + check_post passed)
[2026-09-17 13:40:06.861] build_lib                  skip  (verdict marker (prior success))
[2026-09-17 13:40:06.861] build_lib_inspect          warm_gate  (marker + fingerprint + check_post passed)
[2026-09-17 13:40:06.861] build_lib_inspect          skip  (verdict marker (prior success))
[2026-09-17 13:40:06.861] build_binding_ocaml        warm_gate  (marker + fingerprint + check_post passed)
[2026-09-17 13:40:06.861] build_binding_ocaml        skip  (verdict marker (prior success))
[2026-09-17 13:40:06.862] build_binding_ocaml_inspect  warm_gate  (marker + fingerprint + check_post passed)
[2026-09-17 13:40:06.862] build_binding_ocaml_inspect  skip  (verdict marker (prior success))
[2026-09-17 13:40:06.862] probe_binding_ocaml        warm_gate  (marker + fingerprint + check_post passed)
[2026-09-17 13:40:06.862] probe_binding_ocaml        skip  (verdict marker (prior xfail) [required_symbols_exported])
[2026-09-17 13:40:06.862] probe_binding_ocaml_inspect  warm_gate  (marker + fingerprint + check_post passed)
[2026-09-17 13:40:06.862] probe_binding_ocaml_inspect  skip  (verdict marker (prior success))
[2026-09-17 13:40:06.863] build_binding_python       warm_gate  (marker + fingerprint + check_post passed)
[2026-09-17 13:40:06.863] build_binding_python       skip  (verdict marker (prior success))
[2026-09-17 13:40:06.863] build_binding_python_inspect  warm_gate  (marker + fingerprint + check_post passed)
[2026-09-17 13:40:06.863] build_binding_python_inspect  skip  (verdict marker (prior success))
[2026-09-17 13:40:06.863] probe_binding_python       warm_gate  (marker + fingerprint + check_post passed)
[2026-09-17 13:40:06.863] probe_binding_python       skip  (verdict marker (prior xfail) [required_symbols_exported])
[2026-09-17 13:40:06.863] probe_binding_python_inspect  warm_gate  (marker + fingerprint + check_post passed)
[2026-09-17 13:40:06.863] probe_binding_python_inspect  skip  (verdict marker (prior success))
[2026-09-17 13:40:06.864] probe_lib                  warm_gate  (marker + fingerprint + check_post passed)
[2026-09-17 13:40:06.864] probe_lib                  skip  (verdict marker (prior success))
[2026-09-17 13:40:06.864] *                          graph_end  (13/13 completed)
[2026-09-17 13:40:06.864] *                          diagram  (_out/canary/projects/tiny1/symbol_missing/-run/diagrams/all.mmd)
[2026-09-17 13:40:06.865] *                          diagram  (_out/canary/projects/tiny1/symbol_missing/-run/diagrams/full.mmd)
[2026-09-17 13:40:06.865] *                          view  (lib (2 steps))
[2026-09-17 13:40:06.865] *                          view  (probes (5 steps))
[2026-09-17 13:40:06.865] *                          view  (binding_ocaml (4 steps))
[2026-09-17 13:40:06.865] *                          view  (binding_python (4 steps))
[2026-09-17 13:40:06.867] *                          html  (_out/canary/projects/tiny1/symbol_missing/-run/result.html)
[2026-09-17 13:40:06.868] *                          index  (_out/canary/projects/index.html)
[2026-09-17 13:40:06.868] *                          invariant  (full.mmd: OK (13 nodes, 13 IDs))
[2026-09-17 13:40:06.868] !                          invariant  (binding_ocaml.mmd: missing [2])
[2026-09-17 13:40:06.868] !                          invariant  (SOME FAILED)
[2026-09-17 13:52:46.387] *                          run_start  (tiny1/symbol_missing)
[2026-09-17 13:52:46.396] *                          variant_start  (source-vendored-stable_lib-vendored-stable_ocaml_binding-vendored-stable_python_binding-vendored-stable_python_binding-vendored-stable_app-vendored-stable_app-vendored-stable)
[2026-09-17 13:52:46.396] *                          graph_start  (13 steps)
[2026-09-17 13:52:46.396] configure                  warm_gate  (marker + fingerprint + check_post passed)
[2026-09-17 13:52:46.396] configure                  skip  (verdict marker (prior success))
[2026-09-17 13:52:46.396] scan_sources               warm_gate  (marker + fingerprint + check_post passed)
[2026-09-17 13:52:46.396] scan_sources               skip  (verdict marker (prior success))
[2026-09-17 13:52:46.397] build_lib                  warm_gate  (marker + fingerprint + check_post passed)
[2026-09-17 13:52:46.397] build_lib                  skip  (verdict marker (prior success))
[2026-09-17 13:52:46.397] build_lib_inspect          warm_gate  (marker + fingerprint + check_post passed)
[2026-09-17 13:52:46.397] build_lib_inspect          skip  (verdict marker (prior success))
[2026-09-17 13:52:46.397] build_binding_ocaml        warm_gate  (marker + fingerprint + check_post passed)
[2026-09-17 13:52:46.397] build_binding_ocaml        skip  (verdict marker (prior success))
[2026-09-17 13:52:46.397] build_binding_ocaml_inspect  warm_gate  (marker + fingerprint + check_post passed)
[2026-09-17 13:52:46.397] build_binding_ocaml_inspect  skip  (verdict marker (prior success))
[2026-09-17 13:52:46.398] probe_binding_ocaml        warm_gate  (marker + fingerprint + check_post passed)
[2026-09-17 13:52:46.398] probe_binding_ocaml        skip  (verdict marker (prior xfail) [required_symbols_exported])
[2026-09-17 13:52:46.398] probe_binding_ocaml_inspect  warm_gate  (marker + fingerprint + check_post passed)
[2026-09-17 13:52:46.398] probe_binding_ocaml_inspect  skip  (verdict marker (prior success))
[2026-09-17 13:52:46.398] build_binding_python       warm_gate  (marker + fingerprint + check_post passed)
[2026-09-17 13:52:46.398] build_binding_python       skip  (verdict marker (prior success))
[2026-09-17 13:52:46.398] build_binding_python_inspect  warm_gate  (marker + fingerprint + check_post passed)
[2026-09-17 13:52:46.398] build_binding_python_inspect  skip  (verdict marker (prior success))
[2026-09-17 13:52:46.399] probe_binding_python       warm_gate  (marker + fingerprint + check_post passed)
[2026-09-17 13:52:46.399] probe_binding_python       skip  (verdict marker (prior xfail) [required_symbols_exported])
[2026-09-17 13:52:46.399] probe_binding_python_inspect  warm_gate  (marker + fingerprint + check_post passed)
[2026-09-17 13:52:46.399] probe_binding_python_inspect  skip  (verdict marker (prior success))
[2026-09-17 13:52:46.399] probe_lib                  warm_gate  (marker + fingerprint + check_post passed)
[2026-09-17 13:52:46.399] probe_lib                  skip  (verdict marker (prior success))
[2026-09-17 13:52:46.399] *                          graph_end  (13/13 completed)
[2026-09-17 13:52:46.400] *                          diagram  (_out/canary/projects/tiny1/symbol_missing/-run/diagrams/all.mmd)
[2026-09-17 13:52:46.400] *                          diagram  (_out/canary/projects/tiny1/symbol_missing/-run/diagrams/full.mmd)
[2026-09-17 13:52:46.400] *                          view  (lib (2 steps))
[2026-09-17 13:52:46.400] *                          view  (probes (5 steps))
[2026-09-17 13:52:46.401] *                          view  (binding_ocaml (4 steps))
[2026-09-17 13:52:46.401] *                          view  (binding_python (4 steps))
[2026-09-17 13:52:46.402] *                          html  (_out/canary/projects/tiny1/symbol_missing/-run/result.html)
[2026-09-17 13:52:46.403] *                          index  (_out/canary/projects/index.html)
[2026-09-17 13:52:46.404] *                          invariant  (full.mmd: OK (13 nodes, 13 IDs))
[2026-09-17 13:52:46.404] !                          invariant  (binding_ocaml.mmd: missing [2])
[2026-09-17 13:52:46.404] !                          invariant  (SOME FAILED)
[2026-09-17 14:12:57.038] *                          run_start  (tiny1/symbol_missing)
[2026-09-17 14:12:57.047] *                          variant_start  (source-vendored-stable_lib-vendored-stable_ocaml_binding-vendored-stable_python_binding-vendored-stable_python_binding-vendored-stable_app-vendored-stable_app-vendored-stable)
[2026-09-17 14:12:57.048] *                          graph_start  (13 steps)
[2026-09-17 14:12:57.048] configure                  warm_gate  (marker + fingerprint + check_post passed)
[2026-09-17 14:12:57.048] configure                  skip  (verdict marker (prior success))
[2026-09-17 14:12:57.048] scan_sources               warm_gate  (marker + fingerprint + check_post passed)
[2026-09-17 14:12:57.048] scan_sources               skip  (verdict marker (prior success))
[2026-09-17 14:12:57.048] build_lib                  warm_gate  (marker + fingerprint + check_post passed)
[2026-09-17 14:12:57.048] build_lib                  skip  (verdict marker (prior success))
[2026-09-17 14:12:57.049] build_lib_inspect          warm_gate  (marker + fingerprint + check_post passed)
[2026-09-17 14:12:57.049] build_lib_inspect          skip  (verdict marker (prior success))
[2026-09-17 14:12:57.049] build_binding_ocaml        warm_gate  (marker + fingerprint + check_post passed)
[2026-09-17 14:12:57.049] build_binding_ocaml        skip  (verdict marker (prior success))
[2026-09-17 14:12:57.049] build_binding_ocaml_inspect  warm_gate  (marker + fingerprint + check_post passed)
[2026-09-17 14:12:57.049] build_binding_ocaml_inspect  skip  (verdict marker (prior success))
[2026-09-17 14:12:57.049] probe_binding_ocaml        warm_gate  (marker + fingerprint + check_post passed)
[2026-09-17 14:12:57.049] probe_binding_ocaml        skip  (verdict marker (prior xfail) [required_symbols_exported])
[2026-09-17 14:12:57.050] probe_binding_ocaml_inspect  warm_gate  (marker + fingerprint + check_post passed)
[2026-09-17 14:12:57.050] probe_binding_ocaml_inspect  skip  (verdict marker (prior success))
[2026-09-17 14:12:57.050] build_binding_python       warm_gate  (marker + fingerprint + check_post passed)
[2026-09-17 14:12:57.050] build_binding_python       skip  (verdict marker (prior success))
[2026-09-17 14:12:57.050] build_binding_python_inspect  warm_gate  (marker + fingerprint + check_post passed)
[2026-09-17 14:12:57.050] build_binding_python_inspect  skip  (verdict marker (prior success))
[2026-09-17 14:12:57.050] probe_binding_python       warm_gate  (marker + fingerprint + check_post passed)
[2026-09-17 14:12:57.050] probe_binding_python       skip  (verdict marker (prior xfail) [required_symbols_exported])
[2026-09-17 14:12:57.051] probe_binding_python_inspect  warm_gate  (marker + fingerprint + check_post passed)
[2026-09-17 14:12:57.051] probe_binding_python_inspect  skip  (verdict marker (prior success))
[2026-09-17 14:12:57.051] probe_lib                  warm_gate  (marker + fingerprint + check_post passed)
[2026-09-17 14:12:57.051] probe_lib                  skip  (verdict marker (prior success))
[2026-09-17 14:12:57.051] *                          graph_end  (13/13 completed)
[2026-09-17 14:12:57.052] *                          diagram  (_out/canary/projects/tiny1/symbol_missing/-run/diagrams/all.mmd)
[2026-09-17 14:12:57.052] *                          diagram  (_out/canary/projects/tiny1/symbol_missing/-run/diagrams/full.mmd)
[2026-09-17 14:12:57.052] *                          view  (lib (2 steps))
[2026-09-17 14:12:57.052] *                          view  (probes (5 steps))
[2026-09-17 14:12:57.053] *                          view  (binding_ocaml (4 steps))
[2026-09-17 14:12:57.053] *                          view  (binding_python (4 steps))
[2026-09-17 14:12:57.055] *                          html  (_out/canary/projects/tiny1/symbol_missing/-run/result.html)
[2026-09-17 14:12:57.056] *                          index  (_out/canary/projects/index.html)
[2026-09-17 14:12:57.056] *                          invariant  (full.mmd: OK (13 nodes, 13 IDs))
[2026-09-17 14:12:57.056] !                          invariant  (binding_ocaml.mmd: missing [2])
[2026-09-17 14:12:57.056] !                          invariant  (SOME FAILED)
[2026-09-17 19:01:34.003] *                          run_start  (tiny1/symbol_missing)
[2026-09-17 19:01:34.011] *                          variant_start  (source-vendored-stable_lib-vendored-stable_ocaml_binding-vendored-stable_python_binding-vendored-stable_python_binding-vendored-stable_app-vendored-stable_app-vendored-stable)
[2026-09-17 19:01:34.011] *                          graph_start  (13 steps)
[2026-09-17 19:01:34.012] configure                  warm_gate  (marker + fingerprint + check_post passed)
[2026-09-17 19:01:34.012] configure                  skip  (verdict marker (prior success))
[2026-09-17 19:01:34.012] scan_sources               warm_gate  (marker + fingerprint + check_post passed)
[2026-09-17 19:01:34.012] scan_sources               skip  (verdict marker (prior success))
[2026-09-17 19:01:34.012] build_lib                  warm_gate  (marker + fingerprint + check_post passed)
[2026-09-17 19:01:34.012] build_lib                  skip  (verdict marker (prior success))
[2026-09-17 19:01:34.013] build_lib_inspect          warm_gate  (marker + fingerprint + check_post passed)
[2026-09-17 19:01:34.013] build_lib_inspect          skip  (verdict marker (prior success))
[2026-09-17 19:01:34.013] build_binding_ocaml        warm_gate  (marker + fingerprint + check_post passed)
[2026-09-17 19:01:34.013] build_binding_ocaml        skip  (verdict marker (prior success))
[2026-09-17 19:01:34.013] build_binding_ocaml_inspect  warm_gate  (marker + fingerprint + check_post passed)
[2026-09-17 19:01:34.013] build_binding_ocaml_inspect  skip  (verdict marker (prior success))
[2026-09-17 19:01:34.013] probe_binding_ocaml        warm_gate  (marker + fingerprint + check_post passed)
[2026-09-17 19:01:34.013] probe_binding_ocaml        skip  (verdict marker (prior xfail) [required_symbols_exported])
[2026-09-17 19:01:34.014] probe_binding_ocaml_inspect  warm_gate  (marker + fingerprint + check_post passed)
[2026-09-17 19:01:34.014] probe_binding_ocaml_inspect  skip  (verdict marker (prior success))
[2026-09-17 19:01:34.014] build_binding_python       warm_gate  (marker + fingerprint + check_post passed)
[2026-09-17 19:01:34.014] build_binding_python       skip  (verdict marker (prior success))
[2026-09-17 19:01:34.014] build_binding_python_inspect  warm_gate  (marker + fingerprint + check_post passed)
[2026-09-17 19:01:34.014] build_binding_python_inspect  skip  (verdict marker (prior success))
[2026-09-17 19:01:34.014] probe_binding_python       warm_gate  (marker + fingerprint + check_post passed)
[2026-09-17 19:01:34.014] probe_binding_python       skip  (verdict marker (prior xfail) [required_symbols_exported])
[2026-09-17 19:01:34.015] probe_binding_python_inspect  warm_gate  (marker + fingerprint + check_post passed)
[2026-09-17 19:01:34.015] probe_binding_python_inspect  skip  (verdict marker (prior success))
[2026-09-17 19:01:34.015] probe_lib                  warm_gate  (marker + fingerprint + check_post passed)
[2026-09-17 19:01:34.015] probe_lib                  skip  (verdict marker (prior success))
[2026-09-17 19:01:34.015] *                          graph_end  (13/13 completed)
[2026-09-17 19:01:34.016] *                          diagram  (_out/canary/projects/tiny1/symbol_missing/-run/diagrams/all.mmd)
[2026-09-17 19:01:34.016] *                          diagram  (_out/canary/projects/tiny1/symbol_missing/-run/diagrams/full.mmd)
[2026-09-17 19:01:34.016] *                          view  (lib (2 steps))
[2026-09-17 19:01:34.016] *                          view  (probes (5 steps))
[2026-09-17 19:01:34.016] *                          view  (binding_ocaml (4 steps))
[2026-09-17 19:01:34.016] *                          view  (binding_python (4 steps))
[2026-09-17 19:01:34.018] *                          html  (_out/canary/projects/tiny1/symbol_missing/-run/result.html)
[2026-09-17 19:01:34.019] *                          index  (_out/canary/projects/index.html)
[2026-09-17 19:01:34.019] *                          invariant  (full.mmd: OK (13 nodes, 13 IDs))
[2026-09-17 19:01:34.019] !                          invariant  (binding_ocaml.mmd: missing [2])
[2026-09-17 19:01:34.019] !                          invariant  (SOME FAILED)
[2026-09-17 19:16:48.100] *                          run_start  (tiny1/symbol_missing)
[2026-09-17 19:16:48.109] *                          variant_start  (source-vendored-stable_lib-vendored-stable_ocaml_binding-vendored-stable_python_binding-vendored-stable_python_binding-vendored-stable_app-vendored-stable_app-vendored-stable)
[2026-09-17 19:16:48.109] *                          graph_start  (13 steps)
[2026-09-17 19:16:48.110] configure                  warm_gate  (marker + fingerprint + check_post passed)
[2026-09-17 19:16:48.110] configure                  skip  (verdict marker (prior success))
[2026-09-17 19:16:48.110] scan_sources               warm_gate  (marker + fingerprint + check_post passed)
[2026-09-17 19:16:48.110] scan_sources               skip  (verdict marker (prior success))
[2026-09-17 19:16:48.110] build_lib                  warm_gate  (marker + fingerprint + check_post passed)
[2026-09-17 19:16:48.110] build_lib                  skip  (verdict marker (prior success))
[2026-09-17 19:16:48.111] build_lib_inspect          warm_gate  (marker + fingerprint + check_post passed)
[2026-09-17 19:16:48.111] build_lib_inspect          skip  (verdict marker (prior success))
[2026-09-17 19:16:48.111] build_binding_ocaml        warm_gate  (marker + fingerprint + check_post passed)
[2026-09-17 19:16:48.111] build_binding_ocaml        skip  (verdict marker (prior success))
[2026-09-17 19:16:48.111] build_binding_ocaml_inspect  warm_gate  (marker + fingerprint + check_post passed)
[2026-09-17 19:16:48.111] build_binding_ocaml_inspect  skip  (verdict marker (prior success))
[2026-09-17 19:16:48.111] probe_binding_ocaml        warm_gate  (marker + fingerprint + check_post passed)
[2026-09-17 19:16:48.111] probe_binding_ocaml        skip  (verdict marker (prior xfail) [required_symbols_exported])
[2026-09-17 19:16:48.112] probe_binding_ocaml_inspect  warm_gate  (marker + fingerprint + check_post passed)
[2026-09-17 19:16:48.112] probe_binding_ocaml_inspect  skip  (verdict marker (prior success))
[2026-09-17 19:16:48.112] build_binding_python       warm_gate  (marker + fingerprint + check_post passed)
[2026-09-17 19:16:48.112] build_binding_python       skip  (verdict marker (prior success))
[2026-09-17 19:16:48.112] build_binding_python_inspect  warm_gate  (marker + fingerprint + check_post passed)
[2026-09-17 19:16:48.112] build_binding_python_inspect  skip  (verdict marker (prior success))
[2026-09-17 19:16:48.113] probe_binding_python       warm_gate  (marker + fingerprint + check_post passed)
[2026-09-17 19:16:48.113] probe_binding_python       skip  (verdict marker (prior xfail) [required_symbols_exported])
[2026-09-17 19:16:48.113] probe_binding_python_inspect  warm_gate  (marker + fingerprint + check_post passed)
[2026-09-17 19:16:48.113] probe_binding_python_inspect  skip  (verdict marker (prior success))
[2026-09-17 19:16:48.113] probe_lib                  warm_gate  (marker + fingerprint + check_post passed)
[2026-09-17 19:16:48.113] probe_lib                  skip  (verdict marker (prior success))
[2026-09-17 19:16:48.113] *                          graph_end  (13/13 completed)
[2026-09-17 19:16:48.114] *                          diagram  (_out/canary/projects/tiny1/symbol_missing/-run/diagrams/all.mmd)
[2026-09-17 19:16:48.114] *                          diagram  (_out/canary/projects/tiny1/symbol_missing/-run/diagrams/full.mmd)
[2026-09-17 19:16:48.114] *                          view  (lib (2 steps))
[2026-09-17 19:16:48.115] *                          view  (probes (5 steps))
[2026-09-17 19:16:48.115] *                          view  (binding_ocaml (4 steps))
[2026-09-17 19:16:48.115] *                          view  (binding_python (4 steps))
[2026-09-17 19:16:48.117] *                          html  (_out/canary/projects/tiny1/symbol_missing/-run/result.html)
[2026-09-17 19:16:48.118] *                          index  (_out/canary/projects/index.html)
[2026-09-17 19:16:48.118] *                          invariant  (full.mmd: OK (13 nodes, 13 IDs))
[2026-09-17 19:16:48.118] !                          invariant  (binding_ocaml.mmd: missing [2])
[2026-09-17 19:16:48.118] !                          invariant  (SOME FAILED)
[2026-09-17 19:33:37.482] *                          run_start  (tiny1/symbol_missing)
[2026-09-17 19:33:37.491] *                          variant_start  (source-vendored-stable_lib-vendored-stable_ocaml_binding-vendored-stable_python_binding-vendored-stable_python_binding-vendored-stable_app-vendored-stable_app-vendored-stable)
[2026-09-17 19:33:37.491] *                          graph_start  (13 steps)
[2026-09-17 19:33:37.491] configure                  warm_gate  (marker + fingerprint + check_post passed)
[2026-09-17 19:33:37.491] configure                  skip  (verdict marker (prior success))
[2026-09-17 19:33:37.492] scan_sources               warm_gate  (marker + fingerprint + check_post passed)
[2026-09-17 19:33:37.492] scan_sources               skip  (verdict marker (prior success))
[2026-09-17 19:33:37.492] build_lib                  warm_gate  (marker + fingerprint + check_post passed)
[2026-09-17 19:33:37.492] build_lib                  skip  (verdict marker (prior success))
[2026-09-17 19:33:37.492] build_lib_inspect          warm_gate  (marker + fingerprint + check_post passed)
[2026-09-17 19:33:37.492] build_lib_inspect          skip  (verdict marker (prior success))
[2026-09-17 19:33:37.492] build_binding_ocaml        warm_gate  (marker + fingerprint + check_post passed)
[2026-09-17 19:33:37.493] build_binding_ocaml        skip  (verdict marker (prior success))
[2026-09-17 19:33:37.493] build_binding_ocaml_inspect  warm_gate  (marker + fingerprint + check_post passed)
[2026-09-17 19:33:37.493] build_binding_ocaml_inspect  skip  (verdict marker (prior success))
[2026-09-17 19:33:37.493] probe_binding_ocaml        warm_gate  (marker + fingerprint + check_post passed)
[2026-09-17 19:33:37.493] probe_binding_ocaml        skip  (verdict marker (prior xfail) [required_symbols_exported])
[2026-09-17 19:33:37.493] probe_binding_ocaml_inspect  warm_gate  (marker + fingerprint + check_post passed)
[2026-09-17 19:33:37.493] probe_binding_ocaml_inspect  skip  (verdict marker (prior success))
[2026-09-17 19:33:37.494] build_binding_python       warm_gate  (marker + fingerprint + check_post passed)
[2026-09-17 19:33:37.494] build_binding_python       skip  (verdict marker (prior success))
[2026-09-17 19:33:37.494] build_binding_python_inspect  warm_gate  (marker + fingerprint + check_post passed)
[2026-09-17 19:33:37.494] build_binding_python_inspect  skip  (verdict marker (prior success))
[2026-09-17 19:33:37.494] probe_binding_python       warm_gate  (marker + fingerprint + check_post passed)
[2026-09-17 19:33:37.494] probe_binding_python       skip  (verdict marker (prior xfail) [required_symbols_exported])
[2026-09-17 19:33:37.494] probe_binding_python_inspect  warm_gate  (marker + fingerprint + check_post passed)
[2026-09-17 19:33:37.494] probe_binding_python_inspect  skip  (verdict marker (prior success))
[2026-09-17 19:33:37.495] probe_lib                  warm_gate  (marker + fingerprint + check_post passed)
[2026-09-17 19:33:37.495] probe_lib                  skip  (verdict marker (prior success))
[2026-09-17 19:33:37.495] *                          graph_end  (13/13 completed)
[2026-09-17 19:33:37.495] *                          diagram  (_out/canary/projects/tiny1/symbol_missing/-run/diagrams/all.mmd)
[2026-09-17 19:33:37.495] *                          diagram  (_out/canary/projects/tiny1/symbol_missing/-run/diagrams/full.mmd)
[2026-09-17 19:33:37.496] *                          view  (lib (2 steps))
[2026-09-17 19:33:37.496] *                          view  (probes (5 steps))
[2026-09-17 19:33:37.496] *                          view  (binding_ocaml (4 steps))
[2026-09-17 19:33:37.497] *                          view  (binding_python (4 steps))
[2026-09-17 19:33:37.498] *                          html  (_out/canary/projects/tiny1/symbol_missing/-run/result.html)
[2026-09-17 19:33:37.499] *                          index  (_out/canary/projects/index.html)
[2026-09-17 19:33:37.499] *                          invariant  (full.mmd: OK (13 nodes, 13 IDs))
[2026-09-17 19:33:37.500] !                          invariant  (binding_ocaml.mmd: missing [2])
[2026-09-17 19:33:37.500] !                          invariant  (SOME FAILED)
[2026-09-17 19:41:36.880] *                          run_start  (tiny1/symbol_missing)
[2026-09-17 19:41:36.888] *                          variant_start  (source-vendored-stable_lib-vendored-stable_ocaml_binding-vendored-stable_python_binding-vendored-stable_python_binding-vendored-stable_app-vendored-stable_app-vendored-stable)
[2026-09-17 19:41:36.888] *                          graph_start  (13 steps)
[2026-09-17 19:41:36.888] configure                  warm_gate  (marker + fingerprint + check_post passed)
[2026-09-17 19:41:36.888] configure                  skip  (verdict marker (prior success))
[2026-09-17 19:41:36.888] scan_sources               warm_gate  (marker + fingerprint + check_post passed)
[2026-09-17 19:41:36.888] scan_sources               skip  (verdict marker (prior success))
[2026-09-17 19:41:36.888] build_lib                  warm_gate  (marker + fingerprint + check_post passed)
[2026-09-17 19:41:36.888] build_lib                  skip  (verdict marker (prior success))
[2026-09-17 19:41:36.888] build_lib_inspect          warm_gate  (marker + fingerprint + check_post passed)
[2026-09-17 19:41:36.888] build_lib_inspect          skip  (verdict marker (prior success))
[2026-09-17 19:41:36.888] build_binding_ocaml        warm_gate  (marker + fingerprint + check_post passed)
[2026-09-17 19:41:36.888] build_binding_ocaml        skip  (verdict marker (prior success))
[2026-09-17 19:41:36.888] build_binding_ocaml_inspect  warm_gate  (marker + fingerprint + check_post passed)
[2026-09-17 19:41:36.888] build_binding_ocaml_inspect  skip  (verdict marker (prior success))
[2026-09-17 19:41:36.888] probe_binding_ocaml        warm_gate  (marker + fingerprint + check_post passed)
[2026-09-17 19:41:36.888] probe_binding_ocaml        skip  (verdict marker (prior xfail) [required_symbols_exported])
[2026-09-17 19:41:36.888] probe_binding_ocaml_inspect  warm_gate  (marker + fingerprint + check_post passed)
[2026-09-17 19:41:36.888] probe_binding_ocaml_inspect  skip  (verdict marker (prior success))
[2026-09-17 19:41:36.888] build_binding_python       warm_gate  (marker + fingerprint + check_post passed)
[2026-09-17 19:41:36.888] build_binding_python       skip  (verdict marker (prior success))
[2026-09-17 19:41:36.888] build_binding_python_inspect  warm_gate  (marker + fingerprint + check_post passed)
[2026-09-17 19:41:36.888] build_binding_python_inspect  skip  (verdict marker (prior success))
[2026-09-17 19:41:36.888] probe_binding_python       warm_gate  (marker + fingerprint + check_post passed)
[2026-09-17 19:41:36.888] probe_binding_python       skip  (verdict marker (prior xfail) [required_symbols_exported])
[2026-09-17 19:41:36.888] probe_binding_python_inspect  warm_gate  (marker + fingerprint + check_post passed)
[2026-09-17 19:41:36.888] probe_binding_python_inspect  skip  (verdict marker (prior success))
[2026-09-17 19:41:36.889] probe_lib                  warm_gate  (marker + fingerprint + check_post passed)
[2026-09-17 19:41:36.889] probe_lib                  skip  (verdict marker (prior success))
[2026-09-17 19:41:36.889] *                          graph_end  (13/13 completed)
[2026-09-17 19:41:36.889] *                          diagram  (_out/canary/projects/tiny1/symbol_missing/-run/diagrams/all.mmd)
[2026-09-17 19:41:36.889] *                          diagram  (_out/canary/projects/tiny1/symbol_missing/-run/diagrams/full.mmd)
[2026-09-17 19:41:36.890] *                          view  (lib (2 steps))
[2026-09-17 19:41:36.890] *                          view  (probes (5 steps))
[2026-09-17 19:41:36.890] *                          view  (binding_ocaml (4 steps))
[2026-09-17 19:41:36.890] *                          view  (binding_python (4 steps))
[2026-09-17 19:41:36.892] *                          html  (_out/canary/projects/tiny1/symbol_missing/-run/result.html)
[2026-09-17 19:41:36.893] *                          index  (_out/canary/projects/index.html)
[2026-09-17 19:41:36.893] *                          invariant  (full.mmd: OK (13 nodes, 13 IDs))
[2026-09-17 19:41:36.893] !                          invariant  (binding_ocaml.mmd: missing [2])
[2026-09-17 19:41:36.893] !                          invariant  (SOME FAILED)
[2026-09-17 19:48:25.754] *                          run_start  (tiny1/symbol_missing)
[2026-09-17 19:48:25.762] *                          variant_start  (source-vendored-stable_lib-vendored-stable_ocaml_binding-vendored-stable_python_binding-vendored-stable_python_binding-vendored-stable_app-vendored-stable_app-vendored-stable)
[2026-09-17 19:48:25.762] *                          graph_start  (13 steps)
[2026-09-17 19:48:25.763] configure                  warm_gate  (marker + fingerprint + check_post passed)
[2026-09-17 19:48:25.763] configure                  skip  (verdict marker (prior success))
[2026-09-17 19:48:25.763] scan_sources               warm_gate  (marker + fingerprint + check_post passed)
[2026-09-17 19:48:25.763] scan_sources               skip  (verdict marker (prior success))
[2026-09-17 19:48:25.763] build_lib                  warm_gate  (marker + fingerprint + check_post passed)
[2026-09-17 19:48:25.763] build_lib                  skip  (verdict marker (prior success))
[2026-09-17 19:48:25.763] build_lib_inspect          warm_gate  (marker + fingerprint + check_post passed)
[2026-09-17 19:48:25.763] build_lib_inspect          skip  (verdict marker (prior success))
[2026-09-17 19:48:25.763] build_binding_ocaml        warm_gate  (marker + fingerprint + check_post passed)
[2026-09-17 19:48:25.763] build_binding_ocaml        skip  (verdict marker (prior success))
[2026-09-17 19:48:25.763] build_binding_ocaml_inspect  warm_gate  (marker + fingerprint + check_post passed)
[2026-09-17 19:48:25.763] build_binding_ocaml_inspect  skip  (verdict marker (prior success))
[2026-09-17 19:48:25.763] probe_binding_ocaml        warm_gate  (marker + fingerprint + check_post passed)
[2026-09-17 19:48:25.763] probe_binding_ocaml        skip  (verdict marker (prior xfail) [required_symbols_exported])
[2026-09-17 19:48:25.763] probe_binding_ocaml_inspect  warm_gate  (marker + fingerprint + check_post passed)
[2026-09-17 19:48:25.763] probe_binding_ocaml_inspect  skip  (verdict marker (prior success))
[2026-09-17 19:48:25.763] build_binding_python       warm_gate  (marker + fingerprint + check_post passed)
[2026-09-17 19:48:25.763] build_binding_python       skip  (verdict marker (prior success))
[2026-09-17 19:48:25.763] build_binding_python_inspect  warm_gate  (marker + fingerprint + check_post passed)
[2026-09-17 19:48:25.763] build_binding_python_inspect  skip  (verdict marker (prior success))
[2026-09-17 19:48:25.763] probe_binding_python       warm_gate  (marker + fingerprint + check_post passed)
[2026-09-17 19:48:25.763] probe_binding_python       skip  (verdict marker (prior xfail) [required_symbols_exported])
[2026-09-17 19:48:25.763] probe_binding_python_inspect  warm_gate  (marker + fingerprint + check_post passed)
[2026-09-17 19:48:25.763] probe_binding_python_inspect  skip  (verdict marker (prior success))
[2026-09-17 19:48:25.763] probe_lib                  warm_gate  (marker + fingerprint + check_post passed)
[2026-09-17 19:48:25.763] probe_lib                  skip  (verdict marker (prior success))
[2026-09-17 19:48:25.763] *                          graph_end  (13/13 completed)
[2026-09-17 19:48:25.764] *                          diagram  (_out/canary/projects/tiny1/symbol_missing/-run/diagrams/all.mmd)
[2026-09-17 19:48:25.764] *                          diagram  (_out/canary/projects/tiny1/symbol_missing/-run/diagrams/full.mmd)
[2026-09-17 19:48:25.764] *                          view  (lib (2 steps))
[2026-09-17 19:48:25.765] *                          view  (probes (5 steps))
[2026-09-17 19:48:25.765] *                          view  (binding_ocaml (4 steps))
[2026-09-17 19:48:25.765] *                          view  (binding_python (4 steps))
[2026-09-17 19:48:25.767] *                          html  (_out/canary/projects/tiny1/symbol_missing/-run/result.html)
[2026-09-17 19:48:25.768] *                          index  (_out/canary/projects/index.html)
[2026-09-17 19:48:25.768] *                          invariant  (full.mmd: OK (13 nodes, 13 IDs))
[2026-09-17 19:48:25.768] !                          invariant  (binding_ocaml.mmd: missing [2])
[2026-09-17 19:48:25.768] !                          invariant  (SOME FAILED)
[2026-09-17 20:06:48.101] *                          run_start  (tiny1/symbol_missing)
[2026-09-17 20:06:48.111] *                          variant_start  (source-vendored-stable_lib-vendored-stable_ocaml_binding-vendored-stable_python_binding-vendored-stable_python_binding-vendored-stable_app-vendored-stable_app-vendored-stable)
[2026-09-17 20:06:48.111] *                          graph_start  (13 steps)
[2026-09-17 20:06:48.111] configure                  warm_gate  (marker + fingerprint + check_post passed)
[2026-09-17 20:06:48.111] configure                  skip  (verdict marker (prior success))
[2026-09-17 20:06:48.111] scan_sources               warm_gate  (marker + fingerprint + check_post passed)
[2026-09-17 20:06:48.111] scan_sources               skip  (verdict marker (prior success))
[2026-09-17 20:06:48.112] build_lib                  warm_gate  (marker + fingerprint + check_post passed)
[2026-09-17 20:06:48.112] build_lib                  skip  (verdict marker (prior success))
[2026-09-17 20:06:48.112] build_lib_inspect          warm_gate  (marker + fingerprint + check_post passed)
[2026-09-17 20:06:48.112] build_lib_inspect          skip  (verdict marker (prior success))
[2026-09-17 20:06:48.112] build_binding_ocaml        warm_gate  (marker + fingerprint + check_post passed)
[2026-09-17 20:06:48.112] build_binding_ocaml        skip  (verdict marker (prior success))
[2026-09-17 20:06:48.112] build_binding_ocaml_inspect  warm_gate  (marker + fingerprint + check_post passed)
[2026-09-17 20:06:48.112] build_binding_ocaml_inspect  skip  (verdict marker (prior success))
[2026-09-17 20:06:48.113] probe_binding_ocaml        warm_gate  (marker + fingerprint + check_post passed)
[2026-09-17 20:06:48.113] probe_binding_ocaml        skip  (verdict marker (prior xfail) [required_symbols_exported])
[2026-09-17 20:06:48.113] probe_binding_ocaml_inspect  warm_gate  (marker + fingerprint + check_post passed)
[2026-09-17 20:06:48.113] probe_binding_ocaml_inspect  skip  (verdict marker (prior success))
[2026-09-17 20:06:48.113] build_binding_python       warm_gate  (marker + fingerprint + check_post passed)
[2026-09-17 20:06:48.113] build_binding_python       skip  (verdict marker (prior success))
[2026-09-17 20:06:48.113] build_binding_python_inspect  warm_gate  (marker + fingerprint + check_post passed)
[2026-09-17 20:06:48.113] build_binding_python_inspect  skip  (verdict marker (prior success))
[2026-09-17 20:06:48.114] probe_binding_python       warm_gate  (marker + fingerprint + check_post passed)
[2026-09-17 20:06:48.114] probe_binding_python       skip  (verdict marker (prior xfail) [required_symbols_exported])
[2026-09-17 20:06:48.114] probe_binding_python_inspect  warm_gate  (marker + fingerprint + check_post passed)
[2026-09-17 20:06:48.114] probe_binding_python_inspect  skip  (verdict marker (prior success))
[2026-09-17 20:06:48.114] probe_lib                  warm_gate  (marker + fingerprint + check_post passed)
[2026-09-17 20:06:48.114] probe_lib                  skip  (verdict marker (prior success))
[2026-09-17 20:06:48.114] *                          graph_end  (13/13 completed)
[2026-09-17 20:06:48.115] *                          diagram  (_out/canary/projects/tiny1/symbol_missing/-run/diagrams/all.mmd)
[2026-09-17 20:06:48.115] *                          diagram  (_out/canary/projects/tiny1/symbol_missing/-run/diagrams/full.mmd)
[2026-09-17 20:06:48.115] *                          view  (lib (2 steps))
[2026-09-17 20:06:48.115] *                          view  (probes (5 steps))
[2026-09-17 20:06:48.115] *                          view  (binding_ocaml (4 steps))
[2026-09-17 20:06:48.116] *                          view  (binding_python (4 steps))
[2026-09-17 20:06:48.117] *                          html  (_out/canary/projects/tiny1/symbol_missing/-run/result.html)
[2026-09-17 20:06:48.118] *                          index  (_out/canary/projects/index.html)
[2026-09-17 20:06:48.118] *                          invariant  (full.mmd: OK (13 nodes, 13 IDs))
[2026-09-17 20:06:48.119] !                          invariant  (binding_ocaml.mmd: missing [2])
[2026-09-17 20:06:48.119] !                          invariant  (SOME FAILED)
[2026-09-17 20:29:36.278] *                          run_start  (tiny1/symbol_missing)
[2026-09-17 20:29:36.289] *                          variant_start  (source-vendored-stable_lib-vendored-stable_ocaml_binding-vendored-stable_python_binding-vendored-stable_python_binding-vendored-stable_app-vendored-stable_app-vendored-stable)
[2026-09-17 20:29:36.289] *                          graph_start  (13 steps)
[2026-09-17 20:29:36.289] configure                  warm_gate  (marker + fingerprint + check_post passed)
[2026-09-17 20:29:36.289] configure                  skip  (verdict marker (prior success))
[2026-09-17 20:29:36.289] scan_sources               warm_gate  (marker + fingerprint + check_post passed)
[2026-09-17 20:29:36.289] scan_sources               skip  (verdict marker (prior success))
[2026-09-17 20:29:36.290] build_lib                  warm_gate  (marker + fingerprint + check_post passed)
[2026-09-17 20:29:36.290] build_lib                  skip  (verdict marker (prior success))
[2026-09-17 20:29:36.290] build_lib_inspect          warm_gate  (marker + fingerprint + check_post passed)
[2026-09-17 20:29:36.290] build_lib_inspect          skip  (verdict marker (prior success))
[2026-09-17 20:29:36.290] build_binding_ocaml        warm_gate  (marker + fingerprint + check_post passed)
[2026-09-17 20:29:36.290] build_binding_ocaml        skip  (verdict marker (prior success))
[2026-09-17 20:29:36.291] build_binding_ocaml_inspect  warm_gate  (marker + fingerprint + check_post passed)
[2026-09-17 20:29:36.291] build_binding_ocaml_inspect  skip  (verdict marker (prior success))
[2026-09-17 20:29:36.291] probe_binding_ocaml        warm_gate  (marker + fingerprint + check_post passed)
[2026-09-17 20:29:36.291] probe_binding_ocaml        skip  (verdict marker (prior xfail) [required_symbols_exported])
[2026-09-17 20:29:36.291] probe_binding_ocaml_inspect  warm_gate  (marker + fingerprint + check_post passed)
[2026-09-17 20:29:36.291] probe_binding_ocaml_inspect  skip  (verdict marker (prior success))
[2026-09-17 20:29:36.291] build_binding_python       warm_gate  (marker + fingerprint + check_post passed)
[2026-09-17 20:29:36.292] build_binding_python       skip  (verdict marker (prior success))
[2026-09-17 20:29:36.292] build_binding_python_inspect  warm_gate  (marker + fingerprint + check_post passed)
[2026-09-17 20:29:36.292] build_binding_python_inspect  skip  (verdict marker (prior success))
[2026-09-17 20:29:36.292] probe_binding_python       warm_gate  (marker + fingerprint + check_post passed)
[2026-09-17 20:29:36.292] probe_binding_python       skip  (verdict marker (prior xfail) [required_symbols_exported])
[2026-09-17 20:29:36.292] probe_binding_python_inspect  warm_gate  (marker + fingerprint + check_post passed)
[2026-09-17 20:29:36.292] probe_binding_python_inspect  skip  (verdict marker (prior success))
[2026-09-17 20:29:36.293] probe_lib                  warm_gate  (marker + fingerprint + check_post passed)
[2026-09-17 20:29:36.293] probe_lib                  skip  (verdict marker (prior success))
[2026-09-17 20:29:36.293] *                          graph_end  (13/13 completed)
[2026-09-17 20:29:36.293] *                          diagram  (_out/canary/projects/tiny1/symbol_missing/-run/diagrams/all.mmd)
[2026-09-17 20:29:36.294] *                          diagram  (_out/canary/projects/tiny1/symbol_missing/-run/diagrams/full.mmd)
[2026-09-17 20:29:36.294] *                          view  (lib (2 steps))
[2026-09-17 20:29:36.294] *                          view  (probes (5 steps))
[2026-09-17 20:29:36.294] *                          view  (binding_ocaml (4 steps))
[2026-09-17 20:29:36.294] *                          view  (binding_python (4 steps))
[2026-09-17 20:29:36.296] *                          html  (_out/canary/projects/tiny1/symbol_missing/-run/result.html)
[2026-09-17 20:29:36.297] *                          index  (_out/canary/projects/index.html)
[2026-09-17 20:29:36.297] *                          invariant  (full.mmd: OK (13 nodes, 13 IDs))
[2026-09-17 20:29:36.298] !                          invariant  (binding_ocaml.mmd: missing [2])
[2026-09-17 20:29:36.298] !                          invariant  (SOME FAILED)
[2026-09-17 20:46:35.978] *                          run_start  (tiny1/symbol_missing)
[2026-09-17 20:46:35.987] *                          variant_start  (source-vendored-stable_lib-vendored-stable_ocaml_binding-vendored-stable_python_binding-vendored-stable_python_binding-vendored-stable_app-vendored-stable_app-vendored-stable)
[2026-09-17 20:46:35.987] *                          graph_start  (13 steps)
[2026-09-17 20:46:35.987] configure                  warm_gate  (marker + fingerprint + check_post passed)
[2026-09-17 20:46:35.987] configure                  skip  (verdict marker (prior success))
[2026-09-17 20:46:35.988] scan_sources               warm_gate  (marker + fingerprint + check_post passed)
[2026-09-17 20:46:35.988] scan_sources               skip  (verdict marker (prior success))
[2026-09-17 20:46:35.988] build_lib                  warm_gate  (marker + fingerprint + check_post passed)
[2026-09-17 20:46:35.988] build_lib                  skip  (verdict marker (prior success))
[2026-09-17 20:46:35.988] build_lib_inspect          warm_gate  (marker + fingerprint + check_post passed)
[2026-09-17 20:46:35.988] build_lib_inspect          skip  (verdict marker (prior success))
[2026-09-17 20:46:35.989] build_binding_ocaml        warm_gate  (marker + fingerprint + check_post passed)
[2026-09-17 20:46:35.989] build_binding_ocaml        skip  (verdict marker (prior success))
[2026-09-17 20:46:35.989] build_binding_ocaml_inspect  warm_gate  (marker + fingerprint + check_post passed)
[2026-09-17 20:46:35.989] build_binding_ocaml_inspect  skip  (verdict marker (prior success))
[2026-09-17 20:46:35.989] probe_binding_ocaml        warm_gate  (marker + fingerprint + check_post passed)
[2026-09-17 20:46:35.989] probe_binding_ocaml        skip  (verdict marker (prior xfail) [required_symbols_exported])
[2026-09-17 20:46:35.989] probe_binding_ocaml_inspect  warm_gate  (marker + fingerprint + check_post passed)
[2026-09-17 20:46:35.989] probe_binding_ocaml_inspect  skip  (verdict marker (prior success))
[2026-09-17 20:46:35.990] build_binding_python       warm_gate  (marker + fingerprint + check_post passed)
[2026-09-17 20:46:35.990] build_binding_python       skip  (verdict marker (prior success))
[2026-09-17 20:46:35.990] build_binding_python_inspect  warm_gate  (marker + fingerprint + check_post passed)
[2026-09-17 20:46:35.990] build_binding_python_inspect  skip  (verdict marker (prior success))
[2026-09-17 20:46:35.990] probe_binding_python       warm_gate  (marker + fingerprint + check_post passed)
[2026-09-17 20:46:35.990] probe_binding_python       skip  (verdict marker (prior xfail) [required_symbols_exported])
[2026-09-17 20:46:35.990] probe_binding_python_inspect  warm_gate  (marker + fingerprint + check_post passed)
[2026-09-17 20:46:35.990] probe_binding_python_inspect  skip  (verdict marker (prior success))
[2026-09-17 20:46:35.991] probe_lib                  warm_gate  (marker + fingerprint + check_post passed)
[2026-09-17 20:46:35.991] probe_lib                  skip  (verdict marker (prior success))
[2026-09-17 20:46:35.991] *                          graph_end  (13/13 completed)
[2026-09-17 20:46:35.991] *                          diagram  (_out/canary/projects/tiny1/symbol_missing/-run/diagrams/all.mmd)
[2026-09-17 20:46:35.992] *                          diagram  (_out/canary/projects/tiny1/symbol_missing/-run/diagrams/full.mmd)
[2026-09-17 20:46:35.992] *                          view  (lib (2 steps))
[2026-09-17 20:46:35.992] *                          view  (probes (5 steps))
[2026-09-17 20:46:35.992] *                          view  (binding_ocaml (4 steps))
[2026-09-17 20:46:35.992] *                          view  (binding_python (4 steps))
[2026-09-17 20:46:35.994] *                          html  (_out/canary/projects/tiny1/symbol_missing/-run/result.html)
[2026-09-17 20:46:35.995] *                          index  (_out/canary/projects/index.html)
[2026-09-17 20:46:35.995] *                          invariant  (full.mmd: OK (13 nodes, 13 IDs))
[2026-09-17 20:46:35.995] !                          invariant  (binding_ocaml.mmd: missing [2])
[2026-09-17 20:46:35.995] !                          invariant  (SOME FAILED)
[2026-09-21 13:47:13.781] *                          run_start  (tiny1/symbol_missing)
[2026-09-21 13:47:13.790] *                          variant_start  (source-vendored-stable_lib-vendored-stable_ocaml_binding-vendored-stable_python_binding-vendored-stable_python_binding-vendored-stable_app-vendored-stable_app-vendored-stable)
[2026-09-21 13:47:13.790] *                          graph_start  (13 steps)
[2026-09-21 13:47:13.790] configure                  warm_gate  (marker + fingerprint + check_post passed)
[2026-09-21 13:47:13.790] configure                  skip  (verdict marker (prior success))
[2026-09-21 13:47:13.790] scan_sources               warm_gate  (marker + fingerprint + check_post passed)
[2026-09-21 13:47:13.791] scan_sources               skip  (verdict marker (prior success))
[2026-09-21 13:47:13.791] build_lib                  warm_gate  (marker + fingerprint + check_post passed)
[2026-09-21 13:47:13.791] build_lib                  skip  (verdict marker (prior success))
[2026-09-21 13:47:13.791] build_lib_inspect          warm_gate  (marker + fingerprint + check_post passed)
[2026-09-21 13:47:13.791] build_lib_inspect          skip  (verdict marker (prior success))
[2026-09-21 13:47:13.791] build_binding_ocaml        warm_gate  (marker + fingerprint + check_post passed)
[2026-09-21 13:47:13.791] build_binding_ocaml        skip  (verdict marker (prior success))
[2026-09-21 13:47:13.792] build_binding_ocaml_inspect  warm_gate  (marker + fingerprint + check_post passed)
[2026-09-21 13:47:13.792] build_binding_ocaml_inspect  skip  (verdict marker (prior success))
[2026-09-21 13:47:13.792] probe_binding_ocaml        warm_gate  (marker + fingerprint + check_post passed)
[2026-09-21 13:47:13.792] probe_binding_ocaml        skip  (verdict marker (prior xfail) [required_symbols_exported])
[2026-09-21 13:47:13.792] probe_binding_ocaml_inspect  warm_gate  (marker + fingerprint + check_post passed)
[2026-09-21 13:47:13.792] probe_binding_ocaml_inspect  skip  (verdict marker (prior success))
[2026-09-21 13:47:13.792] build_binding_python       warm_gate  (marker + fingerprint + check_post passed)
[2026-09-21 13:47:13.792] build_binding_python       skip  (verdict marker (prior success))
[2026-09-21 13:47:13.793] build_binding_python_inspect  warm_gate  (marker + fingerprint + check_post passed)
[2026-09-21 13:47:13.793] build_binding_python_inspect  skip  (verdict marker (prior success))
[2026-09-21 13:47:13.793] probe_binding_python       warm_gate  (marker + fingerprint + check_post passed)
[2026-09-21 13:47:13.793] probe_binding_python       skip  (verdict marker (prior xfail) [required_symbols_exported])
[2026-09-21 13:47:13.793] probe_binding_python_inspect  warm_gate  (marker + fingerprint + check_post passed)
[2026-09-21 13:47:13.793] probe_binding_python_inspect  skip  (verdict marker (prior success))
[2026-09-21 13:47:13.794] probe_lib                  warm_gate  (marker + fingerprint + check_post passed)
[2026-09-21 13:47:13.794] probe_lib                  skip  (verdict marker (prior success))
[2026-09-21 13:47:13.794] *                          graph_end  (13/13 completed)
[2026-09-21 13:47:13.794] *                          diagram  (_out/canary/projects/tiny1/symbol_missing/-run/diagrams/all.mmd)
[2026-09-21 13:47:13.795] *                          diagram  (_out/canary/projects/tiny1/symbol_missing/-run/diagrams/full.mmd)
[2026-09-21 13:47:13.795] *                          view  (lib (2 steps))
[2026-09-21 13:47:13.795] *                          view  (probes (5 steps))
[2026-09-21 13:47:13.795] *                          view  (binding_ocaml (4 steps))
[2026-09-21 13:47:13.795] *                          view  (binding_python (4 steps))
[2026-09-21 13:47:13.797] *                          html  (_out/canary/projects/tiny1/symbol_missing/-run/result.html)
[2026-09-21 13:47:13.798] *                          index  (_out/canary/projects/index.html)
[2026-09-21 13:47:13.798] *                          invariant  (full.mmd: OK (13 nodes, 13 IDs))
[2026-09-21 13:47:13.798] !                          invariant  (binding_ocaml.mmd: missing [2])
[2026-09-21 13:47:13.798] !                          invariant  (SOME FAILED)
[2026-09-21 14:20:10.334] *                          run_start  (tiny1/symbol_missing)
[2026-09-21 14:20:10.342] *                          variant_start  (source-vendored-stable_lib-vendored-stable_ocaml_binding-vendored-stable_python_binding-vendored-stable_python_binding-vendored-stable_app-vendored-stable_app-vendored-stable)
[2026-09-21 14:20:10.342] *                          graph_start  (13 steps)
[2026-09-21 14:20:10.342] configure                  warm_gate  (marker + fingerprint + check_post passed)
[2026-09-21 14:20:10.342] configure                  skip  (verdict marker (prior success))
[2026-09-21 14:20:10.342] scan_sources               warm_gate  (marker + fingerprint + check_post passed)
[2026-09-21 14:20:10.342] scan_sources               skip  (verdict marker (prior success))
[2026-09-21 14:20:10.343] build_lib                  warm_gate  (marker + fingerprint + check_post passed)
[2026-09-21 14:20:10.343] build_lib                  skip  (verdict marker (prior success))
[2026-09-21 14:20:10.343] build_lib_inspect          warm_gate  (marker + fingerprint + check_post passed)
[2026-09-21 14:20:10.343] build_lib_inspect          skip  (verdict marker (prior success))
[2026-09-21 14:20:10.343] build_binding_ocaml        warm_gate  (marker + fingerprint + check_post passed)
[2026-09-21 14:20:10.343] build_binding_ocaml        skip  (verdict marker (prior success))
[2026-09-21 14:20:10.343] build_binding_ocaml_inspect  warm_gate  (marker + fingerprint + check_post passed)
[2026-09-21 14:20:10.343] build_binding_ocaml_inspect  skip  (verdict marker (prior success))
[2026-09-21 14:20:10.343] probe_binding_ocaml        warm_gate  (marker + fingerprint + check_post passed)
[2026-09-21 14:20:10.343] probe_binding_ocaml        skip  (verdict marker (prior xfail) [required_symbols_exported])
[2026-09-21 14:20:10.343] probe_binding_ocaml_inspect  warm_gate  (marker + fingerprint + check_post passed)
[2026-09-21 14:20:10.343] probe_binding_ocaml_inspect  skip  (verdict marker (prior success))
[2026-09-21 14:20:10.343] build_binding_python       warm_gate  (marker + fingerprint + check_post passed)
[2026-09-21 14:20:10.343] build_binding_python       skip  (verdict marker (prior success))
[2026-09-21 14:20:10.343] build_binding_python_inspect  warm_gate  (marker + fingerprint + check_post passed)
[2026-09-21 14:20:10.343] build_binding_python_inspect  skip  (verdict marker (prior success))
[2026-09-21 14:20:10.343] probe_binding_python       warm_gate  (marker + fingerprint + check_post passed)
[2026-09-21 14:20:10.343] probe_binding_python       skip  (verdict marker (prior xfail) [required_symbols_exported])
[2026-09-21 14:20:10.343] probe_binding_python_inspect  warm_gate  (marker + fingerprint + check_post passed)
[2026-09-21 14:20:10.343] probe_binding_python_inspect  skip  (verdict marker (prior success))
[2026-09-21 14:20:10.343] probe_lib                  warm_gate  (marker + fingerprint + check_post passed)
[2026-09-21 14:20:10.343] probe_lib                  skip  (verdict marker (prior success))
[2026-09-21 14:20:10.343] *                          graph_end  (13/13 completed)
[2026-09-21 14:20:10.344] *                          diagram  (_out/canary/projects/tiny1/symbol_missing/-run/diagrams/all.mmd)
[2026-09-21 14:20:10.344] *                          diagram  (_out/canary/projects/tiny1/symbol_missing/-run/diagrams/full.mmd)
[2026-09-21 14:20:10.344] *                          view  (lib (2 steps))
[2026-09-21 14:20:10.344] *                          view  (probes (5 steps))
[2026-09-21 14:20:10.345] *                          view  (binding_ocaml (4 steps))
[2026-09-21 14:20:10.345] *                          view  (binding_python (4 steps))
[2026-09-21 14:20:10.346] *                          html  (_out/canary/projects/tiny1/symbol_missing/-run/result.html)
[2026-09-21 14:20:10.347] *                          index  (_out/canary/projects/index.html)
[2026-09-21 14:20:10.347] *                          invariant  (full.mmd: OK (13 nodes, 13 IDs))
[2026-09-21 14:20:10.347] !                          invariant  (binding_ocaml.mmd: missing [2])
[2026-09-21 14:20:10.347] !                          invariant  (SOME FAILED)
[2026-09-21 14:28:35.639] *                          run_start  (tiny1/symbol_missing)
[2026-09-21 14:28:35.647] *                          variant_start  (source-vendored-stable_lib-vendored-stable_ocaml_binding-vendored-stable_python_binding-vendored-stable_python_binding-vendored-stable_app-vendored-stable_app-vendored-stable)
[2026-09-21 14:28:35.647] *                          graph_start  (13 steps)
[2026-09-21 14:28:35.647] configure                  warm_gate  (marker + fingerprint + check_post passed)
[2026-09-21 14:28:35.647] configure                  skip  (verdict marker (prior success))
[2026-09-21 14:28:35.648] scan_sources               warm_gate  (marker + fingerprint + check_post passed)
[2026-09-21 14:28:35.648] scan_sources               skip  (verdict marker (prior success))
[2026-09-21 14:28:35.648] build_lib                  warm_gate  (marker + fingerprint + check_post passed)
[2026-09-21 14:28:35.648] build_lib                  skip  (verdict marker (prior success))
[2026-09-21 14:28:35.648] build_lib_inspect          warm_gate  (marker + fingerprint + check_post passed)
[2026-09-21 14:28:35.648] build_lib_inspect          skip  (verdict marker (prior success))
[2026-09-21 14:28:35.648] build_binding_ocaml        warm_gate  (marker + fingerprint + check_post passed)
[2026-09-21 14:28:35.648] build_binding_ocaml        skip  (verdict marker (prior success))
[2026-09-21 14:28:35.648] build_binding_ocaml_inspect  warm_gate  (marker + fingerprint + check_post passed)
[2026-09-21 14:28:35.648] build_binding_ocaml_inspect  skip  (verdict marker (prior success))
[2026-09-21 14:28:35.648] probe_binding_ocaml        warm_gate  (marker + fingerprint + check_post passed)
[2026-09-21 14:28:35.648] probe_binding_ocaml        skip  (verdict marker (prior xfail) [required_symbols_exported])
[2026-09-21 14:28:35.648] probe_binding_ocaml_inspect  warm_gate  (marker + fingerprint + check_post passed)
[2026-09-21 14:28:35.648] probe_binding_ocaml_inspect  skip  (verdict marker (prior success))
[2026-09-21 14:28:35.648] build_binding_python       warm_gate  (marker + fingerprint + check_post passed)
[2026-09-21 14:28:35.648] build_binding_python       skip  (verdict marker (prior success))
[2026-09-21 14:28:35.648] build_binding_python_inspect  warm_gate  (marker + fingerprint + check_post passed)
[2026-09-21 14:28:35.648] build_binding_python_inspect  skip  (verdict marker (prior success))
[2026-09-21 14:28:35.648] probe_binding_python       warm_gate  (marker + fingerprint + check_post passed)
[2026-09-21 14:28:35.648] probe_binding_python       skip  (verdict marker (prior xfail) [required_symbols_exported])
[2026-09-21 14:28:35.648] probe_binding_python_inspect  warm_gate  (marker + fingerprint + check_post passed)
[2026-09-21 14:28:35.649] probe_binding_python_inspect  skip  (verdict marker (prior success))
[2026-09-21 14:28:35.649] probe_lib                  warm_gate  (marker + fingerprint + check_post passed)
[2026-09-21 14:28:35.649] probe_lib                  skip  (verdict marker (prior success))
[2026-09-21 14:28:35.649] *                          graph_end  (13/13 completed)
[2026-09-21 14:28:35.649] *                          diagram  (_out/canary/projects/tiny1/symbol_missing/-run/diagrams/all.mmd)
[2026-09-21 14:28:35.649] *                          diagram  (_out/canary/projects/tiny1/symbol_missing/-run/diagrams/full.mmd)
[2026-09-21 14:28:35.650] *                          view  (lib (2 steps))
[2026-09-21 14:28:35.650] *                          view  (probes (5 steps))
[2026-09-21 14:28:35.650] *                          view  (binding_ocaml (4 steps))
[2026-09-21 14:28:35.650] *                          view  (binding_python (4 steps))
[2026-09-21 14:28:35.652] *                          html  (_out/canary/projects/tiny1/symbol_missing/-run/result.html)
[2026-09-21 14:28:35.653] *                          index  (_out/canary/projects/index.html)
[2026-09-21 14:28:35.653] *                          invariant  (full.mmd: OK (13 nodes, 13 IDs))
[2026-09-21 14:28:35.653] !                          invariant  (binding_ocaml.mmd: missing [2])
[2026-09-21 14:28:35.653] !                          invariant  (SOME FAILED)
[2026-09-21 14:34:35.575] *                          run_start  (tiny1/symbol_missing)
[2026-09-21 14:34:35.583] *                          variant_start  (source-vendored-stable_lib-vendored-stable_ocaml_binding-vendored-stable_python_binding-vendored-stable_python_binding-vendored-stable_app-vendored-stable_app-vendored-stable)
[2026-09-21 14:34:35.583] *                          graph_start  (13 steps)
[2026-09-21 14:34:35.583] configure                  warm_gate  (marker + fingerprint + check_post passed)
[2026-09-21 14:34:35.583] configure                  skip  (verdict marker (prior success))
[2026-09-21 14:34:35.583] scan_sources               warm_gate  (marker + fingerprint + check_post passed)
[2026-09-21 14:34:35.583] scan_sources               skip  (verdict marker (prior success))
[2026-09-21 14:34:35.583] build_lib                  warm_gate  (marker + fingerprint + check_post passed)
[2026-09-21 14:34:35.583] build_lib                  skip  (verdict marker (prior success))
[2026-09-21 14:34:35.583] build_lib_inspect          warm_gate  (marker + fingerprint + check_post passed)
[2026-09-21 14:34:35.583] build_lib_inspect          skip  (verdict marker (prior success))
[2026-09-21 14:34:35.583] build_binding_ocaml        warm_gate  (marker + fingerprint + check_post passed)
[2026-09-21 14:34:35.583] build_binding_ocaml        skip  (verdict marker (prior success))
[2026-09-21 14:34:35.583] build_binding_ocaml_inspect  warm_gate  (marker + fingerprint + check_post passed)
[2026-09-21 14:34:35.583] build_binding_ocaml_inspect  skip  (verdict marker (prior success))
[2026-09-21 14:34:35.583] probe_binding_ocaml        warm_gate  (marker + fingerprint + check_post passed)
[2026-09-21 14:34:35.583] probe_binding_ocaml        skip  (verdict marker (prior xfail) [required_symbols_exported])
[2026-09-21 14:34:35.583] probe_binding_ocaml_inspect  warm_gate  (marker + fingerprint + check_post passed)
[2026-09-21 14:34:35.583] probe_binding_ocaml_inspect  skip  (verdict marker (prior success))
[2026-09-21 14:34:35.583] build_binding_python       warm_gate  (marker + fingerprint + check_post passed)
[2026-09-21 14:34:35.583] build_binding_python       skip  (verdict marker (prior success))
[2026-09-21 14:34:35.583] build_binding_python_inspect  warm_gate  (marker + fingerprint + check_post passed)
[2026-09-21 14:34:35.583] build_binding_python_inspect  skip  (verdict marker (prior success))
[2026-09-21 14:34:35.583] probe_binding_python       warm_gate  (marker + fingerprint + check_post passed)
[2026-09-21 14:34:35.583] probe_binding_python       skip  (verdict marker (prior xfail) [required_symbols_exported])
[2026-09-21 14:34:35.583] probe_binding_python_inspect  warm_gate  (marker + fingerprint + check_post passed)
[2026-09-21 14:34:35.583] probe_binding_python_inspect  skip  (verdict marker (prior success))
[2026-09-21 14:34:35.583] probe_lib                  warm_gate  (marker + fingerprint + check_post passed)
[2026-09-21 14:34:35.583] probe_lib                  skip  (verdict marker (prior success))
[2026-09-21 14:34:35.583] *                          graph_end  (13/13 completed)
[2026-09-21 14:34:35.584] *                          diagram  (_out/canary/projects/tiny1/symbol_missing/-run/diagrams/all.mmd)
[2026-09-21 14:34:35.584] *                          diagram  (_out/canary/projects/tiny1/symbol_missing/-run/diagrams/full.mmd)
[2026-09-21 14:34:35.584] *                          view  (lib (2 steps))
[2026-09-21 14:34:35.585] *                          view  (probes (5 steps))
[2026-09-21 14:34:35.585] *                          view  (binding_ocaml (4 steps))
[2026-09-21 14:34:35.585] *                          view  (binding_python (4 steps))
[2026-09-21 14:34:35.587] *                          html  (_out/canary/projects/tiny1/symbol_missing/-run/result.html)
[2026-09-21 14:34:35.588] *                          index  (_out/canary/projects/index.html)
[2026-09-21 14:34:35.588] *                          invariant  (full.mmd: OK (13 nodes, 13 IDs))
[2026-09-21 14:34:35.588] !                          invariant  (binding_ocaml.mmd: missing [2])
[2026-09-21 14:34:35.588] !                          invariant  (SOME FAILED)
[2026-09-21 15:18:25.390] *                          run_start  (tiny1/symbol_missing)
[2026-09-21 15:18:25.399] *                          variant_start  (source-vendored-stable_lib-vendored-stable_ocaml_binding-vendored-stable_python_binding-vendored-stable_python_binding-vendored-stable_app-vendored-stable_app-vendored-stable)
[2026-09-21 15:18:25.399] *                          graph_start  (13 steps)
[2026-09-21 15:18:25.399] configure                  warm_gate  (marker + fingerprint + check_post passed)
[2026-09-21 15:18:25.399] configure                  skip  (verdict marker (prior success))
[2026-09-21 15:18:25.399] scan_sources               warm_gate  (marker + fingerprint + check_post passed)
[2026-09-21 15:18:25.399] scan_sources               skip  (verdict marker (prior success))
[2026-09-21 15:18:25.399] build_lib                  warm_gate  (marker + fingerprint + check_post passed)
[2026-09-21 15:18:25.399] build_lib                  skip  (verdict marker (prior success))
[2026-09-21 15:18:25.399] build_lib_inspect          warm_gate  (marker + fingerprint + check_post passed)
[2026-09-21 15:18:25.399] build_lib_inspect          skip  (verdict marker (prior success))
[2026-09-21 15:18:25.399] build_binding_ocaml        warm_gate  (marker + fingerprint + check_post passed)
[2026-09-21 15:18:25.399] build_binding_ocaml        skip  (verdict marker (prior success))
[2026-09-21 15:18:25.399] build_binding_ocaml_inspect  warm_gate  (marker + fingerprint + check_post passed)
[2026-09-21 15:18:25.399] build_binding_ocaml_inspect  skip  (verdict marker (prior success))
[2026-09-21 15:18:25.399] probe_binding_ocaml        warm_gate  (marker + fingerprint + check_post passed)
[2026-09-21 15:18:25.399] probe_binding_ocaml        skip  (verdict marker (prior xfail) [required_symbols_exported])
[2026-09-21 15:18:25.400] probe_binding_ocaml_inspect  warm_gate  (marker + fingerprint + check_post passed)
[2026-09-21 15:18:25.400] probe_binding_ocaml_inspect  skip  (verdict marker (prior success))
[2026-09-21 15:18:25.400] build_binding_python       warm_gate  (marker + fingerprint + check_post passed)
[2026-09-21 15:18:25.400] build_binding_python       skip  (verdict marker (prior success))
[2026-09-21 15:18:25.400] build_binding_python_inspect  warm_gate  (marker + fingerprint + check_post passed)
[2026-09-21 15:18:25.400] build_binding_python_inspect  skip  (verdict marker (prior success))
[2026-09-21 15:18:25.400] probe_binding_python       warm_gate  (marker + fingerprint + check_post passed)
[2026-09-21 15:18:25.400] probe_binding_python       skip  (verdict marker (prior xfail) [required_symbols_exported])
[2026-09-21 15:18:25.400] probe_binding_python_inspect  warm_gate  (marker + fingerprint + check_post passed)
[2026-09-21 15:18:25.400] probe_binding_python_inspect  skip  (verdict marker (prior success))
[2026-09-21 15:18:25.400] probe_lib                  warm_gate  (marker + fingerprint + check_post passed)
[2026-09-21 15:18:25.400] probe_lib                  skip  (verdict marker (prior success))
[2026-09-21 15:18:25.400] *                          graph_end  (13/13 completed)
[2026-09-21 15:18:25.401] *                          diagram  (_out/canary/projects/tiny1/symbol_missing/-run/diagrams/all.mmd)
[2026-09-21 15:18:25.401] *                          diagram  (_out/canary/projects/tiny1/symbol_missing/-run/diagrams/full.mmd)
[2026-09-21 15:18:25.401] *                          view  (lib (2 steps))
[2026-09-21 15:18:25.401] *                          view  (probes (5 steps))
[2026-09-21 15:18:25.401] *                          view  (binding_ocaml (4 steps))
[2026-09-21 15:18:25.401] *                          view  (binding_python (4 steps))
[2026-09-21 15:18:25.403] *                          html  (_out/canary/projects/tiny1/symbol_missing/-run/result.html)
[2026-09-21 15:18:25.404] *                          index  (_out/canary/projects/index.html)
[2026-09-21 15:18:25.404] *                          invariant  (full.mmd: OK (13 nodes, 13 IDs))
[2026-09-21 15:18:25.404] !                          invariant  (binding_ocaml.mmd: missing [2])
[2026-09-21 15:18:25.404] !                          invariant  (SOME FAILED)
[2026-09-21 15:29:16.514] *                          run_start  (tiny1/symbol_missing)
[2026-09-21 15:29:16.522] *                          variant_start  (source-vendored-stable_lib-vendored-stable_ocaml_binding-vendored-stable_python_binding-vendored-stable_python_binding-vendored-stable_app-vendored-stable_app-vendored-stable)
[2026-09-21 15:29:16.522] *                          graph_start  (13 steps)
[2026-09-21 15:29:16.522] configure                  warm_gate  (marker + fingerprint + check_post passed)
[2026-09-21 15:29:16.522] configure                  skip  (verdict marker (prior success))
[2026-09-21 15:29:16.522] scan_sources               warm_gate  (marker + fingerprint + check_post passed)
[2026-09-21 15:29:16.522] scan_sources               skip  (verdict marker (prior success))
[2026-09-21 15:29:16.522] build_lib                  warm_gate  (marker + fingerprint + check_post passed)
[2026-09-21 15:29:16.522] build_lib                  skip  (verdict marker (prior success))
[2026-09-21 15:29:16.522] build_lib_inspect          warm_gate  (marker + fingerprint + check_post passed)
[2026-09-21 15:29:16.522] build_lib_inspect          skip  (verdict marker (prior success))
[2026-09-21 15:29:16.522] build_binding_ocaml        warm_gate  (marker + fingerprint + check_post passed)
[2026-09-21 15:29:16.522] build_binding_ocaml        skip  (verdict marker (prior success))
[2026-09-21 15:29:16.522] build_binding_ocaml_inspect  warm_gate  (marker + fingerprint + check_post passed)
[2026-09-21 15:29:16.522] build_binding_ocaml_inspect  skip  (verdict marker (prior success))
[2026-09-21 15:29:16.523] probe_binding_ocaml        warm_gate  (marker + fingerprint + check_post passed)
[2026-09-21 15:29:16.523] probe_binding_ocaml        skip  (verdict marker (prior xfail) [required_symbols_exported])
[2026-09-21 15:29:16.523] probe_binding_ocaml_inspect  warm_gate  (marker + fingerprint + check_post passed)
[2026-09-21 15:29:16.523] probe_binding_ocaml_inspect  skip  (verdict marker (prior success))
[2026-09-21 15:29:16.523] build_binding_python       warm_gate  (marker + fingerprint + check_post passed)
[2026-09-21 15:29:16.523] build_binding_python       skip  (verdict marker (prior success))
[2026-09-21 15:29:16.523] build_binding_python_inspect  warm_gate  (marker + fingerprint + check_post passed)
[2026-09-21 15:29:16.523] build_binding_python_inspect  skip  (verdict marker (prior success))
[2026-09-21 15:29:16.523] probe_binding_python       warm_gate  (marker + fingerprint + check_post passed)
[2026-09-21 15:29:16.523] probe_binding_python       skip  (verdict marker (prior xfail) [required_symbols_exported])
[2026-09-21 15:29:16.523] probe_binding_python_inspect  warm_gate  (marker + fingerprint + check_post passed)
[2026-09-21 15:29:16.523] probe_binding_python_inspect  skip  (verdict marker (prior success))
[2026-09-21 15:29:16.523] probe_lib                  warm_gate  (marker + fingerprint + check_post passed)
[2026-09-21 15:29:16.523] probe_lib                  skip  (verdict marker (prior success))
[2026-09-21 15:29:16.523] *                          graph_end  (13/13 completed)
[2026-09-21 15:29:16.523] *                          diagram  (_out/canary/projects/tiny1/symbol_missing/-run/diagrams/all.mmd)
[2026-09-21 15:29:16.524] *                          diagram  (_out/canary/projects/tiny1/symbol_missing/-run/diagrams/full.mmd)
[2026-09-21 15:29:16.524] *                          view  (lib (2 steps))
[2026-09-21 15:29:16.524] *                          view  (probes (5 steps))
[2026-09-21 15:29:16.524] *                          view  (binding_ocaml (4 steps))
[2026-09-21 15:29:16.524] *                          view  (binding_python (4 steps))
[2026-09-21 15:29:16.526] *                          html  (_out/canary/projects/tiny1/symbol_missing/-run/result.html)
[2026-09-21 15:29:16.527] *                          index  (_out/canary/projects/index.html)
[2026-09-21 15:29:16.527] *                          invariant  (full.mmd: OK (13 nodes, 13 IDs))
[2026-09-21 15:29:16.527] !                          invariant  (binding_ocaml.mmd: missing [2])
[2026-09-21 15:29:16.527] !                          invariant  (SOME FAILED)
[2026-09-21 15:37:21.637] *                          run_start  (tiny1/symbol_missing)
[2026-09-21 15:37:21.645] *                          variant_start  (source-vendored-stable_lib-vendored-stable_ocaml_binding-vendored-stable_python_binding-vendored-stable_python_binding-vendored-stable_app-vendored-stable_app-vendored-stable)
[2026-09-21 15:37:21.645] *                          graph_start  (13 steps)
[2026-09-21 15:37:21.645] configure                  warm_gate  (marker + fingerprint + check_post passed)
[2026-09-21 15:37:21.645] configure                  skip  (verdict marker (prior success))
[2026-09-21 15:37:21.645] scan_sources               warm_gate  (marker + fingerprint + check_post passed)
[2026-09-21 15:37:21.645] scan_sources               skip  (verdict marker (prior success))
[2026-09-21 15:37:21.645] build_lib                  warm_gate  (marker + fingerprint + check_post passed)
[2026-09-21 15:37:21.645] build_lib                  skip  (verdict marker (prior success))
[2026-09-21 15:37:21.645] build_lib_inspect          warm_gate  (marker + fingerprint + check_post passed)
[2026-09-21 15:37:21.645] build_lib_inspect          skip  (verdict marker (prior success))
[2026-09-21 15:37:21.645] build_binding_ocaml        warm_gate  (marker + fingerprint + check_post passed)
[2026-09-21 15:37:21.645] build_binding_ocaml        skip  (verdict marker (prior success))
[2026-09-21 15:37:21.645] build_binding_ocaml_inspect  warm_gate  (marker + fingerprint + check_post passed)
[2026-09-21 15:37:21.645] build_binding_ocaml_inspect  skip  (verdict marker (prior success))
[2026-09-21 15:37:21.645] probe_binding_ocaml        warm_gate  (marker + fingerprint + check_post passed)
[2026-09-21 15:37:21.645] probe_binding_ocaml        skip  (verdict marker (prior xfail) [required_symbols_exported])
[2026-09-21 15:37:21.645] probe_binding_ocaml_inspect  warm_gate  (marker + fingerprint + check_post passed)
[2026-09-21 15:37:21.645] probe_binding_ocaml_inspect  skip  (verdict marker (prior success))
[2026-09-21 15:37:21.645] build_binding_python       warm_gate  (marker + fingerprint + check_post passed)
[2026-09-21 15:37:21.645] build_binding_python       skip  (verdict marker (prior success))
[2026-09-21 15:37:21.645] build_binding_python_inspect  warm_gate  (marker + fingerprint + check_post passed)
[2026-09-21 15:37:21.645] build_binding_python_inspect  skip  (verdict marker (prior success))
[2026-09-21 15:37:21.645] probe_binding_python       warm_gate  (marker + fingerprint + check_post passed)
[2026-09-21 15:37:21.645] probe_binding_python       skip  (verdict marker (prior xfail) [required_symbols_exported])
[2026-09-21 15:37:21.645] probe_binding_python_inspect  warm_gate  (marker + fingerprint + check_post passed)
[2026-09-21 15:37:21.645] probe_binding_python_inspect  skip  (verdict marker (prior success))
[2026-09-21 15:37:21.645] probe_lib                  warm_gate  (marker + fingerprint + check_post passed)
[2026-09-21 15:37:21.645] probe_lib                  skip  (verdict marker (prior success))
[2026-09-21 15:37:21.645] *                          graph_end  (13/13 completed)
[2026-09-21 15:37:21.646] *                          diagram  (_out/canary/projects/tiny1/symbol_missing/-run/diagrams/all.mmd)
[2026-09-21 15:37:21.646] *                          diagram  (_out/canary/projects/tiny1/symbol_missing/-run/diagrams/full.mmd)
[2026-09-21 15:37:21.646] *                          view  (lib (2 steps))
[2026-09-21 15:37:21.646] *                          view  (probes (5 steps))
[2026-09-21 15:37:21.647] *                          view  (binding_ocaml (4 steps))
[2026-09-21 15:37:21.647] *                          view  (binding_python (4 steps))
[2026-09-21 15:37:21.648] *                          html  (_out/canary/projects/tiny1/symbol_missing/-run/result.html)
[2026-09-21 15:37:21.649] *                          index  (_out/canary/projects/index.html)
[2026-09-21 15:37:21.649] *                          invariant  (full.mmd: OK (13 nodes, 13 IDs))
[2026-09-21 15:37:21.650] !                          invariant  (binding_ocaml.mmd: missing [2])
[2026-09-21 15:37:21.650] !                          invariant  (SOME FAILED)
[2026-09-21 15:55:33.300] *                          run_start  (tiny1/symbol_missing)
[2026-09-21 15:55:33.308] *                          variant_start  (source-vendored-stable_lib-vendored-stable_ocaml_binding-vendored-stable_python_binding-vendored-stable_python_binding-vendored-stable_app-vendored-stable_app-vendored-stable)
[2026-09-21 15:55:33.308] *                          graph_start  (13 steps)
[2026-09-21 15:55:33.308] configure                  warm_gate  (marker + fingerprint + check_post passed)
[2026-09-21 15:55:33.308] configure                  skip  (verdict marker (prior success))
[2026-09-21 15:55:33.308] scan_sources               warm_gate  (marker + fingerprint + check_post passed)
[2026-09-21 15:55:33.308] scan_sources               skip  (verdict marker (prior success))
[2026-09-21 15:55:33.308] build_lib                  warm_gate  (marker + fingerprint + check_post passed)
[2026-09-21 15:55:33.308] build_lib                  skip  (verdict marker (prior success))
[2026-09-21 15:55:33.308] build_lib_inspect          warm_gate  (marker + fingerprint + check_post passed)
[2026-09-21 15:55:33.308] build_lib_inspect          skip  (verdict marker (prior success))
[2026-09-21 15:55:33.308] build_binding_ocaml        warm_gate  (marker + fingerprint + check_post passed)
[2026-09-21 15:55:33.308] build_binding_ocaml        skip  (verdict marker (prior success))
[2026-09-21 15:55:33.308] build_binding_ocaml_inspect  warm_gate  (marker + fingerprint + check_post passed)
[2026-09-21 15:55:33.308] build_binding_ocaml_inspect  skip  (verdict marker (prior success))
[2026-09-21 15:55:33.308] probe_binding_ocaml        warm_gate  (marker + fingerprint + check_post passed)
[2026-09-21 15:55:33.308] probe_binding_ocaml        skip  (verdict marker (prior xfail) [required_symbols_exported])
[2026-09-21 15:55:33.308] probe_binding_ocaml_inspect  warm_gate  (marker + fingerprint + check_post passed)
[2026-09-21 15:55:33.308] probe_binding_ocaml_inspect  skip  (verdict marker (prior success))
[2026-09-21 15:55:33.308] build_binding_python       warm_gate  (marker + fingerprint + check_post passed)
[2026-09-21 15:55:33.308] build_binding_python       skip  (verdict marker (prior success))
[2026-09-21 15:55:33.308] build_binding_python_inspect  warm_gate  (marker + fingerprint + check_post passed)
[2026-09-21 15:55:33.308] build_binding_python_inspect  skip  (verdict marker (prior success))
[2026-09-21 15:55:33.308] probe_binding_python       warm_gate  (marker + fingerprint + check_post passed)
[2026-09-21 15:55:33.308] probe_binding_python       skip  (verdict marker (prior xfail) [required_symbols_exported])
[2026-09-21 15:55:33.308] probe_binding_python_inspect  warm_gate  (marker + fingerprint + check_post passed)
[2026-09-21 15:55:33.308] probe_binding_python_inspect  skip  (verdict marker (prior success))
[2026-09-21 15:55:33.309] probe_lib                  warm_gate  (marker + fingerprint + check_post passed)
[2026-09-21 15:55:33.309] probe_lib                  skip  (verdict marker (prior success))
[2026-09-21 15:55:33.309] *                          graph_end  (13/13 completed)
[2026-09-21 15:55:33.309] *                          diagram  (_out/canary/projects/tiny1/symbol_missing/-run/diagrams/all.mmd)
[2026-09-21 15:55:33.309] *                          diagram  (_out/canary/projects/tiny1/symbol_missing/-run/diagrams/full.mmd)
[2026-09-21 15:55:33.309] *                          view  (lib (2 steps))
[2026-09-21 15:55:33.310] *                          view  (probes (5 steps))
[2026-09-21 15:55:33.310] *                          view  (binding_ocaml (4 steps))
[2026-09-21 15:55:33.310] *                          view  (binding_python (4 steps))
[2026-09-21 15:55:33.312] *                          html  (_out/canary/projects/tiny1/symbol_missing/-run/result.html)
[2026-09-21 15:55:33.313] *                          index  (_out/canary/projects/index.html)
[2026-09-21 15:55:33.313] *                          invariant  (full.mmd: OK (13 nodes, 13 IDs))
[2026-09-21 15:55:33.313] !                          invariant  (binding_ocaml.mmd: missing [2])
[2026-09-21 15:55:33.313] !                          invariant  (SOME FAILED)
