[2026-07-23 00:35:42.727] *                          graph_start  (6 steps)
[2026-07-23 00:35:42.727] fetch_lib                  check_pre  (pass)
[2026-07-23 00:35:42.729] fetch_lib                  cmd  (sudo apt-get install -y libcairo2-dev && echo 'installed' > /home/red/code/research/tola/_out/canary/projects/cairo/fetch_lib/lib.ok)
[2026-07-23 00:35:49.445] fetch_lib                  detect  (ok, output present)
[2026-07-23 00:35:49.445] fetch_lib                  check_post  (pass)
[2026-07-23 00:35:49.445] fetch_lib                  done
[2026-07-23 00:35:49.445] fetch_binding_ocaml        check_pre  (pass)
[2026-07-23 00:35:49.448] fetch_binding_ocaml        cmd  (eval $(opam env) && opam install cairo2 -y --assume-depexts && eval $(opam env) && opam install -y ocamlfind && echo 'installed' > /home/red/code/research/tola/_out/canary/projects/cairo/fetch_binding/ocaml/binding.ok)
[2026-07-23 00:35:57.320] fetch_binding_ocaml        detect  (ok, output present)
[2026-07-23 00:35:57.320] fetch_binding_ocaml        check_post  (pass)
[2026-07-23 00:35:57.320] fetch_binding_ocaml        done
[2026-07-23 00:35:57.320] probe_binding_ocaml        check_pre  (pass)
[2026-07-23 00:35:57.323] probe_binding_ocaml        cmd  (eval $(opam env)
ocamlfind ocamlopt -package cairo2 -linkpkg canary/examples/cairo/cairo_example.ml -o /home/red/code/research/tola/_out/canary/projects/cairo/probe_binding/ocaml/cairo_example > /home/red/code/research/tola/_out/canary/projects/cairo/probe_binding/ocaml/probe.log 2>&1 && /home/red/code/research/tola/_out/canary/projects/cairo/probe_binding/ocaml/cairo_example >> /home/red/code/research/tola/_out/canary/projects/cairo/probe_binding/ocaml/probe.log 2>&1
RC=$?
cat /home/red/code/research/tola/_out/canary/projects/cairo/probe_binding/ocaml/probe.log
exit $RC)
[2026-07-23 00:35:57.441] probe_binding_ocaml        detect  (ok, output present)
[2026-07-23 00:35:57.441] probe_binding_ocaml        check_post  (pass)
[2026-07-23 00:35:57.441] probe_binding_ocaml        done
[2026-07-23 00:35:57.442] probe_binding_ocaml_inspect  check_pre  (pass)
[2026-07-23 00:35:57.444] probe_binding_ocaml_inspect  cmd  (eval $(opam env)
PKG_DIR=$(ocamlfind query 'cairo2' 2>/dev/null)
test -n "$PKG_DIR"
{ for f in "$PKG_DIR"/*.cmxa "$PKG_DIR"/*.cma; do
    [ -f "$f" ] && ocamlobjinfo "$f"
  done
} | python3 canary/scripts/inspect_ocaml.py --path 'cairo2' --watchlist 'Cairo' \
  > /home/red/code/research/tola/_out/canary/projects/cairo/probe_binding/ocaml/inspect.json)
[2026-07-23 00:35:57.497] probe_binding_ocaml_inspect  detect  (ok, output present)
[2026-07-23 00:35:57.497] probe_binding_ocaml_inspect  check_post  (pass)
[2026-07-23 00:35:57.497] probe_binding_ocaml_inspect  done
[2026-07-23 00:35:57.497] probe_lib                  check_pre  (pass)
[2026-07-23 00:35:57.500] probe_lib                  cmd  (LIB_NATIVE=$(ls /usr/lib/x86_64-linux-gnu/libcairo.so* /usr/lib*/libcairo.so* 2>/dev/null \
        "$(brew --prefix cairo 2>/dev/null)/lib/libcairo.dylib" 2>/dev/null \
        | head -1)
test -n "$LIB_NATIVE" -a -e "$LIB_NATIVE"
COUNT=$(nm -D "$LIB_NATIVE" 2>/dev/null | grep -v ' U ' | grep -c 'cairo_' || echo 0)
printf 'cairo_ symbols exported: %s\n' "$COUNT" | tee /home/red/code/research/tola/_out/canary/projects/cairo/probe_lib/probe.log
test "$COUNT" -gt 0)
[2026-07-23 00:35:57.551] probe_lib                  detect  (ok, output present)
[2026-07-23 00:35:57.551] probe_lib                  check_post  (pass)
[2026-07-23 00:35:57.551] probe_lib                  done
[2026-07-23 00:35:57.551] probe_lib_inspect          check_pre  (pass)
[2026-07-23 00:35:57.553] probe_lib_inspect          cmd  (LIB_NATIVE=$(ls /usr/lib/x86_64-linux-gnu/libcairo.so* /usr/lib*/libcairo.so* 2>/dev/null \
        "$(brew --prefix cairo 2>/dev/null)/lib/libcairo.dylib" 2>/dev/null \
        | head -1)
test -n "$LIB_NATIVE" -a -e "$LIB_NATIVE"
nm -D "$LIB_NATIVE" 2>/dev/null \
  | python3 canary/scripts/inspect_native.py --emit-symbols --elf --path "$LIB_NATIVE" --prefixes 'cairo_' --watchlist 'cairo_create,cairo_destroy,cairo_paint,cairo_move_to,cairo_line_to,cairo_stroke,cairo_image_surface_create,cairo_surface_destroy' \
  > /home/red/code/research/tola/_out/canary/projects/cairo/probe_lib/inspect.json)
[2026-07-23 00:35:57.611] probe_lib_inspect          detect  (ok, output present)
[2026-07-23 00:35:57.611] probe_lib_inspect          check_post  (pass)
[2026-07-23 00:35:57.611] probe_lib_inspect          done
[2026-07-23 00:35:57.611] *                          graph_end  (6/6 completed)
[2026-07-23 00:35:57.612] *                          diagram  (_out/canary/projects/cairo/-run/diagrams/all.mmd)
[2026-07-23 00:35:57.612] *                          diagram  (_out/canary/projects/cairo/-run/diagrams/full.mmd)
[2026-07-23 00:35:57.612] *                          view  (lib (3 steps))
[2026-07-23 00:35:57.612] *                          view  (probes (4 steps))
[2026-07-23 00:35:57.612] *                          view  (binding_ocaml (3 steps))
[2026-07-23 00:35:57.614] *                          html  (_out/canary/projects/cairo/-run/result.html)
[2026-07-23 00:35:57.617] *                          index  (_out/canary/projects/index.html)
[2026-07-23 00:35:57.617] !                          invariant  (full.mmd: connectivity errors:
  [1]→[5]: no edge A_fetch_lib→A_probe_lib
  [2]→[3]: no edge A_fetch_binding_ocaml→A_probe_binding_ocaml
  [1]→[3]: no edge A_fetch_lib→A_probe_binding_ocaml)
[2026-07-23 00:35:57.617] !                          invariant  (SOME FAILED)
[2026-08-13 15:28:17.594] *                          variant_start  (source-fetched_lib-fetched_ocaml_binding-fetched)
[2026-08-13 15:28:17.595] *                          graph_start  (7 steps)
[2026-08-13 15:28:17.595] fetch_source               check_pre  (pass)
[2026-08-13 15:28:17.599] fetch_source               cmd  (if [ -d _out/canary/projects/cairo/1.18.0_1.18.0/src/.git ]; then cd _out/canary/projects/cairo/1.18.0_1.18.0/src && git fetch && git checkout 1.18.0; else git clone https://gitlab.freedesktop.org/cairo/cairo.git _out/canary/projects/cairo/1.18.0_1.18.0/src && cd _out/canary/projects/cairo/1.18.0_1.18.0/src && git checkout 1.18.0; fi && echo '_out/canary/projects/cairo/1.18.0_1.18.0/src' > /home/red/code/research/tola/_out/canary/projects/cairo/fetch_source/source_source-fetched_lib-fetched_ocaml_binding-fetched.ok)
[2026-08-13 15:28:27.794] fetch_source               detect  (ok, output present)
[2026-08-13 15:28:27.794] fetch_source               check_post  (pass)
[2026-08-13 15:28:27.794] fetch_source               done
[2026-08-13 15:28:27.796] fetch_lib                  check_pre  (pass)
[2026-08-13 15:28:27.798] fetch_lib                  cmd  (sudo apt-get install -y libcairo2-dev && echo 'installed' > /home/red/code/research/tola/_out/canary/projects/cairo/fetch_lib/lib_source-fetched_lib-fetched_ocaml_binding-fetched.ok)
[2026-08-13 15:28:28.317] fetch_lib                  detect  (ok, output present)
[2026-08-13 15:28:28.317] fetch_lib                  check_post  (pass)
[2026-08-13 15:28:28.317] fetch_lib                  done
[2026-08-13 15:28:28.319] fetch_binding_ocaml        check_pre  (pass)
[2026-08-13 15:28:28.321] fetch_binding_ocaml        cmd  (eval $(opam env) && opam install cairo2 -y --assume-depexts && eval $(opam env) && opam install -y ocamlfind && echo 'installed' > /home/red/code/research/tola/_out/canary/projects/cairo/fetch_binding/ocaml/binding_source-fetched_lib-fetched_ocaml_binding-fetched.ok)
[2026-08-13 15:28:29.306] fetch_binding_ocaml        detect  (ok, output present)
[2026-08-13 15:28:29.306] fetch_binding_ocaml        check_post  (pass)
[2026-08-13 15:28:29.306] fetch_binding_ocaml        done
[2026-08-13 15:28:29.308] probe_binding_ocaml        check_pre  (pass)
[2026-08-13 15:28:29.310] probe_binding_ocaml        cmd  (eval $(opam env)
ocamlfind ocamlopt -package cairo2 -linkpkg canary/examples/cairo/cairo_example.ml -o /home/red/code/research/tola/_out/canary/projects/cairo/probe_binding/ocaml/cairo_example > /home/red/code/research/tola/_out/canary/projects/cairo/probe_binding/ocaml/probe_source-fetched_lib-fetched_ocaml_binding-fetched.log 2>&1 && /home/red/code/research/tola/_out/canary/projects/cairo/probe_binding/ocaml/cairo_example >> /home/red/code/research/tola/_out/canary/projects/cairo/probe_binding/ocaml/probe_source-fetched_lib-fetched_ocaml_binding-fetched.log 2>&1
RC=$?
cat /home/red/code/research/tola/_out/canary/projects/cairo/probe_binding/ocaml/probe_source-fetched_lib-fetched_ocaml_binding-fetched.log
exit $RC)
[2026-08-13 15:28:29.431] probe_binding_ocaml        detect  (ok, output present)
[2026-08-13 15:28:29.431] probe_binding_ocaml        check_post  (pass)
[2026-08-13 15:28:29.431] probe_binding_ocaml        done
[2026-08-13 15:28:29.433] probe_binding_ocaml_inspect  check_pre  (pass)
[2026-08-13 15:28:29.435] probe_binding_ocaml_inspect  cmd  (eval $(opam env)
PKG_DIR=$(ocamlfind query 'cairo2' 2>/dev/null)
test -n "$PKG_DIR"
{ for f in "$PKG_DIR"/*.cmxa "$PKG_DIR"/*.cma; do
    [ -f "$f" ] && ocamlobjinfo "$f"
  done
} | python3 canary/scripts/inspect_ocaml.py --path 'cairo2' --watchlist 'Cairo' \
  > /home/red/code/research/tola/_out/canary/projects/cairo/probe_binding/ocaml/inspect_source-fetched_lib-fetched_ocaml_binding-fetched.json)
[2026-08-13 15:28:29.487] probe_binding_ocaml_inspect  detect  (ok, output present)
[2026-08-13 15:28:29.487] probe_binding_ocaml_inspect  check_post  (pass)
[2026-08-13 15:28:29.487] probe_binding_ocaml_inspect  done
[2026-08-13 15:28:29.490] probe_lib                  check_pre  (pass)
[2026-08-13 15:28:29.492] probe_lib                  cmd  (LIB_NATIVE=$(ls /usr/lib/x86_64-linux-gnu/libcairo.so* /usr/lib*/libcairo.so* 2>/dev/null \
        "$(brew --prefix cairo 2>/dev/null)/lib/libcairo.dylib" 2>/dev/null \
        | head -1)
test -n "$LIB_NATIVE" -a -e "$LIB_NATIVE"
COUNT=$(nm -D "$LIB_NATIVE" 2>/dev/null | grep -v ' U ' | grep -c 'cairo_' || echo 0)
printf 'cairo_ symbols exported: %s\n' "$COUNT" | tee /home/red/code/research/tola/_out/canary/projects/cairo/probe_lib/probe_source-fetched_lib-fetched_ocaml_binding-fetched.log
test "$COUNT" -gt 0)
[2026-08-13 15:28:29.544] probe_lib                  detect  (ok, output present)
[2026-08-13 15:28:29.544] probe_lib                  check_post  (pass)
[2026-08-13 15:28:29.544] probe_lib                  done
[2026-08-13 15:28:29.546] probe_lib_inspect          check_pre  (pass)
[2026-08-13 15:28:29.548] probe_lib_inspect          cmd  (LIB_NATIVE=$(ls /usr/lib/x86_64-linux-gnu/libcairo.so* /usr/lib*/libcairo.so* 2>/dev/null \
        "$(brew --prefix cairo 2>/dev/null)/lib/libcairo.dylib" 2>/dev/null \
        | head -1)
test -n "$LIB_NATIVE" -a -e "$LIB_NATIVE"
nm -D "$LIB_NATIVE" 2>/dev/null \
  | python3 canary/scripts/inspect_native.py --emit-symbols --elf --path "$LIB_NATIVE" --prefixes 'cairo_' --watchlist 'cairo_create,cairo_destroy,cairo_paint,cairo_move_to,cairo_line_to,cairo_stroke,cairo_image_surface_create,cairo_surface_destroy' \
  > /home/red/code/research/tola/_out/canary/projects/cairo/probe_lib/inspect_source-fetched_lib-fetched_ocaml_binding-fetched.json)
[2026-08-13 15:28:29.603] probe_lib_inspect          detect  (ok, output present)
[2026-08-13 15:28:29.603] probe_lib_inspect          check_post  (pass)
[2026-08-13 15:28:29.604] probe_lib_inspect          done
[2026-08-13 15:28:29.606] *                          graph_end  (7/7 completed)
[2026-08-13 15:28:29.606] *                          diagram  (_out/canary/projects/cairo/-run/diagrams/all.mmd)
[2026-08-13 15:28:29.606] *                          diagram  (_out/canary/projects/cairo/-run/diagrams/full.mmd)
[2026-08-13 15:28:29.606] *                          view  (source (1 steps))
[2026-08-13 15:28:29.607] *                          view  (lib (3 steps))
[2026-08-13 15:28:29.607] *                          view  (probes (4 steps))
[2026-08-13 15:28:29.607] *                          view  (binding_ocaml (3 steps))
[2026-08-13 15:28:29.609] *                          html  (_out/canary/projects/cairo/-run/result.html)
[2026-08-13 15:28:29.610] *                          index  (_out/canary/projects/index.html)
[2026-08-13 15:28:29.610] *                          invariant  (full.mmd: OK (7 nodes, 7 IDs))
[2026-08-13 15:28:29.610] *                          invariant  (binding_ocaml.mmd: OK (6 nodes, 7 IDs))
[2026-08-13 15:28:29.610] *                          invariant  (source.mmd: OK (5 nodes, 7 IDs))
[2026-08-13 15:28:29.610] *                          invariant  (lib.mmd: OK (6 nodes, 7 IDs))
[2026-08-13 15:28:29.610] *                          invariant  (all.mmd: OK (5 nodes, 7 IDs))
[2026-08-13 15:28:29.610] *                          invariant  (probes.mmd: OK (7 nodes, 7 IDs))
[2026-08-13 15:28:29.610] *                          invariant  (ALL OK)
[2026-08-14 09:23:58.060] *                          variant_start  (source-fetched_lib-fetched_ocaml_binding-fetched)
[2026-08-14 09:23:58.060] *                          graph_start  (7 steps)
[2026-08-14 09:23:58.060] fetch_source               skip  (verdict marker (prior success))
[2026-08-14 09:23:58.060] fetch_lib                  skip  (verdict marker (prior success))
[2026-08-14 09:23:58.060] fetch_binding_ocaml        skip  (verdict marker (prior success))
[2026-08-14 09:23:58.060] probe_binding_ocaml        skip  (verdict marker (prior success))
[2026-08-14 09:23:58.060] probe_binding_ocaml_inspect  skip  (verdict marker (prior success))
[2026-08-14 09:23:58.060] probe_lib                  skip  (verdict marker (prior success))
[2026-08-14 09:23:58.060] probe_lib_inspect          skip  (verdict marker (prior success))
[2026-08-14 09:23:58.060] *                          graph_end  (7/7 completed)
[2026-08-14 09:23:58.061] *                          diagram  (_out/canary/projects/cairo/-run/diagrams/all.mmd)
[2026-08-14 09:23:58.061] *                          diagram  (_out/canary/projects/cairo/-run/diagrams/full.mmd)
[2026-08-14 09:23:58.061] *                          view  (source (1 steps))
[2026-08-14 09:23:58.062] *                          view  (lib (3 steps))
[2026-08-14 09:23:58.062] *                          view  (probes (4 steps))
[2026-08-14 09:23:58.062] *                          view  (binding_ocaml (3 steps))
[2026-08-14 09:23:58.063] *                          html  (_out/canary/projects/cairo/-run/result.html)
[2026-08-14 09:23:58.063] *                          index  (_out/canary/projects/index.html)
[2026-08-14 09:23:58.064] *                          invariant  (full.mmd: OK (7 nodes, 7 IDs))
[2026-08-14 09:23:58.064] *                          invariant  (binding_ocaml.mmd: OK (6 nodes, 7 IDs))
[2026-08-14 09:23:58.064] *                          invariant  (source.mmd: OK (5 nodes, 7 IDs))
[2026-08-14 09:23:58.064] *                          invariant  (lib.mmd: OK (6 nodes, 7 IDs))
[2026-08-14 09:23:58.064] *                          invariant  (all.mmd: OK (5 nodes, 7 IDs))
[2026-08-14 09:23:58.064] *                          invariant  (probes.mmd: OK (7 nodes, 7 IDs))
[2026-08-14 09:23:58.064] *                          invariant  (ALL OK)
[2026-08-14 09:31:47.954] *                          variant_start  (source-fetched_lib-fetched_ocaml_binding-fetched)
[2026-08-14 09:31:47.954] *                          graph_start  (7 steps)
[2026-08-14 09:31:47.954] fetch_source               skip  (verdict marker (prior success))
[2026-08-14 09:31:47.954] fetch_lib                  skip  (verdict marker (prior success))
[2026-08-14 09:31:47.954] fetch_binding_ocaml        skip  (verdict marker (prior success))
[2026-08-14 09:31:47.954] probe_binding_ocaml        skip  (verdict marker (prior success))
[2026-08-14 09:31:47.954] probe_binding_ocaml_inspect  skip  (verdict marker (prior success))
[2026-08-14 09:31:47.954] probe_lib                  skip  (verdict marker (prior success))
[2026-08-14 09:31:47.954] probe_lib_inspect          skip  (verdict marker (prior success))
[2026-08-14 09:31:47.954] *                          graph_end  (7/7 completed)
[2026-08-14 09:31:47.954] *                          diagram  (_out/canary/projects/cairo/-run/diagrams/all.mmd)
[2026-08-14 09:31:47.954] *                          diagram  (_out/canary/projects/cairo/-run/diagrams/full.mmd)
[2026-08-14 09:31:47.954] *                          view  (source (1 steps))
[2026-08-14 09:31:47.954] *                          view  (lib (3 steps))
[2026-08-14 09:31:47.955] *                          view  (probes (4 steps))
[2026-08-14 09:31:47.955] *                          view  (binding_ocaml (3 steps))
[2026-08-14 09:31:47.955] *                          html  (_out/canary/projects/cairo/-run/result.html)
[2026-08-14 09:31:47.956] *                          index  (_out/canary/projects/index.html)
[2026-08-14 09:31:47.956] *                          invariant  (full.mmd: OK (7 nodes, 7 IDs))
[2026-08-14 09:31:47.956] *                          invariant  (binding_ocaml.mmd: OK (6 nodes, 7 IDs))
[2026-08-14 09:31:47.956] *                          invariant  (source.mmd: OK (5 nodes, 7 IDs))
[2026-08-14 09:31:47.957] *                          invariant  (lib.mmd: OK (6 nodes, 7 IDs))
[2026-08-14 09:31:47.957] *                          invariant  (all.mmd: OK (5 nodes, 7 IDs))
[2026-08-14 09:31:47.957] *                          invariant  (probes.mmd: OK (7 nodes, 7 IDs))
[2026-08-14 09:31:47.957] *                          invariant  (ALL OK)
[2026-08-14 13:37:11.394] *                          variant_start  (source-fetched_lib-fetched_ocaml_binding-fetched)
[2026-08-14 13:37:11.394] *                          graph_start  (7 steps)
[2026-08-14 13:37:11.394] fetch_source               skip  (verdict marker (prior success))
[2026-08-14 13:37:11.394] fetch_lib                  skip  (verdict marker (prior success))
[2026-08-14 13:37:11.395] fetch_binding_ocaml        skip  (verdict marker (prior success))
[2026-08-14 13:37:11.395] probe_binding_ocaml        skip  (verdict marker (prior success))
[2026-08-14 13:37:11.395] probe_binding_ocaml_inspect  skip  (verdict marker (prior success))
[2026-08-14 13:37:11.395] probe_lib                  skip  (verdict marker (prior success))
[2026-08-14 13:37:11.395] probe_lib_inspect          skip  (verdict marker (prior success))
[2026-08-14 13:37:11.395] *                          graph_end  (7/7 completed)
[2026-08-14 13:37:11.395] *                          diagram  (_out/canary/projects/cairo/-run/diagrams/all.mmd)
[2026-08-14 13:37:11.395] *                          diagram  (_out/canary/projects/cairo/-run/diagrams/full.mmd)
[2026-08-14 13:37:11.396] *                          view  (source (1 steps))
[2026-08-14 13:37:11.396] *                          view  (lib (3 steps))
[2026-08-14 13:37:11.396] *                          view  (probes (4 steps))
[2026-08-14 13:37:11.396] *                          view  (binding_ocaml (3 steps))
[2026-08-14 13:37:11.397] *                          html  (_out/canary/projects/cairo/-run/result.html)
[2026-08-14 13:37:11.397] *                          index  (_out/canary/projects/index.html)
[2026-08-14 13:37:11.398] *                          invariant  (full.mmd: OK (7 nodes, 7 IDs))
[2026-08-14 13:37:11.398] *                          invariant  (binding_ocaml.mmd: OK (6 nodes, 7 IDs))
[2026-08-14 13:37:11.398] *                          invariant  (source.mmd: OK (5 nodes, 7 IDs))
[2026-08-14 13:37:11.398] *                          invariant  (lib.mmd: OK (6 nodes, 7 IDs))
[2026-08-14 13:37:11.398] *                          invariant  (all.mmd: OK (5 nodes, 7 IDs))
[2026-08-14 13:37:11.398] *                          invariant  (probes.mmd: OK (7 nodes, 7 IDs))
[2026-08-14 13:37:11.398] *                          invariant  (ALL OK)
[2026-08-14 14:05:56.149] *                          variant_start  (source-fetched_lib-fetched_ocaml_binding-fetched)
[2026-08-14 14:05:56.149] *                          graph_start  (7 steps)
[2026-08-14 14:05:56.149] fetch_source               skip  (verdict marker (prior success))
[2026-08-14 14:05:56.149] fetch_lib                  skip  (verdict marker (prior success))
[2026-08-14 14:05:56.149] fetch_binding_ocaml        skip  (verdict marker (prior success))
[2026-08-14 14:05:56.149] probe_binding_ocaml        skip  (verdict marker (prior success))
[2026-08-14 14:05:56.149] probe_binding_ocaml_inspect  skip  (verdict marker (prior success))
[2026-08-14 14:05:56.149] probe_lib                  skip  (verdict marker (prior success))
[2026-08-14 14:05:56.150] probe_lib_inspect          skip  (verdict marker (prior success))
[2026-08-14 14:05:56.150] *                          graph_end  (7/7 completed)
[2026-08-14 14:05:56.150] *                          diagram  (_out/canary/projects/cairo/-run/diagrams/all.mmd)
[2026-08-14 14:05:56.150] *                          diagram  (_out/canary/projects/cairo/-run/diagrams/full.mmd)
[2026-08-14 14:05:56.150] *                          view  (source (1 steps))
[2026-08-14 14:05:56.150] *                          view  (lib (3 steps))
[2026-08-14 14:05:56.150] *                          view  (probes (4 steps))
[2026-08-14 14:05:56.151] *                          view  (binding_ocaml (3 steps))
[2026-08-14 14:05:56.151] *                          html  (_out/canary/projects/cairo/-run/result.html)
[2026-08-14 14:05:56.152] *                          index  (_out/canary/projects/index.html)
[2026-08-14 14:05:56.152] *                          invariant  (full.mmd: OK (7 nodes, 7 IDs))
[2026-08-14 14:05:56.152] *                          invariant  (binding_ocaml.mmd: OK (6 nodes, 7 IDs))
[2026-08-14 14:05:56.152] *                          invariant  (source.mmd: OK (5 nodes, 7 IDs))
[2026-08-14 14:05:56.152] *                          invariant  (lib.mmd: OK (6 nodes, 7 IDs))
[2026-08-14 14:05:56.153] *                          invariant  (all.mmd: OK (5 nodes, 7 IDs))
[2026-08-14 14:05:56.153] *                          invariant  (probes.mmd: OK (7 nodes, 7 IDs))
[2026-08-14 14:05:56.153] *                          invariant  (ALL OK)
[2026-08-14 14:18:42.912] *                          variant_start  (source-fetched_lib-fetched_ocaml_binding-fetched)
[2026-08-14 14:18:42.912] *                          graph_start  (7 steps)
[2026-08-14 14:18:42.912] fetch_source               skip  (verdict marker (prior success))
[2026-08-14 14:18:42.912] fetch_lib                  skip  (verdict marker (prior success))
[2026-08-14 14:18:42.912] fetch_binding_ocaml        skip  (verdict marker (prior success))
[2026-08-14 14:18:42.912] probe_binding_ocaml        skip  (verdict marker (prior success))
[2026-08-14 14:18:42.913] probe_binding_ocaml_inspect  skip  (verdict marker (prior success))
[2026-08-14 14:18:42.913] probe_lib                  skip  (verdict marker (prior success))
[2026-08-14 14:18:42.913] probe_lib_inspect          skip  (verdict marker (prior success))
[2026-08-14 14:18:42.913] *                          graph_end  (7/7 completed)
[2026-08-14 14:18:42.913] *                          diagram  (_out/canary/projects/cairo/-run/diagrams/all.mmd)
[2026-08-14 14:18:42.913] *                          diagram  (_out/canary/projects/cairo/-run/diagrams/full.mmd)
[2026-08-14 14:18:42.913] *                          view  (source (1 steps))
[2026-08-14 14:18:42.913] *                          view  (lib (3 steps))
[2026-08-14 14:18:42.913] *                          view  (probes (4 steps))
[2026-08-14 14:18:42.914] *                          view  (binding_ocaml (3 steps))
[2026-08-14 14:18:42.914] *                          html  (_out/canary/projects/cairo/-run/result.html)
[2026-08-14 14:18:42.915] *                          index  (_out/canary/projects/index.html)
[2026-08-14 14:18:42.915] *                          invariant  (full.mmd: OK (7 nodes, 7 IDs))
[2026-08-14 14:18:42.915] *                          invariant  (binding_ocaml.mmd: OK (6 nodes, 7 IDs))
[2026-08-14 14:18:42.915] *                          invariant  (source.mmd: OK (5 nodes, 7 IDs))
[2026-08-14 14:18:42.915] *                          invariant  (lib.mmd: OK (6 nodes, 7 IDs))
[2026-08-14 14:18:42.915] *                          invariant  (all.mmd: OK (5 nodes, 7 IDs))
[2026-08-14 14:18:42.916] *                          invariant  (probes.mmd: OK (7 nodes, 7 IDs))
[2026-08-14 14:18:42.916] *                          invariant  (ALL OK)
[2026-08-14 14:31:36.385] *                          variant_start  (source-fetched_lib-fetched_ocaml_binding-fetched)
[2026-08-14 14:31:36.385] *                          graph_start  (7 steps)
[2026-08-14 14:31:36.385] fetch_source               skip  (verdict marker (prior success))
[2026-08-14 14:31:36.385] fetch_lib                  skip  (verdict marker (prior success))
[2026-08-14 14:31:36.385] fetch_binding_ocaml        skip  (verdict marker (prior success))
[2026-08-14 14:31:36.385] probe_binding_ocaml        skip  (verdict marker (prior success))
[2026-08-14 14:31:36.385] probe_binding_ocaml_inspect  skip  (verdict marker (prior success))
[2026-08-14 14:31:36.385] probe_lib                  skip  (verdict marker (prior success))
[2026-08-14 14:31:36.385] probe_lib_inspect          skip  (verdict marker (prior success))
[2026-08-14 14:31:36.385] *                          graph_end  (7/7 completed)
[2026-08-14 14:31:36.385] *                          diagram  (_out/canary/projects/cairo/-run/diagrams/all.mmd)
[2026-08-14 14:31:36.386] *                          diagram  (_out/canary/projects/cairo/-run/diagrams/full.mmd)
[2026-08-14 14:31:36.386] *                          view  (source (1 steps))
[2026-08-14 14:31:36.386] *                          view  (lib (3 steps))
[2026-08-14 14:31:36.386] *                          view  (probes (4 steps))
[2026-08-14 14:31:36.386] *                          view  (binding_ocaml (3 steps))
[2026-08-14 14:31:36.387] *                          html  (_out/canary/projects/cairo/-run/result.html)
[2026-08-14 14:31:36.387] *                          index  (_out/canary/projects/index.html)
[2026-08-14 14:31:36.388] *                          invariant  (full.mmd: OK (7 nodes, 7 IDs))
[2026-08-14 14:31:36.388] *                          invariant  (binding_ocaml.mmd: OK (6 nodes, 7 IDs))
[2026-08-14 14:31:36.388] *                          invariant  (source.mmd: OK (5 nodes, 7 IDs))
[2026-08-14 14:31:36.388] *                          invariant  (lib.mmd: OK (6 nodes, 7 IDs))
[2026-08-14 14:31:36.388] *                          invariant  (all.mmd: OK (5 nodes, 7 IDs))
[2026-08-14 14:31:36.388] *                          invariant  (probes.mmd: OK (7 nodes, 7 IDs))
[2026-08-14 14:31:36.388] *                          invariant  (ALL OK)
[2026-08-15 17:03:41.412] *                          variant_start  (source-fetched_lib-fetched_ocaml_binding-fetched)
[2026-08-15 17:03:41.412] *                          graph_start  (7 steps)
[2026-08-15 17:03:41.412] fetch_lib                  skip  (verdict marker (prior success))
[2026-08-15 17:03:41.413] fetch_binding_ocaml        skip  (verdict marker (prior success))
[2026-08-15 17:03:41.413] probe_binding_ocaml        skip  (verdict marker (prior success))
[2026-08-15 17:03:41.413] probe_binding_ocaml_inspect  skip  (verdict marker (prior success))
[2026-08-15 17:03:41.413] probe_lib                  skip  (verdict marker (prior success))
[2026-08-15 17:03:41.413] probe_lib_inspect          skip  (verdict marker (prior success))
[2026-08-15 17:03:41.413] fetch_source               check_pre  (pass)
[2026-08-15 17:03:41.418] fetch_source               cmd  (if [ ! -d /home/red/code/contrib/cairo-all/cairo/.git ]; then git clone https://gitlab.freedesktop.org/cairo/cairo.git /home/red/code/contrib/cairo-all/cairo; fi && \
git -C /home/red/code/contrib/cairo-all/cairo fetch -q origin 1.18.0 && \
if [ ! -d /home/red/code/contrib/cairo-all/cairo-1.18.0/.git ]; then git -C /home/red/code/contrib/cairo-all/cairo worktree add -f /home/red/code/contrib/cairo-all/cairo-1.18.0 1.18.0; fi && \
git -C /home/red/code/contrib/cairo-all/cairo-1.18.0 checkout -q -f 1.18.0 && \
echo '/home/red/code/contrib/cairo-all/cairo-1.18.0' > /home/red/code/research/tola/_out/canary/projects/cairo/fetch_source/source_source-fetched_lib-fetched_ocaml_binding-fetched.ok)
[2026-08-15 17:04:35.432] fetch_source               cmd_fail  (exit 128)
[2026-08-15 17:04:35.432] fetch_source               detect  (error, output absent)
[2026-08-15 17:04:35.432] fetch_source               check_post  (FAIL)
[2026-08-15 17:04:35.432] fetch_source               failed  (postcondition failed)
[2026-08-15 17:04:35.432] *                          graph_end  (6/7 completed)
[2026-08-15 17:04:35.432] fetch_source               failed
[2026-08-15 17:04:35.432] *                          diagram  (_out/canary/projects/cairo/-run/diagrams/all.mmd)
[2026-08-15 17:04:35.433] *                          diagram  (_out/canary/projects/cairo/-run/diagrams/full.mmd)
[2026-08-15 17:04:35.433] *                          view  (source (1 steps))
[2026-08-15 17:04:35.434] *                          view  (lib (3 steps))
[2026-08-15 17:04:35.434] *                          view  (probes (4 steps))
[2026-08-15 17:04:35.434] *                          view  (binding_ocaml (3 steps))
[2026-08-15 17:04:35.436] *                          html  (_out/canary/projects/cairo/-run/result.html)
[2026-08-15 17:04:35.437] *                          index  (_out/canary/projects/index.html)
[2026-08-15 17:04:35.437] *                          invariant  (full.mmd: OK (7 nodes, 7 IDs))
[2026-08-15 17:04:35.437] *                          invariant  (binding_ocaml.mmd: OK (6 nodes, 7 IDs))
[2026-08-15 17:04:35.438] *                          invariant  (source.mmd: OK (5 nodes, 7 IDs))
[2026-08-15 17:04:35.438] *                          invariant  (lib.mmd: OK (6 nodes, 7 IDs))
[2026-08-15 17:04:35.438] *                          invariant  (all.mmd: OK (5 nodes, 7 IDs))
[2026-08-15 17:04:35.438] *                          invariant  (probes.mmd: OK (7 nodes, 7 IDs))
[2026-08-15 17:04:35.438] *                          invariant  (ALL OK)
[2026-08-15 17:05:56.667] *                          variant_start  (source-fetched_lib-fetched_ocaml_binding-fetched)
[2026-08-15 17:05:56.667] *                          graph_start  (7 steps)
[2026-08-15 17:05:56.667] fetch_lib                  skip  (verdict marker (prior success))
[2026-08-15 17:05:56.667] fetch_binding_ocaml        skip  (verdict marker (prior success))
[2026-08-15 17:05:56.667] probe_binding_ocaml        skip  (verdict marker (prior success))
[2026-08-15 17:05:56.667] probe_binding_ocaml_inspect  skip  (verdict marker (prior success))
[2026-08-15 17:05:56.667] probe_lib                  skip  (verdict marker (prior success))
[2026-08-15 17:05:56.667] probe_lib_inspect          skip  (verdict marker (prior success))
[2026-08-15 17:05:56.668] fetch_source               check_pre  (pass)
[2026-08-15 17:05:56.672] fetch_source               cmd  (if [ ! -d /home/red/code/contrib/cairo-all/cairo/.git ]; then git clone https://gitlab.freedesktop.org/cairo/cairo.git /home/red/code/contrib/cairo-all/cairo; fi && \
git -C /home/red/code/contrib/cairo-all/cairo fetch -q origin 1.18.0 && \
if [ ! -d /home/red/code/contrib/cairo-all/cairo-1.18.0/.git ]; then git -C /home/red/code/contrib/cairo-all/cairo worktree add -f /home/red/code/contrib/cairo-all/cairo-1.18.0 1.18.0; fi && \
git -C /home/red/code/contrib/cairo-all/cairo-1.18.0 checkout -q -f 1.18.0 && \
echo '/home/red/code/contrib/cairo-all/cairo-1.18.0' > /home/red/code/research/tola/_out/canary/projects/cairo/fetch_source/source_source-fetched_lib-fetched_ocaml_binding-fetched.ok)
[2026-08-15 17:06:05.527] fetch_source               cmd_fail  (exit 128)
[2026-08-15 17:06:05.527] fetch_source               detect  (error, output absent)
[2026-08-15 17:06:05.527] fetch_source               check_post  (FAIL)
[2026-08-15 17:06:05.527] fetch_source               failed  (postcondition failed)
[2026-08-15 17:06:05.527] *                          graph_end  (6/7 completed)
[2026-08-15 17:06:05.527] fetch_source               failed
[2026-08-15 17:06:05.527] *                          diagram  (_out/canary/projects/cairo/-run/diagrams/all.mmd)
[2026-08-15 17:06:05.527] *                          diagram  (_out/canary/projects/cairo/-run/diagrams/full.mmd)
[2026-08-15 17:06:05.528] *                          view  (source (1 steps))
[2026-08-15 17:06:05.528] *                          view  (lib (3 steps))
[2026-08-15 17:06:05.528] *                          view  (probes (4 steps))
[2026-08-15 17:06:05.528] *                          view  (binding_ocaml (3 steps))
[2026-08-15 17:06:05.530] *                          html  (_out/canary/projects/cairo/-run/result.html)
[2026-08-15 17:06:05.531] *                          index  (_out/canary/projects/index.html)
[2026-08-15 17:06:05.531] *                          invariant  (full.mmd: OK (7 nodes, 7 IDs))
[2026-08-15 17:06:05.531] *                          invariant  (binding_ocaml.mmd: OK (6 nodes, 7 IDs))
[2026-08-15 17:06:05.531] *                          invariant  (source.mmd: OK (5 nodes, 7 IDs))
[2026-08-15 17:06:05.531] *                          invariant  (lib.mmd: OK (6 nodes, 7 IDs))
[2026-08-15 17:06:05.531] *                          invariant  (all.mmd: OK (5 nodes, 7 IDs))
[2026-08-15 17:06:05.531] *                          invariant  (probes.mmd: OK (7 nodes, 7 IDs))
[2026-08-15 17:06:05.531] *                          invariant  (ALL OK)
[2026-08-15 17:07:43.442] *                          variant_start  (source-fetched_lib-fetched_ocaml_binding-fetched)
[2026-08-15 17:07:43.442] *                          graph_start  (7 steps)
[2026-08-15 17:07:43.442] fetch_lib                  skip  (verdict marker (prior success))
[2026-08-15 17:07:43.442] fetch_binding_ocaml        skip  (verdict marker (prior success))
[2026-08-15 17:07:43.442] probe_binding_ocaml        skip  (verdict marker (prior success))
[2026-08-15 17:07:43.442] probe_binding_ocaml_inspect  skip  (verdict marker (prior success))
[2026-08-15 17:07:43.442] probe_lib                  skip  (verdict marker (prior success))
[2026-08-15 17:07:43.442] probe_lib_inspect          skip  (verdict marker (prior success))
[2026-08-15 17:07:43.442] fetch_source               check_pre  (pass)
[2026-08-15 17:07:43.447] fetch_source               cmd  (if [ ! -d /home/red/code/contrib/cairo-all/cairo/.git ]; then git clone https://gitlab.freedesktop.org/cairo/cairo.git /home/red/code/contrib/cairo-all/cairo; fi && \
git -C /home/red/code/contrib/cairo-all/cairo fetch -q origin 1.18.0 && \
if [ ! -d /home/red/code/contrib/cairo-all/cairo-1.18.0 ]; then git -C /home/red/code/contrib/cairo-all/cairo worktree add -f /home/red/code/contrib/cairo-all/cairo-1.18.0 1.18.0; fi && \
git -C /home/red/code/contrib/cairo-all/cairo-1.18.0 checkout -q -f 1.18.0 && \
echo '/home/red/code/contrib/cairo-all/cairo-1.18.0' > /home/red/code/research/tola/_out/canary/projects/cairo/fetch_source/source_source-fetched_lib-fetched_ocaml_binding-fetched.ok)
[2026-08-15 17:07:44.438] fetch_source               detect  (ok, output present)
[2026-08-15 17:07:44.438] fetch_source               check_post  (pass)
[2026-08-15 17:07:44.438] fetch_source               done
[2026-08-15 17:07:44.440] *                          graph_end  (7/7 completed)
[2026-08-15 17:07:44.440] *                          diagram  (_out/canary/projects/cairo/-run/diagrams/all.mmd)
[2026-08-15 17:07:44.441] *                          diagram  (_out/canary/projects/cairo/-run/diagrams/full.mmd)
[2026-08-15 17:07:44.441] *                          view  (source (1 steps))
[2026-08-15 17:07:44.441] *                          view  (lib (3 steps))
[2026-08-15 17:07:44.441] *                          view  (probes (4 steps))
[2026-08-15 17:07:44.441] *                          view  (binding_ocaml (3 steps))
[2026-08-15 17:07:44.443] *                          html  (_out/canary/projects/cairo/-run/result.html)
[2026-08-15 17:07:44.444] *                          index  (_out/canary/projects/index.html)
[2026-08-15 17:07:44.444] *                          invariant  (full.mmd: OK (7 nodes, 7 IDs))
[2026-08-15 17:07:44.444] *                          invariant  (binding_ocaml.mmd: OK (6 nodes, 7 IDs))
[2026-08-15 17:07:44.444] *                          invariant  (source.mmd: OK (5 nodes, 7 IDs))
[2026-08-15 17:07:44.444] *                          invariant  (lib.mmd: OK (6 nodes, 7 IDs))
[2026-08-15 17:07:44.444] *                          invariant  (all.mmd: OK (5 nodes, 7 IDs))
[2026-08-15 17:07:44.444] *                          invariant  (probes.mmd: OK (7 nodes, 7 IDs))
[2026-08-15 17:07:44.444] *                          invariant  (ALL OK)
[2026-08-15 17:07:59.758] *                          variant_start  (source-fetched_lib-fetched_ocaml_binding-fetched)
[2026-08-15 17:07:59.758] *                          graph_start  (7 steps)
[2026-08-15 17:07:59.758] fetch_source               skip  (verdict marker (prior success))
[2026-08-15 17:07:59.758] fetch_lib                  skip  (verdict marker (prior success))
[2026-08-15 17:07:59.758] fetch_binding_ocaml        skip  (verdict marker (prior success))
[2026-08-15 17:07:59.758] probe_binding_ocaml        skip  (verdict marker (prior success))
[2026-08-15 17:07:59.758] probe_binding_ocaml_inspect  skip  (verdict marker (prior success))
[2026-08-15 17:07:59.758] probe_lib                  skip  (verdict marker (prior success))
[2026-08-15 17:07:59.758] probe_lib_inspect          skip  (verdict marker (prior success))
[2026-08-15 17:07:59.758] *                          graph_end  (7/7 completed)
[2026-08-15 17:07:59.758] *                          diagram  (_out/canary/projects/cairo/-run/diagrams/all.mmd)
[2026-08-15 17:07:59.758] *                          diagram  (_out/canary/projects/cairo/-run/diagrams/full.mmd)
[2026-08-15 17:07:59.758] *                          view  (source (1 steps))
[2026-08-15 17:07:59.758] *                          view  (lib (3 steps))
[2026-08-15 17:07:59.758] *                          view  (probes (4 steps))
[2026-08-15 17:07:59.759] *                          view  (binding_ocaml (3 steps))
[2026-08-15 17:07:59.759] *                          html  (_out/canary/projects/cairo/-run/result.html)
[2026-08-15 17:07:59.760] *                          index  (_out/canary/projects/index.html)
[2026-08-15 17:07:59.760] *                          invariant  (full.mmd: OK (7 nodes, 7 IDs))
[2026-08-15 17:07:59.760] *                          invariant  (binding_ocaml.mmd: OK (6 nodes, 7 IDs))
[2026-08-15 17:07:59.760] *                          invariant  (source.mmd: OK (5 nodes, 7 IDs))
[2026-08-15 17:07:59.760] *                          invariant  (lib.mmd: OK (6 nodes, 7 IDs))
[2026-08-15 17:07:59.760] *                          invariant  (all.mmd: OK (5 nodes, 7 IDs))
[2026-08-15 17:07:59.760] *                          invariant  (probes.mmd: OK (7 nodes, 7 IDs))
[2026-08-15 17:07:59.760] *                          invariant  (ALL OK)
[2026-08-15 18:24:59.245] *                          variant_start  (source-fetched_lib-fetched_ocaml_binding-fetched)
[2026-08-15 18:24:59.245] *                          graph_start  (7 steps)
[2026-08-15 18:24:59.245] fetch_source               skip  (verdict marker (prior success))
[2026-08-15 18:24:59.245] fetch_lib                  skip  (verdict marker (prior success))
[2026-08-15 18:24:59.245] fetch_binding_ocaml        skip  (verdict marker (prior success))
[2026-08-15 18:24:59.245] probe_binding_ocaml        skip  (verdict marker (prior success))
[2026-08-15 18:24:59.246] probe_binding_ocaml_inspect  skip  (verdict marker (prior success))
[2026-08-15 18:24:59.246] probe_lib                  skip  (verdict marker (prior success))
[2026-08-15 18:24:59.246] probe_lib_inspect          skip  (verdict marker (prior success))
[2026-08-15 18:24:59.246] *                          graph_end  (7/7 completed)
[2026-08-15 18:24:59.246] *                          diagram  (_out/canary/projects/cairo/-run/diagrams/all.mmd)
[2026-08-15 18:24:59.246] *                          diagram  (_out/canary/projects/cairo/-run/diagrams/full.mmd)
[2026-08-15 18:24:59.247] *                          view  (source (1 steps))
[2026-08-15 18:24:59.247] *                          view  (lib (3 steps))
[2026-08-15 18:24:59.247] *                          view  (probes (4 steps))
[2026-08-15 18:24:59.248] *                          view  (binding_ocaml (3 steps))
[2026-08-15 18:24:59.248] *                          html  (_out/canary/projects/cairo/-run/result.html)
[2026-08-15 18:24:59.249] *                          index  (_out/canary/projects/index.html)
[2026-08-15 18:24:59.249] *                          invariant  (full.mmd: OK (7 nodes, 7 IDs))
[2026-08-15 18:24:59.249] *                          invariant  (binding_ocaml.mmd: OK (6 nodes, 7 IDs))
[2026-08-15 18:24:59.250] *                          invariant  (source.mmd: OK (5 nodes, 7 IDs))
[2026-08-15 18:24:59.250] *                          invariant  (lib.mmd: OK (6 nodes, 7 IDs))
[2026-08-15 18:24:59.250] *                          invariant  (all.mmd: OK (5 nodes, 7 IDs))
[2026-08-15 18:24:59.250] *                          invariant  (probes.mmd: OK (7 nodes, 7 IDs))
[2026-08-15 18:24:59.250] *                          invariant  (ALL OK)
[2026-08-15 18:50:17.686] *                          variant_start  (source-fetched_lib-fetched_ocaml_binding-fetched)
[2026-08-15 18:50:17.686] *                          graph_start  (7 steps)
[2026-08-15 18:50:17.686] fetch_source               skip  (verdict marker (prior success))
[2026-08-15 18:50:17.686] fetch_lib                  skip  (verdict marker (prior success))
[2026-08-15 18:50:17.686] fetch_binding_ocaml        skip  (verdict marker (prior success))
[2026-08-15 18:50:17.686] probe_binding_ocaml        skip  (verdict marker (prior success))
[2026-08-15 18:50:17.686] probe_binding_ocaml_inspect  skip  (verdict marker (prior success))
[2026-08-15 18:50:17.686] probe_lib                  skip  (verdict marker (prior success))
[2026-08-15 18:50:17.686] probe_lib_inspect          skip  (verdict marker (prior success))
[2026-08-15 18:50:17.686] *                          graph_end  (7/7 completed)
[2026-08-15 18:50:17.686] *                          diagram  (_out/canary/projects/cairo/-run/diagrams/all.mmd)
[2026-08-15 18:50:17.686] *                          diagram  (_out/canary/projects/cairo/-run/diagrams/full.mmd)
[2026-08-15 18:50:17.686] *                          view  (source (1 steps))
[2026-08-15 18:50:17.686] *                          view  (lib (3 steps))
[2026-08-15 18:50:17.686] *                          view  (probes (4 steps))
[2026-08-15 18:50:17.687] *                          view  (binding_ocaml (3 steps))
[2026-08-15 18:50:17.687] *                          html  (_out/canary/projects/cairo/-run/result.html)
[2026-08-15 18:50:17.688] *                          index  (_out/canary/projects/index.html)
[2026-08-15 18:50:17.688] *                          invariant  (full.mmd: OK (7 nodes, 7 IDs))
[2026-08-15 18:50:17.688] *                          invariant  (binding_ocaml.mmd: OK (6 nodes, 7 IDs))
[2026-08-15 18:50:17.688] *                          invariant  (source.mmd: OK (5 nodes, 7 IDs))
[2026-08-15 18:50:17.688] *                          invariant  (lib.mmd: OK (6 nodes, 7 IDs))
[2026-08-15 18:50:17.689] *                          invariant  (all.mmd: OK (5 nodes, 7 IDs))
[2026-08-15 18:50:17.689] *                          invariant  (probes.mmd: OK (7 nodes, 7 IDs))
[2026-08-15 18:50:17.689] *                          invariant  (ALL OK)
[2026-08-16 17:02:56.197] *                          variant_start  (source-fetched_lib-fetched_ocaml_binding-fetched)
[2026-08-16 17:02:56.197] *                          graph_start  (7 steps)
[2026-08-16 17:02:56.197] fetch_source               skip  (verdict marker (prior success))
[2026-08-16 17:02:56.197] fetch_lib                  skip  (verdict marker (prior success))
[2026-08-16 17:02:56.197] fetch_binding_ocaml        skip  (verdict marker (prior success))
[2026-08-16 17:02:56.197] probe_binding_ocaml        skip  (verdict marker (prior success))
[2026-08-16 17:02:56.197] probe_binding_ocaml_inspect  skip  (verdict marker (prior success))
[2026-08-16 17:02:56.197] probe_lib                  skip  (verdict marker (prior success))
[2026-08-16 17:02:56.197] probe_lib_inspect          skip  (verdict marker (prior success))
[2026-08-16 17:02:56.197] *                          graph_end  (7/7 completed)
[2026-08-16 17:02:56.198] *                          diagram  (_out/canary/projects/cairo/-run/diagrams/all.mmd)
[2026-08-16 17:02:56.198] *                          diagram  (_out/canary/projects/cairo/-run/diagrams/full.mmd)
[2026-08-16 17:02:56.198] *                          view  (source (1 steps))
[2026-08-16 17:02:56.199] *                          view  (lib (3 steps))
[2026-08-16 17:02:56.199] *                          view  (probes (4 steps))
[2026-08-16 17:02:56.200] *                          view  (binding_ocaml (3 steps))
[2026-08-16 17:02:56.200] *                          html  (_out/canary/projects/cairo/-run/result.html)
[2026-08-16 17:02:56.201] *                          index  (_out/canary/projects/index.html)
[2026-08-16 17:02:56.201] *                          invariant  (full.mmd: OK (7 nodes, 7 IDs))
[2026-08-16 17:02:56.201] *                          invariant  (binding_ocaml.mmd: OK (6 nodes, 7 IDs))
[2026-08-16 17:02:56.202] *                          invariant  (source.mmd: OK (5 nodes, 7 IDs))
[2026-08-16 17:02:56.202] *                          invariant  (lib.mmd: OK (6 nodes, 7 IDs))
[2026-08-16 17:02:56.202] *                          invariant  (all.mmd: OK (5 nodes, 7 IDs))
[2026-08-16 17:02:56.202] *                          invariant  (probes.mmd: OK (7 nodes, 7 IDs))
[2026-08-16 17:02:56.202] *                          invariant  (ALL OK)
[2026-08-16 17:15:56.763] *                          variant_start  (source-fetched_lib-fetched_ocaml_binding-fetched)
[2026-08-16 17:15:56.763] *                          graph_start  (7 steps)
[2026-08-16 17:15:56.763] fetch_source               skip  (verdict marker (prior success))
[2026-08-16 17:15:56.763] fetch_lib                  skip  (verdict marker (prior success))
[2026-08-16 17:15:56.763] fetch_binding_ocaml        skip  (verdict marker (prior success))
[2026-08-16 17:15:56.764] probe_binding_ocaml        skip  (verdict marker (prior success))
[2026-08-16 17:15:56.764] probe_binding_ocaml_inspect  skip  (verdict marker (prior success))
[2026-08-16 17:15:56.764] probe_lib                  skip  (verdict marker (prior success))
[2026-08-16 17:15:56.764] probe_lib_inspect          skip  (verdict marker (prior success))
[2026-08-16 17:15:56.764] *                          graph_end  (7/7 completed)
[2026-08-16 17:15:56.764] *                          diagram  (_out/canary/projects/cairo/-run/diagrams/all.mmd)
[2026-08-16 17:15:56.764] *                          diagram  (_out/canary/projects/cairo/-run/diagrams/full.mmd)
[2026-08-16 17:15:56.764] *                          view  (source (1 steps))
[2026-08-16 17:15:56.764] *                          view  (lib (3 steps))
[2026-08-16 17:15:56.765] *                          view  (probes (4 steps))
[2026-08-16 17:15:56.765] *                          view  (binding_ocaml (3 steps))
[2026-08-16 17:15:56.765] *                          html  (_out/canary/projects/cairo/-run/result.html)
[2026-08-16 17:15:56.766] *                          index  (_out/canary/projects/index.html)
[2026-08-16 17:15:56.766] *                          invariant  (full.mmd: OK (7 nodes, 7 IDs))
[2026-08-16 17:15:56.766] *                          invariant  (binding_ocaml.mmd: OK (6 nodes, 7 IDs))
[2026-08-16 17:15:56.766] *                          invariant  (source.mmd: OK (5 nodes, 7 IDs))
[2026-08-16 17:15:56.766] *                          invariant  (lib.mmd: OK (6 nodes, 7 IDs))
[2026-08-16 17:15:56.767] *                          invariant  (all.mmd: OK (5 nodes, 7 IDs))
[2026-08-16 17:15:56.767] *                          invariant  (probes.mmd: OK (7 nodes, 7 IDs))
[2026-08-16 17:15:56.767] *                          invariant  (ALL OK)
[2026-08-19 01:56:09.099] *                          variant_start  (source-fetched-1.18.0_lib-fetched_ocaml_binding-fetched)
[2026-08-19 01:56:09.099] *                          graph_start  (7 steps)
[2026-08-19 01:56:09.099] fetch_source               check_pre  (pass)
[2026-08-19 01:56:09.103] fetch_source               cmd  (if [ ! -d /home/red/code/contrib/cairo-all/cairo/.git ]; then git clone https://gitlab.freedesktop.org/cairo/cairo.git /home/red/code/contrib/cairo-all/cairo; fi && \
git -C /home/red/code/contrib/cairo-all/cairo fetch -q origin 1.18.0 && \
if [ ! -d /home/red/code/contrib/cairo-all/cairo-1.18.0 ]; then git -C /home/red/code/contrib/cairo-all/cairo worktree add -f /home/red/code/contrib/cairo-all/cairo-1.18.0 1.18.0; fi && \
git -C /home/red/code/contrib/cairo-all/cairo-1.18.0 checkout -q -f 1.18.0 && \
echo '/home/red/code/contrib/cairo-all/cairo-1.18.0' > /home/red/code/research/tola/_out/canary/projects/cairo/fetch_source/source_source-fetched-1.18.0_lib-fetched_ocaml_binding-fetched.ok)
[2026-08-19 01:56:09.949] fetch_source               detect  (ok, output present)
[2026-08-19 01:56:09.956] fetch_source               check_post  (pass)
[2026-08-19 01:56:09.956] fetch_source               done
[2026-08-19 01:56:09.959] fetch_lib                  check_pre  (pass)
[2026-08-19 01:56:09.961] fetch_lib                  cmd  (sudo apt-get install -y libcairo2-dev && echo 'installed' > /home/red/code/research/tola/_out/canary/projects/cairo/fetch_lib/lib_source-fetched-1.18.0_lib-fetched_ocaml_binding-fetched.ok)
[2026-08-19 01:56:10.281] fetch_lib                  detect  (ok, output present)
[2026-08-19 01:56:10.281] fetch_lib                  check_post  (pass)
[2026-08-19 01:56:10.281] fetch_lib                  done
[2026-08-19 01:56:10.283] fetch_binding_ocaml        check_pre  (pass)
[2026-08-19 01:56:10.285] fetch_binding_ocaml        cmd  (eval $(opam env) && opam install cairo2 -y --assume-depexts && eval $(opam env) && opam install -y ocamlfind && echo 'installed' > /home/red/code/research/tola/_out/canary/projects/cairo/fetch_binding/ocaml/binding_source-fetched-1.18.0_lib-fetched_ocaml_binding-fetched.ok)
[2026-08-19 01:56:11.199] fetch_binding_ocaml        detect  (ok, output present)
[2026-08-19 01:56:11.199] fetch_binding_ocaml        check_post  (pass)
[2026-08-19 01:56:11.199] fetch_binding_ocaml        done
[2026-08-19 01:56:11.201] probe_binding_ocaml        check_pre  (pass)
[2026-08-19 01:56:11.203] probe_binding_ocaml        cmd  (eval $(opam env)
ocamlfind ocamlopt -package cairo2 -linkpkg canary/examples/cairo/cairo_example.ml -o /home/red/code/research/tola/_out/canary/projects/cairo/probe_binding/ocaml/cairo_example > /home/red/code/research/tola/_out/canary/projects/cairo/probe_binding/ocaml/probe_source-fetched-1.18.0_lib-fetched_ocaml_binding-fetched.log 2>&1 && /home/red/code/research/tola/_out/canary/projects/cairo/probe_binding/ocaml/cairo_example >> /home/red/code/research/tola/_out/canary/projects/cairo/probe_binding/ocaml/probe_source-fetched-1.18.0_lib-fetched_ocaml_binding-fetched.log 2>&1
RC=$?
cat /home/red/code/research/tola/_out/canary/projects/cairo/probe_binding/ocaml/probe_source-fetched-1.18.0_lib-fetched_ocaml_binding-fetched.log
exit $RC)
[2026-08-19 01:56:11.328] probe_binding_ocaml        detect  (ok, output present)
[2026-08-19 01:56:11.328] probe_binding_ocaml        check_post  (pass)
[2026-08-19 01:56:11.328] probe_binding_ocaml        done
[2026-08-19 01:56:11.330] probe_binding_ocaml_inspect  check_pre  (pass)
[2026-08-19 01:56:11.332] probe_binding_ocaml_inspect  cmd  (eval $(opam env)
PKG_DIR=$(ocamlfind query 'cairo2' 2>/dev/null)
test -n "$PKG_DIR"
{ for f in "$PKG_DIR"/*.cmxa "$PKG_DIR"/*.cma; do
    [ -f "$f" ] && ocamlobjinfo "$f"
  done
} | python3 canary/scripts/inspect_ocaml.py --path 'cairo2' --watchlist 'Cairo' \
  > /home/red/code/research/tola/_out/canary/projects/cairo/probe_binding/ocaml/inspect_source-fetched-1.18.0_lib-fetched_ocaml_binding-fetched.json)
[2026-08-19 01:56:11.381] probe_binding_ocaml_inspect  detect  (ok, output present)
[2026-08-19 01:56:11.381] probe_binding_ocaml_inspect  check_post  (pass)
[2026-08-19 01:56:11.381] probe_binding_ocaml_inspect  done
[2026-08-19 01:56:11.383] probe_lib                  check_pre  (pass)
[2026-08-19 01:56:11.384] probe_lib                  cmd  (LIB_NATIVE=$(ls /usr/lib/x86_64-linux-gnu/libcairo.so* /usr/lib*/libcairo.so* 2>/dev/null \
        "$(brew --prefix cairo 2>/dev/null)/lib/libcairo.dylib" 2>/dev/null \
        | head -1)
test -n "$LIB_NATIVE" -a -e "$LIB_NATIVE"
COUNT=$(nm -D "$LIB_NATIVE" 2>/dev/null | grep -v ' U ' | grep -c 'cairo_' || echo 0)
printf 'cairo_ symbols exported: %s\n' "$COUNT" | tee /home/red/code/research/tola/_out/canary/projects/cairo/probe_lib/probe_source-fetched-1.18.0_lib-fetched_ocaml_binding-fetched.log
test "$COUNT" -gt 0)
[2026-08-19 01:56:11.431] probe_lib                  detect  (ok, output present)
[2026-08-19 01:56:11.431] probe_lib                  check_post  (pass)
[2026-08-19 01:56:11.431] probe_lib                  done
[2026-08-19 01:56:11.433] probe_lib_inspect          check_pre  (pass)
[2026-08-19 01:56:11.435] probe_lib_inspect          cmd  (LIB_NATIVE=$(ls /usr/lib/x86_64-linux-gnu/libcairo.so* /usr/lib*/libcairo.so* 2>/dev/null \
        "$(brew --prefix cairo 2>/dev/null)/lib/libcairo.dylib" 2>/dev/null \
        | head -1)
test -n "$LIB_NATIVE" -a -e "$LIB_NATIVE"
nm -D "$LIB_NATIVE" 2>/dev/null \
  | python3 canary/scripts/inspect_native.py --emit-symbols --elf --path "$LIB_NATIVE" --prefixes 'cairo_' --watchlist 'cairo_create,cairo_destroy,cairo_paint,cairo_move_to,cairo_line_to,cairo_stroke,cairo_image_surface_create,cairo_surface_destroy' \
  > /home/red/code/research/tola/_out/canary/projects/cairo/probe_lib/inspect_source-fetched-1.18.0_lib-fetched_ocaml_binding-fetched.json)
[2026-08-19 01:56:11.487] probe_lib_inspect          detect  (ok, output present)
[2026-08-19 01:56:11.487] probe_lib_inspect          check_post  (pass)
[2026-08-19 01:56:11.487] probe_lib_inspect          done
[2026-08-19 01:56:11.489] *                          graph_end  (7/7 completed)
[2026-08-19 01:56:11.489] *                          diagram  (_out/canary/projects/cairo/-run/diagrams/all.mmd)
[2026-08-19 01:56:11.489] *                          diagram  (_out/canary/projects/cairo/-run/diagrams/full.mmd)
[2026-08-19 01:56:11.490] *                          view  (source (1 steps))
[2026-08-19 01:56:11.490] *                          view  (lib (3 steps))
[2026-08-19 01:56:11.490] *                          view  (probes (4 steps))
[2026-08-19 01:56:11.492] *                          view  (binding_ocaml (3 steps))
[2026-08-19 01:56:11.492] *                          html  (_out/canary/projects/cairo/-run/result.html)
[2026-08-19 01:56:11.493] *                          index  (_out/canary/projects/index.html)
[2026-08-19 01:56:11.493] *                          invariant  (full.mmd: OK (7 nodes, 7 IDs))
[2026-08-19 01:56:11.493] *                          invariant  (binding_ocaml.mmd: OK (6 nodes, 7 IDs))
[2026-08-19 01:56:11.493] *                          invariant  (source.mmd: OK (5 nodes, 7 IDs))
[2026-08-19 01:56:11.493] *                          invariant  (lib.mmd: OK (6 nodes, 7 IDs))
[2026-08-19 01:56:11.493] *                          invariant  (all.mmd: OK (5 nodes, 7 IDs))
[2026-08-19 01:56:11.494] *                          invariant  (probes.mmd: OK (7 nodes, 7 IDs))
[2026-08-19 01:56:11.494] *                          invariant  (ALL OK)
[2026-08-19 23:36:45.399] *                          variant_start  (source-fetched-1.18.0_lib-fetched_ocaml_binding-fetched)
[2026-08-19 23:36:45.399] *                          graph_start  (7 steps)
[2026-08-19 23:36:45.411] fetch_source               warm_gate  (marker + fingerprint + check_post passed)
[2026-08-19 23:36:45.411] fetch_source               skip  (verdict marker (prior success))
[2026-08-19 23:36:45.411] fetch_lib                  warm_gate  (marker + fingerprint + check_post passed)
[2026-08-19 23:36:45.411] fetch_lib                  skip  (verdict marker (prior success))
[2026-08-19 23:36:45.411] fetch_binding_ocaml        warm_gate  (marker + fingerprint + check_post passed)
[2026-08-19 23:36:45.411] fetch_binding_ocaml        skip  (verdict marker (prior success))
[2026-08-19 23:36:45.412] probe_binding_ocaml        warm_gate  (marker + fingerprint + check_post passed)
[2026-08-19 23:36:45.412] probe_binding_ocaml        skip  (verdict marker (prior success))
[2026-08-19 23:36:45.412] probe_binding_ocaml_inspect  warm_gate  (marker + fingerprint + check_post passed)
[2026-08-19 23:36:45.412] probe_binding_ocaml_inspect  skip  (verdict marker (prior success))
[2026-08-19 23:36:45.412] probe_lib                  warm_gate  (marker + fingerprint + check_post passed)
[2026-08-19 23:36:45.412] probe_lib                  skip  (verdict marker (prior success))
[2026-08-19 23:36:45.412] probe_lib_inspect          warm_gate  (marker + fingerprint + check_post passed)
[2026-08-19 23:36:45.412] probe_lib_inspect          skip  (verdict marker (prior success))
[2026-08-19 23:36:45.412] *                          graph_end  (7/7 completed)
[2026-08-19 23:36:45.413] *                          diagram  (_out/canary/projects/cairo/-run/diagrams/all.mmd)
[2026-08-19 23:36:45.413] *                          diagram  (_out/canary/projects/cairo/-run/diagrams/full.mmd)
[2026-08-19 23:36:45.413] *                          view  (source (1 steps))
[2026-08-19 23:36:45.414] *                          view  (lib (3 steps))
[2026-08-19 23:36:45.414] *                          view  (probes (4 steps))
[2026-08-19 23:36:45.414] *                          view  (binding_ocaml (3 steps))
[2026-08-19 23:36:45.416] *                          html  (_out/canary/projects/cairo/-run/result.html)
[2026-08-19 23:36:45.417] *                          index  (_out/canary/projects/index.html)
[2026-08-19 23:36:45.417] *                          invariant  (full.mmd: OK (7 nodes, 7 IDs))
[2026-08-19 23:36:45.417] *                          invariant  (binding_ocaml.mmd: OK (6 nodes, 7 IDs))
[2026-08-19 23:36:45.417] *                          invariant  (source.mmd: OK (5 nodes, 7 IDs))
[2026-08-19 23:36:45.417] *                          invariant  (lib.mmd: OK (6 nodes, 7 IDs))
[2026-08-19 23:36:45.418] *                          invariant  (all.mmd: OK (5 nodes, 7 IDs))
[2026-08-19 23:36:45.418] *                          invariant  (probes.mmd: OK (7 nodes, 7 IDs))
[2026-08-19 23:36:45.418] *                          invariant  (ALL OK)
[2026-08-19 23:36:45.460] *                          variant_start  (source-fetched-1.18.0_lib-vendored-dev_ocaml_binding-fetched)
[2026-08-19 23:36:45.460] *                          graph_start  (7 steps)
[2026-08-19 23:36:45.460] fetch_source               check_pre  (pass)
[2026-08-19 23:36:45.464] fetch_source               cmd  (if [ ! -d /home/red/code/contrib/cairo-all/cairo/.git ]; then git clone https://gitlab.freedesktop.org/cairo/cairo.git /home/red/code/contrib/cairo-all/cairo; fi && \
git -C /home/red/code/contrib/cairo-all/cairo fetch -q origin 1.18.0 && \
if [ ! -d /home/red/code/contrib/cairo-all/cairo-1.18.0 ]; then git -C /home/red/code/contrib/cairo-all/cairo worktree add -f /home/red/code/contrib/cairo-all/cairo-1.18.0 1.18.0; fi && \
git -C /home/red/code/contrib/cairo-all/cairo-1.18.0 checkout -q -f 1.18.0 && \
echo '/home/red/code/contrib/cairo-all/cairo-1.18.0' > /home/red/code/research/tola/_out/canary/projects/cairo/fetch_source/source_source-fetched-1.18.0_lib-vendored-dev_ocaml_binding-fetched.ok)
[2026-08-19 23:36:46.693] fetch_source               detect  (ok, output present)
[2026-08-19 23:36:46.700] fetch_source               check_post  (pass)
[2026-08-19 23:36:46.700] fetch_source               done
[2026-08-19 23:36:46.704] fetch_lib                  check_pre  (pass)
[2026-08-19 23:36:46.706] fetch_lib                  cmd  (sudo apt-get install -y libcairo2-dev && echo 'installed' > /home/red/code/research/tola/_out/canary/projects/cairo/fetch_lib/lib_source-fetched-1.18.0_lib-vendored-dev_ocaml_binding-fetched.ok)
[2026-08-19 23:36:47.087] fetch_lib                  detect  (ok, output present)
[2026-08-19 23:36:47.087] fetch_lib                  check_post  (pass)
[2026-08-19 23:36:47.087] fetch_lib                  done
[2026-08-19 23:36:47.089] fetch_binding_ocaml        check_pre  (pass)
[2026-08-19 23:36:47.091] fetch_binding_ocaml        cmd  (eval $(opam env) && opam install cairo2 -y --assume-depexts && eval $(opam env) && opam install -y ocamlfind && echo 'installed' > /home/red/code/research/tola/_out/canary/projects/cairo/fetch_binding/ocaml/binding_source-fetched-1.18.0_lib-vendored-dev_ocaml_binding-fetched.ok)
[2026-08-19 23:36:48.067] fetch_binding_ocaml        detect  (ok, output present)
[2026-08-19 23:36:48.067] fetch_binding_ocaml        check_post  (pass)
[2026-08-19 23:36:48.067] fetch_binding_ocaml        done
[2026-08-19 23:36:48.069] probe_binding_ocaml        check_pre  (pass)
[2026-08-19 23:36:48.071] probe_binding_ocaml        cmd  (eval $(opam env)
ocamlfind ocamlopt -package cairo2 -linkpkg canary/examples/cairo/cairo_example.ml -o /home/red/code/research/tola/_out/canary/projects/cairo/probe_binding/ocaml/cairo_example > /home/red/code/research/tola/_out/canary/projects/cairo/probe_binding/ocaml/probe_source-fetched-1.18.0_lib-vendored-dev_ocaml_binding-fetched.log 2>&1 && /home/red/code/research/tola/_out/canary/projects/cairo/probe_binding/ocaml/cairo_example >> /home/red/code/research/tola/_out/canary/projects/cairo/probe_binding/ocaml/probe_source-fetched-1.18.0_lib-vendored-dev_ocaml_binding-fetched.log 2>&1
RC=$?
cat /home/red/code/research/tola/_out/canary/projects/cairo/probe_binding/ocaml/probe_source-fetched-1.18.0_lib-vendored-dev_ocaml_binding-fetched.log
exit $RC)
[2026-08-19 23:36:48.198] probe_binding_ocaml        detect  (ok, output present)
[2026-08-19 23:36:48.198] probe_binding_ocaml        check_post  (pass)
[2026-08-19 23:36:48.198] probe_binding_ocaml        done
[2026-08-19 23:36:48.200] probe_binding_ocaml_inspect  check_pre  (pass)
[2026-08-19 23:36:48.202] probe_binding_ocaml_inspect  cmd  (eval $(opam env)
PKG_DIR=$(ocamlfind query 'cairo2' 2>/dev/null)
test -n "$PKG_DIR"
{ for f in "$PKG_DIR"/*.cmxa "$PKG_DIR"/*.cma; do
    [ -f "$f" ] && ocamlobjinfo "$f"
  done
} | python3 canary/scripts/inspect_ocaml.py --path 'cairo2' --watchlist 'Cairo' \
  > /home/red/code/research/tola/_out/canary/projects/cairo/probe_binding/ocaml/inspect_source-fetched-1.18.0_lib-vendored-dev_ocaml_binding-fetched.json)
[2026-08-19 23:36:48.252] probe_binding_ocaml_inspect  detect  (ok, output present)
[2026-08-19 23:36:48.252] probe_binding_ocaml_inspect  check_post  (pass)
[2026-08-19 23:36:48.252] probe_binding_ocaml_inspect  done
[2026-08-19 23:36:48.254] probe_lib                  check_pre  (pass)
[2026-08-19 23:36:48.256] probe_lib                  cmd  (LIB_NATIVE=$(ls /home/red/code/contrib/cairo-all/prebuilt/cairo-1.18.4/lib/libcairo.so* 2>/dev/null | head -1)
test -n "$LIB_NATIVE" -a -e "$LIB_NATIVE" || { echo "PREBUILT MISSING: /home/red/code/contrib/cairo-all/prebuilt/cairo-1.18.4/lib — run `canary prebuilt cairo` first" >&2; exit 1; }
COUNT=$(nm -D "$LIB_NATIVE" 2>/dev/null | grep -v ' U ' | grep -c 'cairo_' || echo 0)
printf 'cairo_ symbols exported: %s\n' "$COUNT" | tee /home/red/code/research/tola/_out/canary/projects/cairo/probe_lib/probe_source-fetched-1.18.0_lib-vendored-dev_ocaml_binding-fetched.log
test "$COUNT" -gt 0)
[2026-08-19 23:36:48.303] probe_lib                  detect  (ok, output present)
[2026-08-19 23:36:48.303] probe_lib                  check_post  (pass)
[2026-08-19 23:36:48.303] probe_lib                  done
[2026-08-19 23:36:48.305] probe_lib_inspect          check_pre  (pass)
[2026-08-19 23:36:48.307] probe_lib_inspect          cmd  (LIB_NATIVE=$(ls /home/red/code/contrib/cairo-all/prebuilt/cairo-1.18.4/lib/libcairo.so* 2>/dev/null | head -1)
test -n "$LIB_NATIVE" -a -e "$LIB_NATIVE" || { echo "PREBUILT MISSING: /home/red/code/contrib/cairo-all/prebuilt/cairo-1.18.4/lib — run `canary prebuilt cairo` first" >&2; exit 1; }
nm -D "$LIB_NATIVE" 2>/dev/null \
  | python3 canary/scripts/inspect_native.py --emit-symbols --elf --path "$LIB_NATIVE" --prefixes 'cairo_' --watchlist 'cairo_create,cairo_destroy,cairo_paint,cairo_move_to,cairo_line_to,cairo_stroke,cairo_image_surface_create,cairo_surface_destroy' \
  > /home/red/code/research/tola/_out/canary/projects/cairo/probe_lib/inspect_source-fetched-1.18.0_lib-vendored-dev_ocaml_binding-fetched.json)
[2026-08-19 23:36:48.361] probe_lib_inspect          detect  (ok, output present)
[2026-08-19 23:36:48.361] probe_lib_inspect          check_post  (pass)
[2026-08-19 23:36:48.361] probe_lib_inspect          done
[2026-08-19 23:36:48.363] *                          graph_end  (7/7 completed)
[2026-08-19 23:36:48.363] *                          diagram  (_out/canary/projects/cairo/-run/diagrams/all.mmd)
[2026-08-19 23:36:48.363] *                          diagram  (_out/canary/projects/cairo/-run/diagrams/full.mmd)
[2026-08-19 23:36:48.364] *                          view  (source (1 steps))
[2026-08-19 23:36:48.364] *                          view  (lib (3 steps))
[2026-08-19 23:36:48.364] *                          view  (probes (4 steps))
[2026-08-19 23:36:48.364] *                          view  (binding_ocaml (3 steps))
[2026-08-19 23:36:48.365] *                          html  (_out/canary/projects/cairo/-run/result.html)
[2026-08-19 23:36:48.366] *                          index  (_out/canary/projects/index.html)
[2026-08-19 23:36:48.366] *                          invariant  (full.mmd: OK (7 nodes, 7 IDs))
[2026-08-19 23:36:48.366] *                          invariant  (binding_ocaml.mmd: OK (6 nodes, 7 IDs))
[2026-08-19 23:36:48.366] *                          invariant  (source.mmd: OK (5 nodes, 7 IDs))
[2026-08-19 23:36:48.366] *                          invariant  (lib.mmd: OK (6 nodes, 7 IDs))
[2026-08-19 23:36:48.366] *                          invariant  (all.mmd: OK (5 nodes, 7 IDs))
[2026-08-19 23:36:48.366] *                          invariant  (probes.mmd: OK (7 nodes, 7 IDs))
[2026-08-19 23:36:48.366] *                          invariant  (ALL OK)
[2026-08-19 23:53:26.943] *                          variant_start  (source-fetched-1.18.0_lib-fetched_ocaml_binding-fetched)
[2026-08-19 23:53:26.943] *                          graph_start  (7 steps)
[2026-08-19 23:53:26.952] fetch_source               warm_gate  (marker + fingerprint + check_post passed)
[2026-08-19 23:53:26.952] fetch_source               skip  (verdict marker (prior success))
[2026-08-19 23:53:26.952] fetch_lib                  warm_gate  (marker + fingerprint + check_post passed)
[2026-08-19 23:53:26.952] fetch_lib                  skip  (verdict marker (prior success))
[2026-08-19 23:53:26.952] fetch_binding_ocaml        warm_gate  (marker + fingerprint + check_post passed)
[2026-08-19 23:53:26.952] fetch_binding_ocaml        skip  (verdict marker (prior success))
[2026-08-19 23:53:26.952] probe_binding_ocaml        warm_gate  (marker + fingerprint + check_post passed)
[2026-08-19 23:53:26.952] probe_binding_ocaml        skip  (verdict marker (prior success))
[2026-08-19 23:53:26.952] probe_binding_ocaml_inspect  warm_gate  (marker + fingerprint + check_post passed)
[2026-08-19 23:53:26.952] probe_binding_ocaml_inspect  skip  (verdict marker (prior success))
[2026-08-19 23:53:26.952] probe_lib                  warm_gate  (marker + fingerprint + check_post passed)
[2026-08-19 23:53:26.952] probe_lib                  skip  (verdict marker (prior success))
[2026-08-19 23:53:26.952] probe_lib_inspect          warm_gate  (marker + fingerprint + check_post passed)
[2026-08-19 23:53:26.952] probe_lib_inspect          skip  (verdict marker (prior success))
[2026-08-19 23:53:26.952] *                          graph_end  (7/7 completed)
[2026-08-19 23:53:26.952] *                          diagram  (_out/canary/projects/cairo/-run/diagrams/all.mmd)
[2026-08-19 23:53:26.953] *                          diagram  (_out/canary/projects/cairo/-run/diagrams/full.mmd)
[2026-08-19 23:53:26.953] *                          view  (source (1 steps))
[2026-08-19 23:53:26.953] *                          view  (lib (3 steps))
[2026-08-19 23:53:26.953] *                          view  (probes (4 steps))
[2026-08-19 23:53:26.953] *                          view  (binding_ocaml (3 steps))
[2026-08-19 23:53:26.955] *                          html  (_out/canary/projects/cairo/-run/result.html)
[2026-08-19 23:53:26.956] *                          index  (_out/canary/projects/index.html)
[2026-08-19 23:53:26.956] *                          invariant  (full.mmd: OK (7 nodes, 7 IDs))
[2026-08-19 23:53:26.956] *                          invariant  (binding_ocaml.mmd: OK (6 nodes, 7 IDs))
[2026-08-19 23:53:26.956] *                          invariant  (source.mmd: OK (5 nodes, 7 IDs))
[2026-08-19 23:53:26.956] *                          invariant  (lib.mmd: OK (6 nodes, 7 IDs))
[2026-08-19 23:53:26.956] *                          invariant  (all.mmd: OK (5 nodes, 7 IDs))
[2026-08-19 23:53:26.957] *                          invariant  (probes.mmd: OK (7 nodes, 7 IDs))
[2026-08-19 23:53:26.957] *                          invariant  (ALL OK)
[2026-08-19 23:53:26.996] *                          variant_start  (source-fetched-1.18.0_lib-vendored-dev_ocaml_binding-fetched)
[2026-08-19 23:53:26.996] *                          graph_start  (7 steps)
[2026-08-19 23:53:27.005] fetch_source               warm_gate  (marker + fingerprint + check_post passed)
[2026-08-19 23:53:27.005] fetch_source               skip  (verdict marker (prior success))
[2026-08-19 23:53:27.006] fetch_lib                  warm_gate  (marker + fingerprint + check_post passed)
[2026-08-19 23:53:27.006] fetch_lib                  skip  (verdict marker (prior success))
[2026-08-19 23:53:27.006] fetch_binding_ocaml        warm_gate  (marker + fingerprint + check_post passed)
[2026-08-19 23:53:27.006] fetch_binding_ocaml        skip  (verdict marker (prior success))
[2026-08-19 23:53:27.006] probe_binding_ocaml        warm_gate  (marker + fingerprint + check_post passed)
[2026-08-19 23:53:27.006] probe_binding_ocaml        skip  (verdict marker (prior success))
[2026-08-19 23:53:27.006] probe_binding_ocaml_inspect  warm_gate  (marker + fingerprint + check_post passed)
[2026-08-19 23:53:27.006] probe_binding_ocaml_inspect  skip  (verdict marker (prior success))
[2026-08-19 23:53:27.006] probe_lib                  warm_gate  (marker + fingerprint + check_post passed)
[2026-08-19 23:53:27.006] probe_lib                  skip  (verdict marker (prior success))
[2026-08-19 23:53:27.006] probe_lib_inspect          warm_gate  (marker + fingerprint + check_post passed)
[2026-08-19 23:53:27.006] probe_lib_inspect          skip  (verdict marker (prior success))
[2026-08-19 23:53:27.006] *                          graph_end  (7/7 completed)
[2026-08-19 23:53:27.007] *                          diagram  (_out/canary/projects/cairo/-run/diagrams/all.mmd)
[2026-08-19 23:53:27.007] *                          diagram  (_out/canary/projects/cairo/-run/diagrams/full.mmd)
[2026-08-19 23:53:27.007] *                          view  (source (1 steps))
[2026-08-19 23:53:27.007] *                          view  (lib (3 steps))
[2026-08-19 23:53:27.007] *                          view  (probes (4 steps))
[2026-08-19 23:53:27.008] *                          view  (binding_ocaml (3 steps))
[2026-08-19 23:53:27.008] *                          html  (_out/canary/projects/cairo/-run/result.html)
[2026-08-19 23:53:27.009] *                          index  (_out/canary/projects/index.html)
[2026-08-19 23:53:27.009] *                          invariant  (full.mmd: OK (7 nodes, 7 IDs))
[2026-08-19 23:53:27.009] *                          invariant  (binding_ocaml.mmd: OK (6 nodes, 7 IDs))
[2026-08-19 23:53:27.009] *                          invariant  (source.mmd: OK (5 nodes, 7 IDs))
[2026-08-19 23:53:27.009] *                          invariant  (lib.mmd: OK (6 nodes, 7 IDs))
[2026-08-19 23:53:27.009] *                          invariant  (all.mmd: OK (5 nodes, 7 IDs))
[2026-08-19 23:53:27.009] *                          invariant  (probes.mmd: OK (7 nodes, 7 IDs))
[2026-08-19 23:53:27.009] *                          invariant  (ALL OK)
[2026-08-19 23:54:19.113] *                          variant_start  (source-fetched-1.18.0_lib-fetched_ocaml_binding-fetched)
[2026-08-19 23:54:19.113] *                          graph_start  (7 steps)
[2026-08-19 23:54:19.121] fetch_source               warm_gate  (marker + fingerprint + check_post passed)
[2026-08-19 23:54:19.121] fetch_source               skip  (verdict marker (prior success))
[2026-08-19 23:54:19.121] fetch_lib                  warm_gate  (marker + fingerprint + check_post passed)
[2026-08-19 23:54:19.121] fetch_lib                  skip  (verdict marker (prior success))
[2026-08-19 23:54:19.121] fetch_binding_ocaml        warm_gate  (marker + fingerprint + check_post passed)
[2026-08-19 23:54:19.121] fetch_binding_ocaml        skip  (verdict marker (prior success))
[2026-08-19 23:54:19.121] probe_binding_ocaml        warm_gate  (marker + fingerprint + check_post passed)
[2026-08-19 23:54:19.121] probe_binding_ocaml        skip  (verdict marker (prior success))
[2026-08-19 23:54:19.121] probe_binding_ocaml_inspect  warm_gate  (marker + fingerprint + check_post passed)
[2026-08-19 23:54:19.121] probe_binding_ocaml_inspect  skip  (verdict marker (prior success))
[2026-08-19 23:54:19.121] probe_lib                  warm_gate  (marker + fingerprint + check_post passed)
[2026-08-19 23:54:19.121] probe_lib                  skip  (verdict marker (prior success))
[2026-08-19 23:54:19.121] probe_lib_inspect          warm_gate  (marker + fingerprint + check_post passed)
[2026-08-19 23:54:19.121] probe_lib_inspect          skip  (verdict marker (prior success))
[2026-08-19 23:54:19.121] *                          graph_end  (7/7 completed)
[2026-08-19 23:54:19.122] *                          diagram  (_out/canary/projects/cairo/-run/diagrams/all.mmd)
[2026-08-19 23:54:19.122] *                          diagram  (_out/canary/projects/cairo/-run/diagrams/full.mmd)
[2026-08-19 23:54:19.122] *                          view  (source (1 steps))
[2026-08-19 23:54:19.122] *                          view  (lib (3 steps))
[2026-08-19 23:54:19.122] *                          view  (probes (4 steps))
[2026-08-19 23:54:19.122] *                          view  (binding_ocaml (3 steps))
[2026-08-19 23:54:19.124] *                          html  (_out/canary/projects/cairo/-run/result.html)
[2026-08-19 23:54:19.125] *                          index  (_out/canary/projects/index.html)
[2026-08-19 23:54:19.125] *                          invariant  (full.mmd: OK (7 nodes, 7 IDs))
[2026-08-19 23:54:19.125] *                          invariant  (binding_ocaml.mmd: OK (6 nodes, 7 IDs))
[2026-08-19 23:54:19.125] *                          invariant  (source.mmd: OK (5 nodes, 7 IDs))
[2026-08-19 23:54:19.125] *                          invariant  (lib.mmd: OK (6 nodes, 7 IDs))
[2026-08-19 23:54:19.125] *                          invariant  (all.mmd: OK (5 nodes, 7 IDs))
[2026-08-19 23:54:19.125] *                          invariant  (probes.mmd: OK (7 nodes, 7 IDs))
[2026-08-19 23:54:19.125] *                          invariant  (ALL OK)
[2026-08-19 23:54:19.161] *                          variant_start  (source-fetched-1.18.0_lib-vendored-dev_ocaml_binding-fetched)
[2026-08-19 23:54:19.161] *                          graph_start  (7 steps)
[2026-08-19 23:54:19.169] fetch_source               warm_gate  (marker + fingerprint + check_post passed)
[2026-08-19 23:54:19.169] fetch_source               skip  (verdict marker (prior success))
[2026-08-19 23:54:19.169] fetch_lib                  warm_gate  (marker + fingerprint + check_post passed)
[2026-08-19 23:54:19.169] fetch_lib                  skip  (verdict marker (prior success))
[2026-08-19 23:54:19.169] fetch_binding_ocaml        warm_gate  (marker + fingerprint + check_post passed)
[2026-08-19 23:54:19.169] fetch_binding_ocaml        skip  (verdict marker (prior success))
[2026-08-19 23:54:19.169] probe_lib                  warm_gate  (marker + fingerprint + check_post passed)
[2026-08-19 23:54:19.169] probe_lib                  skip  (verdict marker (prior success))
[2026-08-19 23:54:19.169] probe_lib_inspect          warm_gate  (marker + fingerprint + check_post passed)
[2026-08-19 23:54:19.170] probe_lib_inspect          skip  (verdict marker (prior success))
[2026-08-19 23:54:19.170] probe_binding_ocaml        check_pre  (pass)
[2026-08-19 23:54:19.171] probe_binding_ocaml        cmd  (eval $(opam env)
ocamlfind ocamlopt -package cairo2 -linkpkg canary/examples/cairo/cairo_example.ml -o /home/red/code/research/tola/_out/canary/projects/cairo/probe_binding/ocaml/cairo_example > /home/red/code/research/tola/_out/canary/projects/cairo/probe_binding/ocaml/probe_source-fetched-1.18.0_lib-vendored-dev_ocaml_binding-fetched.log 2>&1 && /home/red/code/research/tola/_out/canary/projects/cairo/probe_binding/ocaml/cairo_example >> /home/red/code/research/tola/_out/canary/projects/cairo/probe_binding/ocaml/probe_source-fetched-1.18.0_lib-vendored-dev_ocaml_binding-fetched.log 2>&1
RC=$?
cat /home/red/code/research/tola/_out/canary/projects/cairo/probe_binding/ocaml/probe_source-fetched-1.18.0_lib-vendored-dev_ocaml_binding-fetched.log
exit $RC)
[2026-08-19 23:54:19.278] probe_binding_ocaml        detect  (ok, output present)
[2026-08-19 23:54:19.278] probe_binding_ocaml        check_post  (pass)
[2026-08-19 23:54:19.278] probe_binding_ocaml        done
[2026-08-19 23:54:19.280] probe_binding_ocaml_inspect  check_pre  (pass)
[2026-08-19 23:54:19.282] probe_binding_ocaml_inspect  cmd  (eval $(opam env)
PKG_DIR=$(ocamlfind query 'cairo2' 2>/dev/null)
test -n "$PKG_DIR"
{ for f in "$PKG_DIR"/*.cmxa "$PKG_DIR"/*.cma; do
    [ -f "$f" ] && ocamlobjinfo "$f"
  done
} | python3 canary/scripts/inspect_ocaml.py --path 'cairo2' --watchlist 'Cairo' \
  > /home/red/code/research/tola/_out/canary/projects/cairo/probe_binding/ocaml/inspect_source-fetched-1.18.0_lib-vendored-dev_ocaml_binding-fetched.json)
[2026-08-19 23:54:19.332] probe_binding_ocaml_inspect  detect  (ok, output present)
[2026-08-19 23:54:19.332] probe_binding_ocaml_inspect  check_post  (pass)
[2026-08-19 23:54:19.332] probe_binding_ocaml_inspect  done
[2026-08-19 23:54:19.334] *                          graph_end  (7/7 completed)
[2026-08-19 23:54:19.335] *                          diagram  (_out/canary/projects/cairo/-run/diagrams/all.mmd)
[2026-08-19 23:54:19.335] *                          diagram  (_out/canary/projects/cairo/-run/diagrams/full.mmd)
[2026-08-19 23:54:19.335] *                          view  (source (1 steps))
[2026-08-19 23:54:19.335] *                          view  (lib (3 steps))
[2026-08-19 23:54:19.335] *                          view  (probes (4 steps))
[2026-08-19 23:54:19.335] *                          view  (binding_ocaml (3 steps))
[2026-08-19 23:54:19.335] *                          html  (_out/canary/projects/cairo/-run/result.html)
[2026-08-19 23:54:19.336] *                          index  (_out/canary/projects/index.html)
[2026-08-19 23:54:19.336] *                          invariant  (full.mmd: OK (7 nodes, 7 IDs))
[2026-08-19 23:54:19.336] *                          invariant  (binding_ocaml.mmd: OK (6 nodes, 7 IDs))
[2026-08-19 23:54:19.336] *                          invariant  (source.mmd: OK (5 nodes, 7 IDs))
[2026-08-19 23:54:19.337] *                          invariant  (lib.mmd: OK (6 nodes, 7 IDs))
[2026-08-19 23:54:19.337] *                          invariant  (all.mmd: OK (5 nodes, 7 IDs))
[2026-08-19 23:54:19.337] *                          invariant  (probes.mmd: OK (7 nodes, 7 IDs))
[2026-08-19 23:54:19.337] *                          invariant  (ALL OK)
[2026-08-19 23:54:57.941] *                          variant_start  (source-fetched-1.18.0_lib-fetched_ocaml_binding-fetched)
[2026-08-19 23:54:57.941] *                          graph_start  (7 steps)
[2026-08-19 23:54:57.950] fetch_source               warm_gate  (marker + fingerprint + check_post passed)
[2026-08-19 23:54:57.950] fetch_source               skip  (verdict marker (prior success))
[2026-08-19 23:54:57.950] fetch_lib                  warm_gate  (marker + fingerprint + check_post passed)
[2026-08-19 23:54:57.950] fetch_lib                  skip  (verdict marker (prior success))
[2026-08-19 23:54:57.950] fetch_binding_ocaml        warm_gate  (marker + fingerprint + check_post passed)
[2026-08-19 23:54:57.950] fetch_binding_ocaml        skip  (verdict marker (prior success))
[2026-08-19 23:54:57.950] probe_binding_ocaml        warm_gate  (marker + fingerprint + check_post passed)
[2026-08-19 23:54:57.950] probe_binding_ocaml        skip  (verdict marker (prior success))
[2026-08-19 23:54:57.950] probe_binding_ocaml_inspect  warm_gate  (marker + fingerprint + check_post passed)
[2026-08-19 23:54:57.950] probe_binding_ocaml_inspect  skip  (verdict marker (prior success))
[2026-08-19 23:54:57.950] probe_lib                  warm_gate  (marker + fingerprint + check_post passed)
[2026-08-19 23:54:57.950] probe_lib                  skip  (verdict marker (prior success))
[2026-08-19 23:54:57.951] probe_lib_inspect          warm_gate  (marker + fingerprint + check_post passed)
[2026-08-19 23:54:57.951] probe_lib_inspect          skip  (verdict marker (prior success))
[2026-08-19 23:54:57.951] *                          graph_end  (7/7 completed)
[2026-08-19 23:54:57.951] *                          diagram  (_out/canary/projects/cairo/-run/diagrams/all.mmd)
[2026-08-19 23:54:57.951] *                          diagram  (_out/canary/projects/cairo/-run/diagrams/full.mmd)
[2026-08-19 23:54:57.951] *                          view  (source (1 steps))
[2026-08-19 23:54:57.951] *                          view  (lib (3 steps))
[2026-08-19 23:54:57.951] *                          view  (probes (4 steps))
[2026-08-19 23:54:57.952] *                          view  (binding_ocaml (3 steps))
[2026-08-19 23:54:57.954] *                          html  (_out/canary/projects/cairo/-run/result.html)
[2026-08-19 23:54:57.954] *                          index  (_out/canary/projects/index.html)
[2026-08-19 23:54:57.954] *                          invariant  (full.mmd: OK (7 nodes, 7 IDs))
[2026-08-19 23:54:57.954] *                          invariant  (binding_ocaml.mmd: OK (6 nodes, 7 IDs))
[2026-08-19 23:54:57.955] *                          invariant  (source.mmd: OK (5 nodes, 7 IDs))
[2026-08-19 23:54:57.955] *                          invariant  (lib.mmd: OK (6 nodes, 7 IDs))
[2026-08-19 23:54:57.955] *                          invariant  (all.mmd: OK (5 nodes, 7 IDs))
[2026-08-19 23:54:57.955] *                          invariant  (probes.mmd: OK (7 nodes, 7 IDs))
[2026-08-19 23:54:57.955] *                          invariant  (ALL OK)
[2026-08-19 23:54:57.994] *                          variant_start  (source-fetched-1.18.0_lib-vendored-dev_ocaml_binding-fetched)
[2026-08-19 23:54:57.994] *                          graph_start  (7 steps)
[2026-08-19 23:54:58.002] fetch_source               warm_gate  (marker + fingerprint + check_post passed)
[2026-08-19 23:54:58.003] fetch_source               skip  (verdict marker (prior success))
[2026-08-19 23:54:58.003] fetch_lib                  warm_gate  (marker + fingerprint + check_post passed)
[2026-08-19 23:54:58.003] fetch_lib                  skip  (verdict marker (prior success))
[2026-08-19 23:54:58.003] fetch_binding_ocaml        warm_gate  (marker + fingerprint + check_post passed)
[2026-08-19 23:54:58.003] fetch_binding_ocaml        skip  (verdict marker (prior success))
[2026-08-19 23:54:58.003] probe_binding_ocaml        marker_stale  (spec changed since the marker — re-running)
[2026-08-19 23:54:58.003] probe_binding_ocaml_inspect  warm_gate  (marker + fingerprint + check_post passed)
[2026-08-19 23:54:58.003] probe_binding_ocaml_inspect  skip  (verdict marker (prior success))
[2026-08-19 23:54:58.003] probe_lib                  warm_gate  (marker + fingerprint + check_post passed)
[2026-08-19 23:54:58.003] probe_lib                  skip  (verdict marker (prior success))
[2026-08-19 23:54:58.003] probe_lib_inspect          warm_gate  (marker + fingerprint + check_post passed)
[2026-08-19 23:54:58.003] probe_lib_inspect          skip  (verdict marker (prior success))
[2026-08-19 23:54:58.003] probe_binding_ocaml        check_pre  (pass)
[2026-08-19 23:54:58.005] probe_binding_ocaml        cmd  (eval $(opam env)
export LD_LIBRARY_PATH=/home/red/code/contrib/cairo-all/prebuilt/cairo-1.18.4/lib:$LD_LIBRARY_PATH
ocamlfind ocamlopt -package cairo2 -linkpkg canary/examples/cairo/cairo_example.ml -o /home/red/code/research/tola/_out/canary/projects/cairo/probe_binding/ocaml/cairo_example > /home/red/code/research/tola/_out/canary/projects/cairo/probe_binding/ocaml/probe_source-fetched-1.18.0_lib-vendored-dev_ocaml_binding-fetched.log 2>&1 && /home/red/code/research/tola/_out/canary/projects/cairo/probe_binding/ocaml/cairo_example >> /home/red/code/research/tola/_out/canary/projects/cairo/probe_binding/ocaml/probe_source-fetched-1.18.0_lib-vendored-dev_ocaml_binding-fetched.log 2>&1
RC=$?
cat /home/red/code/research/tola/_out/canary/projects/cairo/probe_binding/ocaml/probe_source-fetched-1.18.0_lib-vendored-dev_ocaml_binding-fetched.log
exit $RC)
[2026-08-19 23:54:58.112] probe_binding_ocaml        detect  (ok, output present)
[2026-08-19 23:54:58.112] probe_binding_ocaml        check_post  (pass)
[2026-08-19 23:54:58.112] probe_binding_ocaml        done
[2026-08-19 23:54:58.114] *                          graph_end  (7/7 completed)
[2026-08-19 23:54:58.114] *                          diagram  (_out/canary/projects/cairo/-run/diagrams/all.mmd)
[2026-08-19 23:54:58.114] *                          diagram  (_out/canary/projects/cairo/-run/diagrams/full.mmd)
[2026-08-19 23:54:58.115] *                          view  (source (1 steps))
[2026-08-19 23:54:58.115] *                          view  (lib (3 steps))
[2026-08-19 23:54:58.115] *                          view  (probes (4 steps))
[2026-08-19 23:54:58.115] *                          view  (binding_ocaml (3 steps))
[2026-08-19 23:54:58.115] *                          html  (_out/canary/projects/cairo/-run/result.html)
[2026-08-19 23:54:58.116] *                          index  (_out/canary/projects/index.html)
[2026-08-19 23:54:58.116] *                          invariant  (full.mmd: OK (7 nodes, 7 IDs))
[2026-08-19 23:54:58.116] *                          invariant  (binding_ocaml.mmd: OK (6 nodes, 7 IDs))
[2026-08-19 23:54:58.116] *                          invariant  (source.mmd: OK (5 nodes, 7 IDs))
[2026-08-19 23:54:58.116] *                          invariant  (lib.mmd: OK (6 nodes, 7 IDs))
[2026-08-19 23:54:58.117] *                          invariant  (all.mmd: OK (5 nodes, 7 IDs))
[2026-08-19 23:54:58.117] *                          invariant  (probes.mmd: OK (7 nodes, 7 IDs))
[2026-08-19 23:54:58.117] *                          invariant  (ALL OK)
[2026-08-27 19:59:14.437] *                          variant_start  (source-fetched-1.18.0_lib-fetched_ocaml_binding-fetched)
[2026-08-27 19:59:14.437] *                          graph_start  (6 steps)
[2026-08-27 19:59:14.437] fetch_lib                  marker_stale  (spec changed since the marker — re-running)
[2026-08-27 19:59:14.438] fetch_binding_ocaml        marker_stale  (spec changed since the marker — re-running)
[2026-08-27 19:59:14.438] probe_binding_ocaml        marker_stale  (spec changed since the marker — re-running)
[2026-08-27 19:59:14.439] probe_binding_ocaml_inspect  marker_stale  (spec changed since the marker — re-running)
[2026-08-27 19:59:14.439] probe_lib                  marker_stale  (spec changed since the marker — re-running)
[2026-08-27 19:59:14.439] probe_lib_inspect          marker_stale  (spec changed since the marker — re-running)
[2026-08-27 19:59:14.439] fetch_lib                  check_pre  (pass)
[2026-08-27 19:59:14.441] fetch_lib                  cmd  (sudo apt-get install -y libcairo2-dev && echo 'installed' > /home/red/code/research/tola/_out/canary/projects/cairo/fetch_lib/lib_source-fetched-1.18.0_lib-fetched_ocaml_binding-fetched.ok)
[2026-08-27 19:59:14.441] fetch_lib                  opam_switch  (canary)
[2026-08-27 19:59:14.441] fetch_lib                  platform  (wsl_ubuntu)
[2026-08-27 19:59:14.860] fetch_lib                  cmd_log  (fetch_lib.out_source-fetched-1.18.0_lib-fetched_ocaml_binding-fetched.log)
[2026-08-27 19:59:14.860] fetch_lib                  detect  (ok, output present)
[2026-08-27 19:59:14.860] fetch_lib                  check_post  (pass)
[2026-08-27 19:59:14.860] fetch_lib                  done
[2026-08-27 19:59:14.863] fetch_binding_ocaml        check_pre  (pass)
[2026-08-27 19:59:14.865] fetch_binding_ocaml        cmd  (eval $(opam env) && opam install cairo2 -y --assume-depexts && eval $(opam env) && opam install -y ocamlfind && echo 'installed' > /home/red/code/research/tola/_out/canary/projects/cairo/fetch_binding/ocaml/binding_source-fetched-1.18.0_lib-fetched_ocaml_binding-fetched.ok)
[2026-08-27 19:59:14.865] fetch_binding_ocaml        opam_switch  (canary)
[2026-08-27 19:59:14.865] fetch_binding_ocaml        platform  (wsl_ubuntu)
[2026-08-27 19:59:15.965] fetch_binding_ocaml        cmd_log  (fetch_binding_ocaml.out_source-fetched-1.18.0_lib-fetched_ocaml_binding-fetched.log)
[2026-08-27 19:59:15.965] fetch_binding_ocaml        detect  (ok, output present)
[2026-08-27 19:59:15.965] fetch_binding_ocaml        check_post  (pass)
[2026-08-27 19:59:15.965] fetch_binding_ocaml        done
[2026-08-27 19:59:15.967] probe_binding_ocaml        check_pre  (pass)
[2026-08-27 19:59:15.969] probe_binding_ocaml        cmd  (eval $(opam env)
ocamlfind ocamlopt -package cairo2 -linkpkg canary/examples/cairo/cairo_example.ml -o /home/red/code/research/tola/_out/canary/projects/cairo/probe_binding/ocaml/cairo_example > /home/red/code/research/tola/_out/canary/projects/cairo/probe_binding/ocaml/probe_source-fetched-1.18.0_lib-fetched_ocaml_binding-fetched.log 2>&1 && /home/red/code/research/tola/_out/canary/projects/cairo/probe_binding/ocaml/cairo_example >> /home/red/code/research/tola/_out/canary/projects/cairo/probe_binding/ocaml/probe_source-fetched-1.18.0_lib-fetched_ocaml_binding-fetched.log 2>&1
RC=$?
cat /home/red/code/research/tola/_out/canary/projects/cairo/probe_binding/ocaml/probe_source-fetched-1.18.0_lib-fetched_ocaml_binding-fetched.log
exit $RC)
[2026-08-27 19:59:15.969] probe_binding_ocaml        opam_switch  (canary)
[2026-08-27 19:59:15.969] probe_binding_ocaml        platform  (wsl_ubuntu)
[2026-08-27 19:59:16.173] probe_binding_ocaml        cmd_log  (probe_binding_ocaml.out_source-fetched-1.18.0_lib-fetched_ocaml_binding-fetched.log)
[2026-08-27 19:59:16.173] probe_binding_ocaml        detect  (ok, output present)
[2026-08-27 19:59:16.173] probe_binding_ocaml        check_post  (pass)
[2026-08-27 19:59:16.173] probe_binding_ocaml        done
[2026-08-27 19:59:16.176] probe_binding_ocaml_inspect  check_pre  (pass)
[2026-08-27 19:59:16.177] probe_binding_ocaml_inspect  cmd  (eval $(opam env)
PKG_DIR=$(ocamlfind query 'cairo2' 2>/dev/null)
test -n "$PKG_DIR"
{ for f in "$PKG_DIR"/*.cmxa "$PKG_DIR"/*.cma; do
    [ -f "$f" ] && ocamlobjinfo "$f"
  done
} | python3 canary/scripts/inspect_ocaml.py --path 'cairo2' --watchlist 'Cairo' \
  > /home/red/code/research/tola/_out/canary/projects/cairo/probe_binding/ocaml/inspect_source-fetched-1.18.0_lib-fetched_ocaml_binding-fetched.json)
[2026-08-27 19:59:16.177] probe_binding_ocaml_inspect  opam_switch  (canary)
[2026-08-27 19:59:16.177] probe_binding_ocaml_inspect  platform  (wsl_ubuntu)
[2026-08-27 19:59:16.234] probe_binding_ocaml_inspect  cmd_log  (probe_binding_ocaml_inspect.out_source-fetched-1.18.0_lib-fetched_ocaml_binding-fetched.log)
[2026-08-27 19:59:16.234] probe_binding_ocaml_inspect  detect  (ok, output present)
[2026-08-27 19:59:16.234] probe_binding_ocaml_inspect  check_post  (pass)
[2026-08-27 19:59:16.234] probe_binding_ocaml_inspect  done
[2026-08-27 19:59:16.236] probe_lib                  check_pre  (pass)
[2026-08-27 19:59:16.238] probe_lib                  cmd  (LIB_NATIVE=$(ls /usr/lib/x86_64-linux-gnu/libcairo.so* /usr/lib*/libcairo.so* 2>/dev/null \
        "$(brew --prefix cairo 2>/dev/null)/lib/libcairo.dylib" 2>/dev/null \
        | head -1)
test -n "$LIB_NATIVE" -a -e "$LIB_NATIVE"
COUNT=$(nm -D "$LIB_NATIVE" 2>/dev/null | grep -v ' U ' | grep -c 'cairo_' || echo 0)
printf 'cairo_ symbols exported: %s\n' "$COUNT" | tee /home/red/code/research/tola/_out/canary/projects/cairo/probe_lib/probe_source-fetched-1.18.0_lib-fetched_ocaml_binding-fetched.log
test "$COUNT" -gt 0)
[2026-08-27 19:59:16.238] probe_lib                  opam_switch  (canary)
[2026-08-27 19:59:16.238] probe_lib                  platform  (wsl_ubuntu)
[2026-08-27 19:59:16.282] probe_lib                  cmd_log  (probe_lib.out_source-fetched-1.18.0_lib-fetched_ocaml_binding-fetched.log)
[2026-08-27 19:59:16.283] probe_lib                  detect  (ok, output present)
[2026-08-27 19:59:16.283] probe_lib                  check_post  (pass)
[2026-08-27 19:59:16.283] probe_lib                  done
[2026-08-27 19:59:16.285] probe_lib_inspect          check_pre  (pass)
[2026-08-27 19:59:16.286] probe_lib_inspect          cmd  (LIB_NATIVE=$(ls /usr/lib/x86_64-linux-gnu/libcairo.so* /usr/lib*/libcairo.so* 2>/dev/null \
        "$(brew --prefix cairo 2>/dev/null)/lib/libcairo.dylib" 2>/dev/null \
        | head -1)
test -n "$LIB_NATIVE" -a -e "$LIB_NATIVE"
nm -D "$LIB_NATIVE" 2>/dev/null \
  | python3 canary/scripts/inspect_native.py --emit-symbols --elf --path "$LIB_NATIVE" --prefixes 'cairo_' --watchlist 'cairo_create,cairo_destroy,cairo_paint,cairo_move_to,cairo_line_to,cairo_stroke,cairo_image_surface_create,cairo_surface_destroy' \
  > /home/red/code/research/tola/_out/canary/projects/cairo/probe_lib/inspect_source-fetched-1.18.0_lib-fetched_ocaml_binding-fetched.json)
[2026-08-27 19:59:16.286] probe_lib_inspect          opam_switch  (canary)
[2026-08-27 19:59:16.286] probe_lib_inspect          platform  (wsl_ubuntu)
[2026-08-27 19:59:16.344] probe_lib_inspect          cmd_log  (probe_lib_inspect.out_source-fetched-1.18.0_lib-fetched_ocaml_binding-fetched.log)
[2026-08-27 19:59:16.344] probe_lib_inspect          detect  (ok, output present)
[2026-08-27 19:59:16.344] probe_lib_inspect          check_post  (pass)
[2026-08-27 19:59:16.344] probe_lib_inspect          done
[2026-08-27 19:59:16.346] *                          graph_end  (6/6 completed)
[2026-08-27 19:59:16.346] *                          diagram  (_out/canary/projects/cairo/-run/diagrams/all.mmd)
[2026-08-27 19:59:16.347] *                          diagram  (_out/canary/projects/cairo/-run/diagrams/full.mmd)
[2026-08-27 19:59:16.348] *                          view  (lib (3 steps))
[2026-08-27 19:59:16.348] *                          view  (probes (4 steps))
[2026-08-27 19:59:16.348] *                          view  (binding_ocaml (3 steps))
[2026-08-27 19:59:16.348] *                          html  (_out/canary/projects/cairo/-run/result.html)
[2026-08-27 19:59:16.356] *                          index  (_out/canary/projects/index.html)
[2026-08-27 19:59:16.356] *                          invariant  (full.mmd: OK (6 nodes, 6 IDs))
[2026-08-27 19:59:16.357] *                          invariant  (binding_ocaml.mmd: OK (5 nodes, 6 IDs))
[2026-08-27 19:59:16.357] !                          invariant  (source.mmd: extra [7])
[2026-08-27 19:59:16.357] !                          invariant  (SOME FAILED)
[2026-08-27 19:59:16.383] *                          variant_start  (source-fetched-1.18.0_lib-vendored-dev_ocaml_binding-fetched)
[2026-08-27 19:59:16.383] *                          graph_start  (6 steps)
[2026-08-27 19:59:16.383] fetch_lib                  marker_stale  (spec changed since the marker — re-running)
[2026-08-27 19:59:16.384] fetch_binding_ocaml        marker_stale  (spec changed since the marker — re-running)
[2026-08-27 19:59:16.384] probe_binding_ocaml        marker_stale  (spec changed since the marker — re-running)
[2026-08-27 19:59:16.384] probe_binding_ocaml_inspect  marker_stale  (spec changed since the marker — re-running)
[2026-08-27 19:59:16.385] probe_lib                  marker_stale  (spec changed since the marker — re-running)
[2026-08-27 19:59:16.385] probe_lib_inspect          marker_stale  (spec changed since the marker — re-running)
[2026-08-27 19:59:16.385] fetch_lib                  check_pre  (pass)
[2026-08-27 19:59:16.387] fetch_lib                  cmd  (sudo apt-get install -y libcairo2-dev && echo 'installed' > /home/red/code/research/tola/_out/canary/projects/cairo/fetch_lib/lib_source-fetched-1.18.0_lib-vendored-dev_ocaml_binding-fetched.ok)
[2026-08-27 19:59:16.387] fetch_lib                  opam_switch  (canary)
[2026-08-27 19:59:16.387] fetch_lib                  platform  (wsl_ubuntu)
[2026-08-27 19:59:16.827] fetch_lib                  cmd_log  (fetch_lib.out_source-fetched-1.18.0_lib-vendored-dev_ocaml_binding-fetched.log)
[2026-08-27 19:59:16.827] fetch_lib                  detect  (ok, output present)
[2026-08-27 19:59:16.827] fetch_lib                  check_post  (pass)
[2026-08-27 19:59:16.827] fetch_lib                  done
[2026-08-27 19:59:16.829] fetch_binding_ocaml        check_pre  (pass)
[2026-08-27 19:59:16.832] fetch_binding_ocaml        cmd  (eval $(opam env) && opam install cairo2 -y --assume-depexts && eval $(opam env) && opam install -y ocamlfind && echo 'installed' > /home/red/code/research/tola/_out/canary/projects/cairo/fetch_binding/ocaml/binding_source-fetched-1.18.0_lib-vendored-dev_ocaml_binding-fetched.ok)
[2026-08-27 19:59:16.832] fetch_binding_ocaml        opam_switch  (canary)
[2026-08-27 19:59:16.832] fetch_binding_ocaml        platform  (wsl_ubuntu)
[2026-08-27 19:59:17.874] fetch_binding_ocaml        cmd_log  (fetch_binding_ocaml.out_source-fetched-1.18.0_lib-vendored-dev_ocaml_binding-fetched.log)
[2026-08-27 19:59:17.874] fetch_binding_ocaml        detect  (ok, output present)
[2026-08-27 19:59:17.874] fetch_binding_ocaml        check_post  (pass)
[2026-08-27 19:59:17.874] fetch_binding_ocaml        done
[2026-08-27 19:59:17.876] probe_binding_ocaml        check_pre  (pass)
[2026-08-27 19:59:17.878] probe_binding_ocaml        cmd  (eval $(opam env)
export LD_LIBRARY_PATH=/home/red/code/contrib/cairo-all/prebuilt/cairo-1.18.4/lib:$LD_LIBRARY_PATH
ocamlfind ocamlopt -package cairo2 -linkpkg canary/examples/cairo/cairo_example.ml -o /home/red/code/research/tola/_out/canary/projects/cairo/probe_binding/ocaml/cairo_example > /home/red/code/research/tola/_out/canary/projects/cairo/probe_binding/ocaml/probe_source-fetched-1.18.0_lib-vendored-dev_ocaml_binding-fetched.log 2>&1 && /home/red/code/research/tola/_out/canary/projects/cairo/probe_binding/ocaml/cairo_example >> /home/red/code/research/tola/_out/canary/projects/cairo/probe_binding/ocaml/probe_source-fetched-1.18.0_lib-vendored-dev_ocaml_binding-fetched.log 2>&1
RC=$?
cat /home/red/code/research/tola/_out/canary/projects/cairo/probe_binding/ocaml/probe_source-fetched-1.18.0_lib-vendored-dev_ocaml_binding-fetched.log
exit $RC)
[2026-08-27 19:59:17.878] probe_binding_ocaml        opam_switch  (canary)
[2026-08-27 19:59:17.878] probe_binding_ocaml        platform  (wsl_ubuntu)
[2026-08-27 19:59:17.992] probe_binding_ocaml        cmd_log  (probe_binding_ocaml.out_source-fetched-1.18.0_lib-vendored-dev_ocaml_binding-fetched.log)
[2026-08-27 19:59:17.992] probe_binding_ocaml        detect  (ok, output present)
[2026-08-27 19:59:17.992] probe_binding_ocaml        check_post  (pass)
[2026-08-27 19:59:17.992] probe_binding_ocaml        done
[2026-08-27 19:59:17.994] probe_binding_ocaml_inspect  check_pre  (pass)
[2026-08-27 19:59:17.996] probe_binding_ocaml_inspect  cmd  (eval $(opam env)
PKG_DIR=$(ocamlfind query 'cairo2' 2>/dev/null)
test -n "$PKG_DIR"
{ for f in "$PKG_DIR"/*.cmxa "$PKG_DIR"/*.cma; do
    [ -f "$f" ] && ocamlobjinfo "$f"
  done
} | python3 canary/scripts/inspect_ocaml.py --path 'cairo2' --watchlist 'Cairo' \
  > /home/red/code/research/tola/_out/canary/projects/cairo/probe_binding/ocaml/inspect_source-fetched-1.18.0_lib-vendored-dev_ocaml_binding-fetched.json)
[2026-08-27 19:59:17.996] probe_binding_ocaml_inspect  opam_switch  (canary)
[2026-08-27 19:59:17.996] probe_binding_ocaml_inspect  platform  (wsl_ubuntu)
[2026-08-27 19:59:18.050] probe_binding_ocaml_inspect  cmd_log  (probe_binding_ocaml_inspect.out_source-fetched-1.18.0_lib-vendored-dev_ocaml_binding-fetched.log)
[2026-08-27 19:59:18.050] probe_binding_ocaml_inspect  detect  (ok, output present)
[2026-08-27 19:59:18.050] probe_binding_ocaml_inspect  check_post  (pass)
[2026-08-27 19:59:18.050] probe_binding_ocaml_inspect  done
[2026-08-27 19:59:18.053] probe_lib                  check_pre  (pass)
[2026-08-27 19:59:18.054] probe_lib                  cmd  (LIB_NATIVE=$(ls /home/red/code/contrib/cairo-all/prebuilt/cairo-1.18.4/lib/libcairo.so* 2>/dev/null | head -1)
test -n "$LIB_NATIVE" -a -e "$LIB_NATIVE" || { echo "PREBUILT MISSING: /home/red/code/contrib/cairo-all/prebuilt/cairo-1.18.4/lib — run 'canary prebuilt cairo' first" >&2; exit 1; }
COUNT=$(nm -D "$LIB_NATIVE" 2>/dev/null | grep -v ' U ' | grep -c 'cairo_' || echo 0)
printf 'cairo_ symbols exported: %s\n' "$COUNT" | tee /home/red/code/research/tola/_out/canary/projects/cairo/probe_lib/probe_source-fetched-1.18.0_lib-vendored-dev_ocaml_binding-fetched.log
test "$COUNT" -gt 0)
[2026-08-27 19:59:18.054] probe_lib                  opam_switch  (canary)
[2026-08-27 19:59:18.054] probe_lib                  platform  (wsl_ubuntu)
[2026-08-27 19:59:18.100] probe_lib                  cmd_log  (probe_lib.out_source-fetched-1.18.0_lib-vendored-dev_ocaml_binding-fetched.log)
[2026-08-27 19:59:18.100] probe_lib                  detect  (ok, output present)
[2026-08-27 19:59:18.100] probe_lib                  check_post  (pass)
[2026-08-27 19:59:18.100] probe_lib                  done
[2026-08-27 19:59:18.103] probe_lib_inspect          check_pre  (pass)
[2026-08-27 19:59:18.105] probe_lib_inspect          cmd  (LIB_NATIVE=$(ls /home/red/code/contrib/cairo-all/prebuilt/cairo-1.18.4/lib/libcairo.so* 2>/dev/null | head -1)
test -n "$LIB_NATIVE" -a -e "$LIB_NATIVE" || { echo "PREBUILT MISSING: /home/red/code/contrib/cairo-all/prebuilt/cairo-1.18.4/lib — run 'canary prebuilt cairo' first" >&2; exit 1; }
nm -D "$LIB_NATIVE" 2>/dev/null \
  | python3 canary/scripts/inspect_native.py --emit-symbols --elf --path "$LIB_NATIVE" --prefixes 'cairo_' --watchlist 'cairo_create,cairo_destroy,cairo_paint,cairo_move_to,cairo_line_to,cairo_stroke,cairo_image_surface_create,cairo_surface_destroy' \
  > /home/red/code/research/tola/_out/canary/projects/cairo/probe_lib/inspect_source-fetched-1.18.0_lib-vendored-dev_ocaml_binding-fetched.json)
[2026-08-27 19:59:18.105] probe_lib_inspect          opam_switch  (canary)
[2026-08-27 19:59:18.105] probe_lib_inspect          platform  (wsl_ubuntu)
[2026-08-27 19:59:18.156] probe_lib_inspect          cmd_log  (probe_lib_inspect.out_source-fetched-1.18.0_lib-vendored-dev_ocaml_binding-fetched.log)
[2026-08-27 19:59:18.156] probe_lib_inspect          detect  (ok, output present)
[2026-08-27 19:59:18.156] probe_lib_inspect          check_post  (pass)
[2026-08-27 19:59:18.156] probe_lib_inspect          done
[2026-08-27 19:59:18.158] *                          graph_end  (6/6 completed)
[2026-08-27 19:59:18.158] *                          diagram  (_out/canary/projects/cairo/-run/diagrams/all.mmd)
[2026-08-27 19:59:18.158] *                          diagram  (_out/canary/projects/cairo/-run/diagrams/full.mmd)
[2026-08-27 19:59:18.159] *                          view  (lib (3 steps))
[2026-08-27 19:59:18.159] *                          view  (probes (4 steps))
[2026-08-27 19:59:18.159] *                          view  (binding_ocaml (3 steps))
[2026-08-27 19:59:18.159] *                          html  (_out/canary/projects/cairo/-run/result.html)
[2026-08-27 19:59:18.160] *                          index  (_out/canary/projects/index.html)
[2026-08-27 19:59:18.160] *                          invariant  (full.mmd: OK (6 nodes, 6 IDs))
[2026-08-27 19:59:18.160] *                          invariant  (binding_ocaml.mmd: OK (5 nodes, 6 IDs))
[2026-08-27 19:59:18.160] !                          invariant  (source.mmd: extra [7])
[2026-08-27 19:59:18.160] !                          invariant  (SOME FAILED)
[2026-08-27 20:27:52.380] *                          variant_start  (source-fetched-1.18.0_lib-fetched_ocaml_binding-fetched)
[2026-08-27 20:27:52.380] *                          graph_start  (6 steps)
[2026-08-27 20:27:52.380] fetch_lib                  warm_gate  (marker + fingerprint + check_post passed)
[2026-08-27 20:27:52.380] fetch_lib                  skip  (verdict marker (prior success))
[2026-08-27 20:27:52.381] fetch_binding_ocaml        warm_gate  (marker + fingerprint + check_post passed)
[2026-08-27 20:27:52.381] fetch_binding_ocaml        skip  (verdict marker (prior success))
[2026-08-27 20:27:52.381] probe_binding_ocaml        warm_gate  (marker + fingerprint + check_post passed)
[2026-08-27 20:27:52.381] probe_binding_ocaml        skip  (verdict marker (prior success))
[2026-08-27 20:27:52.381] probe_binding_ocaml_inspect  warm_gate  (marker + fingerprint + check_post passed)
[2026-08-27 20:27:52.381] probe_binding_ocaml_inspect  skip  (verdict marker (prior success))
[2026-08-27 20:27:52.381] probe_lib                  warm_gate  (marker + fingerprint + check_post passed)
[2026-08-27 20:27:52.381] probe_lib                  skip  (verdict marker (prior success))
[2026-08-27 20:27:52.382] probe_lib_inspect          warm_gate  (marker + fingerprint + check_post passed)
[2026-08-27 20:27:52.382] probe_lib_inspect          skip  (verdict marker (prior success))
[2026-08-27 20:27:52.382] *                          graph_end  (6/6 completed)
[2026-08-27 20:27:52.382] *                          diagram  (_out/canary/projects/cairo/-run/diagrams/all.mmd)
[2026-08-27 20:27:52.382] *                          diagram  (_out/canary/projects/cairo/-run/diagrams/full.mmd)
[2026-08-27 20:27:52.382] *                          view  (lib (3 steps))
[2026-08-27 20:27:52.382] *                          view  (probes (4 steps))
[2026-08-27 20:27:52.383] *                          view  (binding_ocaml (3 steps))
[2026-08-27 20:27:52.384] *                          html  (_out/canary/projects/cairo/-run/result.html)
[2026-08-27 20:27:52.385] *                          index  (_out/canary/projects/index.html)
[2026-08-27 20:27:52.385] *                          invariant  (full.mmd: OK (6 nodes, 6 IDs))
[2026-08-27 20:27:52.385] *                          invariant  (binding_ocaml.mmd: OK (5 nodes, 6 IDs))
[2026-08-27 20:27:52.385] !                          invariant  (source.mmd: extra [7])
[2026-08-27 20:27:52.385] !                          invariant  (SOME FAILED)
[2026-08-27 20:27:52.409] *                          variant_start  (source-fetched-1.18.0_lib-vendored-dev_ocaml_binding-fetched)
[2026-08-27 20:27:52.409] *                          graph_start  (6 steps)
[2026-08-27 20:27:52.409] fetch_lib                  warm_gate  (marker + fingerprint + check_post passed)
[2026-08-27 20:27:52.409] fetch_lib                  skip  (verdict marker (prior success))
[2026-08-27 20:27:52.409] fetch_binding_ocaml        warm_gate  (marker + fingerprint + check_post passed)
[2026-08-27 20:27:52.409] fetch_binding_ocaml        skip  (verdict marker (prior success))
[2026-08-27 20:27:52.409] probe_binding_ocaml        warm_gate  (marker + fingerprint + check_post passed)
[2026-08-27 20:27:52.409] probe_binding_ocaml        skip  (verdict marker (prior success))
[2026-08-27 20:27:52.410] probe_binding_ocaml_inspect  warm_gate  (marker + fingerprint + check_post passed)
[2026-08-27 20:27:52.410] probe_binding_ocaml_inspect  skip  (verdict marker (prior success))
[2026-08-27 20:27:52.410] probe_lib                  warm_gate  (marker + fingerprint + check_post passed)
[2026-08-27 20:27:52.410] probe_lib                  skip  (verdict marker (prior success))
[2026-08-27 20:27:52.410] probe_lib_inspect          warm_gate  (marker + fingerprint + check_post passed)
[2026-08-27 20:27:52.410] probe_lib_inspect          skip  (verdict marker (prior success))
[2026-08-27 20:27:52.410] *                          graph_end  (6/6 completed)
[2026-08-27 20:27:52.410] *                          diagram  (_out/canary/projects/cairo/-run/diagrams/all.mmd)
[2026-08-27 20:27:52.410] *                          diagram  (_out/canary/projects/cairo/-run/diagrams/full.mmd)
[2026-08-27 20:27:52.410] *                          view  (lib (3 steps))
[2026-08-27 20:27:52.410] *                          view  (probes (4 steps))
[2026-08-27 20:27:52.411] *                          view  (binding_ocaml (3 steps))
[2026-08-27 20:27:52.411] *                          html  (_out/canary/projects/cairo/-run/result.html)
[2026-08-27 20:27:52.413] *                          index  (_out/canary/projects/index.html)
[2026-08-27 20:27:52.413] *                          invariant  (full.mmd: OK (6 nodes, 6 IDs))
[2026-08-27 20:27:52.413] *                          invariant  (binding_ocaml.mmd: OK (5 nodes, 6 IDs))
[2026-08-27 20:27:52.413] !                          invariant  (source.mmd: extra [7])
[2026-08-27 20:27:52.413] !                          invariant  (SOME FAILED)
[2026-08-27 22:07:17.751] *                          variant_start  (source-fetched-1.18.0_lib-fetched_ocaml_binding-fetched)
[2026-08-27 22:07:17.751] *                          graph_start  (6 steps)
[2026-08-27 22:07:17.751] fetch_lib                  warm_gate  (marker + fingerprint + check_post passed)
[2026-08-27 22:07:17.751] fetch_lib                  skip  (verdict marker (prior success))
[2026-08-27 22:07:17.751] fetch_binding_ocaml        warm_gate  (marker + fingerprint + check_post passed)
[2026-08-27 22:07:17.751] fetch_binding_ocaml        skip  (verdict marker (prior success))
[2026-08-27 22:07:17.751] probe_binding_ocaml        warm_gate  (marker + fingerprint + check_post passed)
[2026-08-27 22:07:17.751] probe_binding_ocaml        skip  (verdict marker (prior success))
[2026-08-27 22:07:17.752] probe_binding_ocaml_inspect  warm_gate  (marker + fingerprint + check_post passed)
[2026-08-27 22:07:17.752] probe_binding_ocaml_inspect  skip  (verdict marker (prior success))
[2026-08-27 22:07:17.752] probe_lib                  warm_gate  (marker + fingerprint + check_post passed)
[2026-08-27 22:07:17.752] probe_lib                  skip  (verdict marker (prior success))
[2026-08-27 22:07:17.752] probe_lib_inspect          warm_gate  (marker + fingerprint + check_post passed)
[2026-08-27 22:07:17.752] probe_lib_inspect          skip  (verdict marker (prior success))
[2026-08-27 22:07:17.752] *                          graph_end  (6/6 completed)
[2026-08-27 22:07:17.752] *                          diagram  (_out/canary/projects/cairo/-run/diagrams/all.mmd)
[2026-08-27 22:07:17.752] *                          diagram  (_out/canary/projects/cairo/-run/diagrams/full.mmd)
[2026-08-27 22:07:17.753] *                          view  (lib (3 steps))
[2026-08-27 22:07:17.753] *                          view  (probes (4 steps))
[2026-08-27 22:07:17.753] *                          view  (binding_ocaml (3 steps))
[2026-08-27 22:07:17.755] *                          html  (_out/canary/projects/cairo/-run/result.html)
[2026-08-27 22:07:17.756] *                          index  (_out/canary/projects/index.html)
[2026-08-27 22:07:17.756] *                          invariant  (full.mmd: OK (6 nodes, 6 IDs))
[2026-08-27 22:07:17.756] *                          invariant  (binding_ocaml.mmd: OK (5 nodes, 6 IDs))
[2026-08-27 22:07:17.757] !                          invariant  (source.mmd: extra [7])
[2026-08-27 22:07:17.757] !                          invariant  (SOME FAILED)
[2026-08-27 22:07:17.783] *                          variant_start  (source-fetched-1.18.0_lib-vendored-dev_ocaml_binding-fetched)
[2026-08-27 22:07:17.783] *                          graph_start  (6 steps)
[2026-08-27 22:07:17.783] fetch_lib                  warm_gate  (marker + fingerprint + check_post passed)
[2026-08-27 22:07:17.783] fetch_lib                  skip  (verdict marker (prior success))
[2026-08-27 22:07:17.783] fetch_binding_ocaml        warm_gate  (marker + fingerprint + check_post passed)
[2026-08-27 22:07:17.783] fetch_binding_ocaml        skip  (verdict marker (prior success))
[2026-08-27 22:07:17.784] probe_binding_ocaml        warm_gate  (marker + fingerprint + check_post passed)
[2026-08-27 22:07:17.784] probe_binding_ocaml        skip  (verdict marker (prior success))
[2026-08-27 22:07:17.784] probe_binding_ocaml_inspect  warm_gate  (marker + fingerprint + check_post passed)
[2026-08-27 22:07:17.784] probe_binding_ocaml_inspect  skip  (verdict marker (prior success))
[2026-08-27 22:07:17.784] probe_lib                  warm_gate  (marker + fingerprint + check_post passed)
[2026-08-27 22:07:17.784] probe_lib                  skip  (verdict marker (prior success))
[2026-08-27 22:07:17.784] probe_lib_inspect          warm_gate  (marker + fingerprint + check_post passed)
[2026-08-27 22:07:17.784] probe_lib_inspect          skip  (verdict marker (prior success))
[2026-08-27 22:07:17.784] *                          graph_end  (6/6 completed)
[2026-08-27 22:07:17.784] *                          diagram  (_out/canary/projects/cairo/-run/diagrams/all.mmd)
[2026-08-27 22:07:17.785] *                          diagram  (_out/canary/projects/cairo/-run/diagrams/full.mmd)
[2026-08-27 22:07:17.785] *                          view  (lib (3 steps))
[2026-08-27 22:07:17.785] *                          view  (probes (4 steps))
[2026-08-27 22:07:17.785] *                          view  (binding_ocaml (3 steps))
[2026-08-27 22:07:17.786] *                          html  (_out/canary/projects/cairo/-run/result.html)
[2026-08-27 22:07:17.787] *                          index  (_out/canary/projects/index.html)
[2026-08-27 22:07:17.787] *                          invariant  (full.mmd: OK (6 nodes, 6 IDs))
[2026-08-27 22:07:17.787] *                          invariant  (binding_ocaml.mmd: OK (5 nodes, 6 IDs))
[2026-08-27 22:07:17.788] !                          invariant  (source.mmd: extra [7])
[2026-08-27 22:07:17.788] !                          invariant  (SOME FAILED)
[2026-09-13 20:18:39.933] *                          run_start  (cairo)
[2026-09-13 20:18:39.941] *                          variant_start  (source-fetched-1.18.0_lib-fetched_ocaml_binding-fetched)
[2026-09-13 20:18:39.941] *                          graph_start  (8 steps)
[2026-09-13 20:18:39.941] fetch_lib                  warm_gate  (marker + fingerprint + check_post passed)
[2026-09-13 20:18:39.941] fetch_lib                  skip  (verdict marker (prior success))
[2026-09-13 20:18:39.941] fetch_binding_ocaml        warm_gate  (marker + fingerprint + check_post passed)
[2026-09-13 20:18:39.941] fetch_binding_ocaml        skip  (verdict marker (prior success))
[2026-09-13 20:18:39.941] fetch_binding_ocaml_inspect  check_pre  (pass)
[2026-09-13 20:18:39.943] fetch_binding_ocaml_inspect  cmd  (eval $(opam env)
PKG_DIR=$(ocamlfind query 'cairo2' 2>/dev/null)
test -n "$PKG_DIR"
python3 canary/scripts/inspect_binding.py --kind mli --dir "$PKG_DIR" \
  --watchlist 'Cairo' > /home/red/code/research/tola/_out/canary/projects/cairo/fetch_binding/ocaml/inspect_source-fetched-1.18.0_lib-fetched_ocaml_binding-fetched.json)
[2026-09-13 20:18:39.943] fetch_binding_ocaml_inspect  opam_switch  (canary)
[2026-09-13 20:18:39.943] fetch_binding_ocaml_inspect  platform  (wsl_ubuntu)
[2026-09-13 20:18:40.010] fetch_binding_ocaml_inspect  cmd_log  (fetch_binding_ocaml_inspect.out_source-fetched-1.18.0_lib-fetched_ocaml_binding-fetched.log)
[2026-09-13 20:18:40.010] fetch_binding_ocaml_inspect  detect  (ok, output present)
[2026-09-13 20:18:40.010] fetch_binding_ocaml_inspect  agreement_outcome  (no agreement fires at this action)
[2026-09-13 20:18:40.010] fetch_binding_ocaml_inspect  check_post  (pass)
[2026-09-13 20:18:40.010] fetch_binding_ocaml_inspect  done
[2026-09-13 20:18:40.012] fetch_binding_ocaml_stub_inspect  check_pre  (pass)
[2026-09-13 20:18:40.014] fetch_binding_ocaml_stub_inspect  cmd  (eval $(opam env)
PKG_DIR=$(ocamlfind query 'cairo2' 2>/dev/null)
test -n "$PKG_DIR"
STUB=$(ls "$PKG_DIR"/lib*.a 2>/dev/null | head -1)
test -n "$STUB"
python3 canary/scripts/inspect_binding.py --kind stub --path "$STUB" \
  --prefix 'cairo_' --watchlist '' \
  > /home/red/code/research/tola/_out/canary/projects/cairo/fetch_binding/ocaml/inspect_stub_source-fetched-1.18.0_lib-fetched_ocaml_binding-fetched.json)
[2026-09-13 20:18:40.014] fetch_binding_ocaml_stub_inspect  opam_switch  (canary)
[2026-09-13 20:18:40.014] fetch_binding_ocaml_stub_inspect  platform  (wsl_ubuntu)
[2026-09-13 20:18:40.116] fetch_binding_ocaml_stub_inspect  cmd_log  (fetch_binding_ocaml_stub_inspect.out_source-fetched-1.18.0_lib-fetched_ocaml_binding-fetched.log)
[2026-09-13 20:18:40.116] fetch_binding_ocaml_stub_inspect  detect  (ok, output present)
[2026-09-13 20:18:40.116] fetch_binding_ocaml_stub_inspect  agreement_outcome  (no agreement fires at this action)
[2026-09-13 20:18:40.116] fetch_binding_ocaml_stub_inspect  check_post  (pass)
[2026-09-13 20:18:40.116] fetch_binding_ocaml_stub_inspect  done
[2026-09-13 20:18:40.119] probe_lib                  check_pre  (pass)
[2026-09-13 20:18:40.121] probe_lib                  cmd  (LIB_NATIVE=$(ls /usr/lib/x86_64-linux-gnu/libcairo.so* /usr/lib*/libcairo.so* 2>/dev/null \
        "$(brew --prefix cairo 2>/dev/null)/lib/libcairo.dylib" 2>/dev/null \
        | head -1)
test -n "$LIB_NATIVE" -a -e "$LIB_NATIVE"
COUNT=$(nm -D "$LIB_NATIVE" 2>/dev/null | grep -v ' U ' | grep -c 'cairo_' || echo 0)
printf 'cairo_ symbols exported: %s\n' "$COUNT" | tee /home/red/code/research/tola/_out/canary/projects/cairo/probe_lib/probe_source-fetched-1.18.0_lib-fetched_ocaml_binding-fetched.log
test "$COUNT" -gt 0)
[2026-09-13 20:18:40.121] probe_lib                  opam_switch  (canary)
[2026-09-13 20:18:40.121] probe_lib                  platform  (wsl_ubuntu)
[2026-09-13 20:18:40.169] probe_lib                  cmd_log  (probe_lib.out_source-fetched-1.18.0_lib-fetched_ocaml_binding-fetched.log)
[2026-09-13 20:18:40.169] probe_lib                  detect  (ok, output present)
[2026-09-13 20:18:40.169] probe_lib                  agreement_outcome  (no agreement fires at this action)
[2026-09-13 20:18:40.169] probe_lib                  check_post  (pass)
[2026-09-13 20:18:40.169] probe_lib                  done
[2026-09-13 20:18:40.171] probe_lib_inspect          check_pre  (pass)
[2026-09-13 20:18:40.173] probe_lib_inspect          cmd  (LIB_NATIVE=$(ls /usr/lib/x86_64-linux-gnu/libcairo.so* /usr/lib*/libcairo.so* 2>/dev/null \
        "$(brew --prefix cairo 2>/dev/null)/lib/libcairo.dylib" 2>/dev/null \
        | head -1)
test -n "$LIB_NATIVE" -a -e "$LIB_NATIVE"
nm -D "$LIB_NATIVE" 2>/dev/null \
  | python3 canary/scripts/inspect_native.py --emit-symbols --elf --path "$LIB_NATIVE" --prefixes 'cairo_' --watchlist 'cairo_create,cairo_destroy,cairo_paint,cairo_move_to,cairo_line_to,cairo_stroke,cairo_image_surface_create,cairo_surface_destroy' \
  > /home/red/code/research/tola/_out/canary/projects/cairo/probe_lib/inspect_source-fetched-1.18.0_lib-fetched_ocaml_binding-fetched.json)
[2026-09-13 20:18:40.173] probe_lib_inspect          opam_switch  (canary)
[2026-09-13 20:18:40.173] probe_lib_inspect          platform  (wsl_ubuntu)
[2026-09-13 20:18:40.235] probe_lib_inspect          cmd_log  (probe_lib_inspect.out_source-fetched-1.18.0_lib-fetched_ocaml_binding-fetched.log)
[2026-09-13 20:18:40.235] probe_lib_inspect          detect  (ok, output present)
[2026-09-13 20:18:40.235] probe_lib_inspect          agreement_outcome  (no agreement fires at this action)
[2026-09-13 20:18:40.235] probe_lib_inspect          check_post  (pass)
[2026-09-13 20:18:40.235] probe_lib_inspect          done
[2026-09-13 20:18:40.237] probe_binding_ocaml        check_pre  (pass)
[2026-09-13 20:18:40.239] probe_binding_ocaml        cmd  (eval $(opam env)
ocamlfind ocamlopt -package cairo2 -linkpkg canary/examples/cairo/cairo_example.ml -o /home/red/code/research/tola/_out/canary/projects/cairo/probe_binding/ocaml/cairo_example > /home/red/code/research/tola/_out/canary/projects/cairo/probe_binding/ocaml/probe_source-fetched-1.18.0_lib-fetched_ocaml_binding-fetched.log 2>&1 && /home/red/code/research/tola/_out/canary/projects/cairo/probe_binding/ocaml/cairo_example >> /home/red/code/research/tola/_out/canary/projects/cairo/probe_binding/ocaml/probe_source-fetched-1.18.0_lib-fetched_ocaml_binding-fetched.log 2>&1
RC=$?
cat /home/red/code/research/tola/_out/canary/projects/cairo/probe_binding/ocaml/probe_source-fetched-1.18.0_lib-fetched_ocaml_binding-fetched.log
exit $RC)
[2026-09-13 20:18:40.239] probe_binding_ocaml        opam_switch  (canary)
[2026-09-13 20:18:40.239] probe_binding_ocaml        platform  (wsl_ubuntu)
[2026-09-13 20:18:40.375] probe_binding_ocaml        cmd_log  (probe_binding_ocaml.out_source-fetched-1.18.0_lib-fetched_ocaml_binding-fetched.log)
[2026-09-13 20:18:40.375] probe_binding_ocaml        detect  (ok, output present)
[2026-09-13 20:18:40.376] probe_binding_ocaml        agreement_outcome  (required_symbols_exported/stub_requirements_vs_library_exports: holds)
[2026-09-13 20:18:40.377] probe_binding_ocaml        agreement_outcome  (api_names_present/watchlist_vs_user_surface: holds)
[2026-09-13 20:18:40.377] probe_binding_ocaml        agreement_outcome  (behavior_matches/probe_assertions: not_implemented: the expected values live inside the probe's source as embedded assertions, and the observation is the probe's …)
[2026-09-13 20:18:40.377] probe_binding_ocaml        agreement_outcome  (soname_matches_requirement/library_identity_vs_consumer_record: not_applicable: this binding mechanism produces no artifact carrying a dependency or symbol-version record (a static archive h…)
[2026-09-13 20:18:40.377] probe_binding_ocaml        agreement_outcome  (required_versions_exported/required_tags_vs_provider_exports: not_applicable: this binding mechanism produces no artifact carrying a dependency or symbol-version record (a static archive h…)
[2026-09-13 20:18:40.377] probe_binding_ocaml        agreement_outcome  (signatures_agree/header_vs_stub_signature_summaries: unavailable: no header signature summary in this world)
[2026-09-13 20:18:40.377] probe_binding_ocaml        agreement_outcome  (dependencies_provided/recorded_dependencies_vs_world_providers: not_applicable: this binding mechanism produces no artifact carrying a dependency or symbol-version record (a static archive h…)
[2026-09-13 20:18:40.377] probe_binding_ocaml        agreement_outcome  (repack_preserves_api/declared_repacking_relation: not_implemented: the repacking relation is not specified: "preserves" has no agreed scope, so there is nothing to compare a bin…)
[2026-09-13 20:18:40.377] probe_binding_ocaml        agreement_outcome  (repack_complete/composed_faithfulness: not_implemented: the claim's scope is unsettled ("loses nothing" needs an allowed-omission policy), and two of the three agreem…)
[2026-09-13 20:18:40.377] probe_binding_ocaml        check_post  (pass)
[2026-09-13 20:18:40.377] probe_binding_ocaml        done
[2026-09-13 20:18:40.379] probe_binding_ocaml_inspect  check_pre  (pass)
[2026-09-13 20:18:40.381] probe_binding_ocaml_inspect  cmd  (eval $(opam env)
PKG_DIR=$(ocamlfind query 'cairo2' 2>/dev/null)
test -n "$PKG_DIR"
{ for f in "$PKG_DIR"/*.cmxa "$PKG_DIR"/*.cma; do
    [ -f "$f" ] && ocamlobjinfo "$f"
  done
} | python3 canary/scripts/inspect_ocaml.py --path 'cairo2' --watchlist 'Cairo' \
  > /home/red/code/research/tola/_out/canary/projects/cairo/probe_binding/ocaml/inspect_source-fetched-1.18.0_lib-fetched_ocaml_binding-fetched.json)
[2026-09-13 20:18:40.381] probe_binding_ocaml_inspect  opam_switch  (canary)
[2026-09-13 20:18:40.381] probe_binding_ocaml_inspect  platform  (wsl_ubuntu)
[2026-09-13 20:18:40.436] probe_binding_ocaml_inspect  cmd_log  (probe_binding_ocaml_inspect.out_source-fetched-1.18.0_lib-fetched_ocaml_binding-fetched.log)
[2026-09-13 20:18:40.436] probe_binding_ocaml_inspect  detect  (ok, output present)
[2026-09-13 20:18:40.437] probe_binding_ocaml_inspect  agreement_outcome  (required_symbols_exported/stub_requirements_vs_library_exports: holds)
[2026-09-13 20:18:40.437] probe_binding_ocaml_inspect  agreement_outcome  (api_names_present/watchlist_vs_user_surface: holds)
[2026-09-13 20:18:40.437] probe_binding_ocaml_inspect  agreement_outcome  (behavior_matches/probe_assertions: not_implemented: the expected values live inside the probe's source as embedded assertions, and the observation is the probe's …)
[2026-09-13 20:18:40.437] probe_binding_ocaml_inspect  agreement_outcome  (soname_matches_requirement/library_identity_vs_consumer_record: not_applicable: this binding mechanism produces no artifact carrying a dependency or symbol-version record (a static archive h…)
[2026-09-13 20:18:40.437] probe_binding_ocaml_inspect  agreement_outcome  (required_versions_exported/required_tags_vs_provider_exports: not_applicable: this binding mechanism produces no artifact carrying a dependency or symbol-version record (a static archive h…)
[2026-09-13 20:18:40.437] probe_binding_ocaml_inspect  agreement_outcome  (signatures_agree/header_vs_stub_signature_summaries: unavailable: no header signature summary in this world)
[2026-09-13 20:18:40.437] probe_binding_ocaml_inspect  agreement_outcome  (dependencies_provided/recorded_dependencies_vs_world_providers: not_applicable: this binding mechanism produces no artifact carrying a dependency or symbol-version record (a static archive h…)
[2026-09-13 20:18:40.437] probe_binding_ocaml_inspect  agreement_outcome  (repack_preserves_api/declared_repacking_relation: not_implemented: the repacking relation is not specified: "preserves" has no agreed scope, so there is nothing to compare a bin…)
[2026-09-13 20:18:40.437] probe_binding_ocaml_inspect  agreement_outcome  (repack_complete/composed_faithfulness: not_implemented: the claim's scope is unsettled ("loses nothing" needs an allowed-omission policy), and two of the three agreem…)
[2026-09-13 20:18:40.437] probe_binding_ocaml_inspect  check_post  (pass)
[2026-09-13 20:18:40.437] probe_binding_ocaml_inspect  done
[2026-09-13 20:18:40.440] *                          graph_end  (8/8 completed)
[2026-09-13 20:18:40.440] *                          diagram  (_out/canary/projects/cairo/-run/diagrams/all.mmd)
[2026-09-13 20:18:40.440] *                          diagram  (_out/canary/projects/cairo/-run/diagrams/full.mmd)
[2026-09-13 20:18:40.441] *                          view  (lib (3 steps))
[2026-09-13 20:18:40.441] *                          view  (probes (4 steps))
[2026-09-13 20:18:40.441] *                          view  (binding_ocaml (5 steps))
[2026-09-13 20:18:40.442] *                          html  (_out/canary/projects/cairo/-run/result.html)
[2026-09-13 20:18:40.443] *                          index  (_out/canary/projects/index.html)
[2026-09-13 20:18:40.443] *                          invariant  (full.mmd: OK (8 nodes, 8 IDs))
[2026-09-13 20:18:40.443] *                          invariant  (binding_ocaml.mmd: OK (7 nodes, 8 IDs))
[2026-09-13 20:18:40.443] !                          invariant  (source.mmd: missing [8])
[2026-09-13 20:18:40.444] !                          invariant  (SOME FAILED)
[2026-09-13 20:18:40.465] *                          variant_start  (source-fetched-1.18.0_lib-vendored-dev_ocaml_binding-fetched)
[2026-09-13 20:18:40.465] *                          graph_start  (8 steps)
[2026-09-13 20:18:40.466] fetch_lib                  warm_gate  (marker + fingerprint + check_post passed)
[2026-09-13 20:18:40.466] fetch_lib                  skip  (verdict marker (prior success))
[2026-09-13 20:18:40.466] fetch_binding_ocaml        warm_gate  (marker + fingerprint + check_post passed)
[2026-09-13 20:18:40.466] fetch_binding_ocaml        skip  (verdict marker (prior success))
[2026-09-13 20:18:40.466] fetch_binding_ocaml_inspect  check_pre  (pass)
[2026-09-13 20:18:40.468] fetch_binding_ocaml_inspect  cmd  (eval $(opam env)
PKG_DIR=$(ocamlfind query 'cairo2' 2>/dev/null)
test -n "$PKG_DIR"
python3 canary/scripts/inspect_binding.py --kind mli --dir "$PKG_DIR" \
  --watchlist 'Cairo' > /home/red/code/research/tola/_out/canary/projects/cairo/fetch_binding/ocaml/inspect_source-fetched-1.18.0_lib-vendored-dev_ocaml_binding-fetched.json)
[2026-09-13 20:18:40.468] fetch_binding_ocaml_inspect  opam_switch  (canary)
[2026-09-13 20:18:40.468] fetch_binding_ocaml_inspect  platform  (wsl_ubuntu)
[2026-09-13 20:18:40.533] fetch_binding_ocaml_inspect  cmd_log  (fetch_binding_ocaml_inspect.out_source-fetched-1.18.0_lib-vendored-dev_ocaml_binding-fetched.log)
[2026-09-13 20:18:40.533] fetch_binding_ocaml_inspect  detect  (ok, output present)
[2026-09-13 20:18:40.533] fetch_binding_ocaml_inspect  agreement_outcome  (no agreement fires at this action)
[2026-09-13 20:18:40.534] fetch_binding_ocaml_inspect  check_post  (pass)
[2026-09-13 20:18:40.534] fetch_binding_ocaml_inspect  done
[2026-09-13 20:18:40.536] fetch_binding_ocaml_stub_inspect  check_pre  (pass)
[2026-09-13 20:18:40.538] fetch_binding_ocaml_stub_inspect  cmd  (eval $(opam env)
PKG_DIR=$(ocamlfind query 'cairo2' 2>/dev/null)
test -n "$PKG_DIR"
STUB=$(ls "$PKG_DIR"/lib*.a 2>/dev/null | head -1)
test -n "$STUB"
python3 canary/scripts/inspect_binding.py --kind stub --path "$STUB" \
  --prefix 'cairo_' --watchlist '' \
  > /home/red/code/research/tola/_out/canary/projects/cairo/fetch_binding/ocaml/inspect_stub_source-fetched-1.18.0_lib-vendored-dev_ocaml_binding-fetched.json)
[2026-09-13 20:18:40.538] fetch_binding_ocaml_stub_inspect  opam_switch  (canary)
[2026-09-13 20:18:40.538] fetch_binding_ocaml_stub_inspect  platform  (wsl_ubuntu)
[2026-09-13 20:18:40.637] fetch_binding_ocaml_stub_inspect  cmd_log  (fetch_binding_ocaml_stub_inspect.out_source-fetched-1.18.0_lib-vendored-dev_ocaml_binding-fetched.log)
[2026-09-13 20:18:40.637] fetch_binding_ocaml_stub_inspect  detect  (ok, output present)
[2026-09-13 20:18:40.637] fetch_binding_ocaml_stub_inspect  agreement_outcome  (no agreement fires at this action)
[2026-09-13 20:18:40.637] fetch_binding_ocaml_stub_inspect  check_post  (pass)
[2026-09-13 20:18:40.637] fetch_binding_ocaml_stub_inspect  done
[2026-09-13 20:18:40.639] probe_lib                  check_pre  (pass)
[2026-09-13 20:18:40.641] probe_lib                  cmd  (LIB_NATIVE=$(ls /home/red/code/contrib/cairo-all/prebuilt/cairo-1.18.4/lib/libcairo.so* 2>/dev/null | head -1)
test -n "$LIB_NATIVE" -a -e "$LIB_NATIVE" || { echo "PREBUILT MISSING: /home/red/code/contrib/cairo-all/prebuilt/cairo-1.18.4/lib — run 'canary prebuilt cairo' first" >&2; exit 1; }
COUNT=$(nm -D "$LIB_NATIVE" 2>/dev/null | grep -v ' U ' | grep -c 'cairo_' || echo 0)
printf 'cairo_ symbols exported: %s\n' "$COUNT" | tee /home/red/code/research/tola/_out/canary/projects/cairo/probe_lib/probe_source-fetched-1.18.0_lib-vendored-dev_ocaml_binding-fetched.log
test "$COUNT" -gt 0)
[2026-09-13 20:18:40.641] probe_lib                  opam_switch  (canary)
[2026-09-13 20:18:40.641] probe_lib                  platform  (wsl_ubuntu)
[2026-09-13 20:18:40.688] probe_lib                  cmd_log  (probe_lib.out_source-fetched-1.18.0_lib-vendored-dev_ocaml_binding-fetched.log)
[2026-09-13 20:18:40.688] probe_lib                  detect  (ok, output present)
[2026-09-13 20:18:40.688] probe_lib                  agreement_outcome  (no agreement fires at this action)
[2026-09-13 20:18:40.688] probe_lib                  check_post  (pass)
[2026-09-13 20:18:40.688] probe_lib                  done
[2026-09-13 20:18:40.690] probe_lib_inspect          check_pre  (pass)
[2026-09-13 20:18:40.692] probe_lib_inspect          cmd  (LIB_NATIVE=$(ls /home/red/code/contrib/cairo-all/prebuilt/cairo-1.18.4/lib/libcairo.so* 2>/dev/null | head -1)
test -n "$LIB_NATIVE" -a -e "$LIB_NATIVE" || { echo "PREBUILT MISSING: /home/red/code/contrib/cairo-all/prebuilt/cairo-1.18.4/lib — run 'canary prebuilt cairo' first" >&2; exit 1; }
nm -D "$LIB_NATIVE" 2>/dev/null \
  | python3 canary/scripts/inspect_native.py --emit-symbols --elf --path "$LIB_NATIVE" --prefixes 'cairo_' --watchlist 'cairo_create,cairo_destroy,cairo_paint,cairo_move_to,cairo_line_to,cairo_stroke,cairo_image_surface_create,cairo_surface_destroy' \
  > /home/red/code/research/tola/_out/canary/projects/cairo/probe_lib/inspect_source-fetched-1.18.0_lib-vendored-dev_ocaml_binding-fetched.json)
[2026-09-13 20:18:40.692] probe_lib_inspect          opam_switch  (canary)
[2026-09-13 20:18:40.692] probe_lib_inspect          platform  (wsl_ubuntu)
[2026-09-13 20:18:40.744] probe_lib_inspect          cmd_log  (probe_lib_inspect.out_source-fetched-1.18.0_lib-vendored-dev_ocaml_binding-fetched.log)
[2026-09-13 20:18:40.745] probe_lib_inspect          detect  (ok, output present)
[2026-09-13 20:18:40.745] probe_lib_inspect          agreement_outcome  (no agreement fires at this action)
[2026-09-13 20:18:40.745] probe_lib_inspect          check_post  (pass)
[2026-09-13 20:18:40.745] probe_lib_inspect          done
[2026-09-13 20:18:40.747] probe_binding_ocaml        check_pre  (pass)
[2026-09-13 20:18:40.749] probe_binding_ocaml        cmd  (eval $(opam env)
export LD_LIBRARY_PATH=/home/red/code/contrib/cairo-all/prebuilt/cairo-1.18.4/lib:$LD_LIBRARY_PATH
ocamlfind ocamlopt -package cairo2 -linkpkg canary/examples/cairo/cairo_example.ml -o /home/red/code/research/tola/_out/canary/projects/cairo/probe_binding/ocaml/cairo_example > /home/red/code/research/tola/_out/canary/projects/cairo/probe_binding/ocaml/probe_source-fetched-1.18.0_lib-vendored-dev_ocaml_binding-fetched.log 2>&1 && /home/red/code/research/tola/_out/canary/projects/cairo/probe_binding/ocaml/cairo_example >> /home/red/code/research/tola/_out/canary/projects/cairo/probe_binding/ocaml/probe_source-fetched-1.18.0_lib-vendored-dev_ocaml_binding-fetched.log 2>&1
RC=$?
cat /home/red/code/research/tola/_out/canary/projects/cairo/probe_binding/ocaml/probe_source-fetched-1.18.0_lib-vendored-dev_ocaml_binding-fetched.log
exit $RC)
[2026-09-13 20:18:40.749] probe_binding_ocaml        opam_switch  (canary)
[2026-09-13 20:18:40.749] probe_binding_ocaml        platform  (wsl_ubuntu)
[2026-09-13 20:18:40.859] probe_binding_ocaml        cmd_log  (probe_binding_ocaml.out_source-fetched-1.18.0_lib-vendored-dev_ocaml_binding-fetched.log)
[2026-09-13 20:18:40.859] probe_binding_ocaml        detect  (ok, output present)
[2026-09-13 20:18:40.860] probe_binding_ocaml        agreement_outcome  (required_symbols_exported/stub_requirements_vs_library_exports: holds)
[2026-09-13 20:18:40.860] probe_binding_ocaml        agreement_outcome  (api_names_present/watchlist_vs_user_surface: holds)
[2026-09-13 20:18:40.860] probe_binding_ocaml        agreement_outcome  (behavior_matches/probe_assertions: not_implemented: the expected values live inside the probe's source as embedded assertions, and the observation is the probe's …)
[2026-09-13 20:18:40.860] probe_binding_ocaml        agreement_outcome  (soname_matches_requirement/library_identity_vs_consumer_record: not_applicable: this binding mechanism produces no artifact carrying a dependency or symbol-version record (a static archive h…)
[2026-09-13 20:18:40.860] probe_binding_ocaml        agreement_outcome  (required_versions_exported/required_tags_vs_provider_exports: not_applicable: this binding mechanism produces no artifact carrying a dependency or symbol-version record (a static archive h…)
[2026-09-13 20:18:40.860] probe_binding_ocaml        agreement_outcome  (signatures_agree/header_vs_stub_signature_summaries: unavailable: no header signature summary in this world)
[2026-09-13 20:18:40.860] probe_binding_ocaml        agreement_outcome  (dependencies_provided/recorded_dependencies_vs_world_providers: not_applicable: this binding mechanism produces no artifact carrying a dependency or symbol-version record (a static archive h…)
[2026-09-13 20:18:40.860] probe_binding_ocaml        agreement_outcome  (repack_preserves_api/declared_repacking_relation: not_implemented: the repacking relation is not specified: "preserves" has no agreed scope, so there is nothing to compare a bin…)
[2026-09-13 20:18:40.860] probe_binding_ocaml        agreement_outcome  (repack_complete/composed_faithfulness: not_implemented: the claim's scope is unsettled ("loses nothing" needs an allowed-omission policy), and two of the three agreem…)
[2026-09-13 20:18:40.860] probe_binding_ocaml        check_post  (pass)
[2026-09-13 20:18:40.860] probe_binding_ocaml        done
[2026-09-13 20:18:40.862] probe_binding_ocaml_inspect  check_pre  (pass)
[2026-09-13 20:18:40.864] probe_binding_ocaml_inspect  cmd  (eval $(opam env)
PKG_DIR=$(ocamlfind query 'cairo2' 2>/dev/null)
test -n "$PKG_DIR"
{ for f in "$PKG_DIR"/*.cmxa "$PKG_DIR"/*.cma; do
    [ -f "$f" ] && ocamlobjinfo "$f"
  done
} | python3 canary/scripts/inspect_ocaml.py --path 'cairo2' --watchlist 'Cairo' \
  > /home/red/code/research/tola/_out/canary/projects/cairo/probe_binding/ocaml/inspect_source-fetched-1.18.0_lib-vendored-dev_ocaml_binding-fetched.json)
[2026-09-13 20:18:40.864] probe_binding_ocaml_inspect  opam_switch  (canary)
[2026-09-13 20:18:40.864] probe_binding_ocaml_inspect  platform  (wsl_ubuntu)
[2026-09-13 20:18:40.920] probe_binding_ocaml_inspect  cmd_log  (probe_binding_ocaml_inspect.out_source-fetched-1.18.0_lib-vendored-dev_ocaml_binding-fetched.log)
[2026-09-13 20:18:40.920] probe_binding_ocaml_inspect  detect  (ok, output present)
[2026-09-13 20:18:40.921] probe_binding_ocaml_inspect  agreement_outcome  (required_symbols_exported/stub_requirements_vs_library_exports: holds)
[2026-09-13 20:18:40.921] probe_binding_ocaml_inspect  agreement_outcome  (api_names_present/watchlist_vs_user_surface: holds)
[2026-09-13 20:18:40.921] probe_binding_ocaml_inspect  agreement_outcome  (behavior_matches/probe_assertions: not_implemented: the expected values live inside the probe's source as embedded assertions, and the observation is the probe's …)
[2026-09-13 20:18:40.921] probe_binding_ocaml_inspect  agreement_outcome  (soname_matches_requirement/library_identity_vs_consumer_record: not_applicable: this binding mechanism produces no artifact carrying a dependency or symbol-version record (a static archive h…)
[2026-09-13 20:18:40.921] probe_binding_ocaml_inspect  agreement_outcome  (required_versions_exported/required_tags_vs_provider_exports: not_applicable: this binding mechanism produces no artifact carrying a dependency or symbol-version record (a static archive h…)
[2026-09-13 20:18:40.921] probe_binding_ocaml_inspect  agreement_outcome  (signatures_agree/header_vs_stub_signature_summaries: unavailable: no header signature summary in this world)
[2026-09-13 20:18:40.921] probe_binding_ocaml_inspect  agreement_outcome  (dependencies_provided/recorded_dependencies_vs_world_providers: not_applicable: this binding mechanism produces no artifact carrying a dependency or symbol-version record (a static archive h…)
[2026-09-13 20:18:40.921] probe_binding_ocaml_inspect  agreement_outcome  (repack_preserves_api/declared_repacking_relation: not_implemented: the repacking relation is not specified: "preserves" has no agreed scope, so there is nothing to compare a bin…)
[2026-09-13 20:18:40.921] probe_binding_ocaml_inspect  agreement_outcome  (repack_complete/composed_faithfulness: not_implemented: the claim's scope is unsettled ("loses nothing" needs an allowed-omission policy), and two of the three agreem…)
[2026-09-13 20:18:40.922] probe_binding_ocaml_inspect  check_post  (pass)
[2026-09-13 20:18:40.922] probe_binding_ocaml_inspect  done
[2026-09-13 20:18:40.924] *                          graph_end  (8/8 completed)
[2026-09-13 20:18:40.924] *                          diagram  (_out/canary/projects/cairo/-run/diagrams/all.mmd)
[2026-09-13 20:18:40.924] *                          diagram  (_out/canary/projects/cairo/-run/diagrams/full.mmd)
[2026-09-13 20:18:40.924] *                          view  (lib (3 steps))
[2026-09-13 20:18:40.924] *                          view  (probes (4 steps))
[2026-09-13 20:18:40.925] *                          view  (binding_ocaml (5 steps))
[2026-09-13 20:18:40.925] *                          html  (_out/canary/projects/cairo/-run/result.html)
[2026-09-13 20:18:40.926] *                          index  (_out/canary/projects/index.html)
[2026-09-13 20:18:40.926] *                          invariant  (full.mmd: OK (8 nodes, 8 IDs))
[2026-09-13 20:18:40.926] *                          invariant  (binding_ocaml.mmd: OK (7 nodes, 8 IDs))
[2026-09-13 20:18:40.926] !                          invariant  (source.mmd: missing [8])
[2026-09-13 20:18:40.927] !                          invariant  (SOME FAILED)
[2026-09-13 20:22:23.791] *                          run_start  (cairo)
[2026-09-13 20:22:23.800] *                          variant_start  (source-fetched-1.18.0_lib-fetched_ocaml_binding-fetched)
[2026-09-13 20:22:23.800] *                          graph_start  (8 steps)
[2026-09-13 20:22:23.800] fetch_lib                  warm_gate  (marker + fingerprint + check_post passed)
[2026-09-13 20:22:23.800] fetch_lib                  skip  (verdict marker (prior success))
[2026-09-13 20:22:23.800] fetch_binding_ocaml        warm_gate  (marker + fingerprint + check_post passed)
[2026-09-13 20:22:23.800] fetch_binding_ocaml        skip  (verdict marker (prior success))
[2026-09-13 20:22:23.800] fetch_binding_ocaml_inspect  warm_check_post  (FAIL — the postcondition no longer holds; re-running)
[2026-09-13 20:22:23.800] fetch_binding_ocaml_stub_inspect  warm_check_post  (FAIL — the postcondition no longer holds; re-running)
[2026-09-13 20:22:23.800] fetch_binding_ocaml_inspect  check_pre  (pass)
[2026-09-13 20:22:23.802] fetch_binding_ocaml_inspect  cmd  (eval $(opam env)
PKG_DIR=$(ocamlfind query 'cairo2' 2>/dev/null)
test -n "$PKG_DIR"
python3 canary/scripts/inspect_binding.py --kind mli --dir "$PKG_DIR" \
  --watchlist 'Cairo' > /home/red/code/research/tola/_out/canary/projects/cairo/fetch_binding/ocaml/inspect_source-fetched-1.18.0_lib-fetched_ocaml_binding-fetched.json)
[2026-09-13 20:22:23.802] fetch_binding_ocaml_inspect  opam_switch  (canary)
[2026-09-13 20:22:23.802] fetch_binding_ocaml_inspect  platform  (wsl_ubuntu)
[2026-09-13 20:22:23.867] fetch_binding_ocaml_inspect  cmd_log  (fetch_binding_ocaml_inspect.out_source-fetched-1.18.0_lib-fetched_ocaml_binding-fetched.log)
[2026-09-13 20:22:23.867] fetch_binding_ocaml_inspect  detect  (ok, output present)
[2026-09-13 20:22:23.867] fetch_binding_ocaml_inspect  agreement_outcome  (no agreement fires at this action)
[2026-09-13 20:22:23.867] fetch_binding_ocaml_inspect  check_post  (pass)
[2026-09-13 20:22:23.867] fetch_binding_ocaml_inspect  done
[2026-09-13 20:22:23.870] fetch_binding_ocaml_stub_inspect  check_pre  (pass)
[2026-09-13 20:22:23.871] fetch_binding_ocaml_stub_inspect  cmd  (eval $(opam env)
PKG_DIR=$(ocamlfind query 'cairo2' 2>/dev/null)
test -n "$PKG_DIR"
STUB=$(ls "$PKG_DIR"/lib*.a 2>/dev/null | head -1)
test -n "$STUB"
python3 canary/scripts/inspect_binding.py --kind stub --path "$STUB" \
  --prefix 'cairo_' --watchlist '' \
  > /home/red/code/research/tola/_out/canary/projects/cairo/fetch_binding/ocaml/inspect_stub_source-fetched-1.18.0_lib-fetched_ocaml_binding-fetched.json)
[2026-09-13 20:22:23.871] fetch_binding_ocaml_stub_inspect  opam_switch  (canary)
[2026-09-13 20:22:23.871] fetch_binding_ocaml_stub_inspect  platform  (wsl_ubuntu)
[2026-09-13 20:22:23.974] fetch_binding_ocaml_stub_inspect  cmd_log  (fetch_binding_ocaml_stub_inspect.out_source-fetched-1.18.0_lib-fetched_ocaml_binding-fetched.log)
[2026-09-13 20:22:23.974] fetch_binding_ocaml_stub_inspect  detect  (ok, output present)
[2026-09-13 20:22:23.975] fetch_binding_ocaml_stub_inspect  agreement_outcome  (no agreement fires at this action)
[2026-09-13 20:22:23.975] fetch_binding_ocaml_stub_inspect  check_post  (pass)
[2026-09-13 20:22:23.975] fetch_binding_ocaml_stub_inspect  done
[2026-09-13 20:22:23.977] probe_lib                  check_pre  (pass)
[2026-09-13 20:22:23.978] probe_lib                  cmd  (LIB_NATIVE=$(ls /usr/lib/x86_64-linux-gnu/libcairo.so* /usr/lib*/libcairo.so* 2>/dev/null \
        "$(brew --prefix cairo 2>/dev/null)/lib/libcairo.dylib" 2>/dev/null \
        | head -1)
test -n "$LIB_NATIVE" -a -e "$LIB_NATIVE"
COUNT=$(nm -D "$LIB_NATIVE" 2>/dev/null | grep -v ' U ' | grep -c 'cairo_' || echo 0)
printf 'cairo_ symbols exported: %s\n' "$COUNT" | tee /home/red/code/research/tola/_out/canary/projects/cairo/probe_lib/probe_source-fetched-1.18.0_lib-fetched_ocaml_binding-fetched.log
test "$COUNT" -gt 0)
[2026-09-13 20:22:23.978] probe_lib                  opam_switch  (canary)
[2026-09-13 20:22:23.978] probe_lib                  platform  (wsl_ubuntu)
[2026-09-13 20:22:24.025] probe_lib                  cmd_log  (probe_lib.out_source-fetched-1.18.0_lib-fetched_ocaml_binding-fetched.log)
[2026-09-13 20:22:24.025] probe_lib                  detect  (ok, output present)
[2026-09-13 20:22:24.025] probe_lib                  agreement_outcome  (no agreement fires at this action)
[2026-09-13 20:22:24.025] probe_lib                  check_post  (pass)
[2026-09-13 20:22:24.025] probe_lib                  done
[2026-09-13 20:22:24.027] probe_lib_inspect          check_pre  (pass)
[2026-09-13 20:22:24.029] probe_lib_inspect          cmd  (LIB_NATIVE=$(ls /usr/lib/x86_64-linux-gnu/libcairo.so* /usr/lib*/libcairo.so* 2>/dev/null \
        "$(brew --prefix cairo 2>/dev/null)/lib/libcairo.dylib" 2>/dev/null \
        | head -1)
test -n "$LIB_NATIVE" -a -e "$LIB_NATIVE"
nm -D "$LIB_NATIVE" 2>/dev/null \
  | python3 canary/scripts/inspect_native.py --emit-symbols --elf --path "$LIB_NATIVE" --prefixes 'cairo_' --watchlist 'cairo_create,cairo_destroy,cairo_paint,cairo_move_to,cairo_line_to,cairo_stroke,cairo_image_surface_create,cairo_surface_destroy' \
  > /home/red/code/research/tola/_out/canary/projects/cairo/probe_lib/inspect_source-fetched-1.18.0_lib-fetched_ocaml_binding-fetched.json)
[2026-09-13 20:22:24.029] probe_lib_inspect          opam_switch  (canary)
[2026-09-13 20:22:24.029] probe_lib_inspect          platform  (wsl_ubuntu)
[2026-09-13 20:22:24.083] probe_lib_inspect          cmd_log  (probe_lib_inspect.out_source-fetched-1.18.0_lib-fetched_ocaml_binding-fetched.log)
[2026-09-13 20:22:24.083] probe_lib_inspect          detect  (ok, output present)
[2026-09-13 20:22:24.083] probe_lib_inspect          agreement_outcome  (no agreement fires at this action)
[2026-09-13 20:22:24.083] probe_lib_inspect          check_post  (pass)
[2026-09-13 20:22:24.083] probe_lib_inspect          done
[2026-09-13 20:22:24.085] probe_binding_ocaml        check_pre  (pass)
[2026-09-13 20:22:24.087] probe_binding_ocaml        cmd  (eval $(opam env)
ocamlfind ocamlopt -package cairo2 -linkpkg canary/examples/cairo/cairo_example.ml -o /home/red/code/research/tola/_out/canary/projects/cairo/probe_binding/ocaml/cairo_example > /home/red/code/research/tola/_out/canary/projects/cairo/probe_binding/ocaml/probe_source-fetched-1.18.0_lib-fetched_ocaml_binding-fetched.log 2>&1 && /home/red/code/research/tola/_out/canary/projects/cairo/probe_binding/ocaml/cairo_example >> /home/red/code/research/tola/_out/canary/projects/cairo/probe_binding/ocaml/probe_source-fetched-1.18.0_lib-fetched_ocaml_binding-fetched.log 2>&1
RC=$?
cat /home/red/code/research/tola/_out/canary/projects/cairo/probe_binding/ocaml/probe_source-fetched-1.18.0_lib-fetched_ocaml_binding-fetched.log
exit $RC)
[2026-09-13 20:22:24.087] probe_binding_ocaml        opam_switch  (canary)
[2026-09-13 20:22:24.087] probe_binding_ocaml        platform  (wsl_ubuntu)
[2026-09-13 20:22:24.204] probe_binding_ocaml        cmd_log  (probe_binding_ocaml.out_source-fetched-1.18.0_lib-fetched_ocaml_binding-fetched.log)
[2026-09-13 20:22:24.204] probe_binding_ocaml        detect  (ok, output present)
[2026-09-13 20:22:24.205] probe_binding_ocaml        agreement_outcome  (required_symbols_exported/stub_requirements_vs_library_exports: holds)
[2026-09-13 20:22:24.205] probe_binding_ocaml        agreement_outcome  (api_names_present/watchlist_vs_user_surface: holds)
[2026-09-13 20:22:24.205] probe_binding_ocaml        agreement_outcome  (behavior_matches/probe_assertions: not_implemented: the expected values live inside the probe's source as embedded assertions, and the observation is the probe's …)
[2026-09-13 20:22:24.205] probe_binding_ocaml        agreement_outcome  (soname_matches_requirement/library_identity_vs_consumer_record: not_applicable: this binding mechanism produces no artifact carrying a dependency or symbol-version record (a static archive h…)
[2026-09-13 20:22:24.205] probe_binding_ocaml        agreement_outcome  (required_versions_exported/required_tags_vs_provider_exports: not_applicable: this binding mechanism produces no artifact carrying a dependency or symbol-version record (a static archive h…)
[2026-09-13 20:22:24.205] probe_binding_ocaml        agreement_outcome  (signatures_agree/header_vs_stub_signature_summaries: unavailable: no header signature summary in this world)
[2026-09-13 20:22:24.205] probe_binding_ocaml        agreement_outcome  (dependencies_provided/recorded_dependencies_vs_world_providers: not_applicable: this binding mechanism produces no artifact carrying a dependency or symbol-version record (a static archive h…)
[2026-09-13 20:22:24.205] probe_binding_ocaml        agreement_outcome  (repack_preserves_api/declared_repacking_relation: not_implemented: the repacking relation is not specified: "preserves" has no agreed scope, so there is nothing to compare a bin…)
[2026-09-13 20:22:24.205] probe_binding_ocaml        agreement_outcome  (repack_complete/composed_faithfulness: not_implemented: the claim's scope is unsettled ("loses nothing" needs an allowed-omission policy), and two of the three agreem…)
[2026-09-13 20:22:24.206] probe_binding_ocaml        check_post  (pass)
[2026-09-13 20:22:24.206] probe_binding_ocaml        done
[2026-09-13 20:22:24.208] probe_binding_ocaml_inspect  check_pre  (pass)
[2026-09-13 20:22:24.210] probe_binding_ocaml_inspect  cmd  (eval $(opam env)
PKG_DIR=$(ocamlfind query 'cairo2' 2>/dev/null)
test -n "$PKG_DIR"
{ for f in "$PKG_DIR"/*.cmxa "$PKG_DIR"/*.cma; do
    [ -f "$f" ] && ocamlobjinfo "$f"
  done
} | python3 canary/scripts/inspect_ocaml.py --path 'cairo2' --watchlist 'Cairo' \
  > /home/red/code/research/tola/_out/canary/projects/cairo/probe_binding/ocaml/inspect_source-fetched-1.18.0_lib-fetched_ocaml_binding-fetched.json)
[2026-09-13 20:22:24.210] probe_binding_ocaml_inspect  opam_switch  (canary)
[2026-09-13 20:22:24.210] probe_binding_ocaml_inspect  platform  (wsl_ubuntu)
[2026-09-13 20:22:24.265] probe_binding_ocaml_inspect  cmd_log  (probe_binding_ocaml_inspect.out_source-fetched-1.18.0_lib-fetched_ocaml_binding-fetched.log)
[2026-09-13 20:22:24.265] probe_binding_ocaml_inspect  detect  (ok, output present)
[2026-09-13 20:22:24.266] probe_binding_ocaml_inspect  agreement_outcome  (required_symbols_exported/stub_requirements_vs_library_exports: holds)
[2026-09-13 20:22:24.266] probe_binding_ocaml_inspect  agreement_outcome  (api_names_present/watchlist_vs_user_surface: holds)
[2026-09-13 20:22:24.266] probe_binding_ocaml_inspect  agreement_outcome  (behavior_matches/probe_assertions: not_implemented: the expected values live inside the probe's source as embedded assertions, and the observation is the probe's …)
[2026-09-13 20:22:24.266] probe_binding_ocaml_inspect  agreement_outcome  (soname_matches_requirement/library_identity_vs_consumer_record: not_applicable: this binding mechanism produces no artifact carrying a dependency or symbol-version record (a static archive h…)
[2026-09-13 20:22:24.266] probe_binding_ocaml_inspect  agreement_outcome  (required_versions_exported/required_tags_vs_provider_exports: not_applicable: this binding mechanism produces no artifact carrying a dependency or symbol-version record (a static archive h…)
[2026-09-13 20:22:24.266] probe_binding_ocaml_inspect  agreement_outcome  (signatures_agree/header_vs_stub_signature_summaries: unavailable: no header signature summary in this world)
[2026-09-13 20:22:24.266] probe_binding_ocaml_inspect  agreement_outcome  (dependencies_provided/recorded_dependencies_vs_world_providers: not_applicable: this binding mechanism produces no artifact carrying a dependency or symbol-version record (a static archive h…)
[2026-09-13 20:22:24.266] probe_binding_ocaml_inspect  agreement_outcome  (repack_preserves_api/declared_repacking_relation: not_implemented: the repacking relation is not specified: "preserves" has no agreed scope, so there is nothing to compare a bin…)
[2026-09-13 20:22:24.266] probe_binding_ocaml_inspect  agreement_outcome  (repack_complete/composed_faithfulness: not_implemented: the claim's scope is unsettled ("loses nothing" needs an allowed-omission policy), and two of the three agreem…)
[2026-09-13 20:22:24.267] probe_binding_ocaml_inspect  check_post  (pass)
[2026-09-13 20:22:24.267] probe_binding_ocaml_inspect  done
[2026-09-13 20:22:24.269] *                          graph_end  (8/8 completed)
[2026-09-13 20:22:24.269] *                          diagram  (_out/canary/projects/cairo/-run/diagrams/all.mmd)
[2026-09-13 20:22:24.269] *                          diagram  (_out/canary/projects/cairo/-run/diagrams/full.mmd)
[2026-09-13 20:22:24.270] *                          view  (lib (3 steps))
[2026-09-13 20:22:24.270] *                          view  (probes (4 steps))
[2026-09-13 20:22:24.270] *                          view  (binding_ocaml (5 steps))
[2026-09-13 20:22:24.271] *                          html  (_out/canary/projects/cairo/-run/result.html)
[2026-09-13 20:22:24.272] *                          index  (_out/canary/projects/index.html)
[2026-09-13 20:22:24.272] *                          invariant  (full.mmd: OK (8 nodes, 8 IDs))
[2026-09-13 20:22:24.272] *                          invariant  (binding_ocaml.mmd: OK (7 nodes, 8 IDs))
[2026-09-13 20:22:24.272] !                          invariant  (source.mmd: missing [8])
[2026-09-13 20:22:24.272] !                          invariant  (SOME FAILED)
[2026-09-13 20:22:24.291] *                          variant_start  (source-fetched-1.18.0_lib-vendored-dev_ocaml_binding-fetched)
[2026-09-13 20:22:24.291] *                          graph_start  (8 steps)
[2026-09-13 20:22:24.291] fetch_lib                  warm_gate  (marker + fingerprint + check_post passed)
[2026-09-13 20:22:24.291] fetch_lib                  skip  (verdict marker (prior success))
[2026-09-13 20:22:24.291] fetch_binding_ocaml        warm_gate  (marker + fingerprint + check_post passed)
[2026-09-13 20:22:24.291] fetch_binding_ocaml        skip  (verdict marker (prior success))
[2026-09-13 20:22:24.291] fetch_binding_ocaml_inspect  warm_check_post  (FAIL — the postcondition no longer holds; re-running)
[2026-09-13 20:22:24.291] fetch_binding_ocaml_stub_inspect  warm_check_post  (FAIL — the postcondition no longer holds; re-running)
[2026-09-13 20:22:24.291] fetch_binding_ocaml_inspect  check_pre  (pass)
[2026-09-13 20:22:24.293] fetch_binding_ocaml_inspect  cmd  (eval $(opam env)
PKG_DIR=$(ocamlfind query 'cairo2' 2>/dev/null)
test -n "$PKG_DIR"
python3 canary/scripts/inspect_binding.py --kind mli --dir "$PKG_DIR" \
  --watchlist 'Cairo' > /home/red/code/research/tola/_out/canary/projects/cairo/fetch_binding/ocaml/inspect_source-fetched-1.18.0_lib-vendored-dev_ocaml_binding-fetched.json)
[2026-09-13 20:22:24.293] fetch_binding_ocaml_inspect  opam_switch  (canary)
[2026-09-13 20:22:24.293] fetch_binding_ocaml_inspect  platform  (wsl_ubuntu)
[2026-09-13 20:22:24.360] fetch_binding_ocaml_inspect  cmd_log  (fetch_binding_ocaml_inspect.out_source-fetched-1.18.0_lib-vendored-dev_ocaml_binding-fetched.log)
[2026-09-13 20:22:24.360] fetch_binding_ocaml_inspect  detect  (ok, output present)
[2026-09-13 20:22:24.360] fetch_binding_ocaml_inspect  agreement_outcome  (no agreement fires at this action)
[2026-09-13 20:22:24.360] fetch_binding_ocaml_inspect  check_post  (pass)
[2026-09-13 20:22:24.360] fetch_binding_ocaml_inspect  done
[2026-09-13 20:22:24.362] fetch_binding_ocaml_stub_inspect  check_pre  (pass)
[2026-09-13 20:22:24.364] fetch_binding_ocaml_stub_inspect  cmd  (eval $(opam env)
PKG_DIR=$(ocamlfind query 'cairo2' 2>/dev/null)
test -n "$PKG_DIR"
STUB=$(ls "$PKG_DIR"/lib*.a 2>/dev/null | head -1)
test -n "$STUB"
python3 canary/scripts/inspect_binding.py --kind stub --path "$STUB" \
  --prefix 'cairo_' --watchlist '' \
  > /home/red/code/research/tola/_out/canary/projects/cairo/fetch_binding/ocaml/inspect_stub_source-fetched-1.18.0_lib-vendored-dev_ocaml_binding-fetched.json)
[2026-09-13 20:22:24.364] fetch_binding_ocaml_stub_inspect  opam_switch  (canary)
[2026-09-13 20:22:24.364] fetch_binding_ocaml_stub_inspect  platform  (wsl_ubuntu)
[2026-09-13 20:22:24.465] fetch_binding_ocaml_stub_inspect  cmd_log  (fetch_binding_ocaml_stub_inspect.out_source-fetched-1.18.0_lib-vendored-dev_ocaml_binding-fetched.log)
[2026-09-13 20:22:24.466] fetch_binding_ocaml_stub_inspect  detect  (ok, output present)
[2026-09-13 20:22:24.466] fetch_binding_ocaml_stub_inspect  agreement_outcome  (no agreement fires at this action)
[2026-09-13 20:22:24.466] fetch_binding_ocaml_stub_inspect  check_post  (pass)
[2026-09-13 20:22:24.466] fetch_binding_ocaml_stub_inspect  done
[2026-09-13 20:22:24.468] probe_lib                  check_pre  (pass)
[2026-09-13 20:22:24.470] probe_lib                  cmd  (LIB_NATIVE=$(ls /home/red/code/contrib/cairo-all/prebuilt/cairo-1.18.4/lib/libcairo.so* 2>/dev/null | head -1)
test -n "$LIB_NATIVE" -a -e "$LIB_NATIVE" || { echo "PREBUILT MISSING: /home/red/code/contrib/cairo-all/prebuilt/cairo-1.18.4/lib — run 'canary prebuilt cairo' first" >&2; exit 1; }
COUNT=$(nm -D "$LIB_NATIVE" 2>/dev/null | grep -v ' U ' | grep -c 'cairo_' || echo 0)
printf 'cairo_ symbols exported: %s\n' "$COUNT" | tee /home/red/code/research/tola/_out/canary/projects/cairo/probe_lib/probe_source-fetched-1.18.0_lib-vendored-dev_ocaml_binding-fetched.log
test "$COUNT" -gt 0)
[2026-09-13 20:22:24.470] probe_lib                  opam_switch  (canary)
[2026-09-13 20:22:24.470] probe_lib                  platform  (wsl_ubuntu)
[2026-09-13 20:22:24.515] probe_lib                  cmd_log  (probe_lib.out_source-fetched-1.18.0_lib-vendored-dev_ocaml_binding-fetched.log)
[2026-09-13 20:22:24.515] probe_lib                  detect  (ok, output present)
[2026-09-13 20:22:24.515] probe_lib                  agreement_outcome  (no agreement fires at this action)
[2026-09-13 20:22:24.515] probe_lib                  check_post  (pass)
[2026-09-13 20:22:24.515] probe_lib                  done
[2026-09-13 20:22:24.518] probe_lib_inspect          check_pre  (pass)
[2026-09-13 20:22:24.520] probe_lib_inspect          cmd  (LIB_NATIVE=$(ls /home/red/code/contrib/cairo-all/prebuilt/cairo-1.18.4/lib/libcairo.so* 2>/dev/null | head -1)
test -n "$LIB_NATIVE" -a -e "$LIB_NATIVE" || { echo "PREBUILT MISSING: /home/red/code/contrib/cairo-all/prebuilt/cairo-1.18.4/lib — run 'canary prebuilt cairo' first" >&2; exit 1; }
nm -D "$LIB_NATIVE" 2>/dev/null \
  | python3 canary/scripts/inspect_native.py --emit-symbols --elf --path "$LIB_NATIVE" --prefixes 'cairo_' --watchlist 'cairo_create,cairo_destroy,cairo_paint,cairo_move_to,cairo_line_to,cairo_stroke,cairo_image_surface_create,cairo_surface_destroy' \
  > /home/red/code/research/tola/_out/canary/projects/cairo/probe_lib/inspect_source-fetched-1.18.0_lib-vendored-dev_ocaml_binding-fetched.json)
[2026-09-13 20:22:24.520] probe_lib_inspect          opam_switch  (canary)
[2026-09-13 20:22:24.520] probe_lib_inspect          platform  (wsl_ubuntu)
[2026-09-13 20:22:24.572] probe_lib_inspect          cmd_log  (probe_lib_inspect.out_source-fetched-1.18.0_lib-vendored-dev_ocaml_binding-fetched.log)
[2026-09-13 20:22:24.572] probe_lib_inspect          detect  (ok, output present)
[2026-09-13 20:22:24.572] probe_lib_inspect          agreement_outcome  (no agreement fires at this action)
[2026-09-13 20:22:24.572] probe_lib_inspect          check_post  (pass)
[2026-09-13 20:22:24.572] probe_lib_inspect          done
[2026-09-13 20:22:24.575] probe_binding_ocaml        check_pre  (pass)
[2026-09-13 20:22:24.576] probe_binding_ocaml        cmd  (eval $(opam env)
export LD_LIBRARY_PATH=/home/red/code/contrib/cairo-all/prebuilt/cairo-1.18.4/lib:$LD_LIBRARY_PATH
ocamlfind ocamlopt -package cairo2 -linkpkg canary/examples/cairo/cairo_example.ml -o /home/red/code/research/tola/_out/canary/projects/cairo/probe_binding/ocaml/cairo_example > /home/red/code/research/tola/_out/canary/projects/cairo/probe_binding/ocaml/probe_source-fetched-1.18.0_lib-vendored-dev_ocaml_binding-fetched.log 2>&1 && /home/red/code/research/tola/_out/canary/projects/cairo/probe_binding/ocaml/cairo_example >> /home/red/code/research/tola/_out/canary/projects/cairo/probe_binding/ocaml/probe_source-fetched-1.18.0_lib-vendored-dev_ocaml_binding-fetched.log 2>&1
RC=$?
cat /home/red/code/research/tola/_out/canary/projects/cairo/probe_binding/ocaml/probe_source-fetched-1.18.0_lib-vendored-dev_ocaml_binding-fetched.log
exit $RC)
[2026-09-13 20:22:24.576] probe_binding_ocaml        opam_switch  (canary)
[2026-09-13 20:22:24.576] probe_binding_ocaml        platform  (wsl_ubuntu)
[2026-09-13 20:22:24.687] probe_binding_ocaml        cmd_log  (probe_binding_ocaml.out_source-fetched-1.18.0_lib-vendored-dev_ocaml_binding-fetched.log)
[2026-09-13 20:22:24.687] probe_binding_ocaml        detect  (ok, output present)
[2026-09-13 20:22:24.688] probe_binding_ocaml        agreement_outcome  (required_symbols_exported/stub_requirements_vs_library_exports: holds)
[2026-09-13 20:22:24.688] probe_binding_ocaml        agreement_outcome  (api_names_present/watchlist_vs_user_surface: holds)
[2026-09-13 20:22:24.688] probe_binding_ocaml        agreement_outcome  (behavior_matches/probe_assertions: not_implemented: the expected values live inside the probe's source as embedded assertions, and the observation is the probe's …)
[2026-09-13 20:22:24.688] probe_binding_ocaml        agreement_outcome  (soname_matches_requirement/library_identity_vs_consumer_record: not_applicable: this binding mechanism produces no artifact carrying a dependency or symbol-version record (a static archive h…)
[2026-09-13 20:22:24.688] probe_binding_ocaml        agreement_outcome  (required_versions_exported/required_tags_vs_provider_exports: not_applicable: this binding mechanism produces no artifact carrying a dependency or symbol-version record (a static archive h…)
[2026-09-13 20:22:24.688] probe_binding_ocaml        agreement_outcome  (signatures_agree/header_vs_stub_signature_summaries: unavailable: no header signature summary in this world)
[2026-09-13 20:22:24.688] probe_binding_ocaml        agreement_outcome  (dependencies_provided/recorded_dependencies_vs_world_providers: not_applicable: this binding mechanism produces no artifact carrying a dependency or symbol-version record (a static archive h…)
[2026-09-13 20:22:24.688] probe_binding_ocaml        agreement_outcome  (repack_preserves_api/declared_repacking_relation: not_implemented: the repacking relation is not specified: "preserves" has no agreed scope, so there is nothing to compare a bin…)
[2026-09-13 20:22:24.688] probe_binding_ocaml        agreement_outcome  (repack_complete/composed_faithfulness: not_implemented: the claim's scope is unsettled ("loses nothing" needs an allowed-omission policy), and two of the three agreem…)
[2026-09-13 20:22:24.688] probe_binding_ocaml        check_post  (pass)
[2026-09-13 20:22:24.688] probe_binding_ocaml        done
[2026-09-13 20:22:24.690] probe_binding_ocaml_inspect  check_pre  (pass)
[2026-09-13 20:22:24.692] probe_binding_ocaml_inspect  cmd  (eval $(opam env)
PKG_DIR=$(ocamlfind query 'cairo2' 2>/dev/null)
test -n "$PKG_DIR"
{ for f in "$PKG_DIR"/*.cmxa "$PKG_DIR"/*.cma; do
    [ -f "$f" ] && ocamlobjinfo "$f"
  done
} | python3 canary/scripts/inspect_ocaml.py --path 'cairo2' --watchlist 'Cairo' \
  > /home/red/code/research/tola/_out/canary/projects/cairo/probe_binding/ocaml/inspect_source-fetched-1.18.0_lib-vendored-dev_ocaml_binding-fetched.json)
[2026-09-13 20:22:24.692] probe_binding_ocaml_inspect  opam_switch  (canary)
[2026-09-13 20:22:24.692] probe_binding_ocaml_inspect  platform  (wsl_ubuntu)
[2026-09-13 20:22:24.748] probe_binding_ocaml_inspect  cmd_log  (probe_binding_ocaml_inspect.out_source-fetched-1.18.0_lib-vendored-dev_ocaml_binding-fetched.log)
[2026-09-13 20:22:24.748] probe_binding_ocaml_inspect  detect  (ok, output present)
[2026-09-13 20:22:24.749] probe_binding_ocaml_inspect  agreement_outcome  (required_symbols_exported/stub_requirements_vs_library_exports: holds)
[2026-09-13 20:22:24.749] probe_binding_ocaml_inspect  agreement_outcome  (api_names_present/watchlist_vs_user_surface: holds)
[2026-09-13 20:22:24.749] probe_binding_ocaml_inspect  agreement_outcome  (behavior_matches/probe_assertions: not_implemented: the expected values live inside the probe's source as embedded assertions, and the observation is the probe's …)
[2026-09-13 20:22:24.749] probe_binding_ocaml_inspect  agreement_outcome  (soname_matches_requirement/library_identity_vs_consumer_record: not_applicable: this binding mechanism produces no artifact carrying a dependency or symbol-version record (a static archive h…)
[2026-09-13 20:22:24.749] probe_binding_ocaml_inspect  agreement_outcome  (required_versions_exported/required_tags_vs_provider_exports: not_applicable: this binding mechanism produces no artifact carrying a dependency or symbol-version record (a static archive h…)
[2026-09-13 20:22:24.749] probe_binding_ocaml_inspect  agreement_outcome  (signatures_agree/header_vs_stub_signature_summaries: unavailable: no header signature summary in this world)
[2026-09-13 20:22:24.749] probe_binding_ocaml_inspect  agreement_outcome  (dependencies_provided/recorded_dependencies_vs_world_providers: not_applicable: this binding mechanism produces no artifact carrying a dependency or symbol-version record (a static archive h…)
[2026-09-13 20:22:24.749] probe_binding_ocaml_inspect  agreement_outcome  (repack_preserves_api/declared_repacking_relation: not_implemented: the repacking relation is not specified: "preserves" has no agreed scope, so there is nothing to compare a bin…)
[2026-09-13 20:22:24.749] probe_binding_ocaml_inspect  agreement_outcome  (repack_complete/composed_faithfulness: not_implemented: the claim's scope is unsettled ("loses nothing" needs an allowed-omission policy), and two of the three agreem…)
[2026-09-13 20:22:24.749] probe_binding_ocaml_inspect  check_post  (pass)
[2026-09-13 20:22:24.750] probe_binding_ocaml_inspect  done
[2026-09-13 20:22:24.752] *                          graph_end  (8/8 completed)
[2026-09-13 20:22:24.752] *                          diagram  (_out/canary/projects/cairo/-run/diagrams/all.mmd)
[2026-09-13 20:22:24.752] *                          diagram  (_out/canary/projects/cairo/-run/diagrams/full.mmd)
[2026-09-13 20:22:24.752] *                          view  (lib (3 steps))
[2026-09-13 20:22:24.752] *                          view  (probes (4 steps))
[2026-09-13 20:22:24.752] *                          view  (binding_ocaml (5 steps))
[2026-09-13 20:22:24.753] *                          html  (_out/canary/projects/cairo/-run/result.html)
[2026-09-13 20:22:24.754] *                          index  (_out/canary/projects/index.html)
[2026-09-13 20:22:24.754] *                          invariant  (full.mmd: OK (8 nodes, 8 IDs))
[2026-09-13 20:22:24.754] *                          invariant  (binding_ocaml.mmd: OK (7 nodes, 8 IDs))
[2026-09-13 20:22:24.754] !                          invariant  (source.mmd: missing [8])
[2026-09-13 20:22:24.754] !                          invariant  (SOME FAILED)
[2026-09-13 20:24:15.171] *                          run_start  (cairo)
[2026-09-13 20:24:15.179] *                          variant_start  (source-fetched-1.18.0_lib-fetched_ocaml_binding-fetched)
[2026-09-13 20:24:15.179] *                          graph_start  (7 steps)
[2026-09-13 20:24:15.179] fetch_lib                  warm_gate  (marker + fingerprint + check_post passed)
[2026-09-13 20:24:15.179] fetch_lib                  skip  (verdict marker (prior success))
[2026-09-13 20:24:15.179] fetch_binding_ocaml        warm_gate  (marker + fingerprint + check_post passed)
[2026-09-13 20:24:15.179] fetch_binding_ocaml        skip  (verdict marker (prior success))
[2026-09-13 20:24:15.179] fetch_binding_ocaml_stub_inspect  warm_check_post  (FAIL — the postcondition no longer holds; re-running)
[2026-09-13 20:24:15.179] fetch_binding_ocaml_stub_inspect  check_pre  (pass)
[2026-09-13 20:24:15.181] fetch_binding_ocaml_stub_inspect  cmd  (eval $(opam env)
PKG_DIR=$(ocamlfind query 'cairo2' 2>/dev/null)
test -n "$PKG_DIR"
STUB=$(ls "$PKG_DIR"/lib*.a 2>/dev/null | head -1)
test -n "$STUB"
python3 canary/scripts/inspect_binding.py --kind stub --path "$STUB" \
  --prefix 'cairo_' --watchlist '' \
  > /home/red/code/research/tola/_out/canary/projects/cairo/fetch_binding/ocaml/inspect_stub_source-fetched-1.18.0_lib-fetched_ocaml_binding-fetched.json)
[2026-09-13 20:24:15.181] fetch_binding_ocaml_stub_inspect  opam_switch  (canary)
[2026-09-13 20:24:15.181] fetch_binding_ocaml_stub_inspect  platform  (wsl_ubuntu)
[2026-09-13 20:24:15.280] fetch_binding_ocaml_stub_inspect  cmd_log  (fetch_binding_ocaml_stub_inspect.out_source-fetched-1.18.0_lib-fetched_ocaml_binding-fetched.log)
[2026-09-13 20:24:15.281] fetch_binding_ocaml_stub_inspect  detect  (ok, output present)
[2026-09-13 20:24:15.281] fetch_binding_ocaml_stub_inspect  agreement_outcome  (no agreement fires at this action)
[2026-09-13 20:24:15.281] fetch_binding_ocaml_stub_inspect  check_post  (pass)
[2026-09-13 20:24:15.281] fetch_binding_ocaml_stub_inspect  done
[2026-09-13 20:24:15.283] probe_lib                  check_pre  (pass)
[2026-09-13 20:24:15.284] probe_lib                  cmd  (LIB_NATIVE=$(ls /usr/lib/x86_64-linux-gnu/libcairo.so* /usr/lib*/libcairo.so* 2>/dev/null \
        "$(brew --prefix cairo 2>/dev/null)/lib/libcairo.dylib" 2>/dev/null \
        | head -1)
test -n "$LIB_NATIVE" -a -e "$LIB_NATIVE"
COUNT=$(nm -D "$LIB_NATIVE" 2>/dev/null | grep -v ' U ' | grep -c 'cairo_' || echo 0)
printf 'cairo_ symbols exported: %s\n' "$COUNT" | tee /home/red/code/research/tola/_out/canary/projects/cairo/probe_lib/probe_source-fetched-1.18.0_lib-fetched_ocaml_binding-fetched.log
test "$COUNT" -gt 0)
[2026-09-13 20:24:15.285] probe_lib                  opam_switch  (canary)
[2026-09-13 20:24:15.285] probe_lib                  platform  (wsl_ubuntu)
[2026-09-13 20:24:15.331] probe_lib                  cmd_log  (probe_lib.out_source-fetched-1.18.0_lib-fetched_ocaml_binding-fetched.log)
[2026-09-13 20:24:15.331] probe_lib                  detect  (ok, output present)
[2026-09-13 20:24:15.331] probe_lib                  agreement_outcome  (no agreement fires at this action)
[2026-09-13 20:24:15.331] probe_lib                  check_post  (pass)
[2026-09-13 20:24:15.331] probe_lib                  done
[2026-09-13 20:24:15.333] probe_lib_inspect          check_pre  (pass)
[2026-09-13 20:24:15.335] probe_lib_inspect          cmd  (LIB_NATIVE=$(ls /usr/lib/x86_64-linux-gnu/libcairo.so* /usr/lib*/libcairo.so* 2>/dev/null \
        "$(brew --prefix cairo 2>/dev/null)/lib/libcairo.dylib" 2>/dev/null \
        | head -1)
test -n "$LIB_NATIVE" -a -e "$LIB_NATIVE"
nm -D "$LIB_NATIVE" 2>/dev/null \
  | python3 canary/scripts/inspect_native.py --emit-symbols --elf --path "$LIB_NATIVE" --prefixes 'cairo_' --watchlist 'cairo_create,cairo_destroy,cairo_paint,cairo_move_to,cairo_line_to,cairo_stroke,cairo_image_surface_create,cairo_surface_destroy' \
  > /home/red/code/research/tola/_out/canary/projects/cairo/probe_lib/inspect_source-fetched-1.18.0_lib-fetched_ocaml_binding-fetched.json)
[2026-09-13 20:24:15.335] probe_lib_inspect          opam_switch  (canary)
[2026-09-13 20:24:15.335] probe_lib_inspect          platform  (wsl_ubuntu)
[2026-09-13 20:24:15.389] probe_lib_inspect          cmd_log  (probe_lib_inspect.out_source-fetched-1.18.0_lib-fetched_ocaml_binding-fetched.log)
[2026-09-13 20:24:15.389] probe_lib_inspect          detect  (ok, output present)
[2026-09-13 20:24:15.389] probe_lib_inspect          agreement_outcome  (no agreement fires at this action)
[2026-09-13 20:24:15.389] probe_lib_inspect          check_post  (pass)
[2026-09-13 20:24:15.389] probe_lib_inspect          done
[2026-09-13 20:24:15.391] probe_binding_ocaml        check_pre  (pass)
[2026-09-13 20:24:15.393] probe_binding_ocaml        cmd  (eval $(opam env)
ocamlfind ocamlopt -package cairo2 -linkpkg canary/examples/cairo/cairo_example.ml -o /home/red/code/research/tola/_out/canary/projects/cairo/probe_binding/ocaml/cairo_example > /home/red/code/research/tola/_out/canary/projects/cairo/probe_binding/ocaml/probe_source-fetched-1.18.0_lib-fetched_ocaml_binding-fetched.log 2>&1 && /home/red/code/research/tola/_out/canary/projects/cairo/probe_binding/ocaml/cairo_example >> /home/red/code/research/tola/_out/canary/projects/cairo/probe_binding/ocaml/probe_source-fetched-1.18.0_lib-fetched_ocaml_binding-fetched.log 2>&1
RC=$?
cat /home/red/code/research/tola/_out/canary/projects/cairo/probe_binding/ocaml/probe_source-fetched-1.18.0_lib-fetched_ocaml_binding-fetched.log
exit $RC)
[2026-09-13 20:24:15.393] probe_binding_ocaml        opam_switch  (canary)
[2026-09-13 20:24:15.393] probe_binding_ocaml        platform  (wsl_ubuntu)
[2026-09-13 20:24:15.502] probe_binding_ocaml        cmd_log  (probe_binding_ocaml.out_source-fetched-1.18.0_lib-fetched_ocaml_binding-fetched.log)
[2026-09-13 20:24:15.502] probe_binding_ocaml        detect  (ok, output present)
[2026-09-13 20:24:15.503] probe_binding_ocaml        agreement_outcome  (required_symbols_exported/stub_requirements_vs_library_exports: holds)
[2026-09-13 20:24:15.503] probe_binding_ocaml        agreement_outcome  (api_names_present/watchlist_vs_user_surface: unavailable: no user-facing surface inspection in this world)
[2026-09-13 20:24:15.503] probe_binding_ocaml        agreement_outcome  (behavior_matches/probe_assertions: not_implemented: the expected values live inside the probe's source as embedded assertions, and the observation is the probe's …)
[2026-09-13 20:24:15.503] probe_binding_ocaml        agreement_outcome  (soname_matches_requirement/library_identity_vs_consumer_record: not_applicable: this binding mechanism produces no artifact carrying a dependency or symbol-version record (a static archive h…)
[2026-09-13 20:24:15.503] probe_binding_ocaml        agreement_outcome  (required_versions_exported/required_tags_vs_provider_exports: not_applicable: this binding mechanism produces no artifact carrying a dependency or symbol-version record (a static archive h…)
[2026-09-13 20:24:15.503] probe_binding_ocaml        agreement_outcome  (signatures_agree/header_vs_stub_signature_summaries: unavailable: no header signature summary in this world)
[2026-09-13 20:24:15.503] probe_binding_ocaml        agreement_outcome  (dependencies_provided/recorded_dependencies_vs_world_providers: not_applicable: this binding mechanism produces no artifact carrying a dependency or symbol-version record (a static archive h…)
[2026-09-13 20:24:15.503] probe_binding_ocaml        agreement_outcome  (repack_preserves_api/declared_repacking_relation: not_implemented: the repacking relation is not specified: "preserves" has no agreed scope, so there is nothing to compare a bin…)
[2026-09-13 20:24:15.503] probe_binding_ocaml        agreement_outcome  (repack_complete/composed_faithfulness: not_implemented: the claim's scope is unsettled ("loses nothing" needs an allowed-omission policy), and two of the three agreem…)
[2026-09-13 20:24:15.504] probe_binding_ocaml        check_post  (pass)
[2026-09-13 20:24:15.504] probe_binding_ocaml        done
[2026-09-13 20:24:15.506] probe_binding_ocaml_inspect  check_pre  (pass)
[2026-09-13 20:24:15.508] probe_binding_ocaml_inspect  cmd  (eval $(opam env)
PKG_DIR=$(ocamlfind query 'cairo2' 2>/dev/null)
test -n "$PKG_DIR"
{ for f in "$PKG_DIR"/*.cmxa "$PKG_DIR"/*.cma; do
    [ -f "$f" ] && ocamlobjinfo "$f"
  done
} | python3 canary/scripts/inspect_ocaml.py --path 'cairo2' --watchlist 'Cairo' \
  > /home/red/code/research/tola/_out/canary/projects/cairo/probe_binding/ocaml/inspect_source-fetched-1.18.0_lib-fetched_ocaml_binding-fetched.json)
[2026-09-13 20:24:15.508] probe_binding_ocaml_inspect  opam_switch  (canary)
[2026-09-13 20:24:15.508] probe_binding_ocaml_inspect  platform  (wsl_ubuntu)
[2026-09-13 20:24:15.561] probe_binding_ocaml_inspect  cmd_log  (probe_binding_ocaml_inspect.out_source-fetched-1.18.0_lib-fetched_ocaml_binding-fetched.log)
[2026-09-13 20:24:15.561] probe_binding_ocaml_inspect  detect  (ok, output present)
[2026-09-13 20:24:15.562] probe_binding_ocaml_inspect  agreement_outcome  (required_symbols_exported/stub_requirements_vs_library_exports: holds)
[2026-09-13 20:24:15.562] probe_binding_ocaml_inspect  agreement_outcome  (api_names_present/watchlist_vs_user_surface: unavailable: no user-facing surface inspection in this world)
[2026-09-13 20:24:15.562] probe_binding_ocaml_inspect  agreement_outcome  (behavior_matches/probe_assertions: not_implemented: the expected values live inside the probe's source as embedded assertions, and the observation is the probe's …)
[2026-09-13 20:24:15.562] probe_binding_ocaml_inspect  agreement_outcome  (soname_matches_requirement/library_identity_vs_consumer_record: not_applicable: this binding mechanism produces no artifact carrying a dependency or symbol-version record (a static archive h…)
[2026-09-13 20:24:15.562] probe_binding_ocaml_inspect  agreement_outcome  (required_versions_exported/required_tags_vs_provider_exports: not_applicable: this binding mechanism produces no artifact carrying a dependency or symbol-version record (a static archive h…)
[2026-09-13 20:24:15.562] probe_binding_ocaml_inspect  agreement_outcome  (signatures_agree/header_vs_stub_signature_summaries: unavailable: no header signature summary in this world)
[2026-09-13 20:24:15.562] probe_binding_ocaml_inspect  agreement_outcome  (dependencies_provided/recorded_dependencies_vs_world_providers: not_applicable: this binding mechanism produces no artifact carrying a dependency or symbol-version record (a static archive h…)
[2026-09-13 20:24:15.562] probe_binding_ocaml_inspect  agreement_outcome  (repack_preserves_api/declared_repacking_relation: not_implemented: the repacking relation is not specified: "preserves" has no agreed scope, so there is nothing to compare a bin…)
[2026-09-13 20:24:15.562] probe_binding_ocaml_inspect  agreement_outcome  (repack_complete/composed_faithfulness: not_implemented: the claim's scope is unsettled ("loses nothing" needs an allowed-omission policy), and two of the three agreem…)
[2026-09-13 20:24:15.563] probe_binding_ocaml_inspect  check_post  (pass)
[2026-09-13 20:24:15.563] probe_binding_ocaml_inspect  done
[2026-09-13 20:24:15.565] *                          graph_end  (7/7 completed)
[2026-09-13 20:24:15.565] *                          diagram  (_out/canary/projects/cairo/-run/diagrams/all.mmd)
[2026-09-13 20:24:15.565] *                          diagram  (_out/canary/projects/cairo/-run/diagrams/full.mmd)
[2026-09-13 20:24:15.565] *                          view  (lib (3 steps))
[2026-09-13 20:24:15.565] *                          view  (probes (4 steps))
[2026-09-13 20:24:15.565] *                          view  (binding_ocaml (4 steps))
[2026-09-13 20:24:15.566] *                          html  (_out/canary/projects/cairo/-run/result.html)
[2026-09-13 20:24:15.567] *                          index  (_out/canary/projects/index.html)
[2026-09-13 20:24:15.567] *                          invariant  (full.mmd: OK (7 nodes, 7 IDs))
[2026-09-13 20:24:15.568] *                          invariant  (binding_ocaml.mmd: OK (6 nodes, 7 IDs))
[2026-09-13 20:24:15.568] *                          invariant  (source.mmd: OK (5 nodes, 7 IDs))
[2026-09-13 20:24:15.568] *                          invariant  (lib.mmd: OK (5 nodes, 7 IDs))
[2026-09-13 20:24:15.568] *                          invariant  (all.mmd: OK (4 nodes, 7 IDs))
[2026-09-13 20:24:15.568] *                          invariant  (probes.mmd: OK (7 nodes, 7 IDs))
[2026-09-13 20:24:15.568] *                          invariant  (ALL OK)
[2026-09-13 20:24:15.586] *                          variant_start  (source-fetched-1.18.0_lib-vendored-dev_ocaml_binding-fetched)
[2026-09-13 20:24:15.586] *                          graph_start  (7 steps)
[2026-09-13 20:24:15.586] fetch_lib                  warm_gate  (marker + fingerprint + check_post passed)
[2026-09-13 20:24:15.586] fetch_lib                  skip  (verdict marker (prior success))
[2026-09-13 20:24:15.586] fetch_binding_ocaml        warm_gate  (marker + fingerprint + check_post passed)
[2026-09-13 20:24:15.586] fetch_binding_ocaml        skip  (verdict marker (prior success))
[2026-09-13 20:24:15.586] fetch_binding_ocaml_stub_inspect  warm_check_post  (FAIL — the postcondition no longer holds; re-running)
[2026-09-13 20:24:15.586] fetch_binding_ocaml_stub_inspect  check_pre  (pass)
[2026-09-13 20:24:15.588] fetch_binding_ocaml_stub_inspect  cmd  (eval $(opam env)
PKG_DIR=$(ocamlfind query 'cairo2' 2>/dev/null)
test -n "$PKG_DIR"
STUB=$(ls "$PKG_DIR"/lib*.a 2>/dev/null | head -1)
test -n "$STUB"
python3 canary/scripts/inspect_binding.py --kind stub --path "$STUB" \
  --prefix 'cairo_' --watchlist '' \
  > /home/red/code/research/tola/_out/canary/projects/cairo/fetch_binding/ocaml/inspect_stub_source-fetched-1.18.0_lib-vendored-dev_ocaml_binding-fetched.json)
[2026-09-13 20:24:15.588] fetch_binding_ocaml_stub_inspect  opam_switch  (canary)
[2026-09-13 20:24:15.588] fetch_binding_ocaml_stub_inspect  platform  (wsl_ubuntu)
[2026-09-13 20:24:15.685] fetch_binding_ocaml_stub_inspect  cmd_log  (fetch_binding_ocaml_stub_inspect.out_source-fetched-1.18.0_lib-vendored-dev_ocaml_binding-fetched.log)
[2026-09-13 20:24:15.685] fetch_binding_ocaml_stub_inspect  detect  (ok, output present)
[2026-09-13 20:24:15.685] fetch_binding_ocaml_stub_inspect  agreement_outcome  (no agreement fires at this action)
[2026-09-13 20:24:15.685] fetch_binding_ocaml_stub_inspect  check_post  (pass)
[2026-09-13 20:24:15.685] fetch_binding_ocaml_stub_inspect  done
[2026-09-13 20:24:15.687] probe_lib                  check_pre  (pass)
[2026-09-13 20:24:15.689] probe_lib                  cmd  (LIB_NATIVE=$(ls /home/red/code/contrib/cairo-all/prebuilt/cairo-1.18.4/lib/libcairo.so* 2>/dev/null | head -1)
test -n "$LIB_NATIVE" -a -e "$LIB_NATIVE" || { echo "PREBUILT MISSING: /home/red/code/contrib/cairo-all/prebuilt/cairo-1.18.4/lib — run 'canary prebuilt cairo' first" >&2; exit 1; }
COUNT=$(nm -D "$LIB_NATIVE" 2>/dev/null | grep -v ' U ' | grep -c 'cairo_' || echo 0)
printf 'cairo_ symbols exported: %s\n' "$COUNT" | tee /home/red/code/research/tola/_out/canary/projects/cairo/probe_lib/probe_source-fetched-1.18.0_lib-vendored-dev_ocaml_binding-fetched.log
test "$COUNT" -gt 0)
[2026-09-13 20:24:15.689] probe_lib                  opam_switch  (canary)
[2026-09-13 20:24:15.689] probe_lib                  platform  (wsl_ubuntu)
[2026-09-13 20:24:15.734] probe_lib                  cmd_log  (probe_lib.out_source-fetched-1.18.0_lib-vendored-dev_ocaml_binding-fetched.log)
[2026-09-13 20:24:15.734] probe_lib                  detect  (ok, output present)
[2026-09-13 20:24:15.734] probe_lib                  agreement_outcome  (no agreement fires at this action)
[2026-09-13 20:24:15.734] probe_lib                  check_post  (pass)
[2026-09-13 20:24:15.734] probe_lib                  done
[2026-09-13 20:24:15.736] probe_lib_inspect          check_pre  (pass)
[2026-09-13 20:24:15.738] probe_lib_inspect          cmd  (LIB_NATIVE=$(ls /home/red/code/contrib/cairo-all/prebuilt/cairo-1.18.4/lib/libcairo.so* 2>/dev/null | head -1)
test -n "$LIB_NATIVE" -a -e "$LIB_NATIVE" || { echo "PREBUILT MISSING: /home/red/code/contrib/cairo-all/prebuilt/cairo-1.18.4/lib — run 'canary prebuilt cairo' first" >&2; exit 1; }
nm -D "$LIB_NATIVE" 2>/dev/null \
  | python3 canary/scripts/inspect_native.py --emit-symbols --elf --path "$LIB_NATIVE" --prefixes 'cairo_' --watchlist 'cairo_create,cairo_destroy,cairo_paint,cairo_move_to,cairo_line_to,cairo_stroke,cairo_image_surface_create,cairo_surface_destroy' \
  > /home/red/code/research/tola/_out/canary/projects/cairo/probe_lib/inspect_source-fetched-1.18.0_lib-vendored-dev_ocaml_binding-fetched.json)
[2026-09-13 20:24:15.738] probe_lib_inspect          opam_switch  (canary)
[2026-09-13 20:24:15.738] probe_lib_inspect          platform  (wsl_ubuntu)
[2026-09-13 20:24:15.790] probe_lib_inspect          cmd_log  (probe_lib_inspect.out_source-fetched-1.18.0_lib-vendored-dev_ocaml_binding-fetched.log)
[2026-09-13 20:24:15.790] probe_lib_inspect          detect  (ok, output present)
[2026-09-13 20:24:15.790] probe_lib_inspect          agreement_outcome  (no agreement fires at this action)
[2026-09-13 20:24:15.790] probe_lib_inspect          check_post  (pass)
[2026-09-13 20:24:15.790] probe_lib_inspect          done
[2026-09-13 20:24:15.792] probe_binding_ocaml        check_pre  (pass)
[2026-09-13 20:24:15.794] probe_binding_ocaml        cmd  (eval $(opam env)
export LD_LIBRARY_PATH=/home/red/code/contrib/cairo-all/prebuilt/cairo-1.18.4/lib:$LD_LIBRARY_PATH
ocamlfind ocamlopt -package cairo2 -linkpkg canary/examples/cairo/cairo_example.ml -o /home/red/code/research/tola/_out/canary/projects/cairo/probe_binding/ocaml/cairo_example > /home/red/code/research/tola/_out/canary/projects/cairo/probe_binding/ocaml/probe_source-fetched-1.18.0_lib-vendored-dev_ocaml_binding-fetched.log 2>&1 && /home/red/code/research/tola/_out/canary/projects/cairo/probe_binding/ocaml/cairo_example >> /home/red/code/research/tola/_out/canary/projects/cairo/probe_binding/ocaml/probe_source-fetched-1.18.0_lib-vendored-dev_ocaml_binding-fetched.log 2>&1
RC=$?
cat /home/red/code/research/tola/_out/canary/projects/cairo/probe_binding/ocaml/probe_source-fetched-1.18.0_lib-vendored-dev_ocaml_binding-fetched.log
exit $RC)
[2026-09-13 20:24:15.794] probe_binding_ocaml        opam_switch  (canary)
[2026-09-13 20:24:15.794] probe_binding_ocaml        platform  (wsl_ubuntu)
[2026-09-13 20:24:15.902] probe_binding_ocaml        cmd_log  (probe_binding_ocaml.out_source-fetched-1.18.0_lib-vendored-dev_ocaml_binding-fetched.log)
[2026-09-13 20:24:15.902] probe_binding_ocaml        detect  (ok, output present)
[2026-09-13 20:24:15.903] probe_binding_ocaml        agreement_outcome  (required_symbols_exported/stub_requirements_vs_library_exports: holds)
[2026-09-13 20:24:15.904] probe_binding_ocaml        agreement_outcome  (api_names_present/watchlist_vs_user_surface: unavailable: no user-facing surface inspection in this world)
[2026-09-13 20:24:15.904] probe_binding_ocaml        agreement_outcome  (behavior_matches/probe_assertions: not_implemented: the expected values live inside the probe's source as embedded assertions, and the observation is the probe's …)
[2026-09-13 20:24:15.904] probe_binding_ocaml        agreement_outcome  (soname_matches_requirement/library_identity_vs_consumer_record: not_applicable: this binding mechanism produces no artifact carrying a dependency or symbol-version record (a static archive h…)
[2026-09-13 20:24:15.904] probe_binding_ocaml        agreement_outcome  (required_versions_exported/required_tags_vs_provider_exports: not_applicable: this binding mechanism produces no artifact carrying a dependency or symbol-version record (a static archive h…)
[2026-09-13 20:24:15.904] probe_binding_ocaml        agreement_outcome  (signatures_agree/header_vs_stub_signature_summaries: unavailable: no header signature summary in this world)
[2026-09-13 20:24:15.904] probe_binding_ocaml        agreement_outcome  (dependencies_provided/recorded_dependencies_vs_world_providers: not_applicable: this binding mechanism produces no artifact carrying a dependency or symbol-version record (a static archive h…)
[2026-09-13 20:24:15.904] probe_binding_ocaml        agreement_outcome  (repack_preserves_api/declared_repacking_relation: not_implemented: the repacking relation is not specified: "preserves" has no agreed scope, so there is nothing to compare a bin…)
[2026-09-13 20:24:15.904] probe_binding_ocaml        agreement_outcome  (repack_complete/composed_faithfulness: not_implemented: the claim's scope is unsettled ("loses nothing" needs an allowed-omission policy), and two of the three agreem…)
[2026-09-13 20:24:15.904] probe_binding_ocaml        check_post  (pass)
[2026-09-13 20:24:15.904] probe_binding_ocaml        done
[2026-09-13 20:24:15.906] probe_binding_ocaml_inspect  check_pre  (pass)
[2026-09-13 20:24:15.909] probe_binding_ocaml_inspect  cmd  (eval $(opam env)
PKG_DIR=$(ocamlfind query 'cairo2' 2>/dev/null)
test -n "$PKG_DIR"
{ for f in "$PKG_DIR"/*.cmxa "$PKG_DIR"/*.cma; do
    [ -f "$f" ] && ocamlobjinfo "$f"
  done
} | python3 canary/scripts/inspect_ocaml.py --path 'cairo2' --watchlist 'Cairo' \
  > /home/red/code/research/tola/_out/canary/projects/cairo/probe_binding/ocaml/inspect_source-fetched-1.18.0_lib-vendored-dev_ocaml_binding-fetched.json)
[2026-09-13 20:24:15.909] probe_binding_ocaml_inspect  opam_switch  (canary)
[2026-09-13 20:24:15.909] probe_binding_ocaml_inspect  platform  (wsl_ubuntu)
[2026-09-13 20:24:15.964] probe_binding_ocaml_inspect  cmd_log  (probe_binding_ocaml_inspect.out_source-fetched-1.18.0_lib-vendored-dev_ocaml_binding-fetched.log)
[2026-09-13 20:24:15.964] probe_binding_ocaml_inspect  detect  (ok, output present)
[2026-09-13 20:24:15.964] probe_binding_ocaml_inspect  agreement_outcome  (required_symbols_exported/stub_requirements_vs_library_exports: holds)
[2026-09-13 20:24:15.964] probe_binding_ocaml_inspect  agreement_outcome  (api_names_present/watchlist_vs_user_surface: unavailable: no user-facing surface inspection in this world)
[2026-09-13 20:24:15.965] probe_binding_ocaml_inspect  agreement_outcome  (behavior_matches/probe_assertions: not_implemented: the expected values live inside the probe's source as embedded assertions, and the observation is the probe's …)
[2026-09-13 20:24:15.965] probe_binding_ocaml_inspect  agreement_outcome  (soname_matches_requirement/library_identity_vs_consumer_record: not_applicable: this binding mechanism produces no artifact carrying a dependency or symbol-version record (a static archive h…)
[2026-09-13 20:24:15.965] probe_binding_ocaml_inspect  agreement_outcome  (required_versions_exported/required_tags_vs_provider_exports: not_applicable: this binding mechanism produces no artifact carrying a dependency or symbol-version record (a static archive h…)
[2026-09-13 20:24:15.965] probe_binding_ocaml_inspect  agreement_outcome  (signatures_agree/header_vs_stub_signature_summaries: unavailable: no header signature summary in this world)
[2026-09-13 20:24:15.965] probe_binding_ocaml_inspect  agreement_outcome  (dependencies_provided/recorded_dependencies_vs_world_providers: not_applicable: this binding mechanism produces no artifact carrying a dependency or symbol-version record (a static archive h…)
[2026-09-13 20:24:15.965] probe_binding_ocaml_inspect  agreement_outcome  (repack_preserves_api/declared_repacking_relation: not_implemented: the repacking relation is not specified: "preserves" has no agreed scope, so there is nothing to compare a bin…)
[2026-09-13 20:24:15.965] probe_binding_ocaml_inspect  agreement_outcome  (repack_complete/composed_faithfulness: not_implemented: the claim's scope is unsettled ("loses nothing" needs an allowed-omission policy), and two of the three agreem…)
[2026-09-13 20:24:15.965] probe_binding_ocaml_inspect  check_post  (pass)
[2026-09-13 20:24:15.965] probe_binding_ocaml_inspect  done
[2026-09-13 20:24:15.967] *                          graph_end  (7/7 completed)
[2026-09-13 20:24:15.968] *                          diagram  (_out/canary/projects/cairo/-run/diagrams/all.mmd)
[2026-09-13 20:24:15.968] *                          diagram  (_out/canary/projects/cairo/-run/diagrams/full.mmd)
[2026-09-13 20:24:15.968] *                          view  (lib (3 steps))
[2026-09-13 20:24:15.968] *                          view  (probes (4 steps))
[2026-09-13 20:24:15.968] *                          view  (binding_ocaml (4 steps))
[2026-09-13 20:24:15.969] *                          html  (_out/canary/projects/cairo/-run/result.html)
[2026-09-13 20:24:15.970] *                          index  (_out/canary/projects/index.html)
[2026-09-13 20:24:15.970] *                          invariant  (full.mmd: OK (7 nodes, 7 IDs))
[2026-09-13 20:24:15.970] *                          invariant  (binding_ocaml.mmd: OK (6 nodes, 7 IDs))
[2026-09-13 20:24:15.971] *                          invariant  (source.mmd: OK (5 nodes, 7 IDs))
[2026-09-13 20:24:15.971] *                          invariant  (lib.mmd: OK (5 nodes, 7 IDs))
[2026-09-13 20:24:15.971] *                          invariant  (all.mmd: OK (4 nodes, 7 IDs))
[2026-09-13 20:24:15.971] *                          invariant  (probes.mmd: OK (7 nodes, 7 IDs))
[2026-09-13 20:24:15.971] *                          invariant  (ALL OK)
